order_id,date,product,category,price,quantity,total_sales,customer_name,customer_location,payment_method,status
ORD0001,2025-03-14,Running Shoes,Footwear,60,3,180,Emma Clark,New York,Debit Card,Cancelled
ORD0002,2025-03-20,Headphones,Electronics,100,4,400,Emily Johnson,San Francisco,Debit Card,Pending
ORD0003,2025-02-15,Running Shoes,Footwear,60,2,120,John Doe,Denver,Amazon Pay,Cancelled
ORD0004,2025-02-19,Running Shoes,Footwear,60,3,180,Olivia Wilson,Dallas,Credit Card,Pending
ORD0005,2025-10-03,Smartwatch,Electronics,150,3,450,Emma Clark,New York,Debit Card,Pending
ORD0006,2025-03-14,T-Shirt,Clothing,20,1,20,John Doe,Dallas,Credit Card,Pending
ORD0007,2025-03-18,Smartwatch,Electronics,150,4,600,Emma Clark,Houston,Paypal,Completed
ORD0008,2025-02-03,Smartphone,Electronics,500,1,500,Sophia Miller,Miami,Paypal,Completed
ORD0009,2025-08-03,T-Shirt,Clothing,20,3,60,Sophia Miller,Boston,Paypal,Completed
ORD0010,2025-12-03,Smartphone,Electronics,500,1,500,Emily Johnson,San Francisco,Credit Card,Cancelled
ORD0011,2025-02-17,Book,Books,15,2,30,David Lee,Boston,Amazon Pay,Pending
ORD0012,2025-03-13,Jeans,Clothing,40,4,160,Michael Brown,Dallas,Credit Card,Completed
ORD0013,2025-01-03,Laptop,Electronics,800,2,1600,Daniel Harris,San Francisco,Gift Card,Pending
ORD0014,2025-04-03,Washing Machine,Home Appliances,600,3,1800,Michael Brown,Miami,Credit Card,Cancelled
ORD0015,2025-02-20,Smartwatch,Electronics,150,4,600,John Doe,Seattle,Credit Card,Completed
ORD0016,2025-02-26,Refrigerator,Home Appliances,1200,1,1200,John Doe,Boston,Credit Card,Cancelled
ORD0017,2025-01-04,T-Shirt,Clothing,20,1,20,Emma Clark,New York,Amazon Pay,Completed
ORD0018,2025-10-02,Smartphone,Electronics,500,2,1000,Michael Brown,Los Angeles,Amazon Pay,Completed
ORD0019,2025-03-22,Running Shoes,Footwear,60,3,180,Olivia Wilson,Houston,Credit Card,Completed
ORD0020,2025-07-03,Headphones,Electronics,100,4,400,Olivia Wilson,Seattle,Debit Card,Pending
ORD0021,2025-05-02,Headphones,Electronics,100,3,300,Chris White,Miami,Debit Card,Cancelled
ORD0022,2025-07-03,Refrigerator,Home Appliances,1200,4,4800,Olivia Wilson,Houston,Credit Card,Pending
ORD0023,2025-02-23,Book,Books,15,1,15,Emma Clark,Houston,Credit Card,Pending
ORD0024,2025-03-24,Refrigerator,Home Appliances,1200,3,3600,Chris White,Dallas,Credit Card,Cancelled
ORD0025,2025-02-03,Book,Books,15,5,75,Sophia Miller,Seattle,Amazon Pay,Completed
ORD0026,2025-02-14,Washing Machine,Home Appliances,600,1,600,Olivia Wilson,Boston,Debit Card,Cancelled
ORD0027,2025-07-02,T-Shirt,Clothing,20,1,20,Daniel Harris,New York,Amazon Pay,Pending
ORD0028,2025-03-02,Headphones,Electronics,100,1,100,Jane Smith,Chicago,Amazon Pay,Completed
ORD0029,2025-12-02,Smartphone,Electronics,500,1,500,Sophia Miller,Denver,Credit Card,Cancelled
ORD0030,2025-10-02,Washing Machine,Home Appliances,600,3,1800,Emily Johnson,Dallas,Gift Card,Cancelled
ORD0031,2025-03-24,Smartphone,Electronics,500,1,500,John Doe,Houston,Gift Card,Pending
ORD0032,2025-10-03,Smartphone,Electronics,500,4,2000,Michael Brown,Seattle,Paypal,Pending
ORD0033,2025-04-02,Book,Books,15,1,15,Olivia Wilson,New York,Debit Card,Cancelled
ORD0034,2025-02-04,T-Shirt,Clothing,20,5,100,Jane Smith,New York,Credit Card,Pending
ORD0035,2025-02-04,Laptop,Electronics,800,3,2400,Emma Clark,Denver,Amazon Pay,Completed
ORD0036,2025-09-02,Refrigerator,Home Appliances,1200,2,2400,Sophia Miller,Boston,Paypal,Cancelled
ORD0037,2025-02-16,Headphones,Electronics,100,3,300,Michael Brown,New York,Debit Card,Cancelled
ORD0038,2025-03-26,Laptop,Electronics,800,3,2400,Olivia Wilson,Chicago,Amazon Pay,Completed
ORD0039,2025-02-03,Laptop,Electronics,800,2,1600,Olivia Wilson,San Francisco,Paypal,Completed
ORD0040,2025-03-26,Smartwatch,Electronics,150,1,150,Emily Johnson,Seattle,Gift Card,Pending
ORD0041,2025-02-20,Book,Books,15,1,15,Jane Smith,Miami,Credit Card,Cancelled
ORD0042,2025-03-17,Headphones,Electronics,100,3,300,Jane Smith,Chicago,Amazon Pay,Cancelled
ORD0043,2025-08-02,T-Shirt,Clothing,20,4,80,Jane Smith,Denver,Credit Card,Pending
ORD0044,2025-03-24,Smartwatch,Electronics,150,1,150,Chris White,Houston,Debit Card,Pending
ORD0045,2025-03-15,Refrigerator,Home Appliances,1200,3,3600,Daniel Harris,New York,Credit Card,Pending
ORD0046,2025-06-03,Running Shoes,Footwear,60,2,120,David Lee,Houston,Debit Card,Cancelled
ORD0047,2025-03-26,T-Shirt,Clothing,20,2,40,Chris White,Miami,Gift Card,Cancelled
ORD0048,2025-11-02,T-Shirt,Clothing,20,5,100,Jane Smith,Denver,Amazon Pay,Completed
ORD0049,2025-02-18,Smartphone,Electronics,500,4,2000,Emma Clark,Chicago,Debit Card,Completed
ORD0050,2025-03-14,Jeans,Clothing,40,3,120,John Doe,Boston,Gift Card,Completed
ORD0051,2025-02-19,Book,Books,15,1,15,Emma Clark,Houston,Gift Card,Cancelled
ORD0052,2025-02-24,Laptop,Electronics,800,3,2400,John Doe,San Francisco,Credit Card,Pending
ORD0053,2025-03-24,Running Shoes,Footwear,60,4,240,Emily Johnson,Los Angeles,Paypal,Completed
ORD0054,2025-03-15,Smartwatch,Electronics,150,3,450,David Lee,Boston,Gift Card,Pending
ORD0055,2025-03-15,Jeans,Clothing,40,2,80,Sophia Miller,Dallas,Paypal,Completed
ORD0056,2025-03-19,Smartwatch,Electronics,150,2,300,Emma Clark,Dallas,Credit Card,Completed
ORD0057,2025-03-15,Smartphone,Electronics,500,1,500,Jane Smith,Los Angeles,Debit Card,Cancelled
ORD0058,2025-03-13,Smartphone,Electronics,500,1,500,Jane Smith,Chicago,Paypal,Cancelled
ORD0059,2025-01-04,Smartwatch,Electronics,150,2,300,Daniel Harris,Dallas,Credit Card,Cancelled
ORD0060,2025-12-03,Book,Books,15,5,75,Jane Smith,Dallas,Credit Card,Pending
ORD0061,2025-11-03,Refrigerator,Home Appliances,1200,1,1200,Jane Smith,New York,Paypal,Cancelled
ORD0062,2025-10-02,Laptop,Electronics,800,5,4000,Olivia Wilson,San Francisco,Paypal,Completed
ORD0063,2025-03-30,Smartphone,Electronics,500,5,2500,Emma Clark,Miami,Gift Card,Completed
ORD0064,2025-02-13,Refrigerator,Home Appliances,1200,4,4800,Emily Johnson,Denver,Paypal,Pending
ORD0065,2025-03-16,Book,Books,15,3,45,Emma Clark,San Francisco,Amazon Pay,Pending
ORD0066,2025-03-14,Smartwatch,Electronics,150,2,300,Michael Brown,Denver,Paypal,Pending
ORD0067,2025-03-31,Headphones,Electronics,100,3,300,Chris White,New York,Debit Card,Pending
ORD0068,2025-02-23,Headphones,Electronics,100,1,100,David Lee,Houston,Debit Card,Cancelled
ORD0069,2025-02-25,Refrigerator,Home Appliances,1200,4,4800,David Lee,Boston,Gift Card,Pending
ORD0070,2025-10-03,Book,Books,15,1,15,Emily Johnson,Boston,Credit Card,Completed
ORD0071,2025-03-16,Smartwatch,Electronics,150,5,750,John Doe,Denver,Credit Card,Pending
ORD0072,2025-07-03,Laptop,Electronics,800,3,2400,Daniel Harris,Houston,Credit Card,Pending
ORD0073,2025-02-20,Smartphone,Electronics,500,5,2500,Emily Johnson,Miami,Credit Card,Cancelled
ORD0074,2025-03-25,Refrigerator,Home Appliances,1200,4,4800,Jane Smith,Dallas,Gift Card,Cancelled
ORD0075,2025-02-26,Headphones,Electronics,100,2,200,Daniel Harris,Boston,Paypal,Pending
ORD0076,2025-02-24,Washing Machine,Home Appliances,600,1,600,Jane Smith,Dallas,Amazon Pay,Completed
ORD0077,2025-03-20,Headphones,Electronics,100,2,200,Daniel Harris,Houston,Credit Card,Completed
ORD0078,2025-03-18,Smartwatch,Electronics,150,2,300,Emma Clark,Los Angeles,Gift Card,Cancelled
ORD0079,2025-09-03,Running Shoes,Footwear,60,2,120,Emily Johnson,Denver,Gift Card,Cancelled
ORD0080,2025-02-23,Running Shoes,Footwear,60,4,240,Sophia Miller,San Francisco,Debit Card,Pending
ORD0081,2025-02-26,Headphones,Electronics,100,3,300,Michael Brown,Chicago,Paypal,Cancelled
ORD0082,2025-02-24,Smartphone,Electronics,500,3,1500,Jane Smith,Seattle,Debit Card,Cancelled
ORD0083,2025-02-28,Washing Machine,Home Appliances,600,4,2400,Emma Clark,Houston,Gift Card,Cancelled
ORD0084,2025-02-14,T-Shirt,Clothing,20,5,100,Olivia Wilson,Boston,Paypal,Completed
ORD0085,2025-06-02,Smartphone,Electronics,500,5,2500,Michael Brown,Houston,Paypal,Completed
ORD0086,2025-02-25,Smartwatch,Electronics,150,5,750,Jane Smith,Dallas,Paypal,Cancelled
ORD0087,2025-03-13,Running Shoes,Footwear,60,5,300,Emma Clark,Miami,Debit Card,Completed
ORD0088,2025-06-02,Refrigerator,Home Appliances,1200,2,2400,Chris White,Seattle,Debit Card,Pending
ORD0089,2025-03-26,Running Shoes,Footwear,60,5,300,Emma Clark,Los Angeles,Credit Card,Cancelled
ORD0090,2025-03-24,Smartwatch,Electronics,150,5,750,Emily Johnson,Houston,Amazon Pay,Completed
ORD0091,2025-03-02,Laptop,Electronics,800,4,3200,Daniel Harris,Houston,Gift Card,Pending
ORD0092,2025-03-15,Smartphone,Electronics,500,2,1000,Olivia Wilson,Boston,Paypal,Cancelled
ORD0093,2025-06-03,Refrigerator,Home Appliances,1200,5,6000,David Lee,Denver,Paypal,Cancelled
ORD0094,2025-03-25,Jeans,Clothing,40,5,200,Daniel Harris,Seattle,Credit Card,Cancelled
ORD0095,2025-02-17,Smartwatch,Electronics,150,4,600,Chris White,New York,Debit Card,Cancelled
ORD0096,2025-03-30,Smartwatch,Electronics,150,3,450,Jane Smith,New York,Amazon Pay,Completed
ORD0097,2025-03-25,Book,Books,15,5,75,Olivia Wilson,Chicago,Amazon Pay,Pending
ORD0098,2025-02-14,Smartwatch,Electronics,150,2,300,Chris White,Miami,Paypal,Pending
ORD0099,2025-02-18,Washing Machine,Home Appliances,600,5,3000,Michael Brown,Seattle,Debit Card,Completed
ORD0100,2025-02-13,Running Shoes,Footwear,60,1,60,Jane Smith,Houston,Gift Card,Cancelled
ORD0101,2025-02-20,Book,Books,15,5,75,John Doe,Denver,Paypal,Pending
ORD0102,2025-02-28,Smartphone,Electronics,500,2,1000,David Lee,Boston,Paypal,Pending
ORD0103,2025-03-14,T-Shirt,Clothing,20,2,40,Michael Brown,Chicago,Paypal,Pending
ORD0104,2025-02-22,Jeans,Clothing,40,5,200,Jane Smith,Dallas,Debit Card,Pending
ORD0105,2025-03-16,Jeans,Clothing,40,1,40,Jane Smith,Boston,Debit Card,Pending
ORD0106,2025-03-15,T-Shirt,Clothing,20,3,60,Olivia Wilson,Chicago,Paypal,Pending
ORD0107,2025-03-19,Jeans,Clothing,40,3,120,Olivia Wilson,Dallas,Credit Card,Cancelled
ORD0108,2025-03-16,Headphones,Electronics,100,2,200,Daniel Harris,Miami,Paypal,Pending
ORD0109,2025-03-17,Jeans,Clothing,40,5,200,Michael Brown,New York,Paypal,Completed
ORD0110,2025-02-18,Smartphone,Electronics,500,5,2500,Olivia Wilson,Dallas,Amazon Pay,Pending
ORD0111,2025-03-31,Laptop,Electronics,800,4,3200,Emma Clark,Los Angeles,Credit Card,Completed
ORD0112,2025-06-03,Washing Machine,Home Appliances,600,2,1200,David Lee,Dallas,Gift Card,Cancelled
ORD0113,2025-03-19,Book,Books,15,5,75,David Lee,San Francisco,Debit Card,Pending
ORD0114,2025-02-23,Running Shoes,Footwear,60,1,60,Emma Clark,Houston,Credit Card,Pending
ORD0115,2025-03-21,Running Shoes,Footwear,60,3,180,Olivia Wilson,Miami,Amazon Pay,Completed
ORD0116,2025-03-19,Laptop,Electronics,800,4,3200,Emma Clark,Los Angeles,Amazon Pay,Completed
ORD0117,2025-02-27,T-Shirt,Clothing,20,1,20,Daniel Harris,New York,Credit Card,Completed
ORD0118,2025-10-02,Headphones,Electronics,100,5,500,John Doe,Houston,Amazon Pay,Completed
ORD0119,2025-03-16,Smartphone,Electronics,500,2,1000,Chris White,Chicago,Paypal,Pending
ORD0120,2025-02-16,Laptop,Electronics,800,5,4000,Emily Johnson,Denver,Paypal,Completed
ORD0121,2025-02-18,Smartphone,Electronics,500,1,500,John Doe,Dallas,Gift Card,Pending
ORD0122,2025-03-28,Laptop,Electronics,800,3,2400,John Doe,Miami,Credit Card,Cancelled
ORD0123,2025-02-23,Book,Books,15,3,45,Chris White,Boston,Gift Card,Cancelled
ORD0124,2025-10-02,Book,Books,15,1,15,Emma Clark,Seattle,Gift Card,Pending
ORD0125,2025-02-23,Smartphone,Electronics,500,1,500,Emily Johnson,Denver,Amazon Pay,Completed
ORD0126,2025-04-02,Refrigerator,Home Appliances,1200,5,6000,Olivia Wilson,Chicago,Gift Card,Pending
ORD0127,2025-02-18,T-Shirt,Clothing,20,3,60,Emma Clark,Dallas,Debit Card,Completed
ORD0128,2025-03-23,Smartwatch,Electronics,150,2,300,Emily Johnson,Dallas,Paypal,Cancelled
ORD0129,2025-02-26,Jeans,Clothing,40,5,200,Emily Johnson,New York,Debit Card,Pending
ORD0130,2025-10-02,Smartwatch,Electronics,150,5,750,David Lee,Boston,Paypal,Completed
ORD0131,2025-02-26,Jeans,Clothing,40,2,80,Daniel Harris,Chicago,Credit Card,Pending
ORD0132,2025-07-03,Smartphone,Electronics,500,2,1000,Olivia Wilson,Chicago,Debit Card,Pending
ORD0133,2025-02-23,Laptop,Electronics,800,1,800,Emily Johnson,New York,Amazon Pay,Pending
ORD0134,2025-07-02,Smartphone,Electronics,500,5,2500,David Lee,Chicago,Gift Card,Pending
ORD0135,2025-10-02,T-Shirt,Clothing,20,1,20,Olivia Wilson,Miami,Credit Card,Pending
ORD0136,2025-11-02,Refrigerator,Home Appliances,1200,2,2400,Daniel Harris,San Francisco,Paypal,Cancelled
ORD0137,2025-03-20,Smartwatch,Electronics,150,3,450,Sophia Miller,San Francisco,Debit Card,Completed
ORD0138,2025-11-02,Smartwatch,Electronics,150,5,750,John Doe,Los Angeles,Credit Card,Cancelled
ORD0139,2025-03-18,Laptop,Electronics,800,2,1600,Michael Brown,Denver,Paypal,Cancelled
ORD0140,2025-03-19,Smartwatch,Electronics,150,2,300,Olivia Wilson,Miami,Debit Card,Completed
ORD0141,2025-03-21,Smartphone,Electronics,500,2,1000,John Doe,Miami,Paypal,Completed
ORD0142,2025-03-15,Smartphone,Electronics,500,3,1500,Sophia Miller,Miami,Gift Card,Completed
ORD0143,2025-03-31,Refrigerator,Home Appliances,1200,2,2400,Jane Smith,Dallas,Paypal,Cancelled
ORD0144,2025-02-27,Jeans,Clothing,40,2,80,Michael Brown,Los Angeles,Gift Card,Cancelled
ORD0145,2025-08-03,Smartwatch,Electronics,150,2,300,Michael Brown,Seattle,Debit Card,Cancelled
ORD0146,2025-03-25,Smartwatch,Electronics,150,2,300,Emma Clark,Boston,Debit Card,Completed
ORD0147,2025-05-02,Running Shoes,Footwear,60,5,300,Jane Smith,Dallas,Paypal,Pending
ORD0148,2025-06-02,Headphones,Electronics,100,4,400,Emily Johnson,Los Angeles,Amazon Pay,Cancelled
ORD0149,2025-03-20,Running Shoes,Footwear,60,3,180,Michael Brown,New York,Gift Card,Pending
ORD0150,2025-08-02,Book,Books,15,4,60,Daniel Harris,Chicago,Gift Card,Cancelled
ORD0151,2025-03-29,Washing Machine,Home Appliances,600,4,2400,Jane Smith,Los Angeles,Amazon Pay,Pending
ORD0152,2025-02-28,Smartwatch,Electronics,150,1,150,John Doe,Seattle,Gift Card,Completed
ORD0153,2025-02-23,Smartwatch,Electronics,150,5,750,Sophia Miller,San Francisco,Paypal,Pending
ORD0154,2025-01-03,Headphones,Electronics,100,2,200,John Doe,Denver,Debit Card,Completed
ORD0155,2025-05-02,Refrigerator,Home Appliances,1200,4,4800,Sophia Miller,Seattle,Credit Card,Pending
ORD0156,2025-03-16,Smartwatch,Electronics,150,4,600,Olivia Wilson,Miami,Paypal,Cancelled
ORD0157,2025-08-02,Smartphone,Electronics,500,3,1500,Sophia Miller,Denver,Credit Card,Pending
ORD0158,2025-02-24,Laptop,Electronics,800,3,2400,Chris White,Miami,Debit Card,Pending
ORD0159,2025-02-16,T-Shirt,Clothing,20,2,40,David Lee,Dallas,Gift Card,Cancelled
ORD0160,2025-06-02,Washing Machine,Home Appliances,600,3,1800,Olivia Wilson,Denver,Gift Card,Cancelled
ORD0161,2025-02-22,Headphones,Electronics,100,1,100,Emily Johnson,Los Angeles,Credit Card,Completed
ORD0162,2025-09-02,Smartphone,Electronics,500,2,1000,Olivia Wilson,Chicago,Credit Card,Completed
ORD0163,2025-02-20,Running Shoes,Footwear,60,2,120,Chris White,Houston,Paypal,Completed
ORD0164,2025-02-25,Smartwatch,Electronics,150,5,750,Michael Brown,Boston,Debit Card,Pending
ORD0165,2025-03-14,Book,Books,15,1,15,David Lee,New York,Amazon Pay,Pending
ORD0166,2025-03-30,Washing Machine,Home Appliances,600,4,2400,Chris White,Houston,Credit Card,Pending
ORD0167,2025-03-20,Refrigerator,Home Appliances,1200,2,2400,Olivia Wilson,Seattle,Credit Card,Completed
ORD0168,2025-03-24,Laptop,Electronics,800,5,4000,Michael Brown,Miami,Debit Card,Pending
ORD0169,2025-06-03,Refrigerator,Home Appliances,1200,2,2400,John Doe,Denver,Paypal,Completed
ORD0170,2025-02-28,Laptop,Electronics,800,1,800,Emma Clark,San Francisco,Gift Card,Pending
ORD0171,2025-02-28,Smartwatch,Electronics,150,2,300,Daniel Harris,Houston,Paypal,Completed
ORD0172,2025-12-03,Book,Books,15,1,15,David Lee,Miami,Debit Card,Cancelled
ORD0173,2025-02-28,Refrigerator,Home Appliances,1200,1,1200,Olivia Wilson,Seattle,Paypal,Completed
ORD0174,2025-03-13,Smartwatch,Electronics,150,2,300,David Lee,Chicago,Debit Card,Pending
ORD0175,2025-03-24,Jeans,Clothing,40,5,200,David Lee,New York,Debit Card,Cancelled
ORD0176,2025-03-27,Book,Books,15,1,15,Michael Brown,Boston,Amazon Pay,Completed
ORD0177,2025-03-14,Book,Books,15,5,75,David Lee,San Francisco,Credit Card,Pending
ORD0178,2025-06-02,Smartphone,Electronics,500,3,1500,Emily Johnson,Chicago,Paypal,Completed
ORD0179,2025-03-25,Jeans,Clothing,40,1,40,Olivia Wilson,Seattle,Paypal,Cancelled
ORD0180,2025-04-03,Refrigerator,Home Appliances,1200,3,3600,David Lee,Boston,Gift Card,Completed
ORD0181,2025-03-03,Running Shoes,Footwear,60,2,120,David Lee,Los Angeles,Debit Card,Cancelled
ORD0182,2025-02-04,T-Shirt,Clothing,20,5,100,Emma Clark,Denver,Paypal,Completed
ORD0183,2025-03-25,Washing Machine,Home Appliances,600,1,600,Emma Clark,Seattle,Debit Card,Pending
ORD0184,2025-02-17,Book,Books,15,5,75,Daniel Harris,Miami,Debit Card,Pending
ORD0185,2025-03-22,T-Shirt,Clothing,20,1,20,Chris White,Dallas,Debit Card,Completed
ORD0186,2025-02-03,Washing Machine,Home Appliances,600,4,2400,Michael Brown,New York,Paypal,Completed
ORD0187,2025-03-13,Laptop,Electronics,800,3,2400,John Doe,New York,Paypal,Pending
ORD0188,2025-02-14,Book,Books,15,1,15,John Doe,Boston,Amazon Pay,Completed
ORD0189,2025-10-02,Laptop,Electronics,800,3,2400,Jane Smith,Houston,Amazon Pay,Completed
ORD0190,2025-02-23,Running Shoes,Footwear,60,1,60,Sophia Miller,Houston,Paypal,Completed
ORD0191,2025-02-28,Jeans,Clothing,40,4,160,John Doe,Seattle,Amazon Pay,Pending
ORD0192,2025-03-31,Headphones,Electronics,100,3,300,Sophia Miller,Dallas,Gift Card,Pending
ORD0193,2025-03-30,Book,Books,15,5,75,David Lee,Chicago,Amazon Pay,Pending
ORD0194,2025-02-20,Jeans,Clothing,40,4,160,John Doe,San Francisco,Debit Card,Cancelled
ORD0195,2025-10-03,Smartphone,Electronics,500,3,1500,Olivia Wilson,Denver,Gift Card,Cancelled
ORD0196,2025-04-03,Headphones,Electronics,100,5,500,Daniel Harris,Seattle,Debit Card,Pending
ORD0197,2025-12-03,Running Shoes,Footwear,60,2,120,Michael Brown,Denver,Gift Card,Completed
ORD0198,2025-02-20,Laptop,Electronics,800,4,3200,Jane Smith,Seattle,Amazon Pay,Pending
ORD0199,2025-02-22,Smartphone,Electronics,500,3,1500,Chris White,Dallas,Credit Card,Completed
ORD0200,2025-10-02,Book,Books,15,2,30,Chris White,Los Angeles,Debit Card,Completed
ORD0201,2025-03-02,Book,Books,15,4,60,Michael Brown,San Francisco,Credit Card,Completed
ORD0202,2025-02-21,Smartphone,Electronics,500,2,1000,Daniel Harris,Miami,Credit Card,Cancelled
ORD0203,2025-02-21,Refrigerator,Home Appliances,1200,3,3600,John Doe,Dallas,Debit Card,Completed
ORD0204,2025-08-03,Running Shoes,Footwear,60,5,300,Jane Smith,Miami,Gift Card,Pending
ORD0205,2025-02-27,Headphones,Electronics,100,2,200,David Lee,Houston,Paypal,Completed
ORD0206,2025-12-02,Washing Machine,Home Appliances,600,5,3000,Emma Clark,Miami,Amazon Pay,Pending
ORD0207,2025-03-21,Washing Machine,Home Appliances,600,1,600,John Doe,Miami,Credit Card,Completed
ORD0208,2025-02-02,Refrigerator,Home Appliances,1200,3,3600,John Doe,Miami,Paypal,Completed
ORD0209,2025-03-29,Jeans,Clothing,40,5,200,Daniel Harris,Dallas,Paypal,Completed
ORD0210,2025-03-23,Laptop,Electronics,800,3,2400,Jane Smith,New York,Paypal,Completed
ORD0211,2025-03-13,Smartphone,Electronics,500,1,500,David Lee,Miami,Gift Card,Pending
ORD0212,2025-09-03,T-Shirt,Clothing,20,4,80,Emma Clark,Houston,Debit Card,Completed
ORD0213,2025-06-02,Laptop,Electronics,800,1,800,Jane Smith,Los Angeles,Amazon Pay,Cancelled
ORD0214,2025-02-18,Smartwatch,Electronics,150,5,750,Emily Johnson,Houston,Debit Card,Completed
ORD0215,2025-07-03,Running Shoes,Footwear,60,1,60,Emma Clark,Houston,Paypal,Completed
ORD0216,2025-03-26,Jeans,Clothing,40,2,80,Chris White,Chicago,Credit Card,Completed
ORD0217,2025-03-19,Running Shoes,Footwear,60,2,120,Emma Clark,Boston,Gift Card,Pending
ORD0218,2025-02-15,Headphones,Electronics,100,4,400,Daniel Harris,New York,Gift Card,Cancelled
ORD0219,2025-02-17,Headphones,Electronics,100,3,300,David Lee,Houston,Paypal,Cancelled
ORD0220,2025-10-02,Smartwatch,Electronics,150,3,450,Michael Brown,Denver,Debit Card,Completed
ORD0221,2025-02-28,Washing Machine,Home Appliances,600,2,1200,Emily Johnson,Chicago,Gift Card,Cancelled
ORD0222,2025-02-16,Washing Machine,Home Appliances,600,2,1200,Chris White,Seattle,Paypal,Cancelled
ORD0223,2025-03-24,Jeans,Clothing,40,2,80,David Lee,Denver,Amazon Pay,Cancelled
ORD0224,2025-03-18,Refrigerator,Home Appliances,1200,1,1200,Jane Smith,Miami,Paypal,Completed
ORD0225,2025-11-03,Jeans,Clothing,40,1,40,Sophia Miller,New York,Gift Card,Cancelled
ORD0226,2025-05-03,Running Shoes,Footwear,60,4,240,Chris White,Chicago,Amazon Pay,Completed
ORD0227,2025-02-04,Headphones,Electronics,100,5,500,Emma Clark,Miami,Amazon Pay,Cancelled
ORD0228,2025-12-02,Running Shoes,Footwear,60,1,60,David Lee,San Francisco,Credit Card,Pending
ORD0229,2025-03-21,Running Shoes,Footwear,60,3,180,Emma Clark,San Francisco,Credit Card,Pending
ORD0230,2025-03-31,Headphones,Electronics,100,4,400,Jane Smith,San Francisco,Amazon Pay,Pending
ORD0231,2025-02-16,Laptop,Electronics,800,5,4000,Jane Smith,Boston,Credit Card,Cancelled
ORD0232,2025-03-14,Refrigerator,Home Appliances,1200,3,3600,Emma Clark,Los Angeles,Credit Card,Completed
ORD0233,2025-02-20,Running Shoes,Footwear,60,1,60,David Lee,Boston,Paypal,Cancelled
ORD0234,2025-08-03,Book,Books,15,1,15,Jane Smith,Miami,Amazon Pay,Cancelled
ORD0235,2025-03-23,Refrigerator,Home Appliances,1200,1,1200,Daniel Harris,Dallas,Paypal,Completed
ORD0236,2025-05-03,Smartphone,Electronics,500,5,2500,John Doe,Boston,Paypal,Completed
ORD0237,2025-11-02,Headphones,Electronics,100,3,300,Michael Brown,Houston,Debit Card,Cancelled
ORD0238,2025-03-16,Headphones,Electronics,100,1,100,Olivia Wilson,Denver,Paypal,Completed
ORD0239,2025-03-22,Smartwatch,Electronics,150,5,750,Daniel Harris,Houston,Amazon Pay,Completed
ORD0240,2025-09-02,Smartwatch,Electronics,150,1,150,John Doe,Denver,Gift Card,Pending
ORD0241,2025-03-30,Smartphone,Electronics,500,4,2000,Olivia Wilson,New York,Credit Card,Pending
ORD0242,2025-08-03,Smartphone,Electronics,500,4,2000,Chris White,Boston,Gift Card,Pending
ORD0243,2025-05-03,Running Shoes,Footwear,60,2,120,Chris White,Houston,Amazon Pay,Completed
ORD0244,2025-06-02,Smartphone,Electronics,500,4,2000,Emma Clark,Houston,Credit Card,Completed
ORD0245,2025-04-02,Laptop,Electronics,800,1,800,Michael Brown,Los Angeles,Credit Card,Cancelled
ORD0246,2025-03-17,T-Shirt,Clothing,20,2,40,Daniel Harris,Miami,Debit Card,Cancelled
ORD0247,2025-03-30,Jeans,Clothing,40,1,40,Sophia Miller,Dallas,Debit Card,Cancelled
ORD0248,2025-05-03,T-Shirt,Clothing,20,2,40,Chris White,Denver,Debit Card,Cancelled
ORD0249,2025-08-03,Smartwatch,Electronics,150,3,450,Emily Johnson,New York,Debit Card,Cancelled
ORD0250,2025-02-19,Smartphone,Electronics,500,4,2000,Emily Johnson,Seattle,Amazon Pay,Completed
SYN000251,2025-03-18,Running Shoes,Footwear,65,2,130,Emma Clark,Boston,Gift Card,Pending
SYN000252,2025-10-10,Smartphone,Electronics,556,3,1668,Olivia Wilson,Denver,Gift Card,Cancelled
SYN000253,2025-03-09,Headphones,Electronics,105,2,210,Daniel Harris,Miami,Paypal,Pending
SYN000254,2025-04-01,Headphones,Electronics,102,3,306,Chris White,New York,Debit Card,Pending
SYN000255,2025-02-22,Smartphone,Electronics,519,1,519,Emily Johnson,Denver,Amazon Pay,Completed
SYN000256,2025-05-08,Smartphone,Electronics,508,5,2540,John Doe,Boston,Paypal,Completed
SYN000257,2025-05-30,Laptop,Electronics,813,1,813,Jane Smith,Los Angeles,Amazon Pay,Cancelled
SYN000258,2025-05-03,T-Shirt,Clothing,21,2,42,Chris White,Denver,Debit Card,Cancelled
SYN000259,2025-03-17,Smartphone,Electronics,557,2,1114,Olivia Wilson,Boston,Paypal,Cancelled
SYN000260,2025-03-28,Running Shoes,Footwear,59,3,177,Emma Clark,San Francisco,Credit Card,Pending
SYN000261,2025-03-20,Smartwatch,Electronics,151,2,302,Emma Clark,Dallas,Credit Card,Completed
SYN000262,2025-08-30,Refrigerator,Home Appliances,1081,2,2162,Sophia Miller,Boston,Paypal,Cancelled
SYN000263,2025-09-07,Refrigerator,Home Appliances,1274,2,2548,Sophia Miller,Boston,Paypal,Cancelled
SYN000264,2025-02-05,Book,Books,15,5,75,Sophia Miller,Seattle,Amazon Pay,Completed
SYN000265,2025-02-24,Headphones,Electronics,91,2,182,David Lee,Houston,Paypal,Completed
SYN000266,2025-02-21,Running Shoes,Footwear,59,1,59,David Lee,Boston,Paypal,Cancelled
SYN000267,2025-03-08,Running Shoes,Footwear,55,2,110,David Lee,Los Angeles,Debit Card,Cancelled
SYN000268,2025-05-09,Refrigerator,Home Appliances,1223,4,4892,Sophia Miller,Seattle,Credit Card,Pending
SYN000269,2025-03-23,Laptop,Electronics,799,3,2397,Olivia Wilson,Chicago,Amazon Pay,Completed
SYN000270,2025-02-18,Washing Machine,Home Appliances,609,1,609,Olivia Wilson,Boston,Debit Card,Cancelled
SYN000271,2025-03-29,Running Shoes,Footwear,58,3,174,Olivia Wilson,Houston,Credit Card,Completed
SYN000272,2025-02-18,Headphones,Electronics,91,4,364,Daniel Harris,New York,Gift Card,Cancelled
SYN000273,2025-06-02,Smartphone,Electronics,459,5,2295,Michael Brown,Houston,Paypal,Completed
SYN000274,2025-02-21,Jeans,Clothing,40,2,80,Michael Brown,Los Angeles,Gift Card,Cancelled
SYN000275,2025-03-01,Laptop,Electronics,846,4,3384,Daniel Harris,Houston,Gift Card,Pending
SYN000276,2025-02-28,Headphones,Electronics,97,3,291,Michael Brown,Chicago,Paypal,Cancelled
SYN000277,2025-03-04,Smartwatch,Electronics,148,5,740,Michael Brown,Boston,Debit Card,Pending
SYN000278,2025-03-25,Running Shoes,Footwear,63,4,252,Emily Johnson,Los Angeles,Paypal,Completed
SYN000279,2025-02-23,Book,Books,16,3,48,Chris White,Boston,Gift Card,Cancelled
SYN000280,2025-02-17,Washing Machine,Home Appliances,595,2,1190,Chris White,Seattle,Paypal,Cancelled
SYN000281,2025-03-24,Headphones,Electronics,98,3,294,Chris White,New York,Debit Card,Pending
SYN000282,2025-03-28,Washing Machine,Home Appliances,629,1,629,John Doe,Miami,Credit Card,Completed
SYN000283,2025-03-28,Smartphone,Electronics,500,2,1000,John Doe,Miami,Paypal,Completed
SYN000284,2025-02-13,Running Shoes,Footwear,61,3,183,Olivia Wilson,Dallas,Credit Card,Pending
SYN000285,2025-03-28,T-Shirt,Clothing,19,1,19,Chris White,Dallas,Debit Card,Completed
SYN000286,2025-03-18,T-Shirt,Clothing,22,2,44,Michael Brown,Chicago,Paypal,Pending
SYN000287,2025-09-08,T-Shirt,Clothing,22,4,88,Emma Clark,Houston,Debit Card,Completed
SYN000288,2025-12-06,Book,Books,16,1,16,David Lee,Miami,Debit Card,Cancelled
SYN000289,2025-03-16,Running Shoes,Footwear,59,3,177,Emma Clark,New York,Debit Card,Cancelled
SYN000290,2025-02-24,T-Shirt,Clothing,20,3,60,Emma Clark,Dallas,Debit Card,Completed
SYN000291,2025-03-22,Jeans,Clothing,41,2,82,David Lee,Denver,Amazon Pay,Cancelled
SYN000292,2025-04-03,Smartphone,Electronics,533,5,2665,Emma Clark,Miami,Gift Card,Completed
SYN000293,2025-02-18,T-Shirt,Clothing,20,5,100,Olivia Wilson,Boston,Paypal,Completed
SYN000294,2025-03-18,Jeans,Clothing,41,2,82,David Lee,Denver,Amazon Pay,Cancelled
SYN000295,2025-02-25,Smartphone,Electronics,483,4,1932,Emma Clark,Chicago,Debit Card,Completed
SYN000296,2025-03-21,Smartwatch,Electronics,155,2,310,Emma Clark,Boston,Debit Card,Completed
SYN000297,2025-10-07,Laptop,Electronics,816,5,4080,Olivia Wilson,San Francisco,Paypal,Completed
SYN000298,2025-04-28,T-Shirt,Clothing,20,2,40,Chris White,Denver,Debit Card,Cancelled
SYN000299,2025-12-03,Washing Machine,Home Appliances,671,5,3355,Emma Clark,Miami,Amazon Pay,Pending
SYN000300,2025-03-15,Running Shoes,Footwear,63,3,189,Olivia Wilson,Miami,Amazon Pay,Completed
SYN000301,2025-04-30,Headphones,Electronics,100,3,300,Chris White,Miami,Debit Card,Cancelled
SYN000302,2025-11-04,Jeans,Clothing,38,1,38,Sophia Miller,New York,Gift Card,Cancelled
SYN000303,2025-03-22,Smartwatch,Electronics,158,5,790,Daniel Harris,Houston,Amazon Pay,Completed
SYN000304,2025-02-27,Headphones,Electronics,98,1,98,Jane Smith,Chicago,Amazon Pay,Completed
SYN000305,2025-03-12,Smartphone,Electronics,524,3,1572,Sophia Miller,Miami,Gift Card,Completed
SYN000306,2025-02-25,Running Shoes,Footwear,63,2,126,David Lee,Los Angeles,Debit Card,Cancelled
SYN000307,2025-03-19,Smartphone,Electronics,530,2,1060,John Doe,Miami,Paypal,Completed
SYN000308,2025-04-05,Jeans,Clothing,41,5,205,Daniel Harris,Dallas,Paypal,Completed
SYN000309,2025-03-14,Laptop,Electronics,759,2,1518,Michael Brown,Denver,Paypal,Cancelled
SYN000310,2025-04-04,Jeans,Clothing,39,1,39,Sophia Miller,Dallas,Debit Card,Cancelled
SYN000311,2025-05-03,Refrigerator,Home Appliances,1179,4,4716,Sophia Miller,Seattle,Credit Card,Pending
SYN000312,2025-03-26,Washing Machine,Home Appliances,533,4,2132,Jane Smith,Los Angeles,Amazon Pay,Pending
SYN000313,2025-02-17,Running Shoes,Footwear,57,1,57,Emma Clark,Houston,Credit Card,Pending
SYN000314,2025-02-28,Smartwatch,Electronics,162,5,810,Sophia Miller,San Francisco,Paypal,Pending
SYN000315,2025-02-16,Washing Machine,Home Appliances,599,5,2995,Michael Brown,Seattle,Debit Card,Completed
SYN000316,2025-05-29,Headphones,Electronics,99,4,396,Emily Johnson,Los Angeles,Amazon Pay,Cancelled
SYN000317,2025-02-21,Headphones,Electronics,111,2,222,Daniel Harris,Boston,Paypal,Pending
SYN000318,2025-02-24,Smartphone,Electronics,494,4,1976,Emma Clark,Chicago,Debit Card,Completed
SYN000319,2025-10-26,T-Shirt,Clothing,21,5,105,Jane Smith,Denver,Amazon Pay,Completed
SYN000320,2025-08-05,Smartphone,Electronics,482,3,1446,Sophia Miller,Denver,Credit Card,Pending
SYN000321,2025-03-31,Headphones,Electronics,105,3,315,Chris White,New York,Debit Card,Pending
SYN000322,2025-09-26,Smartphone,Electronics,488,2,976,Michael Brown,Los Angeles,Amazon Pay,Completed
SYN000323,2025-03-18,Smartwatch,Electronics,150,2,300,David Lee,Chicago,Debit Card,Pending
SYN000324,2025-02-11,T-Shirt,Clothing,20,5,100,Jane Smith,New York,Credit Card,Pending
SYN000325,2025-02-10,Laptop,Electronics,781,2,1562,Olivia Wilson,San Francisco,Paypal,Completed
SYN000326,2025-12-09,Smartphone,Electronics,502,1,502,Emily Johnson,San Francisco,Credit Card,Cancelled
SYN000327,2025-05-09,Headphones,Electronics,97,3,291,Chris White,Miami,Debit Card,Cancelled
SYN000328,2025-04-10,Refrigerator,Home Appliances,1170,3,3510,David Lee,Boston,Gift Card,Completed
SYN000329,2025-06-03,Laptop,Electronics,754,1,754,Jane Smith,Los Angeles,Amazon Pay,Cancelled
SYN000330,2025-03-23,Jeans,Clothing,36,5,180,David Lee,New York,Debit Card,Cancelled
SYN000331,2025-07-07,Running Shoes,Footwear,58,1,58,Emma Clark,Houston,Paypal,Completed
SYN000332,2025-09-29,T-Shirt,Clothing,20,1,20,Olivia Wilson,Miami,Credit Card,Pending
SYN000333,2025-07-07,Smartphone,Electronics,529,5,2645,David Lee,Chicago,Gift Card,Pending
SYN000334,2025-11-09,Refrigerator,Home Appliances,1112,1,1112,Jane Smith,New York,Paypal,Cancelled
SYN000335,2025-03-26,Smartwatch,Electronics,151,2,302,Emma Clark,Dallas,Credit Card,Completed
SYN000336,2025-03-15,Smartwatch,Electronics,155,2,310,David Lee,Chicago,Debit Card,Pending
SYN000337,2025-09-02,T-Shirt,Clothing,18,4,72,Emma Clark,Houston,Debit Card,Completed
SYN000338,2025-03-17,Running Shoes,Footwear,58,3,174,Michael Brown,New York,Gift Card,Pending
SYN000339,2025-03-19,Laptop,Electronics,723,4,2892,Emma Clark,Los Angeles,Amazon Pay,Completed
SYN000340,2025-03-03,Laptop,Electronics,804,1,804,Emma Clark,San Francisco,Gift Card,Pending
SYN000341,2025-04-10,Refrigerator,Home Appliances,1224,3,3672,David Lee,Boston,Gift Card,Completed
SYN000342,2025-08-01,Running Shoes,Footwear,61,5,305,Jane Smith,Miami,Gift Card,Pending
SYN000343,2025-07-01,Refrigerator,Home Appliances,1230,4,4920,Olivia Wilson,Houston,Credit Card,Pending
SYN000344,2025-07-27,Smartphone,Electronics,552,3,1656,Sophia Miller,Denver,Credit Card,Pending
SYN000345,2025-02-25,Smartphone,Electronics,483,1,483,Emily Johnson,Denver,Amazon Pay,Completed
SYN000346,2025-08-31,Smartphone,Electronics,515,2,1030,Olivia Wilson,Chicago,Credit Card,Completed
SYN000347,2025-03-15,Running Shoes,Footwear,62,2,124,Emma Clark,Boston,Gift Card,Pending
SYN000348,2025-03-23,Smartphone,Electronics,488,6,2928,Emma Clark,Miami,Gift Card,Completed
SYN000349,2025-02-11,Book,Books,15,1,15,John Doe,Boston,Amazon Pay,Completed
SYN000350,2025-10-06,Washing Machine,Home Appliances,617,3,1851,Emily Johnson,Dallas,Gift Card,Cancelled
SYN000351,2025-03-13,Smartphone,Electronics,467,1,467,Jane Smith,Los Angeles,Debit Card,Cancelled
SYN000352,2025-07-29,Running Shoes,Footwear,58,5,290,Jane Smith,Miami,Gift Card,Pending
SYN000353,2025-02-24,Smartwatch,Electronics,140,5,700,Jane Smith,Dallas,Paypal,Cancelled
SYN000354,2025-03-22,Jeans,Clothing,40,5,200,Daniel Harris,Dallas,Paypal,Completed
SYN000355,2025-02-19,Washing Machine,Home Appliances,566,1,566,Olivia Wilson,Boston,Debit Card,Cancelled
SYN000356,2025-04-01,Laptop,Electronics,804,3,2412,Olivia Wilson,Chicago,Amazon Pay,Completed
SYN000357,2025-03-21,Jeans,Clothing,40,1,40,Olivia Wilson,Seattle,Paypal,Cancelled
SYN000358,2025-03-19,Jeans,Clothing,38,4,152,Michael Brown,Dallas,Credit Card,Completed
SYN000359,2025-05-05,Running Shoes,Footwear,57,5,285,Jane Smith,Dallas,Paypal,Pending
SYN000360,2025-02-27,Running Shoes,Footwear,67,1,67,David Lee,Boston,Paypal,Cancelled
SYN000361,2025-03-22,Smartwatch,Electronics,156,3,468,Sophia Miller,San Francisco,Debit Card,Completed
SYN000362,2025-03-18,Jeans,Clothing,38,4,152,David Lee,New York,Debit Card,Cancelled
SYN000363,2025-03-12,Smartwatch,Electronics,137,4,548,Emma Clark,Houston,Paypal,Completed
SYN000364,2025-02-16,Running Shoes,Footwear,65,2,130,Chris White,Houston,Paypal,Completed
SYN000365,2025-03-22,Smartwatch,Electronics,145,4,580,Olivia Wilson,Miami,Paypal,Cancelled
SYN000366,2025-05-27,Headphones,Electronics,99,4,396,Emily Johnson,Los Angeles,Amazon Pay,Cancelled
SYN000367,2025-02-14,Book,Books,15,5,75,John Doe,Denver,Paypal,Pending
SYN000368,2025-02-23,Smartwatch,Electronics,139,4,556,Chris White,New York,Debit Card,Cancelled
SYN000369,2025-09-25,Washing Machine,Home Appliances,580,3,1740,Emily Johnson,Dallas,Gift Card,Cancelled
SYN000370,2025-03-09,Smartwatch,Electronics,146,4,584,Olivia Wilson,Miami,Paypal,Cancelled
SYN000371,2025-03-09,Jeans,Clothing,41,3,123,John Doe,Boston,Gift Card,Completed
SYN000372,2025-02-11,Book,Books,15,5,75,Daniel Harris,Miami,Debit Card,Pending
SYN000373,2025-02-19,Book,Books,15,3,45,Chris White,Boston,Gift Card,Cancelled
SYN000374,2025-03-18,Laptop,Electronics,755,3,2265,John Doe,New York,Paypal,Pending
SYN000375,2025-03-05,Refrigerator,Home Appliances,1250,1,1250,John Doe,Boston,Credit Card,Cancelled
SYN000376,2025-03-06,Smartwatch,Electronics,154,2,308,David Lee,Chicago,Debit Card,Pending
SYN000377,2025-03-18,Smartwatch,Electronics,148,2,296,Olivia Wilson,Miami,Debit Card,Completed
SYN000378,2025-02-10,T-Shirt,Clothing,20,2,40,David Lee,Dallas,Gift Card,Cancelled
SYN000379,2025-02-15,Smartwatch,Electronics,150,5,750,Emily Johnson,Houston,Debit Card,Completed
SYN000380,2025-09-28,Smartphone,Electronics,463,2,926,Michael Brown,Los Angeles,Amazon Pay,Completed
SYN000381,2025-03-25,Running Shoes,Footwear,62,3,186,Olivia Wilson,Houston,Credit Card,Completed
SYN000382,2025-03-16,Smartwatch,Electronics,138,2,276,Emma Clark,Los Angeles,Gift Card,Cancelled
SYN000383,2025-05-29,Washing Machine,Home Appliances,626,2,1252,David Lee,Dallas,Gift Card,Cancelled
SYN000384,2025-02-27,Refrigerator,Home Appliances,1251,1,1251,John Doe,Boston,Credit Card,Cancelled
SYN000385,2025-02-09,Laptop,Electronics,831,5,4155,Emily Johnson,Denver,Paypal,Completed
SYN000386,2025-02-17,Smartwatch,Electronics,153,5,765,Sophia Miller,San Francisco,Paypal,Pending
SYN000387,2025-04-02,Refrigerator,Home Appliances,1189,3,3567,David Lee,Boston,Gift Card,Completed
SYN000388,2025-02-21,Laptop,Electronics,832,3,2496,John Doe,San Francisco,Credit Card,Pending
SYN000389,2025-03-22,Smartphone,Electronics,543,2,1086,Olivia Wilson,Boston,Paypal,Cancelled
SYN000390,2025-02-14,Book,Books,15,1,15,John Doe,Boston,Amazon Pay,Completed
SYN000391,2025-07-10,Running Shoes,Footwear,63,1,63,Emma Clark,Houston,Paypal,Completed
SYN000392,2025-05-05,Smartphone,Electronics,503,5,2515,John Doe,Boston,Paypal,Completed
SYN000393,2025-03-28,Smartwatch,Electronics,157,1,157,Chris White,Houston,Debit Card,Pending
SYN000394,2025-02-24,Refrigerator,Home Appliances,1216,1,1216,Olivia Wilson,Seattle,Paypal,Completed
SYN000395,2025-05-08,T-Shirt,Clothing,21,2,42,Chris White,Denver,Debit Card,Cancelled
SYN000396,2025-02-25,Smartwatch,Electronics,152,4,608,John Doe,Seattle,Credit Card,Completed
SYN000397,2025-03-08,Smartwatch,Electronics,156,2,312,David Lee,Chicago,Debit Card,Pending
SYN000398,2025-03-14,Running Shoes,Footwear,57,2,114,Emma Clark,Boston,Gift Card,Pending
SYN000399,2025-06-03,Refrigerator,Home Appliances,1253,2,2506,Chris White,Seattle,Debit Card,Pending
SYN000400,2025-03-10,Book,Books,14,3,42,Emma Clark,San Francisco,Amazon Pay,Pending
SYN000401,2025-03-02,Smartwatch,Electronics,142,5,710,Sophia Miller,San Francisco,Paypal,Pending
SYN000402,2025-02-26,Running Shoes,Footwear,61,1,61,Emma Clark,Houston,Credit Card,Pending
SYN000403,2025-03-08,Refrigerator,Home Appliances,1172,3,3516,Daniel Harris,New York,Credit Card,Pending
SYN000404,2025-02-21,Smartphone,Electronics,499,1,499,John Doe,Dallas,Gift Card,Pending
SYN000405,2025-03-23,Jeans,Clothing,39,1,39,Jane Smith,Boston,Debit Card,Pending
SYN000406,2025-03-31,Smartwatch,Electronics,168,2,336,Emma Clark,Boston,Debit Card,Completed
SYN000407,2025-03-05,Jeans,Clothing,35,2,70,Daniel Harris,Chicago,Credit Card,Pending
SYN000408,2025-02-26,Running Shoes,Footwear,58,4,232,Sophia Miller,San Francisco,Debit Card,Pending
SYN000409,2025-03-14,Smartphone,Electronics,543,2,1086,Olivia Wilson,Boston,Paypal,Cancelled
SYN000410,2025-07-06,Running Shoes,Footwear,57,1,57,Emma Clark,Houston,Paypal,Completed
SYN000411,2025-03-11,Book,Books,16,3,48,Emma Clark,San Francisco,Amazon Pay,Pending
SYN000412,2025-03-03,Jeans,Clothing,39,2,78,Michael Brown,Los Angeles,Gift Card,Cancelled
SYN000413,2025-02-19,Running Shoes,Footwear,65,3,195,Olivia Wilson,Dallas,Credit Card,Pending
SYN000414,2025-02-17,Running Shoes,Footwear,61,1,61,Sophia Miller,Houston,Paypal,Completed
SYN000415,2025-03-01,Smartwatch,Electronics,158,5,790,Jane Smith,Dallas,Paypal,Cancelled
SYN000416,2025-03-14,Jeans,Clothing,40,4,160,Michael Brown,Dallas,Credit Card,Completed
SYN000417,2025-06-28,Laptop,Electronics,759,3,2277,Daniel Harris,Houston,Credit Card,Pending
SYN000418,2025-10-07,Laptop,Electronics,799,5,3995,Olivia Wilson,San Francisco,Paypal,Completed
SYN000419,2025-04-02,Laptop,Electronics,786,1,786,Michael Brown,Los Angeles,Credit Card,Cancelled
SYN000420,2025-03-04,Laptop,Electronics,737,4,2948,Daniel Harris,Houston,Gift Card,Pending
SYN000421,2025-03-28,Refrigerator,Home Appliances,1254,4,5016,Jane Smith,Dallas,Gift Card,Cancelled
SYN000422,2025-03-17,Smartphone,Electronics,451,2,902,Olivia Wilson,Boston,Paypal,Cancelled
SYN000423,2025-05-10,Running Shoes,Footwear,61,2,122,Chris White,Houston,Amazon Pay,Completed
SYN000424,2025-02-26,Running Shoes,Footwear,65,2,130,Chris White,Houston,Paypal,Completed
SYN000425,2025-02-11,T-Shirt,Clothing,18,2,36,David Lee,Dallas,Gift Card,Cancelled
SYN000426,2025-02-14,Book,Books,14,5,70,Daniel Harris,Miami,Debit Card,Pending
SYN000427,2025-02-17,Running Shoes,Footwear,53,1,53,Jane Smith,Houston,Gift Card,Cancelled
SYN000428,2025-03-25,Jeans,Clothing,41,3,123,Olivia Wilson,Dallas,Credit Card,Cancelled
SYN000429,2025-03-14,Refrigerator,Home Appliances,1123,2,2246,Olivia Wilson,Seattle,Credit Card,Completed
SYN000430,2025-03-16,Running Shoes,Footwear,59,3,177,Emma Clark,New York,Debit Card,Cancelled
SYN000431,2025-03-18,Jeans,Clothing,40,3,120,John Doe,Boston,Gift Card,Completed
SYN000432,2025-02-20,Smartwatch,Electronics,161,5,805,Jane Smith,Dallas,Paypal,Cancelled
SYN000433,2025-09-28,Laptop,Electronics,843,4,3372,Olivia Wilson,San Francisco,Paypal,Completed
SYN000434,2025-02-25,Smartwatch,Electronics,145,5,725,Michael Brown,Boston,Debit Card,Pending
SYN000435,2025-03-29,Book,Books,16,5,80,Olivia Wilson,Chicago,Amazon Pay,Pending
SYN000436,2025-11-06,Jeans,Clothing,43,1,43,Sophia Miller,New York,Gift Card,Cancelled
SYN000437,2025-03-31,Smartwatch,Electronics,140,2,280,Emma Clark,Boston,Debit Card,Completed
SYN000438,2025-03-12,Jeans,Clothing,40,3,120,Olivia Wilson,Dallas,Credit Card,Cancelled
SYN000439,2025-03-20,T-Shirt,Clothing,19,2,38,Michael Brown,Chicago,Paypal,Pending
SYN000440,2025-04-05,Refrigerator,Home Appliances,1237,3,3711,David Lee,Boston,Gift Card,Completed
SYN000441,2025-03-21,Headphones,Electronics,102,2,204,Daniel Harris,Miami,Paypal,Pending
SYN000442,2025-03-04,Laptop,Electronics,831,1,831,Emma Clark,San Francisco,Gift Card,Pending
SYN000443,2025-03-08,Jeans,Clothing,38,4,152,Michael Brown,Dallas,Credit Card,Completed
SYN000444,2025-03-15,Running Shoes,Footwear,63,3,189,Olivia Wilson,Miami,Amazon Pay,Completed
SYN000445,2025-04-04,Headphones,Electronics,94,3,282,Chris White,New York,Debit Card,Pending
SYN000446,2025-02-20,Book,Books,15,1,15,Jane Smith,Miami,Credit Card,Cancelled
SYN000447,2025-11-09,Refrigerator,Home Appliances,1176,2,2352,Daniel Harris,San Francisco,Paypal,Cancelled
SYN000448,2025-03-02,Smartphone,Electronics,511,1,511,Emily Johnson,Denver,Amazon Pay,Completed
SYN000449,2025-03-01,Jeans,Clothing,41,2,82,Michael Brown,Los Angeles,Gift Card,Cancelled
SYN000450,2025-02-13,Jeans,Clothing,40,4,160,John Doe,San Francisco,Debit Card,Cancelled
SYN000451,2025-01-28,Headphones,Electronics,92,5,460,Emma Clark,Miami,Amazon Pay,Cancelled
SYN000452,2025-02-16,T-Shirt,Clothing,20,3,60,Emma Clark,Dallas,Debit Card,Completed
SYN000453,2025-03-01,Running Shoes,Footwear,60,4,240,Sophia Miller,San Francisco,Debit Card,Pending
SYN000454,2025-02-09,Laptop,Electronics,785,5,3925,Emily Johnson,Denver,Paypal,Completed
SYN000455,2025-02-08,Refrigerator,Home Appliances,1236,3,3708,John Doe,Miami,Paypal,Completed
SYN000456,2025-11-08,Jeans,Clothing,41,1,41,Sophia Miller,New York,Gift Card,Cancelled
SYN000457,2025-03-15,Jeans,Clothing,43,3,129,Olivia Wilson,Dallas,Credit Card,Cancelled
SYN000458,2025-03-24,Smartphone,Electronics,490,2,980,John Doe,Miami,Paypal,Completed
SYN000459,2025-07-09,Refrigerator,Home Appliances,1177,4,4708,Olivia Wilson,Houston,Credit Card,Pending
SYN000460,2025-01-29,Washing Machine,Home Appliances,650,4,2600,Michael Brown,New York,Paypal,Completed
SYN000461,2025-02-18,Running Shoes,Footwear,58,3,174,Olivia Wilson,Dallas,Credit Card,Pending
SYN000462,2025-06-05,Smartphone,Electronics,491,4,1964,Emma Clark,Houston,Credit Card,Completed
SYN000463,2025-03-17,Jeans,Clothing,38,3,114,Olivia Wilson,Dallas,Credit Card,Cancelled
SYN000464,2025-03-10,Running Shoes,Footwear,64,3,192,Emma Clark,New York,Debit Card,Cancelled
SYN000465,2025-02-23,Running Shoes,Footwear,63,3,189,Olivia Wilson,Dallas,Credit Card,Pending
SYN000466,2025-02-13,Jeans,Clothing,39,4,156,John Doe,San Francisco,Debit Card,Cancelled
SYN000467,2025-03-16,Smartphone,Electronics,485,1,485,David Lee,Miami,Gift Card,Pending
SYN000468,2025-11-04,Refrigerator,Home Appliances,1061,2,2122,Daniel Harris,San Francisco,Paypal,Cancelled
SYN000469,2025-02-10,Washing Machine,Home Appliances,607,1,607,Olivia Wilson,Boston,Debit Card,Cancelled
SYN000470,2025-03-26,Smartphone,Electronics,467,1,467,John Doe,Houston,Gift Card,Pending
SYN000471,2025-03-16,Refrigerator,Home Appliances,1144,2,2288,Olivia Wilson,Seattle,Credit Card,Completed
SYN000472,2025-03-15,Refrigerator,Home Appliances,1206,1,1206,Jane Smith,Miami,Paypal,Completed
SYN000473,2025-07-07,Laptop,Electronics,799,3,2397,Daniel Harris,Houston,Credit Card,Pending
SYN000474,2025-03-20,T-Shirt,Clothing,20,2,40,Chris White,Miami,Gift Card,Cancelled
SYN000475,2025-04-03,Laptop,Electronics,722,3,2166,John Doe,Miami,Credit Card,Cancelled
SYN000476,2025-11-01,Headphones,Electronics,102,3,306,Michael Brown,Houston,Debit Card,Cancelled
SYN000477,2025-02-16,Headphones,Electronics,107,1,107,Emily Johnson,Los Angeles,Credit Card,Completed
SYN000478,2025-03-11,T-Shirt,Clothing,21,1,21,John Doe,Dallas,Credit Card,Pending
SYN000479,2025-08-03,Book,Books,15,1,15,Jane Smith,Miami,Amazon Pay,Cancelled
SYN000480,2025-03-04,Headphones,Electronics,92,2,184,David Lee,Houston,Paypal,Completed
SYN000481,2025-10-08,Washing Machine,Home Appliances,610,3,1830,Emily Johnson,Dallas,Gift Card,Cancelled
SYN000482,2025-03-09,Smartwatch,Electronics,137,2,274,Michael Brown,Denver,Paypal,Pending
SYN000483,2025-03-25,Laptop,Electronics,786,5,3930,Michael Brown,Miami,Debit Card,Pending
SYN000484,2025-03-26,Laptop,Electronics,843,3,2529,Jane Smith,New York,Paypal,Completed
SYN000485,2025-03-28,Washing Machine,Home Appliances,576,4,2304,Chris White,Houston,Credit Card,Pending
SYN000486,2025-10-08,Washing Machine,Home Appliances,664,3,1992,Emily Johnson,Dallas,Gift Card,Cancelled
SYN000487,2025-03-23,Smartwatch,Electronics,159,1,159,Emily Johnson,Seattle,Gift Card,Pending
SYN000488,2025-02-08,Headphones,Electronics,103,4,412,Daniel Harris,New York,Gift Card,Cancelled
SYN000489,2025-02-10,Book,Books,16,2,32,David Lee,Boston,Amazon Pay,Pending
SYN000490,2025-03-27,Running Shoes,Footwear,59,4,236,Emily Johnson,Los Angeles,Paypal,Completed
SYN000491,2025-04-01,Headphones,Electronics,98,3,294,Chris White,New York,Debit Card,Pending
SYN000492,2025-02-24,Headphones,Electronics,98,3,294,Michael Brown,Chicago,Paypal,Cancelled
SYN000493,2025-04-01,Smartphone,Electronics,477,4,1908,Olivia Wilson,New York,Credit Card,Pending
SYN000494,2025-02-26,Running Shoes,Footwear,62,1,62,David Lee,Boston,Paypal,Cancelled
SYN000495,2025-02-23,Book,Books,15,2,30,David Lee,Boston,Amazon Pay,Pending
SYN000496,2025-04-04,Headphones,Electronics,89,3,267,Sophia Miller,Dallas,Gift Card,Pending
SYN000497,2025-03-19,Smartwatch,Electronics,149,4,596,Olivia Wilson,Miami,Paypal,Cancelled
SYN000498,2025-02-22,T-Shirt,Clothing,19,3,57,Emma Clark,Dallas,Debit Card,Completed
SYN000499,2025-03-21,Book,Books,14,1,14,David Lee,New York,Amazon Pay,Pending
SYN000500,2025-10-05,Headphones,Electronics,104,5,520,John Doe,Houston,Amazon Pay,Completed
SYN000501,2025-06-01,Washing Machine,Home Appliances,623,2,1246,David Lee,Dallas,Gift Card,Cancelled
SYN000502,2025-03-19,Refrigerator,Home Appliances,1302,1,1302,Jane Smith,Miami,Paypal,Completed
SYN000503,2025-05-30,Running Shoes,Footwear,62,2,124,David Lee,Houston,Debit Card,Cancelled
SYN000504,2025-03-27,Book,Books,14,5,70,Olivia Wilson,Chicago,Amazon Pay,Pending
SYN000505,2025-02-19,Headphones,Electronics,104,2,208,Daniel Harris,Boston,Paypal,Pending
SYN000506,2025-08-28,Refrigerator,Home Appliances,1134,2,2268,Sophia Miller,Boston,Paypal,Cancelled
SYN000507,2025-10-01,Book,Books,16,1,16,Emily Johnson,Boston,Credit Card,Completed
SYN000508,2025-03-18,Running Shoes,Footwear,60,5,300,Emma Clark,Miami,Debit Card,Completed
SYN000509,2025-02-21,Smartwatch,Electronics,147,4,588,Chris White,New York,Debit Card,Cancelled
SYN000510,2025-03-22,Refrigerator,Home Appliances,1181,3,3543,Chris White,Dallas,Credit Card,Cancelled
SYN000511,2025-10-04,Book,Books,16,2,32,Chris White,Los Angeles,Debit Card,Completed
SYN000512,2025-11-26,Smartphone,Electronics,466,1,466,Emily Johnson,San Francisco,Credit Card,Cancelled
SYN000513,2025-09-28,Book,Books,15,1,15,Emily Johnson,Boston,Credit Card,Completed
SYN000514,2025-02-05,Laptop,Electronics,798,2,1596,Olivia Wilson,San Francisco,Paypal,Completed
SYN000515,2025-02-24,Headphones,Electronics,96,2,192,Daniel Harris,Boston,Paypal,Pending
SYN000516,2025-03-01,Smartphone,Electronics,478,2,956,David Lee,Boston,Paypal,Pending
SYN000517,2025-02-01,T-Shirt,Clothing,20,5,100,Jane Smith,New York,Credit Card,Pending
SYN000518,2025-10-02,Washing Machine,Home Appliances,624,3,1872,Emily Johnson,Dallas,Gift Card,Cancelled
SYN000519,2025-02-10,Book,Books,16,1,16,John Doe,Boston,Amazon Pay,Completed
SYN000520,2025-08-26,Smartwatch,Electronics,150,1,150,John Doe,Denver,Gift Card,Pending
SYN000521,2025-08-29,Running Shoes,Footwear,58,2,116,Emily Johnson,Denver,Gift Card,Cancelled
SYN000522,2025-10-03,Smartwatch,Electronics,145,3,435,Michael Brown,Denver,Debit Card,Completed
SYN000523,2025-03-07,Laptop,Electronics,773,3,2319,John Doe,New York,Paypal,Pending
SYN000524,2025-03-17,Smartwatch,Electronics,150,2,300,Emma Clark,Los Angeles,Gift Card,Cancelled
SYN000525,2025-02-16,Smartwatch,Electronics,144,5,720,Emily Johnson,Houston,Debit Card,Completed
SYN000526,2025-03-19,Headphones,Electronics,102,2,204,Daniel Harris,Houston,Credit Card,Completed
SYN000527,2025-02-24,Headphones,Electronics,107,1,107,Jane Smith,Chicago,Amazon Pay,Completed
SYN000528,2025-03-06,Jeans,Clothing,42,2,84,Michael Brown,Los Angeles,Gift Card,Cancelled
SYN000529,2025-10-02,Book,Books,15,1,15,Emma Clark,Seattle,Gift Card,Pending
SYN000530,2025-03-19,Running Shoes,Footwear,59,5,295,Emma Clark,Miami,Debit Card,Completed
SYN000531,2025-03-04,Headphones,Electronics,101,2,202,David Lee,Houston,Paypal,Completed
SYN000532,2025-05-27,Refrigerator,Home Appliances,1328,2,2656,Chris White,Seattle,Debit Card,Pending
SYN000533,2025-02-17,Book,Books,16,3,48,Chris White,Boston,Gift Card,Cancelled
SYN000534,2025-04-03,Refrigerator,Home Appliances,1202,3,3606,David Lee,Boston,Gift Card,Completed
SYN000535,2025-02-11,Smartphone,Electronics,491,5,2455,Olivia Wilson,Dallas,Amazon Pay,Pending
SYN000536,2025-03-16,Smartwatch,Electronics,147,2,294,Emma Clark,Los Angeles,Gift Card,Cancelled
SYN000537,2025-10-05,Laptop,Electronics,779,3,2337,Jane Smith,Houston,Amazon Pay,Completed
SYN000538,2025-03-16,Running Shoes,Footwear,61,3,183,Emma Clark,San Francisco,Credit Card,Pending
SYN000539,2025-04-28,Smartphone,Electronics,506,5,2530,John Doe,Boston,Paypal,Completed
SYN000540,2025-02-24,Headphones,Electronics,102,1,102,Emily Johnson,Los Angeles,Credit Card,Completed
SYN000541,2025-03-30,Book,Books,16,5,80,Olivia Wilson,Chicago,Amazon Pay,Pending
SYN000542,2025-02-22,Smartphone,Electronics,478,4,1912,Emily Johnson,Seattle,Amazon Pay,Completed
SYN000543,2025-02-17,Book,Books,15,1,15,Emma Clark,Houston,Credit Card,Pending
SYN000544,2025-03-15,Washing Machine,Home Appliances,546,1,546,John Doe,Miami,Credit Card,Completed
SYN000545,2025-02-23,Book,Books,15,1,15,Emma Clark,Houston,Gift Card,Cancelled
SYN000546,2025-03-08,Smartphone,Electronics,478,1,478,Jane Smith,Los Angeles,Debit Card,Cancelled
SYN000547,2025-02-11,Washing Machine,Home Appliances,608,5,3040,Michael Brown,Seattle,Debit Card,Completed
SYN000548,2025-02-13,Washing Machine,Home Appliances,614,1,614,Olivia Wilson,Boston,Debit Card,Cancelled
SYN000549,2025-04-01,Refrigerator,Home Appliances,1115,2,2230,Jane Smith,Dallas,Paypal,Cancelled
SYN000550,2025-02-26,Headphones,Electronics,92,2,184,Daniel Harris,Boston,Paypal,Pending
SYN000551,2025-05-03,Smartphone,Electronics,463,5,2315,John Doe,Boston,Paypal,Completed
SYN000552,2025-02-23,Smartphone,Electronics,505,2,1010,Daniel Harris,Miami,Credit Card,Cancelled
SYN000553,2025-03-28,Washing Machine,Home Appliances,584,1,584,Emma Clark,Seattle,Debit Card,Pending
SYN000554,2025-03-18,Smartwatch,Electronics,160,2,320,Emma Clark,Dallas,Credit Card,Completed
SYN000555,2025-07-01,Refrigerator,Home Appliances,1262,4,5048,Olivia Wilson,Houston,Credit Card,Pending
SYN000556,2025-03-12,Smartphone,Electronics,524,1,524,Jane Smith,Los Angeles,Debit Card,Cancelled
SYN000557,2025-08-07,Book,Books,15,4,60,Daniel Harris,Chicago,Gift Card,Cancelled
SYN000558,2025-08-01,T-Shirt,Clothing,21,4,84,Jane Smith,Denver,Credit Card,Pending
SYN000559,2025-03-12,Jeans,Clothing,40,3,120,John Doe,Boston,Gift Card,Completed
SYN000560,2025-09-26,Washing Machine,Home Appliances,592,3,1776,Emily Johnson,Dallas,Gift Card,Cancelled
SYN000561,2025-03-19,Smartphone,Electronics,540,1,540,David Lee,Miami,Gift Card,Pending
SYN000562,2025-02-21,Headphones,Electronics,93,3,279,David Lee,Houston,Paypal,Cancelled
SYN000563,2025-02-10,Smartphone,Electronics,475,1,475,Sophia Miller,Miami,Paypal,Completed
SYN000564,2025-10-02,T-Shirt,Clothing,19,1,19,Olivia Wilson,Miami,Credit Card,Pending
SYN000565,2025-04-02,Book,Books,15,6,90,David Lee,Chicago,Amazon Pay,Pending
SYN000566,2025-02-18,Laptop,Electronics,810,3,2430,John Doe,San Francisco,Credit Card,Pending
SYN000567,2025-03-22,Smartwatch,Electronics,154,2,308,Emily Johnson,Dallas,Paypal,Cancelled
SYN000568,2025-03-10,Smartwatch,Electronics,152,2,304,Michael Brown,Denver,Paypal,Pending
SYN000569,2025-03-07,Book,Books,15,1,15,David Lee,New York,Amazon Pay,Pending
SYN000570,2025-05-08,Running Shoes,Footwear,58,2,116,Chris White,Houston,Amazon Pay,Completed
SYN000571,2025-03-21,Smartwatch,Electronics,147,2,294,Emma Clark,Dallas,Credit Card,Completed
SYN000572,2025-03-20,Laptop,Electronics,833,3,2499,Olivia Wilson,Chicago,Amazon Pay,Completed
SYN000573,2025-02-19,Book,Books,15,1,15,Emma Clark,Houston,Gift Card,Cancelled
SYN000574,2025-03-23,Book,Books,16,5,80,Olivia Wilson,Chicago,Amazon Pay,Pending
SYN000575,2025-03-25,Smartwatch,Electronics,152,2,304,Olivia Wilson,Miami,Debit Card,Completed
SYN000576,2025-01-28,Laptop,Electronics,788,2,1576,Olivia Wilson,San Francisco,Paypal,Completed
SYN000577,2025-02-23,Smartwatch,Electronics,149,5,745,Sophia Miller,San Francisco,Paypal,Pending
SYN000578,2025-03-28,Laptop,Electronics,794,3,2382,Olivia Wilson,Chicago,Amazon Pay,Completed
SYN000579,2025-02-25,Jeans,Clothing,38,5,190,Jane Smith,Dallas,Debit Card,Pending
SYN000580,2025-03-23,Jeans,Clothing,41,5,205,David Lee,New York,Debit Card,Cancelled
SYN000581,2025-11-04,Jeans,Clothing,41,1,41,Sophia Miller,New York,Gift Card,Cancelled
SYN000582,2025-02-21,T-Shirt,Clothing,20,3,60,Emma Clark,Dallas,Debit Card,Completed
SYN000583,2025-03-30,Refrigerator,Home Appliances,1188,1,1188,Daniel Harris,Dallas,Paypal,Completed
SYN000584,2025-03-06,Washing Machine,Home Appliances,589,4,2356,Emma Clark,Houston,Gift Card,Cancelled
SYN000585,2025-03-23,Smartwatch,Electronics,147,2,294,Emily Johnson,Dallas,Paypal,Cancelled
SYN000586,2025-02-23,Running Shoes,Footwear,61,2,122,Chris White,Houston,Paypal,Completed
SYN000587,2025-03-14,Refrigerator,Home Appliances,1197,1,1197,Jane Smith,Miami,Paypal,Completed
SYN000588,2025-03-20,Laptop,Electronics,867,2,1734,Michael Brown,Denver,Paypal,Cancelled
SYN000589,2025-03-18,Smartwatch,Electronics,144,5,720,Daniel Harris,Houston,Amazon Pay,Completed
SYN000590,2025-02-13,Running Shoes,Footwear,55,2,110,John Doe,Denver,Amazon Pay,Cancelled
SYN000591,2025-03-07,Running Shoes,Footwear,63,2,126,David Lee,Los Angeles,Debit Card,Cancelled
SYN000592,2025-02-14,Laptop,Electronics,756,5,3780,Jane Smith,Boston,Credit Card,Cancelled
SYN000593,2025-03-21,Laptop,Electronics,758,3,2274,Jane Smith,New York,Paypal,Completed
SYN000594,2025-12-04,Smartphone,Electronics,487,1,487,Emily Johnson,San Francisco,Credit Card,Cancelled
SYN000595,2025-04-01,Laptop,Electronics,792,3,2376,Olivia Wilson,Chicago,Amazon Pay,Completed
SYN000596,2025-03-16,Smartwatch,Electronics,158,2,316,Michael Brown,Denver,Paypal,Pending
SYN000597,2025-02-25,Book,Books,15,4,60,Michael Brown,San Francisco,Credit Card,Completed
SYN000598,2025-03-25,Jeans,Clothing,41,2,82,Chris White,Chicago,Credit Card,Completed
SYN000599,2025-07-30,Book,Books,16,4,64,Daniel Harris,Chicago,Gift Card,Cancelled
SYN000600,2025-02-21,Book,Books,15,5,75,Daniel Harris,Miami,Debit Card,Pending
SYN000601,2025-03-21,Washing Machine,Home Appliances,578,1,578,John Doe,Miami,Credit Card,Completed
SYN000602,2025-01-09,T-Shirt,Clothing,21,1,21,Emma Clark,New York,Amazon Pay,Completed
SYN000603,2025-07-04,Refrigerator,Home Appliances,1119,4,4476,Olivia Wilson,Houston,Credit Card,Pending
SYN000604,2025-03-31,Jeans,Clothing,39,2,78,David Lee,Denver,Amazon Pay,Cancelled
SYN000605,2025-02-11,Book,Books,15,2,30,David Lee,Boston,Amazon Pay,Pending
SYN000606,2025-03-08,Smartphone,Electronics,510,1,510,Jane Smith,Chicago,Paypal,Cancelled
SYN000607,2025-02-14,Book,Books,15,2,30,David Lee,Boston,Amazon Pay,Pending
SYN000608,2025-02-24,Running Shoes,Footwear,56,3,168,Olivia Wilson,Dallas,Credit Card,Pending
SYN000609,2025-03-19,Running Shoes,Footwear,60,2,120,Emma Clark,Boston,Gift Card,Pending
SYN000610,2025-06-08,Smartphone,Electronics,474,5,2370,Michael Brown,Houston,Paypal,Completed
SYN000611,2025-03-22,Headphones,Electronics,98,3,294,Jane Smith,Chicago,Amazon Pay,Cancelled
SYN000612,2025-02-09,Laptop,Electronics,761,2,1522,Olivia Wilson,San Francisco,Paypal,Completed
SYN000613,2025-03-24,Laptop,Electronics,758,5,3790,Michael Brown,Miami,Debit Card,Pending
SYN000614,2025-05-01,T-Shirt,Clothing,20,2,40,Chris White,Denver,Debit Card,Cancelled
SYN000615,2025-10-01,Smartwatch,Electronics,138,5,690,David Lee,Boston,Paypal,Completed
SYN000616,2025-02-17,Laptop,Electronics,796,5,3980,Jane Smith,Boston,Credit Card,Cancelled
SYN000617,2025-02-19,Jeans,Clothing,41,5,205,Emily Johnson,New York,Debit Card,Pending
SYN000618,2025-04-26,Running Shoes,Footwear,60,5,300,Jane Smith,Dallas,Paypal,Pending
SYN000619,2025-03-18,Smartwatch,Electronics,146,2,292,David Lee,Chicago,Debit Card,Pending
SYN000620,2025-03-22,Washing Machine,Home Appliances,616,1,616,John Doe,Miami,Credit Card,Completed
SYN000621,2025-10-05,Smartphone,Electronics,498,3,1494,Olivia Wilson,Denver,Gift Card,Cancelled
SYN000622,2025-07-07,Headphones,Electronics,93,5,465,Olivia Wilson,Seattle,Debit Card,Pending
SYN000623,2025-02-25,Smartphone,Electronics,496,5,2480,Olivia Wilson,Dallas,Amazon Pay,Pending
SYN000624,2025-02-16,Jeans,Clothing,40,4,160,John Doe,San Francisco,Debit Card,Cancelled
SYN000625,2025-02-27,Headphones,Electronics,95,2,190,Daniel Harris,Boston,Paypal,Pending
SYN000626,2025-02-18,Laptop,Electronics,818,5,4090,Jane Smith,Boston,Credit Card,Cancelled
SYN000627,2025-03-25,Jeans,Clothing,39,3,117,Olivia Wilson,Dallas,Credit Card,Cancelled
SYN000628,2025-08-03,Smartwatch,Electronics,150,3,450,Emily Johnson,New York,Debit Card,Cancelled
SYN000629,2025-03-24,Running Shoes,Footwear,60,2,120,Emma Clark,Boston,Gift Card,Pending
SYN000630,2025-08-02,Smartwatch,Electronics,151,3,453,Emily Johnson,New York,Debit Card,Cancelled
SYN000631,2025-03-18,Smartwatch,Electronics,139,4,556,Olivia Wilson,Miami,Paypal,Cancelled
SYN000632,2025-12-09,Book,Books,14,5,70,Jane Smith,Dallas,Credit Card,Pending
SYN000633,2025-02-21,Washing Machine,Home Appliances,595,2,1190,Chris White,Seattle,Paypal,Cancelled
SYN000634,2025-03-17,T-Shirt,Clothing,20,1,20,John Doe,Dallas,Credit Card,Pending
SYN000635,2025-01-28,Headphones,Electronics,101,5,505,Emma Clark,Miami,Amazon Pay,Cancelled
SYN000636,2025-02-18,Running Shoes,Footwear,64,1,64,Sophia Miller,Houston,Paypal,Completed
SYN000637,2025-03-19,Smartwatch,Electronics,162,2,324,Emma Clark,Los Angeles,Gift Card,Cancelled
SYN000638,2025-03-22,Smartwatch,Electronics,161,2,322,Emma Clark,Boston,Debit Card,Completed
SYN000639,2025-02-19,Smartwatch,Electronics,156,5,780,Jane Smith,Dallas,Paypal,Cancelled
SYN000640,2025-02-24,T-Shirt,Clothing,20,3,60,Emma Clark,Dallas,Debit Card,Completed
SYN000641,2025-03-01,Headphones,Electronics,101,1,101,David Lee,Houston,Debit Card,Cancelled
SYN000642,2025-03-23,Smartwatch,Electronics,149,2,298,Emma Clark,Los Angeles,Gift Card,Cancelled
SYN000643,2025-03-15,Jeans,Clothing,41,1,41,Jane Smith,Boston,Debit Card,Pending
SYN000644,2025-02-01,Refrigerator,Home Appliances,1260,3,3780,John Doe,Miami,Paypal,Completed
SYN000645,2025-02-21,Refrigerator,Home Appliances,1182,1,1182,John Doe,Boston,Credit Card,Cancelled
SYN000646,2025-03-21,Book,Books,15,1,15,David Lee,New York,Amazon Pay,Pending
SYN000647,2025-03-29,Book,Books,16,1,16,Olivia Wilson,New York,Debit Card,Cancelled
SYN000648,2025-03-29,Refrigerator,Home Appliances,1267,4,5068,Jane Smith,Dallas,Gift Card,Cancelled
SYN000649,2025-05-31,Laptop,Electronics,856,1,856,Jane Smith,Los Angeles,Amazon Pay,Cancelled
SYN000650,2025-02-13,Smartwatch,Electronics,146,4,584,John Doe,Seattle,Credit Card,Completed
SYN000651,2025-10-01,Book,Books,14,1,14,Emma Clark,Seattle,Gift Card,Pending
SYN000652,2025-02-16,Headphones,Electronics,103,3,309,Michael Brown,New York,Debit Card,Cancelled
SYN000653,2025-12-08,Running Shoes,Footwear,63,1,63,David Lee,San Francisco,Credit Card,Pending
SYN000654,2025-05-06,Refrigerator,Home Appliances,1237,4,4948,Sophia Miller,Seattle,Credit Card,Pending
SYN000655,2025-05-05,Headphones,Electronics,101,3,303,Chris White,Miami,Debit Card,Cancelled
SYN000656,2025-03-20,Jeans,Clothing,40,1,40,Olivia Wilson,Seattle,Paypal,Cancelled
SYN000657,2025-01-31,Refrigerator,Home Appliances,1128,3,3384,John Doe,Miami,Paypal,Completed
SYN000658,2025-03-08,T-Shirt,Clothing,20,3,60,Olivia Wilson,Chicago,Paypal,Pending
SYN000659,2025-08-02,Smartphone,Electronics,496,3,1488,Sophia Miller,Denver,Credit Card,Pending
SYN000660,2025-02-18,Washing Machine,Home Appliances,596,5,2980,Michael Brown,Seattle,Debit Card,Completed
SYN000661,2024-12-28,Laptop,Electronics,842,2,1684,Daniel Harris,San Francisco,Gift Card,Pending
SYN000662,2025-02-23,Smartphone,Electronics,543,1,543,John Doe,Dallas,Gift Card,Pending
SYN000663,2025-01-27,Laptop,Electronics,838,2,1676,Olivia Wilson,San Francisco,Paypal,Completed
SYN000664,2025-08-05,T-Shirt,Clothing,19,3,57,Sophia Miller,Boston,Paypal,Completed
SYN000665,2025-02-11,T-Shirt,Clothing,21,2,42,David Lee,Dallas,Gift Card,Cancelled
SYN000666,2025-08-31,Smartphone,Electronics,514,2,1028,Olivia Wilson,Chicago,Credit Card,Completed
SYN000667,2025-07-06,T-Shirt,Clothing,20,1,20,Daniel Harris,New York,Amazon Pay,Pending
SYN000668,2025-03-24,Smartphone,Electronics,507,2,1014,John Doe,Miami,Paypal,Completed
SYN000669,2025-03-22,Running Shoes,Footwear,59,5,295,Emma Clark,Los Angeles,Credit Card,Cancelled
SYN000670,2025-02-23,Washing Machine,Home Appliances,635,5,3175,Michael Brown,Seattle,Debit Card,Completed
SYN000671,2025-02-27,Smartphone,Electronics,503,3,1509,Chris White,Dallas,Credit Card,Completed
SYN000672,2025-03-27,Refrigerator,Home Appliances,1321,5,6605,Olivia Wilson,Chicago,Gift Card,Pending
SYN000673,2025-04-26,Running Shoes,Footwear,55,4,220,Chris White,Chicago,Amazon Pay,Completed
SYN000674,2025-08-06,Smartphone,Electronics,548,3,1644,Sophia Miller,Denver,Credit Card,Pending
SYN000675,2025-02-18,Laptop,Electronics,865,5,4325,Emily Johnson,Denver,Paypal,Completed
SYN000676,2025-09-09,Smartphone,Electronics,514,2,1028,Olivia Wilson,Chicago,Credit Card,Completed
SYN000677,2025-03-16,Running Shoes,Footwear,56,5,280,Emma Clark,Miami,Debit Card,Completed
SYN000678,2025-10-06,Smartphone,Electronics,486,4,1944,Michael Brown,Seattle,Paypal,Pending
SYN000679,2025-03-27,Washing Machine,Home Appliances,577,1,577,Emma Clark,Seattle,Debit Card,Pending
SYN000680,2025-03-01,Washing Machine,Home Appliances,584,1,584,Jane Smith,Dallas,Amazon Pay,Completed
SYN000681,2025-02-10,Headphones,Electronics,103,4,412,Daniel Harris,New York,Gift Card,Cancelled
SYN000682,2025-03-24,T-Shirt,Clothing,19,2,38,Daniel Harris,Miami,Debit Card,Cancelled
SYN000683,2025-02-18,Running Shoes,Footwear,61,1,61,Jane Smith,Houston,Gift Card,Cancelled
SYN000684,2025-03-03,Washing Machine,Home Appliances,541,1,541,Jane Smith,Dallas,Amazon Pay,Completed
SYN000685,2025-03-06,Jeans,Clothing,41,4,164,John Doe,Seattle,Amazon Pay,Pending
SYN000686,2025-03-20,T-Shirt,Clothing,19,2,38,Daniel Harris,Miami,Debit Card,Cancelled
SYN000687,2025-01-27,Refrigerator,Home Appliances,1231,3,3693,John Doe,Miami,Paypal,Completed
SYN000688,2025-03-01,Laptop,Electronics,776,1,776,Emily Johnson,New York,Amazon Pay,Pending
SYN000689,2025-02-17,Smartphone,Electronics,480,2,960,Daniel Harris,Miami,Credit Card,Cancelled
SYN000690,2025-12-08,Smartphone,Electronics,487,1,487,Emily Johnson,San Francisco,Credit Card,Cancelled
SYN000691,2025-02-20,Book,Books,15,5,75,John Doe,Denver,Paypal,Pending
SYN000692,2025-04-04,Smartwatch,Electronics,150,3,450,Jane Smith,New York,Amazon Pay,Completed
SYN000693,2025-02-18,Smartphone,Electronics,533,4,2132,Emma Clark,Chicago,Debit Card,Completed
SYN000694,2025-03-20,Smartphone,Electronics,509,2,1018,Olivia Wilson,Boston,Paypal,Cancelled
SYN000695,2025-08-27,Smartphone,Electronics,503,2,1006,Olivia Wilson,Chicago,Credit Card,Completed
SYN000696,2025-03-26,Laptop,Electronics,767,1,767,Michael Brown,Los Angeles,Credit Card,Cancelled
SYN000697,2025-02-23,Laptop,Electronics,761,5,3805,Jane Smith,Boston,Credit Card,Cancelled
SYN000698,2025-02-17,Book,Books,14,2,28,David Lee,Boston,Amazon Pay,Pending
SYN000699,2025-03-21,Smartwatch,Electronics,154,2,308,Michael Brown,Denver,Paypal,Pending
SYN000700,2025-03-19,Smartwatch,Electronics,143,4,572,Emma Clark,Houston,Paypal,Completed
SYN000701,2025-03-02,Smartwatch,Electronics,143,2,286,Daniel Harris,Houston,Paypal,Completed
SYN000702,2025-05-09,Running Shoes,Footwear,67,5,335,Jane Smith,Dallas,Paypal,Pending
SYN000703,2025-03-15,Smartwatch,Electronics,147,2,294,Emma Clark,Dallas,Credit Card,Completed
SYN000704,2025-03-29,Refrigerator,Home Appliances,1158,3,3474,Chris White,Dallas,Credit Card,Cancelled
SYN000705,2025-03-30,Laptop,Electronics,769,3,2307,Jane Smith,New York,Paypal,Completed
SYN000706,2025-12-05,Running Shoes,Footwear,58,1,58,David Lee,San Francisco,Credit Card,Pending
SYN000707,2025-10-03,Book,Books,15,2,30,Chris White,Los Angeles,Debit Card,Completed
SYN000708,2025-03-26,Jeans,Clothing,40,1,40,Olivia Wilson,Seattle,Paypal,Cancelled
SYN000709,2025-03-17,Headphones,Electronics,97,2,194,Daniel Harris,Miami,Paypal,Pending
SYN000710,2025-08-28,Running Shoes,Footwear,61,2,122,Emily Johnson,Denver,Gift Card,Cancelled
SYN000711,2025-03-25,Laptop,Electronics,842,3,2526,Olivia Wilson,Chicago,Amazon Pay,Completed
SYN000712,2025-03-23,Running Shoes,Footwear,64,3,192,Emma Clark,San Francisco,Credit Card,Pending
SYN000713,2025-03-24,Jeans,Clothing,39,5,195,Michael Brown,New York,Paypal,Completed
SYN000714,2025-07-10,Refrigerator,Home Appliances,1263,4,5052,Olivia Wilson,Houston,Credit Card,Pending
SYN000715,2025-07-01,T-Shirt,Clothing,20,1,20,Daniel Harris,New York,Amazon Pay,Pending
SYN000716,2024-12-29,T-Shirt,Clothing,19,1,19,Emma Clark,New York,Amazon Pay,Completed
SYN000717,2025-03-24,Jeans,Clothing,42,3,126,Olivia Wilson,Dallas,Credit Card,Cancelled
SYN000718,2025-03-30,Smartwatch,Electronics,157,1,157,Emily Johnson,Seattle,Gift Card,Pending
SYN000719,2025-03-26,Laptop,Electronics,781,1,781,Michael Brown,Los Angeles,Credit Card,Cancelled
SYN000720,2025-02-21,Refrigerator,Home Appliances,1243,3,3729,John Doe,Dallas,Debit Card,Completed
SYN000721,2025-04-03,Laptop,Electronics,795,4,3180,Emma Clark,Los Angeles,Credit Card,Completed
SYN000722,2025-03-12,Jeans,Clothing,39,3,117,Olivia Wilson,Dallas,Credit Card,Cancelled
SYN000723,2025-03-30,Smartwatch,Electronics,162,2,324,Emily Johnson,Dallas,Paypal,Cancelled
SYN000724,2025-02-14,Washing Machine,Home Appliances,564,2,1128,Chris White,Seattle,Paypal,Cancelled
SYN000725,2025-03-19,T-Shirt,Clothing,21,1,21,Chris White,Dallas,Debit Card,Completed
SYN000726,2025-04-30,Headphones,Electronics,103,3,309,Chris White,Miami,Debit Card,Cancelled
SYN000727,2025-03-16,Running Shoes,Footwear,57,3,171,Olivia Wilson,Houston,Credit Card,Completed
SYN000728,2025-03-19,Smartphone,Electronics,437,2,874,Olivia Wilson,Boston,Paypal,Cancelled
SYN000729,2025-02-01,Smartphone,Electronics,488,1,488,Sophia Miller,Miami,Paypal,Completed
SYN000730,2025-03-19,Smartwatch,Electronics,141,5,705,Emily Johnson,Houston,Amazon Pay,Completed
SYN000731,2025-02-21,Running Shoes,Footwear,60,2,120,John Doe,Denver,Amazon Pay,Cancelled
SYN000732,2025-02-15,Smartphone,Electronics,516,4,2064,Emily Johnson,Seattle,Amazon Pay,Completed
SYN000733,2025-03-21,Laptop,Electronics,680,3,2040,Jane Smith,New York,Paypal,Completed
SYN000734,2025-03-24,Running Shoes,Footwear,61,3,183,Olivia Wilson,Houston,Credit Card,Completed
SYN000735,2025-03-16,Running Shoes,Footwear,61,3,183,Emma Clark,San Francisco,Credit Card,Pending
SYN000736,2025-03-08,Smartwatch,Electronics,144,3,432,David Lee,Boston,Gift Card,Pending
SYN000737,2025-03-27,Running Shoes,Footwear,56,4,224,Emily Johnson,Los Angeles,Paypal,Completed
SYN000738,2025-03-04,Refrigerator,Home Appliances,1245,1,1245,Olivia Wilson,Seattle,Paypal,Completed
SYN000739,2025-04-06,Smartphone,Electronics,503,4,2012,Olivia Wilson,New York,Credit Card,Pending
SYN000740,2025-10-07,Smartphone,Electronics,519,4,2076,Michael Brown,Seattle,Paypal,Pending
SYN000741,2025-03-17,Headphones,Electronics,104,4,416,Emily Johnson,San Francisco,Debit Card,Pending
SYN000742,2025-02-21,Smartwatch,Electronics,148,4,592,Chris White,New York,Debit Card,Cancelled
SYN000743,2025-03-25,Smartwatch,Electronics,146,4,584,Emma Clark,Houston,Paypal,Completed
SYN000744,2025-04-28,Refrigerator,Home Appliances,1209,4,4836,Sophia Miller,Seattle,Credit Card,Pending
SYN000745,2025-09-27,Smartwatch,Electronics,141,3,423,Michael Brown,Denver,Debit Card,Completed
SYN000746,2025-11-02,T-Shirt,Clothing,20,5,100,Jane Smith,Denver,Amazon Pay,Completed
SYN000747,2025-12-02,Smartphone,Electronics,567,1,567,Sophia Miller,Denver,Credit Card,Cancelled
SYN000748,2025-03-30,Running Shoes,Footwear,58,5,290,Emma Clark,Los Angeles,Credit Card,Cancelled
SYN000749,2025-03-14,T-Shirt,Clothing,18,2,36,Daniel Harris,Miami,Debit Card,Cancelled
SYN000750,2025-01-28,T-Shirt,Clothing,20,5,100,Jane Smith,New York,Credit Card,Pending
SYN000751,2025-04-29,T-Shirt,Clothing,20,2,40,Chris White,Denver,Debit Card,Cancelled
SYN000752,2025-06-01,Refrigerator,Home Appliances,1165,5,5825,David Lee,Denver,Paypal,Cancelled
SYN000753,2025-03-25,Laptop,Electronics,804,3,2412,John Doe,Miami,Credit Card,Cancelled
SYN000754,2025-03-03,Washing Machine,Home Appliances,569,1,569,Jane Smith,Dallas,Amazon Pay,Completed
SYN000755,2025-11-04,Jeans,Clothing,37,1,37,Sophia Miller,New York,Gift Card,Cancelled
SYN000756,2025-02-18,Running Shoes,Footwear,61,2,122,Chris White,Houston,Paypal,Completed
SYN000757,2025-11-04,T-Shirt,Clothing,20,5,100,Jane Smith,Denver,Amazon Pay,Completed
SYN000758,2025-04-26,Headphones,Electronics,98,3,294,Chris White,Miami,Debit Card,Cancelled
SYN000759,2025-03-22,Smartwatch,Electronics,150,3,450,Sophia Miller,San Francisco,Debit Card,Completed
SYN000760,2025-08-29,Running Shoes,Footwear,64,2,128,Emily Johnson,Denver,Gift Card,Cancelled
SYN000761,2025-04-01,Book,Books,14,5,70,Olivia Wilson,Chicago,Amazon Pay,Pending
SYN000762,2025-03-21,Laptop,Electronics,811,3,2433,Olivia Wilson,Chicago,Amazon Pay,Completed
SYN000763,2025-11-28,Washing Machine,Home Appliances,551,5,2755,Emma Clark,Miami,Amazon Pay,Pending
SYN000764,2025-02-27,Headphones,Electronics,99,3,297,Michael Brown,Chicago,Paypal,Cancelled
SYN000765,2025-03-26,Smartphone,Electronics,522,5,2610,Emma Clark,Miami,Gift Card,Completed
SYN000766,2025-02-15,Jeans,Clothing,42,4,168,John Doe,San Francisco,Debit Card,Cancelled
SYN000767,2025-02-24,Headphones,Electronics,98,2,196,Daniel Harris,Boston,Paypal,Pending
SYN000768,2025-03-19,Headphones,Electronics,100,2,200,Daniel Harris,Miami,Paypal,Pending
SYN000769,2025-03-19,Jeans,Clothing,40,4,160,Michael Brown,Dallas,Credit Card,Completed
SYN000770,2025-02-06,T-Shirt,Clothing,20,5,100,Jane Smith,New York,Credit Card,Pending
SYN000771,2025-03-13,T-Shirt,Clothing,22,1,22,John Doe,Dallas,Credit Card,Pending
SYN000772,2025-07-07,Headphones,Electronics,105,4,420,Olivia Wilson,Seattle,Debit Card,Pending
SYN000773,2025-03-17,Running Shoes,Footwear,60,3,180,Olivia Wilson,Houston,Credit Card,Completed
SYN000774,2025-03-13,Headphones,Electronics,96,2,192,Daniel Harris,Miami,Paypal,Pending
SYN000775,2025-03-20,Smartphone,Electronics,460,2,920,John Doe,Miami,Paypal,Completed
SYN000776,2025-03-02,Running Shoes,Footwear,62,1,62,Sophia Miller,Houston,Paypal,Completed
SYN000777,2025-02-18,Headphones,Electronics,95,3,285,Michael Brown,New York,Debit Card,Cancelled
SYN000778,2025-03-14,Jeans,Clothing,42,5,210,Michael Brown,New York,Paypal,Completed
SYN000779,2025-02-23,Smartwatch,Electronics,143,5,715,Michael Brown,Boston,Debit Card,Pending
SYN000780,2025-06-29,Refrigerator,Home Appliances,1352,4,5408,Olivia Wilson,Houston,Credit Card,Pending
SYN000781,2025-02-26,Running Shoes,Footwear,57,1,57,Emma Clark,Houston,Credit Card,Pending
SYN000782,2025-02-20,Smartwatch,Electronics,158,4,632,Chris White,New York,Debit Card,Cancelled
SYN000783,2025-05-04,Running Shoes,Footwear,57,2,114,Chris White,Houston,Amazon Pay,Completed
SYN000784,2025-02-19,Smartwatch,Electronics,146,4,584,John Doe,Seattle,Credit Card,Completed
SYN000785,2025-03-09,Jeans,Clothing,38,1,38,Jane Smith,Boston,Debit Card,Pending
SYN000786,2025-03-23,Jeans,Clothing,41,3,123,Olivia Wilson,Dallas,Credit Card,Cancelled
SYN000787,2025-02-14,Laptop,Electronics,784,5,3920,Jane Smith,Boston,Credit Card,Cancelled
SYN000788,2025-03-15,Book,Books,17,5,85,David Lee,San Francisco,Debit Card,Pending
SYN000789,2025-03-27,Smartwatch,Electronics,145,3,435,Jane Smith,New York,Amazon Pay,Completed
SYN000790,2025-06-02,Smartphone,Electronics,540,4,2160,Emma Clark,Houston,Credit Card,Completed
SYN000791,2025-03-19,Refrigerator,Home Appliances,1157,3,3471,Chris White,Dallas,Credit Card,Cancelled
SYN000792,2025-07-28,Running Shoes,Footwear,65,5,325,Jane Smith,Miami,Gift Card,Pending
SYN000793,2025-03-10,Smartwatch,Electronics,149,5,745,John Doe,Denver,Credit Card,Pending
SYN000794,2025-04-02,Refrigerator,Home Appliances,1285,2,2570,Jane Smith,Dallas,Paypal,Cancelled
SYN000795,2025-03-09,Book,Books,15,5,75,David Lee,San Francisco,Credit Card,Pending
SYN000796,2025-08-07,Running Shoes,Footwear,59,5,295,Jane Smith,Miami,Gift Card,Pending
SYN000797,2025-03-28,Running Shoes,Footwear,58,3,174,Olivia Wilson,Miami,Amazon Pay,Completed
SYN000798,2025-03-09,T-Shirt,Clothing,21,2,42,Michael Brown,Chicago,Paypal,Pending
SYN000799,2025-12-02,Running Shoes,Footwear,61,2,122,Michael Brown,Denver,Gift Card,Completed
SYN000800,2025-03-26,Laptop,Electronics,815,4,3260,Emma Clark,Los Angeles,Credit Card,Completed
SYN000801,2025-02-13,Refrigerator,Home Appliances,1259,4,5036,Emily Johnson,Denver,Paypal,Pending
SYN000802,2025-06-09,Refrigerator,Home Appliances,1248,2,2496,Chris White,Seattle,Debit Card,Pending
SYN000803,2025-06-27,Smartphone,Electronics,529,5,2645,David Lee,Chicago,Gift Card,Pending
SYN000804,2025-03-02,Laptop,Electronics,813,4,3252,Daniel Harris,Houston,Gift Card,Pending
SYN000805,2025-09-05,Smartphone,Electronics,459,2,918,Olivia Wilson,Chicago,Credit Card,Completed
SYN000806,2025-02-23,Book,Books,15,1,15,Emma Clark,Houston,Credit Card,Pending
SYN000807,2025-02-16,Jeans,Clothing,40,4,160,John Doe,San Francisco,Debit Card,Cancelled
SYN000808,2025-02-17,Washing Machine,Home Appliances,630,1,630,Jane Smith,Dallas,Amazon Pay,Completed
SYN000809,2025-06-06,Laptop,Electronics,815,1,815,Jane Smith,Los Angeles,Amazon Pay,Cancelled
SYN000810,2025-03-23,Running Shoes,Footwear,60,3,180,Olivia Wilson,Miami,Amazon Pay,Completed
SYN000811,2025-03-09,Smartphone,Electronics,503,2,1006,Chris White,Chicago,Paypal,Pending
SYN000812,2025-03-16,Smartwatch,Electronics,166,2,332,Emma Clark,Dallas,Credit Card,Completed
SYN000813,2025-10-07,Washing Machine,Home Appliances,608,3,1824,Emily Johnson,Dallas,Gift Card,Cancelled
SYN000814,2025-08-30,Smartphone,Electronics,465,2,930,Olivia Wilson,Chicago,Credit Card,Completed
SYN000815,2025-03-21,Smartwatch,Electronics,166,2,332,Olivia Wilson,Miami,Debit Card,Completed
SYN000816,2025-03-25,Smartwatch,Electronics,155,1,155,Emily Johnson,Seattle,Gift Card,Pending
SYN000817,2025-03-08,Running Shoes,Footwear,60,2,120,David Lee,Los Angeles,Debit Card,Cancelled
SYN000818,2025-02-12,Smartphone,Electronics,487,1,487,John Doe,Dallas,Gift Card,Pending
SYN000819,2025-03-13,Smartwatch,Electronics,143,2,286,David Lee,Chicago,Debit Card,Pending
SYN000820,2025-09-29,Smartphone,Electronics,486,3,1458,Olivia Wilson,Denver,Gift Card,Cancelled
SYN000821,2025-03-24,Smartwatch,Electronics,155,2,310,Olivia Wilson,Miami,Debit Card,Completed
SYN000822,2025-02-19,Jeans,Clothing,40,5,200,Jane Smith,Dallas,Debit Card,Pending
SYN000823,2025-08-26,Smartphone,Electronics,497,2,994,Olivia Wilson,Chicago,Credit Card,Completed
SYN000824,2025-03-21,Smartphone,Electronics,515,1,515,John Doe,Houston,Gift Card,Pending
SYN000825,2025-02-07,Headphones,Electronics,108,5,540,Emma Clark,Miami,Amazon Pay,Cancelled
SYN000826,2025-02-10,Book,Books,15,2,30,David Lee,Boston,Amazon Pay,Pending
SYN000827,2025-03-13,Smartwatch,Electronics,153,2,306,Michael Brown,Denver,Paypal,Pending
SYN000828,2025-10-09,T-Shirt,Clothing,21,1,21,Olivia Wilson,Miami,Credit Card,Pending
SYN000829,2025-03-24,Running Shoes,Footwear,60,3,180,Michael Brown,New York,Gift Card,Pending
SYN000830,2025-02-28,Smartphone,Electronics,488,2,976,David Lee,Boston,Paypal,Pending
SYN000831,2025-07-06,T-Shirt,Clothing,19,1,19,Daniel Harris,New York,Amazon Pay,Pending
SYN000832,2025-03-14,Book,Books,14,3,42,Emma Clark,San Francisco,Amazon Pay,Pending
SYN000833,2025-02-26,Smartphone,Electronics,447,5,2235,Emily Johnson,Miami,Credit Card,Cancelled
SYN000834,2025-02-23,Jeans,Clothing,40,4,160,John Doe,San Francisco,Debit Card,Cancelled
SYN000835,2025-02-16,Running Shoes,Footwear,63,1,63,David Lee,Boston,Paypal,Cancelled
SYN000836,2025-02-17,Smartwatch,Electronics,151,5,755,Sophia Miller,San Francisco,Paypal,Pending
SYN000837,2025-11-27,Smartphone,Electronics,532,1,532,Emily Johnson,San Francisco,Credit Card,Cancelled
SYN000838,2025-02-18,Refrigerator,Home Appliances,1199,3,3597,John Doe,Dallas,Debit Card,Completed
SYN000839,2025-09-04,Running Shoes,Footwear,61,2,122,Emily Johnson,Denver,Gift Card,Cancelled
SYN000840,2025-05-27,Refrigerator,Home Appliances,1236,2,2472,Chris White,Seattle,Debit Card,Pending
SYN000841,2025-11-08,Refrigerator,Home Appliances,1213,2,2426,Daniel Harris,San Francisco,Paypal,Cancelled
SYN000842,2025-02-20,Refrigerator,Home Appliances,1254,4,5016,Emily Johnson,Denver,Paypal,Pending
SYN000843,2025-05-08,Smartphone,Electronics,528,5,2640,John Doe,Boston,Paypal,Completed
SYN000844,2025-03-11,Headphones,Electronics,101,3,303,Jane Smith,Chicago,Amazon Pay,Cancelled
SYN000845,2025-03-25,Jeans,Clothing,37,3,111,Olivia Wilson,Dallas,Credit Card,Cancelled
SYN000846,2025-02-23,Headphones,Electronics,102,2,204,Daniel Harris,Boston,Paypal,Pending
SYN000847,2025-06-27,Smartphone,Electronics,500,5,2500,David Lee,Chicago,Gift Card,Pending
SYN000848,2025-05-03,Running Shoes,Footwear,62,5,310,Jane Smith,Dallas,Paypal,Pending
SYN000849,2025-02-18,Headphones,Electronics,95,1,95,Emily Johnson,Los Angeles,Credit Card,Completed
SYN000850,2025-03-14,Smartwatch,Electronics,151,3,453,Sophia Miller,San Francisco,Debit Card,Completed
SYN000851,2025-03-18,T-Shirt,Clothing,21,3,63,Olivia Wilson,Chicago,Paypal,Pending
SYN000852,2025-03-18,Smartwatch,Electronics,161,2,322,Olivia Wilson,Miami,Debit Card,Completed
SYN000853,2025-02-28,Running Shoes,Footwear,55,1,55,Sophia Miller,Houston,Paypal,Completed
SYN000854,2025-03-19,Refrigerator,Home Appliances,1247,3,3741,Emma Clark,Los Angeles,Credit Card,Completed
SYN000855,2025-06-30,Laptop,Electronics,839,3,2517,Daniel Harris,Houston,Credit Card,Pending
SYN000856,2025-02-21,Running Shoes,Footwear,56,1,56,Emma Clark,Houston,Credit Card,Pending
SYN000857,2025-03-28,Smartwatch,Electronics,140,2,280,Emma Clark,Boston,Debit Card,Completed
SYN000858,2025-08-28,Refrigerator,Home Appliances,1184,2,2368,Sophia Miller,Boston,Paypal,Cancelled
SYN000859,2025-10-07,Smartphone,Electronics,477,4,1908,Michael Brown,Seattle,Paypal,Pending
SYN000860,2025-03-23,Smartphone,Electronics,501,1,501,John Doe,Houston,Gift Card,Pending
SYN000861,2025-03-16,T-Shirt,Clothing,20,2,40,Michael Brown,Chicago,Paypal,Pending
SYN000862,2025-02-11,Laptop,Electronics,782,5,3910,Emily Johnson,Denver,Paypal,Completed
SYN000863,2025-03-02,Jeans,Clothing,41,2,82,Michael Brown,Los Angeles,Gift Card,Cancelled
SYN000864,2025-03-18,Headphones,Electronics,91,2,182,Daniel Harris,Houston,Credit Card,Completed
SYN000865,2025-09-02,Smartphone,Electronics,479,2,958,Olivia Wilson,Chicago,Credit Card,Completed
SYN000866,2025-02-27,Jeans,Clothing,40,4,160,John Doe,Seattle,Amazon Pay,Pending
SYN000867,2025-03-19,Smartwatch,Electronics,151,2,302,Emma Clark,Dallas,Credit Card,Completed
SYN000868,2025-04-06,Refrigerator,Home Appliances,1172,5,5860,Olivia Wilson,Chicago,Gift Card,Pending
SYN000869,2025-02-24,Jeans,Clothing,40,5,200,Emily Johnson,New York,Debit Card,Pending
SYN000870,2025-02-21,T-Shirt,Clothing,20,3,60,Emma Clark,Dallas,Debit Card,Completed
SYN000871,2025-03-10,T-Shirt,Clothing,19,2,38,Daniel Harris,Miami,Debit Card,Cancelled
SYN000872,2025-02-20,Running Shoes,Footwear,57,1,57,Emma Clark,Houston,Credit Card,Pending
SYN000873,2025-02-20,Headphones,Electronics,103,3,309,Michael Brown,New York,Debit Card,Cancelled
SYN000874,2025-02-11,T-Shirt,Clothing,19,3,57,Emma Clark,Dallas,Debit Card,Completed
SYN000875,2025-12-04,Running Shoes,Footwear,58,1,58,David Lee,San Francisco,Credit Card,Pending
SYN000876,2025-03-12,Smartwatch,Electronics,145,2,290,Emma Clark,Dallas,Credit Card,Completed
SYN000877,2025-03-02,Laptop,Electronics,838,4,3352,Daniel Harris,Houston,Gift Card,Pending
SYN000878,2025-02-27,Book,Books,15,5,75,John Doe,Denver,Paypal,Pending
SYN000879,2025-02-21,Running Shoes,Footwear,58,2,116,John Doe,Denver,Amazon Pay,Cancelled
SYN000880,2025-09-26,T-Shirt,Clothing,21,1,21,Olivia Wilson,Miami,Credit Card,Pending
SYN000881,2025-04-02,Book,Books,14,1,14,Michael Brown,Boston,Amazon Pay,Completed
SYN000882,2025-05-05,Headphones,Electronics,103,3,309,Chris White,Miami,Debit Card,Cancelled
SYN000883,2025-06-06,Smartphone,Electronics,542,4,2168,Emma Clark,Houston,Credit Card,Completed
SYN000884,2025-11-05,Headphones,Electronics,105,3,315,Michael Brown,Houston,Debit Card,Cancelled
SYN000885,2025-02-21,Smartphone,Electronics,496,2,992,David Lee,Boston,Paypal,Pending
SYN000886,2025-05-27,Refrigerator,Home Appliances,1231,5,6155,David Lee,Denver,Paypal,Cancelled
SYN000887,2025-10-04,Washing Machine,Home Appliances,585,3,1755,Emily Johnson,Dallas,Gift Card,Cancelled
SYN000888,2025-03-11,Running Shoes,Footwear,54,3,162,Emma Clark,New York,Debit Card,Cancelled
SYN000889,2025-03-21,Refrigerator,Home Appliances,1287,1,1287,Jane Smith,Miami,Paypal,Completed
SYN000890,2025-03-31,Refrigerator,Home Appliances,1073,3,3219,David Lee,Boston,Gift Card,Completed
SYN000891,2025-03-20,Laptop,Electronics,856,3,2568,John Doe,New York,Paypal,Pending
SYN000892,2024-12-30,Smartwatch,Electronics,150,2,300,Daniel Harris,Dallas,Credit Card,Cancelled
SYN000893,2025-04-01,Book,Books,15,6,90,David Lee,Chicago,Amazon Pay,Pending
SYN000894,2025-03-21,Refrigerator,Home Appliances,1257,4,5028,Jane Smith,Dallas,Gift Card,Cancelled
SYN000895,2025-07-01,T-Shirt,Clothing,20,1,20,Daniel Harris,New York,Amazon Pay,Pending
SYN000896,2025-10-06,Headphones,Electronics,107,5,535,John Doe,Houston,Amazon Pay,Completed
SYN000897,2025-06-01,Smartphone,Electronics,521,5,2605,Michael Brown,Houston,Paypal,Completed
SYN000898,2025-03-22,Smartwatch,Electronics,159,1,159,Chris White,Houston,Debit Card,Pending
SYN000899,2025-03-19,Headphones,Electronics,100,2,200,Daniel Harris,Miami,Paypal,Pending
SYN000900,2025-04-03,Headphones,Electronics,111,4,444,Jane Smith,San Francisco,Amazon Pay,Pending
SYN000901,2025-05-29,Washing Machine,Home Appliances,571,2,1142,David Lee,Dallas,Gift Card,Cancelled
SYN000902,2025-03-28,Running Shoes,Footwear,58,3,174,Olivia Wilson,Miami,Amazon Pay,Completed
SYN000903,2025-01-30,T-Shirt,Clothing,20,5,100,Emma Clark,Denver,Paypal,Completed
SYN000904,2025-09-30,T-Shirt,Clothing,22,1,22,Olivia Wilson,Miami,Credit Card,Pending
SYN000905,2025-01-31,T-Shirt,Clothing,20,5,100,Jane Smith,New York,Credit Card,Pending
SYN000906,2025-07-29,Book,Books,14,1,14,Jane Smith,Miami,Amazon Pay,Cancelled
SYN000907,2025-02-21,Running Shoes,Footwear,60,1,60,Emma Clark,Houston,Credit Card,Pending
SYN000908,2025-02-20,Refrigerator,Home Appliances,1157,3,3471,John Doe,Dallas,Debit Card,Completed
SYN000909,2025-02-23,Smartphone,Electronics,492,5,2460,Olivia Wilson,Dallas,Amazon Pay,Pending
SYN000910,2025-04-01,Refrigerator,Home Appliances,1226,5,6130,Olivia Wilson,Chicago,Gift Card,Pending
SYN000911,2025-03-09,Laptop,Electronics,768,3,2304,John Doe,New York,Paypal,Pending
SYN000912,2025-07-30,Running Shoes,Footwear,58,5,290,Jane Smith,Miami,Gift Card,Pending
SYN000913,2025-03-15,Book,Books,15,5,75,David Lee,San Francisco,Debit Card,Pending
SYN000914,2025-04-02,Washing Machine,Home Appliances,601,4,2404,Jane Smith,Los Angeles,Amazon Pay,Pending
SYN000915,2025-01-10,Laptop,Electronics,853,2,1706,Daniel Harris,San Francisco,Gift Card,Pending
SYN000916,2025-02-06,Running Shoes,Footwear,60,1,60,Jane Smith,Houston,Gift Card,Cancelled
SYN000917,2025-12-06,Book,Books,14,5,70,Jane Smith,Dallas,Credit Card,Pending
SYN000918,2025-07-09,Refrigerator,Home Appliances,1097,4,4388,Olivia Wilson,Houston,Credit Card,Pending
SYN000919,2025-10-31,T-Shirt,Clothing,20,5,100,Jane Smith,Denver,Amazon Pay,Completed
SYN000920,2025-02-24,Smartwatch,Electronics,146,4,584,John Doe,Seattle,Credit Card,Completed
SYN000921,2025-02-28,Smartwatch,Electronics,153,5,765,Michael Brown,Boston,Debit Card,Pending
SYN000922,2025-03-11,Refrigerator,Home Appliances,1241,3,3723,Daniel Harris,New York,Credit Card,Pending
SYN000923,2025-07-30,Smartphone,Electronics,518,3,1554,Sophia Miller,Denver,Credit Card,Pending
SYN000924,2025-07-27,Smartphone,Electronics,516,3,1548,Sophia Miller,Denver,Credit Card,Pending
SYN000925,2025-03-09,Running Shoes,Footwear,60,2,120,David Lee,Los Angeles,Debit Card,Cancelled
SYN000926,2025-07-08,Smartphone,Electronics,478,2,956,Olivia Wilson,Chicago,Debit Card,Pending
SYN000927,2025-02-25,Smartphone,Electronics,501,5,2505,Emily Johnson,Miami,Credit Card,Cancelled
SYN000928,2025-11-10,Jeans,Clothing,40,1,40,Sophia Miller,New York,Gift Card,Cancelled
SYN000929,2025-03-01,Laptop,Electronics,862,4,3448,Daniel Harris,Houston,Gift Card,Pending
SYN000930,2025-09-25,Headphones,Electronics,107,5,535,John Doe,Houston,Amazon Pay,Completed
SYN000931,2025-09-06,Smartphone,Electronics,470,2,940,Olivia Wilson,Chicago,Credit Card,Completed
SYN000932,2025-02-26,Laptop,Electronics,794,1,794,Emily Johnson,New York,Amazon Pay,Pending
SYN000933,2025-04-05,Laptop,Electronics,781,1,781,Michael Brown,Los Angeles,Credit Card,Cancelled
SYN000934,2025-04-03,Laptop,Electronics,829,1,829,Michael Brown,Los Angeles,Credit Card,Cancelled
SYN000935,2025-03-26,Smartwatch,Electronics,143,5,715,Daniel Harris,Houston,Amazon Pay,Completed
SYN000936,2025-09-01,Smartwatch,Electronics,152,1,152,John Doe,Denver,Gift Card,Pending
SYN000937,2025-03-20,Running Shoes,Footwear,61,3,183,Michael Brown,New York,Gift Card,Pending
SYN000938,2025-03-30,Refrigerator,Home Appliances,1213,5,6065,Olivia Wilson,Chicago,Gift Card,Pending
SYN000939,2025-03-03,Running Shoes,Footwear,56,2,112,David Lee,Los Angeles,Debit Card,Cancelled
SYN000940,2025-03-17,Smartwatch,Electronics,161,2,322,Emma Clark,Dallas,Credit Card,Completed
SYN000941,2025-02-18,Refrigerator,Home Appliances,1289,4,5156,David Lee,Boston,Gift Card,Pending
SYN000942,2025-03-06,Jeans,Clothing,40,4,160,Michael Brown,Dallas,Credit Card,Completed
SYN000943,2025-03-15,Headphones,Electronics,99,3,297,Jane Smith,Chicago,Amazon Pay,Cancelled
SYN000944,2025-03-11,Running Shoes,Footwear,62,3,186,Emma Clark,New York,Debit Card,Cancelled
SYN000945,2025-03-17,Laptop,Electronics,759,5,3795,Michael Brown,Miami,Debit Card,Pending
SYN000946,2025-08-27,Refrigerator,Home Appliances,1118,2,2236,Sophia Miller,Boston,Paypal,Cancelled
SYN000947,2025-02-20,Smartphone,Electronics,548,2,1096,Daniel Harris,Miami,Credit Card,Cancelled
SYN000948,2025-03-20,Jeans,Clothing,40,5,200,David Lee,New York,Debit Card,Cancelled
SYN000949,2025-08-05,Smartwatch,Electronics,158,3,474,Emily Johnson,New York,Debit Card,Cancelled
SYN000950,2025-03-01,Smartphone,Electronics,476,2,952,David Lee,Boston,Paypal,Pending
SYN000951,2025-04-29,Smartphone,Electronics,500,5,2500,John Doe,Boston,Paypal,Completed
SYN000952,2025-02-23,T-Shirt,Clothing,19,1,19,Daniel Harris,New York,Credit Card,Completed
SYN000953,2025-03-15,Running Shoes,Footwear,62,5,310,Emma Clark,Miami,Debit Card,Completed
SYN000954,2025-07-04,T-Shirt,Clothing,19,1,19,Daniel Harris,New York,Amazon Pay,Pending
SYN000955,2025-01-29,Headphones,Electronics,100,5,500,Emma Clark,Miami,Amazon Pay,Cancelled
SYN000956,2025-08-01,Running Shoes,Footwear,57,5,285,Jane Smith,Miami,Gift Card,Pending
SYN000957,2025-03-01,Washing Machine,Home Appliances,580,4,2320,Emma Clark,Houston,Gift Card,Cancelled
SYN000958,2025-03-06,T-Shirt,Clothing,20,1,20,Daniel Harris,New York,Credit Card,Completed
SYN000959,2025-02-11,T-Shirt,Clothing,19,5,95,Olivia Wilson,Boston,Paypal,Completed
SYN000960,2025-02-04,Smartphone,Electronics,503,1,503,Sophia Miller,Miami,Paypal,Completed
SYN000961,2025-03-09,Jeans,Clothing,38,4,152,Michael Brown,Dallas,Credit Card,Completed
SYN000962,2025-02-11,Smartwatch,Electronics,144,4,576,Chris White,New York,Debit Card,Cancelled
SYN000963,2025-03-21,Smartwatch,Electronics,153,3,459,David Lee,Boston,Gift Card,Pending
SYN000964,2025-09-30,T-Shirt,Clothing,20,1,20,Olivia Wilson,Miami,Credit Card,Pending
SYN000965,2025-02-24,Smartphone,Electronics,482,4,1928,Emma Clark,Chicago,Debit Card,Completed
SYN000966,2025-02-21,Laptop,Electronics,745,3,2235,John Doe,San Francisco,Credit Card,Pending
SYN000967,2025-03-04,Refrigerator,Home Appliances,1218,1,1218,Olivia Wilson,Seattle,Paypal,Completed
SYN000968,2025-09-29,Laptop,Electronics,807,3,2421,Jane Smith,Houston,Amazon Pay,Completed
SYN000969,2025-02-24,Running Shoes,Footwear,60,4,240,Sophia Miller,San Francisco,Debit Card,Pending
SYN000970,2025-02-27,Washing Machine,Home Appliances,578,2,1156,Emily Johnson,Chicago,Gift Card,Cancelled
SYN000971,2025-03-14,Smartwatch,Electronics,143,2,286,Michael Brown,Denver,Paypal,Pending
SYN000972,2025-04-01,Running Shoes,Footwear,63,5,315,Emma Clark,Los Angeles,Credit Card,Cancelled
SYN000973,2025-03-21,Washing Machine,Home Appliances,590,1,590,Emma Clark,Seattle,Debit Card,Pending
SYN000974,2025-03-10,Jeans,Clothing,42,4,168,Michael Brown,Dallas,Credit Card,Completed
SYN000975,2025-09-03,Smartwatch,Electronics,153,1,153,John Doe,Denver,Gift Card,Pending
SYN000976,2025-03-15,Running Shoes,Footwear,63,3,189,Olivia Wilson,Houston,Credit Card,Completed
SYN000977,2025-10-02,Headphones,Electronics,99,5,495,John Doe,Houston,Amazon Pay,Completed
SYN000978,2025-02-03,Washing Machine,Home Appliances,585,4,2340,Michael Brown,New York,Paypal,Completed
SYN000979,2025-01-10,Laptop,Electronics,760,2,1520,Daniel Harris,San Francisco,Gift Card,Pending
SYN000980,2025-02-01,Refrigerator,Home Appliances,1148,3,3444,John Doe,Miami,Paypal,Completed
SYN000981,2025-02-18,T-Shirt,Clothing,20,3,60,Emma Clark,Dallas,Debit Card,Completed
SYN000982,2025-03-13,Book,Books,14,5,70,David Lee,San Francisco,Debit Card,Pending
SYN000983,2025-06-27,Refrigerator,Home Appliances,1163,4,4652,Olivia Wilson,Houston,Credit Card,Pending
SYN000984,2025-09-26,Laptop,Electronics,823,5,4115,Olivia Wilson,San Francisco,Paypal,Completed
SYN000985,2025-09-08,T-Shirt,Clothing,21,4,84,Emma Clark,Houston,Debit Card,Completed
SYN000986,2025-03-25,Smartwatch,Electronics,154,1,154,Emily Johnson,Seattle,Gift Card,Pending
SYN000987,2025-02-11,Headphones,Electronics,99,5,495,Emma Clark,Miami,Amazon Pay,Cancelled
SYN000988,2025-03-15,Jeans,Clothing,43,2,86,Sophia Miller,Dallas,Paypal,Completed
SYN000989,2025-07-27,Smartphone,Electronics,475,3,1425,Sophia Miller,Denver,Credit Card,Pending
SYN000990,2025-03-22,Laptop,Electronics,792,3,2376,Jane Smith,New York,Paypal,Completed
SYN000991,2025-03-04,Jeans,Clothing,43,2,86,Michael Brown,Los Angeles,Gift Card,Cancelled
SYN000992,2025-02-10,Headphones,Electronics,98,5,490,Emma Clark,Miami,Amazon Pay,Cancelled
SYN000993,2025-02-13,Book,Books,16,5,80,John Doe,Denver,Paypal,Pending
SYN000994,2025-03-12,T-Shirt,Clothing,19,2,38,Daniel Harris,Miami,Debit Card,Cancelled
SYN000995,2025-02-13,Refrigerator,Home Appliances,1089,4,4356,Emily Johnson,Denver,Paypal,Pending
SYN000996,2025-03-10,Smartphone,Electronics,519,1,519,Jane Smith,Los Angeles,Debit Card,Cancelled
SYN000997,2025-04-01,Jeans,Clothing,39,2,78,Chris White,Chicago,Credit Card,Completed
SYN000998,2025-07-10,Laptop,Electronics,824,3,2472,Daniel Harris,Houston,Credit Card,Pending
SYN000999,2025-02-28,Laptop,Electronics,719,4,2876,Daniel Harris,Houston,Gift Card,Pending
SYN001000,2025-05-28,Washing Machine,Home Appliances,615,2,1230,David Lee,Dallas,Gift Card,Cancelled
SYN001001,2025-04-07,Refrigerator,Home Appliances,1236,2,2472,Jane Smith,Dallas,Paypal,Cancelled
SYN001002,2025-03-27,Refrigerator,Home Appliances,1244,3,3732,Jane Smith,Dallas,Gift Card,Cancelled
SYN001003,2025-03-23,Laptop,Electronics,787,2,1574,Michael Brown,Denver,Paypal,Cancelled
SYN001004,2025-02-28,Laptop,Electronics,841,3,2523,John Doe,San Francisco,Credit Card,Pending
SYN001005,2025-03-01,Washing Machine,Home Appliances,554,1,554,Jane Smith,Dallas,Amazon Pay,Completed
SYN001006,2025-02-24,Running Shoes,Footwear,62,1,62,Emma Clark,Houston,Credit Card,Pending
SYN001007,2025-05-02,Refrigerator,Home Appliances,1217,4,4868,Sophia Miller,Seattle,Credit Card,Pending
SYN001008,2025-11-05,Smartwatch,Electronics,149,5,745,John Doe,Los Angeles,Credit Card,Cancelled
SYN001009,2025-03-28,Headphones,Electronics,102,3,306,Chris White,New York,Debit Card,Pending
SYN001010,2025-11-26,Book,Books,16,5,80,Jane Smith,Dallas,Credit Card,Pending
SYN001011,2025-03-26,Smartphone,Electronics,473,1,473,John Doe,Houston,Gift Card,Pending
SYN001012,2025-03-06,Book,Books,14,4,56,Michael Brown,San Francisco,Credit Card,Completed
SYN001013,2025-02-09,Washing Machine,Home Appliances,572,1,572,Olivia Wilson,Boston,Debit Card,Cancelled
SYN001014,2025-02-13,Book,Books,15,1,15,John Doe,Boston,Amazon Pay,Completed
SYN001015,2025-02-09,Refrigerator,Home Appliances,1221,4,4884,Emily Johnson,Denver,Paypal,Pending
SYN001016,2025-02-27,Smartphone,Electronics,505,5,2525,Emily Johnson,Miami,Credit Card,Cancelled
SYN001017,2025-10-05,Laptop,Electronics,745,3,2235,Jane Smith,Houston,Amazon Pay,Completed
SYN001018,2025-03-24,Headphones,Electronics,98,4,392,Emily Johnson,San Francisco,Debit Card,Pending
SYN001019,2025-11-03,Smartwatch,Electronics,153,5,765,John Doe,Los Angeles,Credit Card,Cancelled
SYN001020,2025-02-24,Smartphone,Electronics,501,5,2505,Olivia Wilson,Dallas,Amazon Pay,Pending
SYN001021,2024-12-28,Laptop,Electronics,831,2,1662,Daniel Harris,San Francisco,Gift Card,Pending
SYN001022,2025-02-21,Washing Machine,Home Appliances,600,5,3000,Michael Brown,Seattle,Debit Card,Completed
SYN001023,2025-09-27,Book,Books,15,1,15,Emily Johnson,Boston,Credit Card,Completed
SYN001024,2025-08-07,Smartwatch,Electronics,147,3,441,Emily Johnson,New York,Debit Card,Cancelled
SYN001025,2025-08-01,Smartwatch,Electronics,135,2,270,Michael Brown,Seattle,Debit Card,Cancelled
SYN001026,2025-01-07,Smartwatch,Electronics,157,2,314,Daniel Harris,Dallas,Credit Card,Cancelled
SYN001027,2025-02-21,Book,Books,15,5,75,Daniel Harris,Miami,Debit Card,Pending
SYN001028,2025-03-22,Smartwatch,Electronics,153,2,306,Olivia Wilson,Miami,Debit Card,Completed
SYN001029,2025-02-16,Smartphone,Electronics,506,5,2530,Emily Johnson,Miami,Credit Card,Cancelled
SYN001030,2025-03-01,Running Shoes,Footwear,55,1,55,Sophia Miller,Houston,Paypal,Completed
SYN001031,2025-02-12,Laptop,Electronics,822,5,4110,Jane Smith,Boston,Credit Card,Cancelled
SYN001032,2025-01-05,T-Shirt,Clothing,21,1,21,Emma Clark,New York,Amazon Pay,Completed
SYN001033,2025-09-06,Running Shoes,Footwear,63,2,126,Emily Johnson,Denver,Gift Card,Cancelled
SYN001034,2025-02-10,T-Shirt,Clothing,20,5,100,Olivia Wilson,Boston,Paypal,Completed
SYN001035,2025-04-02,Smartwatch,Electronics,158,3,474,Jane Smith,New York,Amazon Pay,Completed
SYN001036,2025-02-20,Book,Books,16,3,48,Chris White,Boston,Gift Card,Cancelled
SYN001037,2025-07-28,Book,Books,15,4,60,Daniel Harris,Chicago,Gift Card,Cancelled
SYN001038,2025-09-07,Refrigerator,Home Appliances,1134,2,2268,Sophia Miller,Boston,Paypal,Cancelled
SYN001039,2025-02-20,Running Shoes,Footwear,58,3,174,Olivia Wilson,Dallas,Credit Card,Pending
SYN001040,2025-09-30,Smartwatch,Electronics,151,5,755,David Lee,Boston,Paypal,Completed
SYN001041,2025-03-27,Jeans,Clothing,43,5,215,Daniel Harris,Seattle,Credit Card,Cancelled
SYN001042,2025-02-13,Running Shoes,Footwear,57,2,114,Chris White,Houston,Paypal,Completed
SYN001043,2025-01-28,Refrigerator,Home Appliances,1171,3,3513,John Doe,Miami,Paypal,Completed
SYN001044,2025-11-02,Jeans,Clothing,43,1,43,Sophia Miller,New York,Gift Card,Cancelled
SYN001045,2025-03-21,Smartwatch,Electronics,146,1,146,Emily Johnson,Seattle,Gift Card,Pending
SYN001046,2025-02-20,Jeans,Clothing,38,2,76,Daniel Harris,Chicago,Credit Card,Pending
SYN001047,2025-02-09,Laptop,Electronics,790,3,2370,Emma Clark,Denver,Amazon Pay,Completed
SYN001048,2025-03-29,Running Shoes,Footwear,59,4,236,Emily Johnson,Los Angeles,Paypal,Completed
SYN001049,2025-03-28,Refrigerator,Home Appliances,1165,1,1165,Daniel Harris,Dallas,Paypal,Completed
SYN001050,2025-03-25,Smartwatch,Electronics,155,2,310,Emily Johnson,Dallas,Paypal,Cancelled
SYN001051,2025-12-07,Running Shoes,Footwear,60,2,120,Michael Brown,Denver,Gift Card,Completed
SYN001052,2025-07-30,Smartwatch,Electronics,156,3,468,Emily Johnson,New York,Debit Card,Cancelled
SYN001053,2025-11-07,Refrigerator,Home Appliances,1162,1,1162,Jane Smith,New York,Paypal,Cancelled
SYN001054,2025-02-10,T-Shirt,Clothing,21,5,105,Jane Smith,New York,Credit Card,Pending
SYN001055,2025-12-08,Book,Books,15,5,75,Jane Smith,Dallas,Credit Card,Pending
SYN001056,2025-02-16,Washing Machine,Home Appliances,658,5,3290,Michael Brown,Seattle,Debit Card,Completed
SYN001057,2025-03-18,Smartwatch,Electronics,157,4,628,Olivia Wilson,Miami,Paypal,Cancelled
SYN001058,2025-02-07,T-Shirt,Clothing,20,5,100,Jane Smith,New York,Credit Card,Pending
SYN001059,2025-03-30,Smartwatch,Electronics,151,2,302,Emily Johnson,Dallas,Paypal,Cancelled
SYN001060,2025-03-17,Refrigerator,Home Appliances,1248,1,1248,Daniel Harris,Dallas,Paypal,Completed
SYN001061,2025-03-02,Laptop,Electronics,804,3,2412,Chris White,Miami,Debit Card,Pending
SYN001062,2025-03-19,Smartwatch,Electronics,152,4,608,Emma Clark,Houston,Paypal,Completed
SYN001063,2025-02-21,Smartwatch,Electronics,147,5,735,Sophia Miller,San Francisco,Paypal,Pending
SYN001064,2025-04-02,Refrigerator,Home Appliances,1231,5,6155,Olivia Wilson,Chicago,Gift Card,Pending
SYN001065,2025-02-16,Running Shoes,Footwear,62,4,248,Sophia Miller,San Francisco,Debit Card,Pending
SYN001066,2025-03-13,T-Shirt,Clothing,20,2,40,Daniel Harris,Miami,Debit Card,Cancelled
SYN001067,2025-04-03,Refrigerator,Home Appliances,1218,2,2436,Jane Smith,Dallas,Paypal,Cancelled
SYN001068,2025-03-20,Headphones,Electronics,108,3,324,Jane Smith,Chicago,Amazon Pay,Cancelled
SYN001069,2025-05-03,Running Shoes,Footwear,58,4,232,Chris White,Chicago,Amazon Pay,Completed
SYN001070,2025-02-06,Refrigerator,Home Appliances,1158,3,3474,John Doe,Miami,Paypal,Completed
SYN001071,2025-10-03,Book,Books,14,1,14,Emma Clark,Seattle,Gift Card,Pending
SYN001072,2025-03-02,Headphones,Electronics,94,3,282,Michael Brown,Chicago,Paypal,Cancelled
SYN001073,2025-02-09,Headphones,Electronics,97,4,388,Daniel Harris,New York,Gift Card,Cancelled
SYN001074,2025-03-26,Headphones,Electronics,102,3,306,Chris White,New York,Debit Card,Pending
SYN001075,2025-05-01,Refrigerator,Home Appliances,1061,4,4244,Sophia Miller,Seattle,Credit Card,Pending
SYN001076,2025-02-27,Running Shoes,Footwear,59,2,118,David Lee,Los Angeles,Debit Card,Cancelled
SYN001077,2025-03-11,Smartphone,Electronics,520,1,520,David Lee,Miami,Gift Card,Pending
SYN001078,2025-02-18,Smartphone,Electronics,541,2,1082,Daniel Harris,Miami,Credit Card,Cancelled
SYN001079,2025-02-11,Washing Machine,Home Appliances,563,5,2815,Michael Brown,Seattle,Debit Card,Completed
SYN001080,2025-03-08,Smartwatch,Electronics,151,3,453,David Lee,Boston,Gift Card,Pending
SYN001081,2025-03-02,Headphones,Electronics,101,3,303,Michael Brown,Chicago,Paypal,Cancelled
SYN001082,2025-03-27,Headphones,Electronics,107,3,321,Sophia Miller,Dallas,Gift Card,Pending
SYN001083,2025-06-08,Refrigerator,Home Appliances,1235,2,2470,Chris White,Seattle,Debit Card,Pending
SYN001084,2025-03-22,Book,Books,14,5,70,David Lee,San Francisco,Debit Card,Pending
SYN001085,2025-02-06,Washing Machine,Home Appliances,657,4,2628,Michael Brown,New York,Paypal,Completed
SYN001086,2025-05-30,Refrigerator,Home Appliances,1138,2,2276,John Doe,Denver,Paypal,Completed
SYN001087,2025-03-29,Headphones,Electronics,89,3,267,Chris White,New York,Debit Card,Pending
SYN001088,2025-11-28,Book,Books,15,1,15,David Lee,Miami,Debit Card,Cancelled
SYN001089,2025-08-27,Running Shoes,Footwear,59,2,118,Emily Johnson,Denver,Gift Card,Cancelled
SYN001090,2025-03-17,Smartphone,Electronics,522,2,1044,Olivia Wilson,Boston,Paypal,Cancelled
SYN001091,2025-03-11,Laptop,Electronics,804,2,1608,Michael Brown,Denver,Paypal,Cancelled
SYN001092,2025-02-17,Book,Books,15,1,15,John Doe,Boston,Amazon Pay,Completed
SYN001093,2025-02-01,Laptop,Electronics,829,2,1658,Olivia Wilson,San Francisco,Paypal,Completed
SYN001094,2025-03-14,T-Shirt,Clothing,20,1,20,John Doe,Dallas,Credit Card,Pending
SYN001095,2025-02-15,Headphones,Electronics,95,1,95,Emily Johnson,Los Angeles,Credit Card,Completed
SYN001096,2025-03-14,Smartwatch,Electronics,155,4,620,Emma Clark,Houston,Paypal,Completed
SYN001097,2025-03-06,Jeans,Clothing,40,4,160,Michael Brown,Dallas,Credit Card,Completed
SYN001098,2025-03-16,Smartphone,Electronics,500,1,500,Jane Smith,Chicago,Paypal,Cancelled
SYN001099,2025-02-08,T-Shirt,Clothing,22,5,110,Olivia Wilson,Boston,Paypal,Completed
SYN001100,2025-03-06,Smartphone,Electronics,522,1,522,David Lee,Miami,Gift Card,Pending
SYN001101,2025-03-29,Running Shoes,Footwear,56,5,280,Emma Clark,Los Angeles,Credit Card,Cancelled
SYN001102,2025-03-12,Jeans,Clothing,42,5,210,Michael Brown,New York,Paypal,Completed
SYN001103,2025-03-28,Running Shoes,Footwear,63,3,189,Emma Clark,San Francisco,Credit Card,Pending
SYN001104,2025-03-19,Smartwatch,Electronics,156,2,312,Emma Clark,Dallas,Credit Card,Completed
SYN001105,2025-05-29,Washing Machine,Home Appliances,640,2,1280,David Lee,Dallas,Gift Card,Cancelled
SYN001106,2025-03-12,Smartphone,Electronics,493,2,986,Olivia Wilson,Boston,Paypal,Cancelled
SYN001107,2025-06-06,Running Shoes,Footwear,56,2,112,David Lee,Houston,Debit Card,Cancelled
SYN001108,2025-06-06,Smartphone,Electronics,518,5,2590,Michael Brown,Houston,Paypal,Completed
SYN001109,2025-02-25,Smartphone,Electronics,478,2,956,Daniel Harris,Miami,Credit Card,Cancelled
SYN001110,2025-03-15,Jeans,Clothing,41,1,41,Jane Smith,Boston,Debit Card,Pending
SYN001111,2025-02-14,Running Shoes,Footwear,56,2,112,John Doe,Denver,Amazon Pay,Cancelled
SYN001112,2025-03-18,Running Shoes,Footwear,63,3,189,Emma Clark,San Francisco,Credit Card,Pending
SYN001113,2025-03-21,Smartwatch,Electronics,138,3,414,Sophia Miller,San Francisco,Debit Card,Completed
SYN001114,2025-12-06,Washing Machine,Home Appliances,659,5,3295,Emma Clark,Miami,Amazon Pay,Pending
SYN001115,2025-03-31,Book,Books,16,1,16,Michael Brown,Boston,Amazon Pay,Completed
SYN001116,2025-03-21,Smartphone,Electronics,494,2,988,Chris White,Chicago,Paypal,Pending
SYN001117,2025-02-19,Book,Books,14,2,28,David Lee,Boston,Amazon Pay,Pending
SYN001118,2025-04-27,Smartphone,Electronics,500,5,2500,John Doe,Boston,Paypal,Completed
SYN001119,2025-03-15,Jeans,Clothing,40,1,40,Jane Smith,Boston,Debit Card,Pending
SYN001120,2025-03-17,Smartwatch,Electronics,157,1,157,Chris White,Houston,Debit Card,Pending
SYN001121,2025-02-21,Jeans,Clothing,39,5,195,Emily Johnson,New York,Debit Card,Pending
SYN001122,2025-06-08,Washing Machine,Home Appliances,637,3,1911,Olivia Wilson,Denver,Gift Card,Cancelled
SYN001123,2025-03-01,Laptop,Electronics,790,1,790,Emma Clark,San Francisco,Gift Card,Pending
SYN001124,2025-03-30,Jeans,Clothing,41,2,82,Chris White,Chicago,Credit Card,Completed
SYN001125,2025-03-29,Refrigerator,Home Appliances,1146,3,3438,David Lee,Boston,Gift Card,Completed
SYN001126,2025-04-30,Headphones,Electronics,101,3,303,Chris White,Miami,Debit Card,Cancelled
SYN001127,2025-11-09,Refrigerator,Home Appliances,1318,1,1318,Jane Smith,New York,Paypal,Cancelled
SYN001128,2025-06-08,Laptop,Electronics,765,1,765,Jane Smith,Los Angeles,Amazon Pay,Cancelled
SYN001129,2025-05-30,Running Shoes,Footwear,61,2,122,David Lee,Houston,Debit Card,Cancelled
SYN001130,2025-04-26,Running Shoes,Footwear,60,2,120,Chris White,Houston,Amazon Pay,Completed
SYN001131,2025-04-07,Laptop,Electronics,822,1,822,Michael Brown,Los Angeles,Credit Card,Cancelled
SYN001132,2025-03-26,Headphones,Electronics,100,4,400,Jane Smith,San Francisco,Amazon Pay,Pending
SYN001133,2025-03-05,Jeans,Clothing,42,4,168,John Doe,Seattle,Amazon Pay,Pending
SYN001134,2025-07-06,Running Shoes,Footwear,55,1,55,Emma Clark,Houston,Paypal,Completed
SYN001135,2025-02-22,Jeans,Clothing,42,2,84,Michael Brown,Los Angeles,Gift Card,Cancelled
SYN001136,2025-02-11,Book,Books,14,5,70,Daniel Harris,Miami,Debit Card,Pending
SYN001137,2025-02-25,Smartphone,Electronics,516,5,2580,Olivia Wilson,Dallas,Amazon Pay,Pending
SYN001138,2025-02-18,Washing Machine,Home Appliances,595,2,1190,Chris White,Seattle,Paypal,Cancelled
SYN001139,2025-07-04,T-Shirt,Clothing,20,1,20,Daniel Harris,New York,Amazon Pay,Pending
SYN001140,2025-02-22,Headphones,Electronics,89,1,89,Emily Johnson,Los Angeles,Credit Card,Completed
SYN001141,2025-01-30,T-Shirt,Clothing,19,5,95,Emma Clark,Denver,Paypal,Completed
SYN001142,2025-02-26,Laptop,Electronics,812,3,2436,Chris White,Miami,Debit Card,Pending
SYN001143,2025-02-14,Book,Books,16,2,32,David Lee,Boston,Amazon Pay,Pending
SYN001144,2025-06-07,Refrigerator,Home Appliances,1164,2,2328,Chris White,Seattle,Debit Card,Pending
SYN001145,2025-10-06,Laptop,Electronics,739,3,2217,Jane Smith,Houston,Amazon Pay,Completed
SYN001146,2025-03-18,Book,Books,16,5,80,Olivia Wilson,Chicago,Amazon Pay,Pending
SYN001147,2025-03-01,Headphones,Electronics,98,1,98,Emily Johnson,Los Angeles,Credit Card,Completed
SYN001148,2025-11-25,Running Shoes,Footwear,61,1,61,David Lee,San Francisco,Credit Card,Pending
SYN001149,2025-03-17,Smartwatch,Electronics,153,2,306,Emily Johnson,Dallas,Paypal,Cancelled
SYN001150,2025-03-12,Smartphone,Electronics,518,2,1036,Olivia Wilson,Boston,Paypal,Cancelled
SYN001151,2025-11-28,Book,Books,14,1,14,David Lee,Miami,Debit Card,Cancelled
SYN001152,2025-09-28,Headphones,Electronics,100,5,500,John Doe,Houston,Amazon Pay,Completed
SYN001153,2025-09-30,Smartwatch,Electronics,145,5,725,David Lee,Boston,Paypal,Completed
SYN001154,2025-03-21,Headphones,Electronics,103,3,309,Jane Smith,Chicago,Amazon Pay,Cancelled
SYN001155,2025-03-29,Book,Books,15,5,75,David Lee,Chicago,Amazon Pay,Pending
SYN001156,2025-03-10,Running Shoes,Footwear,58,5,290,Emma Clark,Miami,Debit Card,Completed
SYN001157,2025-12-02,Washing Machine,Home Appliances,624,5,3120,Emma Clark,Miami,Amazon Pay,Pending
SYN001158,2025-08-02,Smartphone,Electronics,513,4,2052,Chris White,Boston,Gift Card,Pending
SYN001159,2025-02-16,Running Shoes,Footwear,56,3,168,Olivia Wilson,Dallas,Credit Card,Pending
SYN001160,2025-11-09,Refrigerator,Home Appliances,1070,2,2140,Daniel Harris,San Francisco,Paypal,Cancelled
SYN001161,2025-03-26,Refrigerator,Home Appliances,1240,4,4960,Jane Smith,Dallas,Gift Card,Cancelled
SYN001162,2025-02-11,Smartphone,Electronics,483,1,483,John Doe,Dallas,Gift Card,Pending
SYN001163,2025-02-21,Laptop,Electronics,819,4,3276,Jane Smith,Seattle,Amazon Pay,Pending
SYN001164,2025-05-03,Running Shoes,Footwear,59,5,295,Jane Smith,Dallas,Paypal,Pending
SYN001165,2025-03-02,Headphones,Electronics,95,1,95,David Lee,Houston,Debit Card,Cancelled
SYN001166,2025-03-20,Book,Books,16,1,16,Michael Brown,Boston,Amazon Pay,Completed
SYN001167,2025-02-26,T-Shirt,Clothing,19,1,19,Daniel Harris,New York,Credit Card,Completed
SYN001168,2025-03-16,T-Shirt,Clothing,20,1,20,Chris White,Dallas,Debit Card,Completed
SYN001169,2025-02-20,Jeans,Clothing,40,5,200,Jane Smith,Dallas,Debit Card,Pending
SYN001170,2025-02-11,T-Shirt,Clothing,19,3,57,Emma Clark,Dallas,Debit Card,Completed
SYN001171,2025-03-11,T-Shirt,Clothing,20,1,20,John Doe,Dallas,Credit Card,Pending
SYN001172,2025-02-16,Running Shoes,Footwear,64,1,64,Sophia Miller,Houston,Paypal,Completed
SYN001173,2025-03-17,Smartwatch,Electronics,141,2,282,Michael Brown,Denver,Paypal,Pending
SYN001174,2025-03-26,Jeans,Clothing,42,5,210,David Lee,New York,Debit Card,Cancelled
SYN001175,2025-04-08,Refrigerator,Home Appliances,1212,3,3636,David Lee,Boston,Gift Card,Completed
SYN001176,2025-03-13,Headphones,Electronics,95,1,95,Olivia Wilson,Denver,Paypal,Completed
SYN001177,2025-04-01,Book,Books,15,1,15,Michael Brown,Boston,Amazon Pay,Completed
SYN001178,2025-03-20,Smartwatch,Electronics,152,3,456,David Lee,Boston,Gift Card,Pending
SYN001179,2025-11-03,Refrigerator,Home Appliances,1155,2,2310,Daniel Harris,San Francisco,Paypal,Cancelled
SYN001180,2025-06-01,Refrigerator,Home Appliances,1256,2,2512,Chris White,Seattle,Debit Card,Pending
SYN001181,2025-02-15,Smartwatch,Electronics,147,5,735,Emily Johnson,Houston,Debit Card,Completed
SYN001182,2025-03-09,Smartwatch,Electronics,145,3,435,David Lee,Boston,Gift Card,Pending
SYN001183,2025-08-01,Smartwatch,Electronics,143,2,286,Michael Brown,Seattle,Debit Card,Cancelled
SYN001184,2025-03-28,Washing Machine,Home Appliances,618,1,618,John Doe,Miami,Credit Card,Completed
SYN001185,2025-04-01,Smartphone,Electronics,499,5,2495,Emma Clark,Miami,Gift Card,Completed
SYN001186,2025-03-04,Refrigerator,Home Appliances,1249,1,1249,Olivia Wilson,Seattle,Paypal,Completed
SYN001187,2025-03-23,Smartwatch,Electronics,151,3,453,Sophia Miller,San Francisco,Debit Card,Completed
SYN001188,2025-11-01,Jeans,Clothing,44,1,44,Sophia Miller,New York,Gift Card,Cancelled
SYN001189,2025-03-24,Headphones,Electronics,95,3,285,Jane Smith,Chicago,Amazon Pay,Cancelled
SYN001190,2025-03-31,Jeans,Clothing,39,2,78,David Lee,Denver,Amazon Pay,Cancelled
SYN001191,2025-03-24,Smartwatch,Electronics,150,1,150,Emily Johnson,Seattle,Gift Card,Pending
SYN001192,2025-03-23,Running Shoes,Footwear,59,2,118,Emma Clark,Boston,Gift Card,Pending
SYN001193,2025-03-16,Laptop,Electronics,782,3,2346,Jane Smith,New York,Paypal,Completed
SYN001194,2025-08-08,Book,Books,16,4,64,Daniel Harris,Chicago,Gift Card,Cancelled
SYN001195,2025-04-05,Washing Machine,Home Appliances,558,3,1674,Michael Brown,Miami,Credit Card,Cancelled
SYN001196,2025-03-24,Smartwatch,Electronics,149,1,149,Emily Johnson,Seattle,Gift Card,Pending
SYN001197,2025-05-31,Refrigerator,Home Appliances,1147,5,5735,David Lee,Denver,Paypal,Cancelled
SYN001198,2025-02-19,Headphones,Electronics,98,1,98,Emily Johnson,Los Angeles,Credit Card,Completed
SYN001199,2025-02-28,Washing Machine,Home Appliances,606,4,2424,Emma Clark,Houston,Gift Card,Cancelled
SYN001200,2025-03-01,Book,Books,16,4,64,Michael Brown,San Francisco,Credit Card,Completed
SYN001201,2025-01-02,Headphones,Electronics,103,2,206,John Doe,Denver,Debit Card,Completed
SYN001202,2025-03-17,Smartwatch,Electronics,157,1,157,Chris White,Houston,Debit Card,Pending
SYN001203,2025-02-16,Smartphone,Electronics,523,2,1046,Daniel Harris,Miami,Credit Card,Cancelled
SYN001204,2025-03-18,Smartwatch,Electronics,142,2,284,Emma Clark,Boston,Debit Card,Completed
SYN001205,2025-02-18,Running Shoes,Footwear,59,1,59,Emma Clark,Houston,Credit Card,Pending
SYN001206,2025-06-09,Refrigerator,Home Appliances,1197,2,2394,Chris White,Seattle,Debit Card,Pending
SYN001207,2025-02-19,Running Shoes,Footwear,64,2,128,John Doe,Denver,Amazon Pay,Cancelled
SYN001208,2025-03-02,Book,Books,15,3,45,Chris White,Boston,Gift Card,Cancelled
SYN001209,2025-05-06,Running Shoes,Footwear,60,2,120,Chris White,Houston,Amazon Pay,Completed
SYN001210,2025-03-26,Laptop,Electronics,750,3,2250,Jane Smith,New York,Paypal,Completed
SYN001211,2025-09-29,Book,Books,14,2,28,Chris White,Los Angeles,Debit Card,Completed
SYN001212,2025-04-02,Headphones,Electronics,96,3,288,Sophia Miller,Dallas,Gift Card,Pending
SYN001213,2025-02-12,Smartphone,Electronics,486,4,1944,Emma Clark,Chicago,Debit Card,Completed
SYN001214,2025-03-28,Smartphone,Electronics,486,2,972,John Doe,Miami,Paypal,Completed
SYN001215,2025-03-14,Jeans,Clothing,42,5,210,Michael Brown,New York,Paypal,Completed
SYN001216,2025-06-08,Smartphone,Electronics,538,4,2152,Emma Clark,Houston,Credit Card,Completed
SYN001217,2025-03-16,Refrigerator,Home Appliances,1174,3,3522,Daniel Harris,New York,Credit Card,Pending
SYN001218,2025-03-18,Smartwatch,Electronics,147,1,147,Chris White,Houston,Debit Card,Pending
SYN001219,2025-06-06,Refrigerator,Home Appliances,1140,2,2280,John Doe,Denver,Paypal,Completed
SYN001220,2025-02-22,Book,Books,15,1,15,Jane Smith,Miami,Credit Card,Cancelled
SYN001221,2025-12-03,Smartphone,Electronics,476,1,476,Sophia Miller,Denver,Credit Card,Cancelled
SYN001222,2025-09-07,Smartphone,Electronics,531,2,1062,Olivia Wilson,Chicago,Credit Card,Completed
SYN001223,2025-03-21,Smartwatch,Electronics,148,2,296,Olivia Wilson,Miami,Debit Card,Completed
SYN001224,2025-02-23,Washing Machine,Home Appliances,642,5,3210,Michael Brown,Seattle,Debit Card,Completed
SYN001225,2025-05-31,Washing Machine,Home Appliances,597,2,1194,David Lee,Dallas,Gift Card,Cancelled
SYN001226,2025-02-20,Running Shoes,Footwear,57,4,228,Sophia Miller,San Francisco,Debit Card,Pending
SYN001227,2025-02-18,Running Shoes,Footwear,60,3,180,Olivia Wilson,Dallas,Credit Card,Pending
SYN001228,2025-10-08,Book,Books,15,2,30,Chris White,Los Angeles,Debit Card,Completed
SYN001229,2025-02-14,Book,Books,14,5,70,Daniel Harris,Miami,Debit Card,Pending
SYN001230,2025-04-30,Running Shoes,Footwear,59,2,118,Chris White,Houston,Amazon Pay,Completed
SYN001231,2025-11-03,Smartwatch,Electronics,151,5,755,John Doe,Los Angeles,Credit Card,Cancelled
SYN001232,2025-03-13,Smartphone,Electronics,521,3,1563,Sophia Miller,Miami,Gift Card,Completed
SYN001233,2025-05-29,Refrigerator,Home Appliances,1116,2,2232,Chris White,Seattle,Debit Card,Pending
SYN001234,2025-03-08,Running Shoes,Footwear,61,2,122,David Lee,Los Angeles,Debit Card,Cancelled
SYN001235,2025-04-05,Laptop,Electronics,788,4,3152,Emma Clark,Los Angeles,Credit Card,Completed
SYN001236,2025-02-22,Headphones,Electronics,101,3,303,Michael Brown,New York,Debit Card,Cancelled
SYN001237,2025-03-25,Headphones,Electronics,99,4,396,Emily Johnson,San Francisco,Debit Card,Pending
SYN001238,2025-02-21,Jeans,Clothing,41,2,82,Daniel Harris,Chicago,Credit Card,Pending
SYN001239,2025-03-05,Book,Books,15,4,60,Michael Brown,San Francisco,Credit Card,Completed
SYN001240,2025-04-10,Refrigerator,Home Appliances,1191,3,3573,David Lee,Boston,Gift Card,Completed
SYN001241,2025-03-04,Book,Books,14,4,56,Michael Brown,San Francisco,Credit Card,Completed
SYN001242,2025-02-16,Washing Machine,Home Appliances,589,5,2945,Michael Brown,Seattle,Debit Card,Completed
SYN001243,2025-03-09,Smartphone,Electronics,514,2,1028,Chris White,Chicago,Paypal,Pending
SYN001244,2025-03-06,Jeans,Clothing,39,2,78,Michael Brown,Los Angeles,Gift Card,Cancelled
SYN001245,2025-03-18,T-Shirt,Clothing,18,3,54,Olivia Wilson,Chicago,Paypal,Pending
SYN001246,2025-03-01,Laptop,Electronics,791,3,2373,Chris White,Miami,Debit Card,Pending
SYN001247,2025-12-07,Washing Machine,Home Appliances,580,5,2900,Emma Clark,Miami,Amazon Pay,Pending
SYN001248,2025-01-11,Smartwatch,Electronics,140,2,280,Daniel Harris,Dallas,Credit Card,Cancelled
SYN001249,2025-10-01,Smartwatch,Electronics,152,3,456,Emma Clark,New York,Debit Card,Pending
SYN001250,2025-10-28,Refrigerator,Home Appliances,1188,2,2376,Daniel Harris,San Francisco,Paypal,Cancelled
SYN001251,2025-03-20,Jeans,Clothing,43,5,215,David Lee,New York,Debit Card,Cancelled
SYN001252,2025-08-31,Smartphone,Electronics,506,2,1012,Olivia Wilson,Chicago,Credit Card,Completed
SYN001253,2025-02-26,Headphones,Electronics,100,1,100,Emily Johnson,Los Angeles,Credit Card,Completed
SYN001254,2025-03-16,Smartwatch,Electronics,152,2,304,Emily Johnson,Dallas,Paypal,Cancelled
SYN001255,2025-02-18,Book,Books,15,1,15,John Doe,Boston,Amazon Pay,Completed
SYN001256,2025-02-15,Refrigerator,Home Appliances,1208,4,4832,Emily Johnson,Denver,Paypal,Pending
SYN001257,2025-03-17,Running Shoes,Footwear,63,3,189,Emma Clark,San Francisco,Credit Card,Pending
SYN001258,2025-03-11,Smartwatch,Electronics,149,5,745,John Doe,Denver,Credit Card,Pending
SYN001259,2025-08-08,Smartphone,Electronics,522,4,2088,Chris White,Boston,Gift Card,Pending
SYN001260,2025-03-15,Headphones,Electronics,108,1,108,Olivia Wilson,Denver,Paypal,Completed
SYN001261,2025-07-05,Headphones,Electronics,105,4,420,Olivia Wilson,Seattle,Debit Card,Pending
SYN001262,2025-03-17,Running Shoes,Footwear,58,3,174,Olivia Wilson,Miami,Amazon Pay,Completed
SYN001263,2025-03-04,Jeans,Clothing,38,4,152,John Doe,Seattle,Amazon Pay,Pending
SYN001264,2025-03-25,Laptop,Electronics,866,4,3464,Emma Clark,Los Angeles,Amazon Pay,Completed
SYN001265,2025-03-05,Jeans,Clothing,41,2,82,Daniel Harris,Chicago,Credit Card,Pending
SYN001266,2025-03-26,Washing Machine,Home Appliances,630,1,630,John Doe,Miami,Credit Card,Completed
SYN001267,2025-02-25,Running Shoes,Footwear,60,2,120,David Lee,Los Angeles,Debit Card,Cancelled
SYN001268,2025-03-13,T-Shirt,Clothing,21,2,42,Daniel Harris,Miami,Debit Card,Cancelled
SYN001269,2025-08-02,T-Shirt,Clothing,19,4,76,Jane Smith,Denver,Credit Card,Pending
SYN001270,2025-10-27,Headphones,Electronics,104,3,312,Michael Brown,Houston,Debit Card,Cancelled
SYN001271,2025-03-15,Headphones,Electronics,98,1,98,Olivia Wilson,Denver,Paypal,Completed
SYN001272,2025-02-19,Running Shoes,Footwear,56,2,112,Chris White,Houston,Paypal,Completed
SYN001273,2025-03-27,Smartphone,Electronics,494,4,1976,Olivia Wilson,New York,Credit Card,Pending
SYN001274,2025-03-15,Book,Books,14,3,42,Emma Clark,San Francisco,Amazon Pay,Pending
SYN001275,2025-05-08,Running Shoes,Footwear,55,4,220,Chris White,Chicago,Amazon Pay,Completed
SYN001276,2025-02-20,Smartphone,Electronics,508,3,1524,Chris White,Dallas,Credit Card,Completed
SYN001277,2025-07-31,Smartphone,Electronics,523,3,1569,Sophia Miller,Denver,Credit Card,Pending
SYN001278,2025-03-21,Refrigerator,Home Appliances,1179,3,3537,Chris White,Dallas,Credit Card,Cancelled
SYN001279,2025-02-03,Smartphone,Electronics,505,1,505,Sophia Miller,Miami,Paypal,Completed
SYN001280,2025-02-20,Running Shoes,Footwear,66,2,132,John Doe,Denver,Amazon Pay,Cancelled
SYN001281,2025-03-12,Book,Books,15,3,45,Emma Clark,San Francisco,Amazon Pay,Pending
SYN001282,2025-04-02,Headphones,Electronics,97,5,485,Daniel Harris,Seattle,Debit Card,Pending
SYN001283,2025-02-17,Washing Machine,Home Appliances,645,5,3225,Michael Brown,Seattle,Debit Card,Completed
SYN001284,2025-02-25,Smartphone,Electronics,478,3,1434,Chris White,Dallas,Credit Card,Completed
SYN001285,2025-02-25,Headphones,Electronics,100,1,100,Emily Johnson,Los Angeles,Credit Card,Completed
SYN001286,2025-02-17,Running Shoes,Footwear,65,1,65,Jane Smith,Houston,Gift Card,Cancelled
SYN001287,2025-05-09,Running Shoes,Footwear,57,4,228,Chris White,Chicago,Amazon Pay,Completed
SYN001288,2025-12-05,Smartphone,Electronics,518,1,518,Emily Johnson,San Francisco,Credit Card,Cancelled
SYN001289,2025-02-14,Laptop,Electronics,809,5,4045,Emily Johnson,Denver,Paypal,Completed
SYN001290,2025-06-04,Laptop,Electronics,795,1,795,Jane Smith,Los Angeles,Amazon Pay,Cancelled
SYN001291,2025-04-04,Book,Books,15,1,15,Olivia Wilson,New York,Debit Card,Cancelled
SYN001292,2025-02-01,T-Shirt,Clothing,20,5,100,Emma Clark,Denver,Paypal,Completed
SYN001293,2025-02-20,T-Shirt,Clothing,19,5,95,Olivia Wilson,Boston,Paypal,Completed
SYN001294,2025-03-17,Smartwatch,Electronics,146,4,584,Emma Clark,Houston,Paypal,Completed
SYN001295,2025-04-04,Laptop,Electronics,745,3,2235,John Doe,Miami,Credit Card,Cancelled
SYN001296,2025-06-27,Smartphone,Electronics,469,5,2345,David Lee,Chicago,Gift Card,Pending
SYN001297,2025-02-11,Book,Books,16,2,32,David Lee,Boston,Amazon Pay,Pending
SYN001298,2025-08-09,Smartwatch,Electronics,153,2,306,Michael Brown,Seattle,Debit Card,Cancelled
SYN001299,2025-03-24,Running Shoes,Footwear,59,5,295,Emma Clark,Los Angeles,Credit Card,Cancelled
SYN001300,2025-03-14,Headphones,Electronics,97,4,388,Emily Johnson,San Francisco,Debit Card,Pending
SYN001301,2025-02-22,Smartphone,Electronics,486,4,1944,Emma Clark,Chicago,Debit Card,Completed
SYN001302,2025-12-05,Smartphone,Electronics,509,1,509,Sophia Miller,Denver,Credit Card,Cancelled
SYN001303,2025-03-18,Laptop,Electronics,785,2,1570,Michael Brown,Denver,Paypal,Cancelled
SYN001304,2025-03-11,Jeans,Clothing,40,4,160,Michael Brown,Dallas,Credit Card,Completed
SYN001305,2025-03-22,Headphones,Electronics,92,1,92,Olivia Wilson,Denver,Paypal,Completed
SYN001306,2025-03-12,Running Shoes,Footwear,61,2,122,Emma Clark,Boston,Gift Card,Pending
SYN001307,2025-02-25,Headphones,Electronics,92,3,276,Michael Brown,Chicago,Paypal,Cancelled
SYN001308,2025-03-09,Refrigerator,Home Appliances,1159,3,3477,Emma Clark,Los Angeles,Credit Card,Completed
SYN001309,2025-04-06,Headphones,Electronics,92,5,460,Daniel Harris,Seattle,Debit Card,Pending
SYN001310,2025-03-15,Smartwatch,Electronics,154,5,770,John Doe,Denver,Credit Card,Pending
SYN001311,2025-11-28,Book,Books,15,1,15,David Lee,Miami,Debit Card,Cancelled
SYN001312,2025-02-18,Smartwatch,Electronics,142,6,852,Sophia Miller,San Francisco,Paypal,Pending
SYN001313,2025-02-28,Jeans,Clothing,38,5,190,Jane Smith,Dallas,Debit Card,Pending
SYN001314,2025-09-04,Running Shoes,Footwear,66,2,132,Emily Johnson,Denver,Gift Card,Cancelled
SYN001315,2025-02-21,Refrigerator,Home Appliances,1295,1,1295,John Doe,Boston,Credit Card,Cancelled
SYN001316,2025-04-09,Book,Books,16,1,16,Olivia Wilson,New York,Debit Card,Cancelled
SYN001317,2025-02-11,Laptop,Electronics,805,3,2415,Emma Clark,Denver,Amazon Pay,Completed
SYN001318,2025-10-06,Book,Books,15,1,15,Emma Clark,Seattle,Gift Card,Pending
SYN001319,2025-03-18,Book,Books,14,1,14,David Lee,New York,Amazon Pay,Pending
SYN001320,2025-04-07,Headphones,Electronics,106,5,530,Daniel Harris,Seattle,Debit Card,Pending
SYN001321,2025-03-17,Jeans,Clothing,39,4,156,Michael Brown,Dallas,Credit Card,Completed
SYN001322,2025-03-14,Smartphone,Electronics,465,1,465,David Lee,Miami,Gift Card,Pending
SYN001323,2025-03-19,Jeans,Clothing,40,4,160,Michael Brown,Dallas,Credit Card,Completed
SYN001324,2025-04-04,Refrigerator,Home Appliances,1216,2,2432,Jane Smith,Dallas,Paypal,Cancelled
SYN001325,2025-03-04,Jeans,Clothing,40,4,160,John Doe,Seattle,Amazon Pay,Pending
SYN001326,2025-09-01,Smartphone,Electronics,513,2,1026,Olivia Wilson,Chicago,Credit Card,Completed
SYN001327,2025-05-28,Smartphone,Electronics,503,4,2012,Emma Clark,Houston,Credit Card,Completed
SYN001328,2025-03-31,Running Shoes,Footwear,58,5,290,Emma Clark,Los Angeles,Credit Card,Cancelled
SYN001329,2025-08-08,Book,Books,15,4,60,Daniel Harris,Chicago,Gift Card,Cancelled
SYN001330,2025-06-27,Refrigerator,Home Appliances,1161,4,4644,Olivia Wilson,Houston,Credit Card,Pending
SYN001331,2025-02-22,Jeans,Clothing,42,2,84,Michael Brown,Los Angeles,Gift Card,Cancelled
SYN001332,2025-03-26,Jeans,Clothing,39,5,195,Daniel Harris,Dallas,Paypal,Completed
SYN001333,2025-03-01,Laptop,Electronics,834,3,2502,John Doe,San Francisco,Credit Card,Pending
SYN001334,2025-03-29,Headphones,Electronics,108,3,324,Chris White,New York,Debit Card,Pending
SYN001335,2025-04-07,Refrigerator,Home Appliances,1201,3,3603,David Lee,Boston,Gift Card,Completed
SYN001336,2025-03-21,Book,Books,15,3,45,Emma Clark,San Francisco,Amazon Pay,Pending
SYN001337,2025-04-01,Headphones,Electronics,106,3,318,Chris White,New York,Debit Card,Pending
SYN001338,2025-09-02,Smartwatch,Electronics,153,1,153,John Doe,Denver,Gift Card,Pending
SYN001339,2025-02-15,Running Shoes,Footwear,60,1,60,David Lee,Boston,Paypal,Cancelled
SYN001340,2025-02-27,Jeans,Clothing,36,4,144,John Doe,San Francisco,Debit Card,Cancelled
SYN001341,2025-03-22,Running Shoes,Footwear,58,3,174,Olivia Wilson,Miami,Amazon Pay,Completed
SYN001342,2025-03-19,Smartwatch,Electronics,147,1,147,Emily Johnson,Seattle,Gift Card,Pending
SYN001343,2025-09-04,Smartphone,Electronics,474,2,948,Olivia Wilson,Chicago,Credit Card,Completed
SYN001344,2025-06-06,Running Shoes,Footwear,63,2,126,David Lee,Houston,Debit Card,Cancelled
SYN001345,2025-06-26,Smartphone,Electronics,490,2,980,Olivia Wilson,Chicago,Debit Card,Pending
SYN001346,2025-04-05,Headphones,Electronics,108,4,432,Jane Smith,San Francisco,Amazon Pay,Pending
SYN001347,2025-03-04,Headphones,Electronics,91,3,273,Michael Brown,Chicago,Paypal,Cancelled
SYN001348,2025-04-27,Running Shoes,Footwear,65,2,130,Chris White,Houston,Amazon Pay,Completed
SYN001349,2025-03-17,Jeans,Clothing,41,3,123,John Doe,Boston,Gift Card,Completed
SYN001350,2025-02-21,Refrigerator,Home Appliances,1310,3,3930,John Doe,Dallas,Debit Card,Completed
SYN001351,2025-07-29,Smartphone,Electronics,454,3,1362,Sophia Miller,Denver,Credit Card,Pending
SYN001352,2025-02-02,Refrigerator,Home Appliances,1250,3,3750,John Doe,Miami,Paypal,Completed
SYN001353,2025-06-27,Smartphone,Electronics,515,5,2575,David Lee,Chicago,Gift Card,Pending
SYN001354,2025-02-02,T-Shirt,Clothing,20,5,100,Emma Clark,Denver,Paypal,Completed
SYN001355,2025-08-06,Book,Books,14,1,14,Jane Smith,Miami,Amazon Pay,Cancelled
SYN001356,2025-02-04,Laptop,Electronics,718,3,2154,Emma Clark,Denver,Amazon Pay,Completed
SYN001357,2025-02-21,Laptop,Electronics,817,4,3268,Jane Smith,Seattle,Amazon Pay,Pending
SYN001358,2025-02-21,Smartwatch,Electronics,140,4,560,John Doe,Seattle,Credit Card,Completed
SYN001359,2025-07-09,Refrigerator,Home Appliances,1154,4,4616,Olivia Wilson,Houston,Credit Card,Pending
SYN001360,2025-02-21,Laptop,Electronics,729,1,729,Emily Johnson,New York,Amazon Pay,Pending
SYN001361,2025-03-20,Running Shoes,Footwear,60,3,180,Emma Clark,New York,Debit Card,Cancelled
SYN001362,2025-02-16,Smartphone,Electronics,507,3,1521,Chris White,Dallas,Credit Card,Completed
SYN001363,2025-07-01,T-Shirt,Clothing,20,1,20,Daniel Harris,New York,Amazon Pay,Pending
SYN001364,2025-03-14,Smartwatch,Electronics,156,4,624,Olivia Wilson,Miami,Paypal,Cancelled
SYN001365,2025-03-25,Smartwatch,Electronics,150,2,300,Emma Clark,Boston,Debit Card,Completed
SYN001366,2025-03-03,Smartwatch,Electronics,159,5,795,Jane Smith,Dallas,Paypal,Cancelled
SYN001367,2025-03-26,Book,Books,15,5,75,Olivia Wilson,Chicago,Amazon Pay,Pending
SYN001368,2025-06-09,Refrigerator,Home Appliances,1234,5,6170,David Lee,Denver,Paypal,Cancelled
SYN001369,2025-03-03,Washing Machine,Home Appliances,635,2,1270,Emily Johnson,Chicago,Gift Card,Cancelled
SYN001370,2025-03-19,Smartphone,Electronics,486,1,486,John Doe,Houston,Gift Card,Pending
SYN001371,2025-03-03,Smartphone,Electronics,481,3,1443,Jane Smith,Seattle,Debit Card,Cancelled
SYN001372,2025-03-09,T-Shirt,Clothing,20,1,20,John Doe,Dallas,Credit Card,Pending
SYN001373,2025-02-09,Book,Books,14,1,14,John Doe,Boston,Amazon Pay,Completed
SYN001374,2025-10-01,Smartwatch,Electronics,143,3,429,Emma Clark,New York,Debit Card,Pending
SYN001375,2025-02-06,Headphones,Electronics,98,5,490,Emma Clark,Miami,Amazon Pay,Cancelled
SYN001376,2025-03-07,Jeans,Clothing,38,3,114,John Doe,Boston,Gift Card,Completed
SYN001377,2025-03-18,T-Shirt,Clothing,20,3,60,Olivia Wilson,Chicago,Paypal,Pending
SYN001378,2025-03-02,Refrigerator,Home Appliances,1297,1,1297,John Doe,Boston,Credit Card,Cancelled
SYN001379,2025-02-28,Running Shoes,Footwear,57,4,228,Sophia Miller,San Francisco,Debit Card,Pending
SYN001380,2025-02-20,Running Shoes,Footwear,61,1,61,Jane Smith,Houston,Gift Card,Cancelled
SYN001381,2025-04-05,Washing Machine,Home Appliances,605,3,1815,Michael Brown,Miami,Credit Card,Cancelled
SYN001382,2025-12-08,Running Shoes,Footwear,63,2,126,Michael Brown,Denver,Gift Card,Completed
SYN001383,2025-03-20,Washing Machine,Home Appliances,578,1,578,Emma Clark,Seattle,Debit Card,Pending
SYN001384,2025-03-22,Smartphone,Electronics,502,2,1004,Olivia Wilson,Boston,Paypal,Cancelled
SYN001385,2025-02-25,Smartwatch,Electronics,146,5,730,Emily Johnson,Houston,Debit Card,Completed
SYN001386,2025-07-02,Headphones,Electronics,103,4,412,Olivia Wilson,Seattle,Debit Card,Pending
SYN001387,2025-04-03,Washing Machine,Home Appliances,627,3,1881,Michael Brown,Miami,Credit Card,Cancelled
SYN001388,2025-03-04,Laptop,Electronics,807,4,3228,Daniel Harris,Houston,Gift Card,Pending
SYN001389,2025-02-18,Laptop,Electronics,860,5,4300,Jane Smith,Boston,Credit Card,Cancelled
SYN001390,2025-02-17,Jeans,Clothing,40,4,160,John Doe,San Francisco,Debit Card,Cancelled
SYN001391,2025-02-25,Refrigerator,Home Appliances,1087,1,1087,Olivia Wilson,Seattle,Paypal,Completed
SYN001392,2025-08-09,Smartwatch,Electronics,146,2,292,Michael Brown,Seattle,Debit Card,Cancelled
SYN001393,2025-12-02,Washing Machine,Home Appliances,618,5,3090,Emma Clark,Miami,Amazon Pay,Pending
SYN001394,2025-03-10,T-Shirt,Clothing,22,3,66,Olivia Wilson,Chicago,Paypal,Pending
SYN001395,2025-02-03,Smartphone,Electronics,457,1,457,Sophia Miller,Miami,Paypal,Completed
SYN001396,2025-11-29,Washing Machine,Home Appliances,607,5,3035,Emma Clark,Miami,Amazon Pay,Pending
SYN001397,2025-02-17,Smartphone,Electronics,486,4,1944,Emma Clark,Chicago,Debit Card,Completed
SYN001398,2025-01-02,T-Shirt,Clothing,21,1,21,Emma Clark,New York,Amazon Pay,Completed
SYN001399,2025-01-28,Book,Books,15,5,75,Sophia Miller,Seattle,Amazon Pay,Completed
SYN001400,2025-03-16,Smartwatch,Electronics,176,4,704,Emma Clark,Houston,Paypal,Completed
SYN001401,2025-03-09,T-Shirt,Clothing,20,1,20,John Doe,Dallas,Credit Card,Pending
SYN001402,2025-02-24,Jeans,Clothing,37,4,148,Jane Smith,Dallas,Debit Card,Pending
SYN001403,2025-03-17,Book,Books,15,5,75,David Lee,San Francisco,Credit Card,Pending
SYN001404,2025-03-24,Headphones,Electronics,110,4,440,Jane Smith,San Francisco,Amazon Pay,Pending
SYN001405,2025-02-28,Washing Machine,Home Appliances,510,4,2040,Emma Clark,Houston,Gift Card,Cancelled
SYN001406,2025-02-22,Refrigerator,Home Appliances,1200,3,3600,John Doe,Dallas,Debit Card,Completed
SYN001407,2025-03-06,Jeans,Clothing,40,4,160,John Doe,Seattle,Amazon Pay,Pending
SYN001408,2025-06-02,Smartphone,Electronics,526,3,1578,Emily Johnson,Chicago,Paypal,Completed
SYN001409,2025-03-22,Laptop,Electronics,793,3,2379,John Doe,Miami,Credit Card,Cancelled
SYN001410,2025-09-25,Smartwatch,Electronics,151,3,453,Michael Brown,Denver,Debit Card,Completed
SYN001411,2025-11-08,Smartwatch,Electronics,153,5,765,John Doe,Los Angeles,Credit Card,Cancelled
SYN001412,2025-03-19,T-Shirt,Clothing,20,2,40,Michael Brown,Chicago,Paypal,Pending
SYN001413,2025-03-08,Book,Books,14,4,56,Michael Brown,San Francisco,Credit Card,Completed
SYN001414,2025-10-30,Headphones,Electronics,97,3,291,Michael Brown,Houston,Debit Card,Cancelled
SYN001415,2025-02-06,Smartphone,Electronics,509,1,509,Sophia Miller,Miami,Paypal,Completed
SYN001416,2025-02-17,Laptop,Electronics,809,1,809,Emily Johnson,New York,Amazon Pay,Pending
SYN001417,2025-07-09,Running Shoes,Footwear,60,1,60,Emma Clark,Houston,Paypal,Completed
SYN001418,2025-04-30,Headphones,Electronics,107,3,321,Chris White,Miami,Debit Card,Cancelled
SYN001419,2025-03-09,Smartphone,Electronics,479,2,958,Olivia Wilson,Boston,Paypal,Cancelled
SYN001420,2025-02-11,Smartphone,Electronics,488,1,488,John Doe,Dallas,Gift Card,Pending
SYN001421,2025-04-02,Smartwatch,Electronics,149,1,149,Emily Johnson,Seattle,Gift Card,Pending
SYN001422,2025-02-26,Laptop,Electronics,823,1,823,Emily Johnson,New York,Amazon Pay,Pending
SYN001423,2025-03-18,Washing Machine,Home Appliances,634,1,634,John Doe,Miami,Credit Card,Completed
SYN001424,2025-03-10,T-Shirt,Clothing,18,2,36,Daniel Harris,Miami,Debit Card,Cancelled
SYN001425,2025-03-13,Running Shoes,Footwear,58,3,174,Emma Clark,New York,Debit Card,Cancelled
SYN001426,2025-03-08,Running Shoes,Footwear,62,5,310,Emma Clark,Miami,Debit Card,Completed
SYN001427,2025-08-04,Smartphone,Electronics,535,4,2140,Chris White,Boston,Gift Card,Pending
SYN001428,2025-03-20,Jeans,Clothing,41,1,41,Olivia Wilson,Seattle,Paypal,Cancelled
SYN001429,2025-03-12,Headphones,Electronics,109,3,327,Jane Smith,Chicago,Amazon Pay,Cancelled
SYN001430,2025-10-09,Book,Books,14,2,28,Chris White,Los Angeles,Debit Card,Completed
SYN001431,2025-02-23,Book,Books,16,1,16,Jane Smith,Miami,Credit Card,Cancelled
SYN001432,2025-03-20,Jeans,Clothing,43,5,215,David Lee,New York,Debit Card,Cancelled
SYN001433,2025-08-10,Smartphone,Electronics,511,4,2044,Chris White,Boston,Gift Card,Pending
SYN001434,2025-09-04,Smartwatch,Electronics,145,1,145,John Doe,Denver,Gift Card,Pending
SYN001435,2025-05-26,Smartphone,Electronics,505,5,2525,Michael Brown,Houston,Paypal,Completed
SYN001436,2025-10-09,Book,Books,15,1,15,Emma Clark,Seattle,Gift Card,Pending
SYN001437,2025-02-25,Headphones,Electronics,97,1,97,Emily Johnson,Los Angeles,Credit Card,Completed
SYN001438,2025-02-21,Smartphone,Electronics,540,2,1080,David Lee,Boston,Paypal,Pending
SYN001439,2025-03-09,Smartphone,Electronics,475,1,475,Jane Smith,Chicago,Paypal,Cancelled
SYN001440,2025-02-17,Running Shoes,Footwear,56,2,112,Chris White,Houston,Paypal,Completed
SYN001441,2025-05-28,Smartphone,Electronics,488,5,2440,Michael Brown,Houston,Paypal,Completed
SYN001442,2025-04-29,T-Shirt,Clothing,20,2,40,Chris White,Denver,Debit Card,Cancelled
SYN001443,2025-02-26,Laptop,Electronics,829,5,4145,Daniel Harris,Houston,Gift Card,Pending
SYN001444,2025-03-24,Headphones,Electronics,103,3,309,Jane Smith,Chicago,Amazon Pay,Cancelled
SYN001445,2025-03-16,Headphones,Electronics,91,2,182,Daniel Harris,Miami,Paypal,Pending
SYN001446,2025-04-01,Jeans,Clothing,42,5,210,Daniel Harris,Seattle,Credit Card,Cancelled
SYN001447,2025-07-29,Smartwatch,Electronics,144,2,288,Michael Brown,Seattle,Debit Card,Cancelled
SYN001448,2025-02-20,Washing Machine,Home Appliances,577,5,2885,Michael Brown,Seattle,Debit Card,Completed
SYN001449,2025-02-13,Laptop,Electronics,853,4,3412,Jane Smith,Seattle,Amazon Pay,Pending
SYN001450,2025-03-24,Headphones,Electronics,91,3,273,Jane Smith,Chicago,Amazon Pay,Cancelled
SYN001451,2025-07-26,Book,Books,15,4,60,Daniel Harris,Chicago,Gift Card,Cancelled
SYN001452,2025-03-26,Book,Books,15,1,15,Michael Brown,Boston,Amazon Pay,Completed
SYN001453,2025-02-22,Book,Books,16,5,80,Daniel Harris,Miami,Debit Card,Pending
SYN001454,2025-03-10,Refrigerator,Home Appliances,1163,3,3489,Daniel Harris,New York,Credit Card,Pending
SYN001455,2025-09-26,Smartwatch,Electronics,158,3,474,Emma Clark,New York,Debit Card,Pending
SYN001456,2025-03-11,Smartphone,Electronics,552,1,552,David Lee,Miami,Gift Card,Pending
SYN001457,2025-02-19,Jeans,Clothing,40,2,80,Daniel Harris,Chicago,Credit Card,Pending
SYN001458,2025-11-26,Smartphone,Electronics,538,1,538,Emily Johnson,San Francisco,Credit Card,Cancelled
SYN001459,2025-03-01,Smartphone,Electronics,516,3,1548,Chris White,Dallas,Credit Card,Completed
SYN001460,2025-12-04,Smartphone,Electronics,531,1,531,Sophia Miller,Denver,Credit Card,Cancelled
SYN001461,2025-07-28,Smartphone,Electronics,458,3,1374,Sophia Miller,Denver,Credit Card,Pending
SYN001462,2025-09-27,Book,Books,14,2,28,Chris White,Los Angeles,Debit Card,Completed
SYN001463,2025-03-05,Refrigerator,Home Appliances,1272,1,1272,Olivia Wilson,Seattle,Paypal,Completed
SYN001464,2025-02-19,Smartwatch,Electronics,163,2,326,Chris White,Miami,Paypal,Pending
SYN001465,2025-03-17,Smartwatch,Electronics,150,4,600,Emma Clark,Houston,Paypal,Completed
SYN001466,2025-06-05,Washing Machine,Home Appliances,594,2,1188,David Lee,Dallas,Gift Card,Cancelled
SYN001467,2025-08-06,Book,Books,15,1,15,Jane Smith,Miami,Amazon Pay,Cancelled
SYN001468,2025-03-01,Smartwatch,Electronics,146,6,876,Jane Smith,Dallas,Paypal,Cancelled
SYN001469,2025-02-20,Refrigerator,Home Appliances,1180,4,4720,Emily Johnson,Denver,Paypal,Pending
SYN001470,2025-08-31,Refrigerator,Home Appliances,1206,2,2412,Sophia Miller,Boston,Paypal,Cancelled
SYN001471,2025-02-22,Jeans,Clothing,38,2,76,Daniel Harris,Chicago,Credit Card,Pending
SYN001472,2025-03-19,Smartwatch,Electronics,134,3,402,Sophia Miller,San Francisco,Debit Card,Completed
SYN001473,2025-03-17,Running Shoes,Footwear,59,3,177,Olivia Wilson,Houston,Credit Card,Completed
SYN001474,2025-03-18,Jeans,Clothing,42,1,42,Jane Smith,Boston,Debit Card,Pending
SYN001475,2025-06-01,Refrigerator,Home Appliances,1154,2,2308,John Doe,Denver,Paypal,Completed
SYN001476,2025-04-27,T-Shirt,Clothing,21,2,42,Chris White,Denver,Debit Card,Cancelled
SYN001477,2025-04-07,Laptop,Electronics,746,3,2238,Emma Clark,Los Angeles,Credit Card,Completed
SYN001478,2025-05-30,Washing Machine,Home Appliances,646,2,1292,David Lee,Dallas,Gift Card,Cancelled
SYN001479,2025-02-17,Smartphone,Electronics,502,1,502,John Doe,Dallas,Gift Card,Pending
SYN001480,2025-03-20,Smartphone,Electronics,489,1,489,Jane Smith,Chicago,Paypal,Cancelled
SYN001481,2025-02-24,Smartphone,Electronics,565,2,1130,David Lee,Boston,Paypal,Pending
SYN001482,2025-03-30,Washing Machine,Home Appliances,627,4,2508,Chris White,Houston,Credit Card,Pending
SYN001483,2025-03-07,Smartphone,Electronics,516,2,1032,David Lee,Boston,Paypal,Pending
SYN001484,2025-03-14,Running Shoes,Footwear,61,3,183,Michael Brown,New York,Gift Card,Pending
SYN001485,2025-02-15,Smartwatch,Electronics,155,5,775,Emily Johnson,Houston,Debit Card,Completed
SYN001486,2025-03-23,Smartwatch,Electronics,151,5,755,John Doe,Denver,Credit Card,Pending
SYN001487,2025-09-30,T-Shirt,Clothing,19,1,19,Olivia Wilson,Miami,Credit Card,Pending
SYN001488,2025-03-11,Laptop,Electronics,817,2,1634,Michael Brown,Denver,Paypal,Cancelled
SYN001489,2025-05-04,Refrigerator,Home Appliances,1345,4,5380,Sophia Miller,Seattle,Credit Card,Pending
SYN001490,2025-10-02,Book,Books,16,2,32,Chris White,Los Angeles,Debit Card,Completed
SYN001491,2025-10-30,Jeans,Clothing,38,1,38,Sophia Miller,New York,Gift Card,Cancelled
SYN001492,2025-03-09,Smartwatch,Electronics,147,5,735,John Doe,Denver,Credit Card,Pending
SYN001493,2025-07-31,Smartphone,Electronics,483,3,1449,Sophia Miller,Denver,Credit Card,Pending
SYN001494,2025-03-29,Jeans,Clothing,38,2,76,David Lee,Denver,Amazon Pay,Cancelled
SYN001495,2025-02-23,Book,Books,16,5,80,John Doe,Denver,Paypal,Pending
SYN001496,2025-03-03,Headphones,Electronics,89,1,89,Jane Smith,Chicago,Amazon Pay,Completed
SYN001497,2025-11-09,Jeans,Clothing,42,1,42,Sophia Miller,New York,Gift Card,Cancelled
SYN001498,2024-12-29,Laptop,Electronics,828,2,1656,Daniel Harris,San Francisco,Gift Card,Pending
SYN001499,2025-03-24,Washing Machine,Home Appliances,563,1,563,Emma Clark,Seattle,Debit Card,Pending
SYN001500,2025-03-23,Smartwatch,Electronics,140,4,560,Emma Clark,Houston,Paypal,Completed
SYN001501,2025-03-20,Headphones,Electronics,98,2,196,Daniel Harris,Miami,Paypal,Pending
SYN001502,2025-03-23,Jeans,Clothing,42,2,84,David Lee,Denver,Amazon Pay,Cancelled
SYN001503,2025-04-07,Laptop,Electronics,811,4,3244,Emma Clark,Los Angeles,Credit Card,Completed
SYN001504,2025-07-06,T-Shirt,Clothing,20,1,20,Daniel Harris,New York,Amazon Pay,Pending
SYN001505,2025-10-04,Headphones,Electronics,98,5,490,John Doe,Houston,Amazon Pay,Completed
SYN001506,2025-03-11,Smartphone,Electronics,474,2,948,Chris White,Chicago,Paypal,Pending
SYN001507,2025-03-22,Smartwatch,Electronics,157,1,157,Chris White,Houston,Debit Card,Pending
SYN001508,2025-03-27,Laptop,Electronics,782,3,2346,John Doe,Miami,Credit Card,Cancelled
SYN001509,2025-02-22,Book,Books,16,1,16,Jane Smith,Miami,Credit Card,Cancelled
SYN001510,2025-05-09,Smartphone,Electronics,517,5,2585,John Doe,Boston,Paypal,Completed
SYN001511,2025-02-25,Smartphone,Electronics,518,5,2590,Emily Johnson,Miami,Credit Card,Cancelled
SYN001512,2025-02-20,Jeans,Clothing,40,5,200,Emily Johnson,New York,Debit Card,Pending
SYN001513,2025-03-20,Smartwatch,Electronics,154,5,770,Daniel Harris,Houston,Amazon Pay,Completed
SYN001514,2025-03-21,Running Shoes,Footwear,65,5,325,Emma Clark,Los Angeles,Credit Card,Cancelled
SYN001515,2025-02-20,Headphones,Electronics,102,1,102,Emily Johnson,Los Angeles,Credit Card,Completed
SYN001516,2025-12-03,Running Shoes,Footwear,59,2,118,Michael Brown,Denver,Gift Card,Completed
SYN001517,2025-09-03,Smartphone,Electronics,467,2,934,Olivia Wilson,Chicago,Credit Card,Completed
SYN001518,2025-03-23,Book,Books,15,5,75,David Lee,Chicago,Amazon Pay,Pending
SYN001519,2025-02-26,Book,Books,14,1,14,Emma Clark,Houston,Gift Card,Cancelled
SYN001520,2025-03-14,T-Shirt,Clothing,20,2,40,Daniel Harris,Miami,Debit Card,Cancelled
SYN001521,2025-06-07,Running Shoes,Footwear,63,2,126,David Lee,Houston,Debit Card,Cancelled
SYN001522,2025-07-31,Book,Books,15,4,60,Daniel Harris,Chicago,Gift Card,Cancelled
SYN001523,2025-02-23,Washing Machine,Home Appliances,565,1,565,Jane Smith,Dallas,Amazon Pay,Completed
SYN001524,2025-02-13,Running Shoes,Footwear,57,2,114,Chris White,Houston,Paypal,Completed
SYN001525,2025-02-27,Headphones,Electronics,108,2,216,Daniel Harris,Boston,Paypal,Pending
SYN001526,2025-03-24,Laptop,Electronics,751,5,3755,Emma Clark,Los Angeles,Credit Card,Completed
SYN001527,2025-03-23,Jeans,Clothing,42,5,210,David Lee,New York,Debit Card,Cancelled
SYN001528,2025-02-24,Refrigerator,Home Appliances,1120,4,4480,David Lee,Boston,Gift Card,Pending
SYN001529,2025-03-09,Laptop,Electronics,794,3,2382,John Doe,New York,Paypal,Pending
SYN001530,2025-03-21,Running Shoes,Footwear,61,5,305,Emma Clark,Los Angeles,Credit Card,Cancelled
SYN001531,2025-01-29,T-Shirt,Clothing,21,5,105,Jane Smith,New York,Credit Card,Pending
SYN001532,2025-07-31,Smartphone,Electronics,513,3,1539,Sophia Miller,Denver,Credit Card,Pending
SYN001533,2025-07-26,T-Shirt,Clothing,20,4,80,Jane Smith,Denver,Credit Card,Pending
SYN001534,2025-04-02,Laptop,Electronics,824,4,3296,Emma Clark,Los Angeles,Credit Card,Completed
SYN001535,2025-02-28,Smartphone,Electronics,522,2,1044,David Lee,Boston,Paypal,Pending
SYN001536,2025-07-06,Headphones,Electronics,98,4,392,Olivia Wilson,Seattle,Debit Card,Pending
SYN001537,2025-02-08,T-Shirt,Clothing,19,5,95,Emma Clark,Denver,Paypal,Completed
SYN001538,2025-03-18,Jeans,Clothing,42,5,210,David Lee,New York,Debit Card,Cancelled
SYN001539,2025-10-01,Book,Books,14,2,28,Chris White,Los Angeles,Debit Card,Completed
SYN001540,2025-03-23,Smartwatch,Electronics,140,2,280,Olivia Wilson,Miami,Debit Card,Completed
SYN001541,2025-03-10,Smartphone,Electronics,517,3,1551,Sophia Miller,Miami,Gift Card,Completed
SYN001542,2025-03-19,Smartwatch,Electronics,144,1,144,Chris White,Houston,Debit Card,Pending
SYN001543,2025-03-10,Smartwatch,Electronics,139,3,417,David Lee,Boston,Gift Card,Pending
SYN001544,2024-12-28,Smartwatch,Electronics,150,2,300,Daniel Harris,Dallas,Credit Card,Cancelled
SYN001545,2025-09-27,T-Shirt,Clothing,21,1,21,Olivia Wilson,Miami,Credit Card,Pending
SYN001546,2025-03-23,Laptop,Electronics,783,3,2349,Jane Smith,New York,Paypal,Completed
SYN001547,2025-03-22,Smartphone,Electronics,509,2,1018,Olivia Wilson,Boston,Paypal,Cancelled
SYN001548,2025-05-05,Running Shoes,Footwear,58,4,232,Chris White,Chicago,Amazon Pay,Completed
SYN001549,2025-09-29,Laptop,Electronics,801,3,2403,Jane Smith,Houston,Amazon Pay,Completed
SYN001550,2025-02-22,Book,Books,15,5,75,Daniel Harris,Miami,Debit Card,Pending
SYN001551,2025-02-28,Smartwatch,Electronics,145,5,725,Jane Smith,Dallas,Paypal,Cancelled
SYN001552,2025-03-29,Smartphone,Electronics,462,1,462,John Doe,Houston,Gift Card,Pending
SYN001553,2025-04-06,Jeans,Clothing,41,1,41,Sophia Miller,Dallas,Debit Card,Cancelled
SYN001554,2025-02-23,Headphones,Electronics,104,3,312,David Lee,Houston,Paypal,Cancelled
SYN001555,2025-03-21,Jeans,Clothing,36,1,36,Jane Smith,Boston,Debit Card,Pending
SYN001556,2025-02-25,Washing Machine,Home Appliances,551,2,1102,Emily Johnson,Chicago,Gift Card,Cancelled
SYN001557,2025-02-11,Laptop,Electronics,759,5,3795,Jane Smith,Boston,Credit Card,Cancelled
SYN001558,2025-06-05,Refrigerator,Home Appliances,1253,2,2506,Chris White,Seattle,Debit Card,Pending
SYN001559,2025-02-24,Jeans,Clothing,42,5,210,Emily Johnson,New York,Debit Card,Pending
SYN001560,2025-03-24,Smartwatch,Electronics,139,3,417,Sophia Miller,San Francisco,Debit Card,Completed
SYN001561,2025-04-02,Laptop,Electronics,768,3,2304,Olivia Wilson,Chicago,Amazon Pay,Completed
SYN001562,2025-03-29,Book,Books,16,5,80,Olivia Wilson,Chicago,Amazon Pay,Pending
SYN001563,2025-03-01,Jeans,Clothing,40,4,160,John Doe,Seattle,Amazon Pay,Pending
SYN001564,2025-08-30,Running Shoes,Footwear,58,2,116,Emily Johnson,Denver,Gift Card,Cancelled
SYN001565,2025-05-10,Running Shoes,Footwear,62,4,248,Chris White,Chicago,Amazon Pay,Completed
SYN001566,2025-03-23,Book,Books,15,5,75,Olivia Wilson,Chicago,Amazon Pay,Pending
SYN001567,2025-02-13,Running Shoes,Footwear,57,1,57,Jane Smith,Houston,Gift Card,Cancelled
SYN001568,2025-02-23,Jeans,Clothing,39,2,78,Daniel Harris,Chicago,Credit Card,Pending
SYN001569,2025-03-29,Jeans,Clothing,37,1,37,Sophia Miller,Dallas,Debit Card,Cancelled
SYN001570,2025-03-22,Jeans,Clothing,39,1,39,Jane Smith,Boston,Debit Card,Pending
SYN001571,2025-02-17,Washing Machine,Home Appliances,571,1,571,Olivia Wilson,Boston,Debit Card,Cancelled
SYN001572,2025-02-14,Smartphone,Electronics,512,4,2048,Emily Johnson,Seattle,Amazon Pay,Completed
SYN001573,2025-03-19,Laptop,Electronics,834,3,2502,Olivia Wilson,Chicago,Amazon Pay,Completed
SYN001574,2025-08-04,Book,Books,16,4,64,Daniel Harris,Chicago,Gift Card,Cancelled
SYN001575,2025-02-24,Running Shoes,Footwear,62,2,124,Chris White,Houston,Paypal,Completed
SYN001576,2025-09-09,Smartwatch,Electronics,141,1,141,John Doe,Denver,Gift Card,Pending
SYN001577,2025-02-17,Laptop,Electronics,840,1,840,Emily Johnson,New York,Amazon Pay,Pending
SYN001578,2025-03-30,Jeans,Clothing,43,1,43,Olivia Wilson,Seattle,Paypal,Cancelled
SYN001579,2025-04-03,Washing Machine,Home Appliances,658,4,2632,Chris White,Houston,Credit Card,Pending
SYN001580,2025-03-26,Running Shoes,Footwear,57,4,228,Emily Johnson,Los Angeles,Paypal,Completed
SYN001581,2025-03-16,Book,Books,14,1,14,David Lee,New York,Amazon Pay,Pending
SYN001582,2025-06-27,Smartphone,Electronics,481,2,962,Olivia Wilson,Chicago,Debit Card,Pending
SYN001583,2025-03-01,Refrigerator,Home Appliances,1307,4,5228,David Lee,Boston,Gift Card,Pending
SYN001584,2025-02-16,Book,Books,14,1,14,John Doe,Boston,Amazon Pay,Completed
SYN001585,2025-03-23,Smartwatch,Electronics,152,1,152,Chris White,Houston,Debit Card,Pending
SYN001586,2025-07-08,Refrigerator,Home Appliances,1242,4,4968,Olivia Wilson,Houston,Credit Card,Pending
SYN001587,2025-11-26,Smartphone,Electronics,522,1,522,Emily Johnson,San Francisco,Credit Card,Cancelled
SYN001588,2025-10-09,Washing Machine,Home Appliances,580,3,1740,Emily Johnson,Dallas,Gift Card,Cancelled
SYN001589,2025-06-09,Refrigerator,Home Appliances,1135,5,5675,David Lee,Denver,Paypal,Cancelled
SYN001590,2025-03-22,T-Shirt,Clothing,19,1,19,Chris White,Dallas,Debit Card,Completed
SYN001591,2025-02-18,Smartphone,Electronics,454,3,1362,Jane Smith,Seattle,Debit Card,Cancelled
SYN001592,2025-03-13,Smartwatch,Electronics,151,2,302,David Lee,Chicago,Debit Card,Pending
SYN001593,2025-02-19,Smartwatch,Electronics,154,4,616,Chris White,New York,Debit Card,Cancelled
SYN001594,2025-03-22,Jeans,Clothing,38,1,38,Olivia Wilson,Seattle,Paypal,Cancelled
SYN001595,2025-02-28,Smartwatch,Electronics,158,2,316,Daniel Harris,Houston,Paypal,Completed
SYN001596,2025-02-07,Refrigerator,Home Appliances,1194,3,3582,John Doe,Miami,Paypal,Completed
SYN001597,2025-01-11,Smartwatch,Electronics,156,2,312,Daniel Harris,Dallas,Credit Card,Cancelled
SYN001598,2025-02-21,Book,Books,15,1,15,Jane Smith,Miami,Credit Card,Cancelled
SYN001599,2025-03-21,Smartphone,Electronics,458,3,1374,Sophia Miller,Miami,Gift Card,Completed
SYN001600,2025-03-25,Headphones,Electronics,106,4,424,Jane Smith,San Francisco,Amazon Pay,Pending
SYN001601,2025-10-08,Book,Books,14,2,28,Chris White,Los Angeles,Debit Card,Completed
SYN001602,2025-03-05,Jeans,Clothing,39,2,78,Daniel Harris,Chicago,Credit Card,Pending
SYN001603,2025-01-30,Headphones,Electronics,104,5,520,Emma Clark,Miami,Amazon Pay,Cancelled
SYN001604,2025-03-24,Smartwatch,Electronics,151,4,604,Emma Clark,Houston,Paypal,Completed
SYN001605,2025-03-20,Book,Books,16,1,16,David Lee,New York,Amazon Pay,Pending
SYN001606,2025-08-09,T-Shirt,Clothing,21,4,84,Jane Smith,Denver,Credit Card,Pending
SYN001607,2025-02-22,Laptop,Electronics,796,1,796,Emily Johnson,New York,Amazon Pay,Pending
SYN001608,2025-03-19,Smartwatch,Electronics,144,4,576,Olivia Wilson,Miami,Paypal,Cancelled
SYN001609,2025-03-15,Smartwatch,Electronics,139,3,417,David Lee,Boston,Gift Card,Pending
SYN001610,2025-02-07,T-Shirt,Clothing,19,5,95,Emma Clark,Denver,Paypal,Completed
SYN001611,2025-02-19,Jeans,Clothing,38,5,190,Jane Smith,Dallas,Debit Card,Pending
SYN001612,2025-03-16,T-Shirt,Clothing,18,1,18,John Doe,Dallas,Credit Card,Pending
SYN001613,2025-02-11,Laptop,Electronics,748,3,2244,Emma Clark,Denver,Amazon Pay,Completed
SYN001614,2025-02-08,Running Shoes,Footwear,56,1,56,Jane Smith,Houston,Gift Card,Cancelled
SYN001615,2025-02-04,Headphones,Electronics,104,5,520,Emma Clark,Miami,Amazon Pay,Cancelled
SYN001616,2025-07-27,Smartwatch,Electronics,169,2,338,Michael Brown,Seattle,Debit Card,Cancelled
SYN001617,2025-03-22,Refrigerator,Home Appliances,1188,1,1188,Daniel Harris,Dallas,Paypal,Completed
SYN001618,2025-03-21,Headphones,Electronics,100,1,100,Olivia Wilson,Denver,Paypal,Completed
SYN001619,2025-02-26,Book,Books,14,1,14,Emma Clark,Houston,Credit Card,Pending
SYN001620,2025-03-28,Washing Machine,Home Appliances,663,4,2652,Jane Smith,Los Angeles,Amazon Pay,Pending
SYN001621,2025-02-21,Smartwatch,Electronics,151,5,755,Jane Smith,Dallas,Paypal,Cancelled
SYN001622,2025-10-08,Smartwatch,Electronics,164,5,820,David Lee,Boston,Paypal,Completed
SYN001623,2025-02-20,T-Shirt,Clothing,18,1,18,Daniel Harris,New York,Credit Card,Completed
SYN001624,2025-02-25,Book,Books,15,3,45,Chris White,Boston,Gift Card,Cancelled
SYN001625,2025-06-29,T-Shirt,Clothing,21,1,21,Daniel Harris,New York,Amazon Pay,Pending
SYN001626,2025-02-19,Smartwatch,Electronics,155,5,775,Emily Johnson,Houston,Debit Card,Completed
SYN001627,2025-04-03,Refrigerator,Home Appliances,1167,5,5835,Olivia Wilson,Chicago,Gift Card,Pending
SYN001628,2025-03-29,Washing Machine,Home Appliances,625,4,2500,Chris White,Houston,Credit Card,Pending
SYN001629,2025-03-25,Laptop,Electronics,837,3,2511,John Doe,Miami,Credit Card,Cancelled
SYN001630,2025-03-22,T-Shirt,Clothing,20,2,40,Chris White,Miami,Gift Card,Cancelled
SYN001631,2025-03-16,Laptop,Electronics,829,2,1658,Michael Brown,Denver,Paypal,Cancelled
SYN001632,2025-02-17,Book,Books,15,1,15,Jane Smith,Miami,Credit Card,Cancelled
SYN001633,2025-02-19,Headphones,Electronics,105,3,315,David Lee,Houston,Paypal,Cancelled
SYN001634,2025-06-09,Laptop,Electronics,808,1,808,Jane Smith,Los Angeles,Amazon Pay,Cancelled
SYN001635,2025-02-16,Headphones,Electronics,91,3,273,Michael Brown,New York,Debit Card,Cancelled
SYN001636,2025-09-26,Smartphone,Electronics,472,2,944,Michael Brown,Los Angeles,Amazon Pay,Completed
SYN001637,2025-02-22,Book,Books,15,3,45,Chris White,Boston,Gift Card,Cancelled
SYN001638,2025-08-02,Smartwatch,Electronics,155,2,310,Michael Brown,Seattle,Debit Card,Cancelled
SYN001639,2025-03-25,Refrigerator,Home Appliances,1155,2,2310,Jane Smith,Dallas,Paypal,Cancelled
SYN001640,2025-02-23,Headphones,Electronics,108,1,108,David Lee,Houston,Debit Card,Cancelled
SYN001641,2025-01-10,Smartwatch,Electronics,159,2,318,Daniel Harris,Dallas,Credit Card,Cancelled
SYN001642,2025-11-29,Smartphone,Electronics,475,1,475,Sophia Miller,Denver,Credit Card,Cancelled
SYN001643,2025-02-14,Headphones,Electronics,104,3,312,Michael Brown,New York,Debit Card,Cancelled
SYN001644,2025-01-27,Refrigerator,Home Appliances,1101,3,3303,John Doe,Miami,Paypal,Completed
SYN001645,2025-09-05,Refrigerator,Home Appliances,1240,2,2480,Sophia Miller,Boston,Paypal,Cancelled
SYN001646,2025-02-09,Washing Machine,Home Appliances,608,2,1216,Chris White,Seattle,Paypal,Cancelled
SYN001647,2025-03-16,Smartphone,Electronics,487,1,487,David Lee,Miami,Gift Card,Pending
SYN001648,2025-09-04,Refrigerator,Home Appliances,1222,2,2444,Sophia Miller,Boston,Paypal,Cancelled
SYN001649,2025-02-23,Jeans,Clothing,39,2,78,Michael Brown,Los Angeles,Gift Card,Cancelled
SYN001650,2025-03-13,Headphones,Electronics,101,4,404,Emily Johnson,San Francisco,Debit Card,Pending
SYN001651,2025-02-27,Washing Machine,Home Appliances,601,2,1202,Emily Johnson,Chicago,Gift Card,Cancelled
SYN001652,2025-04-04,Refrigerator,Home Appliances,1113,2,2226,Jane Smith,Dallas,Paypal,Cancelled
SYN001653,2025-02-22,Jeans,Clothing,40,4,160,John Doe,San Francisco,Debit Card,Cancelled
SYN001654,2025-04-06,Refrigerator,Home Appliances,1057,5,5285,Olivia Wilson,Chicago,Gift Card,Pending
SYN001655,2025-03-08,Book,Books,15,5,75,David Lee,San Francisco,Credit Card,Pending
SYN001656,2025-03-22,Smartwatch,Electronics,134,5,670,Daniel Harris,Houston,Amazon Pay,Completed
SYN001657,2025-02-25,Jeans,Clothing,43,2,86,Michael Brown,Los Angeles,Gift Card,Cancelled
SYN001658,2025-03-23,Refrigerator,Home Appliances,1164,1,1164,Jane Smith,Miami,Paypal,Completed
SYN001659,2025-06-08,Refrigerator,Home Appliances,1208,2,2416,Chris White,Seattle,Debit Card,Pending
SYN001660,2025-02-06,Book,Books,15,5,75,Sophia Miller,Seattle,Amazon Pay,Completed
SYN001661,2025-03-16,Headphones,Electronics,104,4,416,Emily Johnson,San Francisco,Debit Card,Pending
SYN001662,2025-01-04,Smartwatch,Electronics,150,2,300,Daniel Harris,Dallas,Credit Card,Cancelled
SYN001663,2025-06-30,Running Shoes,Footwear,58,1,58,Emma Clark,Houston,Paypal,Completed
SYN001664,2025-03-12,Smartwatch,Electronics,151,5,755,John Doe,Denver,Credit Card,Pending
SYN001665,2025-02-15,Running Shoes,Footwear,57,2,114,John Doe,Denver,Amazon Pay,Cancelled
SYN001666,2025-03-03,Laptop,Electronics,857,4,3428,Daniel Harris,Houston,Gift Card,Pending
SYN001667,2025-03-14,Headphones,Electronics,90,1,90,Olivia Wilson,Denver,Paypal,Completed
SYN001668,2025-03-18,Refrigerator,Home Appliances,1210,3,3630,Chris White,Dallas,Credit Card,Cancelled
SYN001669,2025-09-05,Running Shoes,Footwear,61,2,122,Emily Johnson,Denver,Gift Card,Cancelled
SYN001670,2025-03-13,Jeans,Clothing,41,6,246,Michael Brown,New York,Paypal,Completed
SYN001671,2025-02-21,Running Shoes,Footwear,57,1,57,Sophia Miller,Houston,Paypal,Completed
SYN001672,2025-03-29,Jeans,Clothing,40,1,40,Sophia Miller,Dallas,Debit Card,Cancelled
SYN001673,2025-03-05,Washing Machine,Home Appliances,579,2,1158,Emily Johnson,Chicago,Gift Card,Cancelled
SYN001674,2025-03-22,Laptop,Electronics,767,3,2301,Olivia Wilson,Chicago,Amazon Pay,Completed
SYN001675,2025-04-01,Refrigerator,Home Appliances,1241,4,4964,Jane Smith,Dallas,Gift Card,Cancelled
SYN001676,2025-02-28,Laptop,Electronics,782,3,2346,John Doe,San Francisco,Credit Card,Pending
SYN001677,2025-02-22,Smartphone,Electronics,507,3,1521,Chris White,Dallas,Credit Card,Completed
SYN001678,2025-06-10,Refrigerator,Home Appliances,1285,2,2570,John Doe,Denver,Paypal,Completed
SYN001679,2025-02-28,Book,Books,15,4,60,Michael Brown,San Francisco,Credit Card,Completed
SYN001680,2025-02-19,Smartphone,Electronics,488,5,2440,Emily Johnson,Miami,Credit Card,Cancelled
SYN001681,2025-07-28,Smartphone,Electronics,494,3,1482,Sophia Miller,Denver,Credit Card,Pending
SYN001682,2025-06-07,Laptop,Electronics,790,1,790,Jane Smith,Los Angeles,Amazon Pay,Cancelled
SYN001683,2025-03-23,Smartphone,Electronics,525,1,525,John Doe,Houston,Gift Card,Pending
SYN001684,2025-03-03,Laptop,Electronics,715,4,2860,Daniel Harris,Houston,Gift Card,Pending
SYN001685,2025-03-24,Jeans,Clothing,40,2,80,David Lee,Denver,Amazon Pay,Cancelled
SYN001686,2025-01-07,Smartwatch,Electronics,149,2,298,Daniel Harris,Dallas,Credit Card,Cancelled
SYN001687,2025-02-02,T-Shirt,Clothing,21,5,105,Emma Clark,Denver,Paypal,Completed
SYN001688,2025-09-09,Smartphone,Electronics,497,2,994,Olivia Wilson,Chicago,Credit Card,Completed
SYN001689,2025-03-14,Smartphone,Electronics,515,2,1030,Olivia Wilson,Boston,Paypal,Cancelled
SYN001690,2025-07-01,Laptop,Electronics,778,3,2334,Daniel Harris,Houston,Credit Card,Pending
SYN001691,2025-02-18,Smartphone,Electronics,518,4,2072,Emily Johnson,Seattle,Amazon Pay,Completed
SYN001692,2025-12-08,Running Shoes,Footwear,58,2,116,Michael Brown,Denver,Gift Card,Completed
SYN001693,2025-03-22,Washing Machine,Home Appliances,642,1,642,Emma Clark,Seattle,Debit Card,Pending
SYN001694,2025-02-10,Washing Machine,Home Appliances,588,2,1176,Chris White,Seattle,Paypal,Cancelled
SYN001695,2025-03-02,Book,Books,15,3,45,Chris White,Boston,Gift Card,Cancelled
SYN001696,2025-02-20,Headphones,Electronics,105,2,210,Daniel Harris,Boston,Paypal,Pending
SYN001697,2025-03-16,Running Shoes,Footwear,61,3,183,Olivia Wilson,Miami,Amazon Pay,Completed
SYN001698,2025-04-02,Running Shoes,Footwear,60,5,300,Emma Clark,Los Angeles,Credit Card,Cancelled
SYN001699,2025-04-03,Smartphone,Electronics,540,5,2700,Emma Clark,Miami,Gift Card,Completed
SYN001700,2025-11-09,T-Shirt,Clothing,19,5,95,Jane Smith,Denver,Amazon Pay,Completed
SYN001701,2025-03-31,Laptop,Electronics,800,1,800,Michael Brown,Los Angeles,Credit Card,Cancelled
SYN001702,2025-03-19,Smartwatch,Electronics,149,2,298,Emily Johnson,Dallas,Paypal,Cancelled
SYN001703,2025-12-05,Smartphone,Electronics,459,1,459,Sophia Miller,Denver,Credit Card,Cancelled
SYN001704,2025-02-17,Washing Machine,Home Appliances,632,5,3160,Michael Brown,Seattle,Debit Card,Completed
SYN001705,2025-03-17,Smartphone,Electronics,557,2,1114,Chris White,Chicago,Paypal,Pending
SYN001706,2025-03-23,Smartphone,Electronics,557,2,1114,Chris White,Chicago,Paypal,Pending
SYN001707,2025-08-09,Smartwatch,Electronics,142,2,284,Michael Brown,Seattle,Debit Card,Cancelled
SYN001708,2025-02-12,T-Shirt,Clothing,21,2,42,David Lee,Dallas,Gift Card,Cancelled
SYN001709,2025-02-27,Refrigerator,Home Appliances,1121,1,1121,Olivia Wilson,Seattle,Paypal,Completed
SYN001710,2025-02-23,Jeans,Clothing,38,5,190,Emily Johnson,New York,Debit Card,Pending
SYN001711,2025-02-19,Smartphone,Electronics,513,1,513,Emily Johnson,Denver,Amazon Pay,Completed
SYN001712,2025-02-27,Headphones,Electronics,103,3,309,Michael Brown,Chicago,Paypal,Cancelled
SYN001713,2025-03-20,Book,Books,14,1,14,Michael Brown,Boston,Amazon Pay,Completed
SYN001714,2025-03-24,Refrigerator,Home Appliances,1208,3,3624,Chris White,Dallas,Credit Card,Cancelled
SYN001715,2025-02-23,Smartphone,Electronics,539,3,1617,Jane Smith,Seattle,Debit Card,Cancelled
SYN001716,2025-03-17,Running Shoes,Footwear,59,3,177,Emma Clark,San Francisco,Credit Card,Pending
SYN001717,2025-03-12,Smartphone,Electronics,518,1,518,David Lee,Miami,Gift Card,Pending
SYN001718,2025-01-05,Laptop,Electronics,788,2,1576,Daniel Harris,San Francisco,Gift Card,Pending
SYN001719,2025-02-13,Laptop,Electronics,769,4,3076,Jane Smith,Seattle,Amazon Pay,Pending
SYN001720,2025-03-10,Jeans,Clothing,41,1,41,Jane Smith,Boston,Debit Card,Pending
SYN001721,2025-02-19,Headphones,Electronics,103,1,103,David Lee,Houston,Debit Card,Cancelled
SYN001722,2025-02-01,Washing Machine,Home Appliances,568,4,2272,Michael Brown,New York,Paypal,Completed
SYN001723,2025-05-28,Running Shoes,Footwear,64,2,128,David Lee,Houston,Debit Card,Cancelled
SYN001724,2025-03-31,T-Shirt,Clothing,22,2,44,Chris White,Miami,Gift Card,Cancelled
SYN001725,2025-03-23,Jeans,Clothing,39,1,39,Olivia Wilson,Seattle,Paypal,Cancelled
SYN001726,2025-01-30,Smartphone,Electronics,493,1,493,Sophia Miller,Miami,Paypal,Completed
SYN001727,2025-05-26,Smartphone,Electronics,537,4,2148,Emma Clark,Houston,Credit Card,Completed
SYN001728,2025-02-14,Running Shoes,Footwear,62,2,124,John Doe,Denver,Amazon Pay,Cancelled
SYN001729,2025-03-13,Smartwatch,Electronics,163,3,489,Sophia Miller,San Francisco,Debit Card,Completed
SYN001730,2025-01-29,T-Shirt,Clothing,22,5,110,Jane Smith,New York,Credit Card,Pending
SYN001731,2025-03-15,Smartphone,Electronics,476,1,476,David Lee,Miami,Gift Card,Pending
SYN001732,2025-03-23,Smartwatch,Electronics,172,4,688,Olivia Wilson,Miami,Paypal,Cancelled
SYN001733,2025-07-30,Book,Books,14,1,14,Jane Smith,Miami,Amazon Pay,Cancelled
SYN001734,2025-05-06,Headphones,Electronics,99,3,297,Chris White,Miami,Debit Card,Cancelled
SYN001735,2025-02-12,Laptop,Electronics,840,5,4200,Emily Johnson,Denver,Paypal,Completed
SYN001736,2025-02-08,Headphones,Electronics,98,4,392,Daniel Harris,New York,Gift Card,Cancelled
SYN001737,2025-07-09,Smartphone,Electronics,519,5,2595,David Lee,Chicago,Gift Card,Pending
SYN001738,2025-06-08,Washing Machine,Home Appliances,610,3,1830,Olivia Wilson,Denver,Gift Card,Cancelled
SYN001739,2025-03-13,Jeans,Clothing,37,3,111,Olivia Wilson,Dallas,Credit Card,Cancelled
SYN001740,2025-10-28,Smartwatch,Electronics,148,5,740,John Doe,Los Angeles,Credit Card,Cancelled
SYN001741,2025-03-12,Headphones,Electronics,88,1,88,Olivia Wilson,Denver,Paypal,Completed
SYN001742,2025-01-11,Smartwatch,Electronics,150,2,300,Daniel Harris,Dallas,Credit Card,Cancelled
SYN001743,2025-03-18,Jeans,Clothing,41,3,123,Olivia Wilson,Dallas,Credit Card,Cancelled
SYN001744,2025-04-02,Laptop,Electronics,791,3,2373,John Doe,Miami,Credit Card,Cancelled
SYN001745,2025-03-13,Running Shoes,Footwear,58,3,174,Emma Clark,New York,Debit Card,Cancelled
SYN001746,2025-03-14,Smartwatch,Electronics,137,3,411,David Lee,Boston,Gift Card,Pending
SYN001747,2025-02-24,Smartphone,Electronics,502,4,2008,Emily Johnson,Seattle,Amazon Pay,Completed
SYN001748,2025-02-19,Book,Books,15,2,30,David Lee,Boston,Amazon Pay,Pending
SYN001749,2025-03-30,Laptop,Electronics,847,1,847,Michael Brown,Los Angeles,Credit Card,Cancelled
SYN001750,2025-02-05,Smartphone,Electronics,498,1,498,Sophia Miller,Miami,Paypal,Completed
SYN001751,2025-03-30,Running Shoes,Footwear,63,5,315,Emma Clark,Los Angeles,Credit Card,Cancelled
SYN001752,2025-02-23,Smartwatch,Electronics,149,4,596,Chris White,New York,Debit Card,Cancelled
SYN001753,2025-03-16,Running Shoes,Footwear,58,5,290,Emma Clark,Miami,Debit Card,Completed
SYN001754,2025-03-02,T-Shirt,Clothing,20,1,20,Daniel Harris,New York,Credit Card,Completed
SYN001755,2025-02-06,Laptop,Electronics,771,3,2313,Emma Clark,Denver,Amazon Pay,Completed
SYN001756,2025-02-17,Laptop,Electronics,735,1,735,Emily Johnson,New York,Amazon Pay,Pending
SYN001757,2025-03-10,Book,Books,15,3,45,Emma Clark,San Francisco,Amazon Pay,Pending
SYN001758,2025-03-19,Washing Machine,Home Appliances,568,1,568,Emma Clark,Seattle,Debit Card,Pending
SYN001759,2025-09-26,Book,Books,16,1,16,Emily Johnson,Boston,Credit Card,Completed
SYN001760,2025-05-28,Smartphone,Electronics,506,3,1518,Emily Johnson,Chicago,Paypal,Completed
SYN001761,2025-02-21,T-Shirt,Clothing,21,2,42,David Lee,Dallas,Gift Card,Cancelled
SYN001762,2025-05-29,Refrigerator,Home Appliances,1272,2,2544,John Doe,Denver,Paypal,Completed
SYN001763,2025-02-10,Smartwatch,Electronics,158,2,316,Chris White,Miami,Paypal,Pending
SYN001764,2025-05-05,Running Shoes,Footwear,60,6,360,Jane Smith,Dallas,Paypal,Pending
SYN001765,2025-02-20,Smartphone,Electronics,498,3,1494,Jane Smith,Seattle,Debit Card,Cancelled
SYN001766,2025-03-17,Headphones,Electronics,108,2,216,Daniel Harris,Miami,Paypal,Pending
SYN001767,2025-02-20,Jeans,Clothing,39,5,195,Emily Johnson,New York,Debit Card,Pending
SYN001768,2025-02-21,Jeans,Clothing,38,2,76,Michael Brown,Los Angeles,Gift Card,Cancelled
SYN001769,2025-06-09,Smartphone,Electronics,497,3,1491,Emily Johnson,Chicago,Paypal,Completed
SYN001770,2025-03-22,Laptop,Electronics,848,3,2544,John Doe,Miami,Credit Card,Cancelled
SYN001771,2025-03-05,Jeans,Clothing,37,2,74,Daniel Harris,Chicago,Credit Card,Pending
SYN001772,2025-03-21,Running Shoes,Footwear,58,3,174,Olivia Wilson,Miami,Amazon Pay,Completed
SYN001773,2025-06-03,Running Shoes,Footwear,59,2,118,David Lee,Houston,Debit Card,Cancelled
SYN001774,2025-03-19,Smartphone,Electronics,473,2,946,John Doe,Miami,Paypal,Completed
SYN001775,2025-04-01,Book,Books,15,1,15,Olivia Wilson,New York,Debit Card,Cancelled
SYN001776,2025-03-13,Smartwatch,Electronics,142,2,284,Michael Brown,Denver,Paypal,Pending
SYN001777,2025-05-04,Headphones,Electronics,95,3,285,Chris White,Miami,Debit Card,Cancelled
SYN001778,2025-09-30,Smartwatch,Electronics,154,4,616,David Lee,Boston,Paypal,Completed
SYN001779,2025-03-29,Laptop,Electronics,808,3,2424,Jane Smith,New York,Paypal,Completed
SYN001780,2025-02-24,Washing Machine,Home Appliances,574,2,1148,Emily Johnson,Chicago,Gift Card,Cancelled
SYN001781,2025-02-23,T-Shirt,Clothing,19,1,19,Daniel Harris,New York,Credit Card,Completed
SYN001782,2025-03-24,Smartwatch,Electronics,160,5,800,Emily Johnson,Houston,Amazon Pay,Completed
SYN001783,2025-03-01,Smartphone,Electronics,457,3,1371,Chris White,Dallas,Credit Card,Completed
SYN001784,2025-03-08,T-Shirt,Clothing,20,3,60,Olivia Wilson,Chicago,Paypal,Pending
SYN001785,2025-03-25,Running Shoes,Footwear,59,3,177,Olivia Wilson,Miami,Amazon Pay,Completed
SYN001786,2025-11-25,Running Shoes,Footwear,57,1,57,David Lee,San Francisco,Credit Card,Pending
SYN001787,2025-03-14,Smartphone,Electronics,533,3,1599,Sophia Miller,Miami,Gift Card,Completed
SYN001788,2025-03-22,T-Shirt,Clothing,22,2,44,Daniel Harris,Miami,Debit Card,Cancelled
SYN001789,2025-02-22,Smartphone,Electronics,506,3,1518,Chris White,Dallas,Credit Card,Completed
SYN001790,2025-03-12,Smartphone,Electronics,471,1,471,Jane Smith,Chicago,Paypal,Cancelled
SYN001791,2025-09-29,Laptop,Electronics,817,5,4085,Olivia Wilson,San Francisco,Paypal,Completed
SYN001792,2025-02-23,Book,Books,16,3,48,Chris White,Boston,Gift Card,Cancelled
SYN001793,2025-02-12,Headphones,Electronics,97,3,291,Michael Brown,New York,Debit Card,Cancelled
SYN001794,2025-03-16,Book,Books,15,5,75,David Lee,San Francisco,Debit Card,Pending
SYN001795,2025-06-06,Refrigerator,Home Appliances,1218,5,6090,David Lee,Denver,Paypal,Cancelled
SYN001796,2025-02-25,Smartphone,Electronics,520,1,520,Emily Johnson,Denver,Amazon Pay,Completed
SYN001797,2025-03-29,Smartwatch,Electronics,158,5,790,Daniel Harris,Houston,Amazon Pay,Completed
SYN001798,2025-02-09,Laptop,Electronics,793,2,1586,Olivia Wilson,San Francisco,Paypal,Completed
SYN001799,2025-07-05,Smartphone,Electronics,453,5,2265,David Lee,Chicago,Gift Card,Pending
SYN001800,2025-02-19,Book,Books,14,1,14,Emma Clark,Houston,Credit Card,Pending
SYN001801,2025-03-27,Headphones,Electronics,104,2,208,Daniel Harris,Houston,Credit Card,Completed
SYN001802,2025-02-26,Laptop,Electronics,876,1,876,Emily Johnson,New York,Amazon Pay,Pending
SYN001803,2025-02-22,Refrigerator,Home Appliances,1257,1,1257,Olivia Wilson,Seattle,Paypal,Completed
SYN001804,2025-04-26,Running Shoes,Footwear,63,2,126,Chris White,Houston,Amazon Pay,Completed
SYN001805,2025-03-24,Smartwatch,Electronics,145,1,145,Emily Johnson,Seattle,Gift Card,Pending
SYN001806,2025-12-01,Smartphone,Electronics,462,1,462,Emily Johnson,San Francisco,Credit Card,Cancelled
SYN001807,2025-03-26,Jeans,Clothing,39,2,78,David Lee,Denver,Amazon Pay,Cancelled
SYN001808,2025-03-16,Washing Machine,Home Appliances,617,1,617,John Doe,Miami,Credit Card,Completed
SYN001809,2025-12-10,Running Shoes,Footwear,54,2,108,Michael Brown,Denver,Gift Card,Completed
SYN001810,2025-02-15,Laptop,Electronics,816,5,4080,Emily Johnson,Denver,Paypal,Completed
SYN001811,2025-03-09,Smartwatch,Electronics,153,2,306,David Lee,Chicago,Debit Card,Pending
SYN001812,2025-03-15,T-Shirt,Clothing,19,3,57,Olivia Wilson,Chicago,Paypal,Pending
SYN001813,2025-03-09,Jeans,Clothing,40,3,120,John Doe,Boston,Gift Card,Completed
SYN001814,2025-02-13,Book,Books,15,5,75,John Doe,Denver,Paypal,Pending
SYN001815,2025-02-26,Smartphone,Electronics,496,2,992,Daniel Harris,Miami,Credit Card,Cancelled
SYN001816,2025-02-18,Laptop,Electronics,821,4,3284,Jane Smith,Seattle,Amazon Pay,Pending
SYN001817,2025-12-07,Running Shoes,Footwear,63,1,63,David Lee,San Francisco,Credit Card,Pending
SYN001818,2025-03-30,Jeans,Clothing,40,5,200,David Lee,New York,Debit Card,Cancelled
SYN001819,2025-06-28,Smartphone,Electronics,521,5,2605,David Lee,Chicago,Gift Card,Pending
SYN001820,2025-02-01,Washing Machine,Home Appliances,595,4,2380,Michael Brown,New York,Paypal,Completed
SYN001821,2025-03-27,T-Shirt,Clothing,18,2,36,Chris White,Miami,Gift Card,Cancelled
SYN001822,2025-11-03,Headphones,Electronics,90,3,270,Michael Brown,Houston,Debit Card,Cancelled
SYN001823,2025-03-31,Washing Machine,Home Appliances,616,1,616,Emma Clark,Seattle,Debit Card,Pending
SYN001824,2025-02-25,Smartwatch,Electronics,149,5,745,Sophia Miller,San Francisco,Paypal,Pending
SYN001825,2025-05-29,Washing Machine,Home Appliances,577,2,1154,David Lee,Dallas,Gift Card,Cancelled
SYN001826,2025-02-24,Running Shoes,Footwear,68,2,136,Chris White,Houston,Paypal,Completed
SYN001827,2025-02-16,T-Shirt,Clothing,21,2,42,David Lee,Dallas,Gift Card,Cancelled
SYN001828,2025-02-19,Laptop,Electronics,881,5,4405,Jane Smith,Boston,Credit Card,Cancelled
SYN001829,2025-05-09,Running Shoes,Footwear,55,5,275,Jane Smith,Dallas,Paypal,Pending
SYN001830,2025-03-17,Jeans,Clothing,36,2,72,Sophia Miller,Dallas,Paypal,Completed
SYN001831,2025-03-12,Book,Books,14,5,70,David Lee,San Francisco,Debit Card,Pending
SYN001832,2025-03-30,Smartphone,Electronics,498,5,2490,Emma Clark,Miami,Gift Card,Completed
SYN001833,2025-03-16,Refrigerator,Home Appliances,1328,3,3984,Emma Clark,Los Angeles,Credit Card,Completed
SYN001834,2025-03-24,Jeans,Clothing,39,2,78,Chris White,Chicago,Credit Card,Completed
SYN001835,2025-04-04,Refrigerator,Home Appliances,1299,2,2598,Jane Smith,Dallas,Paypal,Cancelled
SYN001836,2025-02-12,Book,Books,15,1,15,Emma Clark,Houston,Gift Card,Cancelled
SYN001837,2025-03-06,Jeans,Clothing,40,4,160,Michael Brown,Dallas,Credit Card,Completed
SYN001838,2025-01-31,Laptop,Electronics,841,3,2523,Emma Clark,Denver,Amazon Pay,Completed
SYN001839,2025-03-01,Running Shoes,Footwear,55,1,55,Emma Clark,Houston,Credit Card,Pending
SYN001840,2025-03-02,Refrigerator,Home Appliances,1223,1,1223,Olivia Wilson,Seattle,Paypal,Completed
SYN001841,2025-03-16,Smartphone,Electronics,474,1,474,Jane Smith,Chicago,Paypal,Cancelled
SYN001842,2025-03-21,Book,Books,14,1,14,Michael Brown,Boston,Amazon Pay,Completed
SYN001843,2025-03-05,Washing Machine,Home Appliances,607,2,1214,Emily Johnson,Chicago,Gift Card,Cancelled
SYN001844,2025-02-22,Laptop,Electronics,844,1,844,Emily Johnson,New York,Amazon Pay,Pending
SYN001845,2025-11-05,Headphones,Electronics,102,3,306,Michael Brown,Houston,Debit Card,Cancelled
SYN001846,2025-02-17,Running Shoes,Footwear,62,2,124,Chris White,Houston,Paypal,Completed
SYN001847,2025-02-07,Headphones,Electronics,97,5,485,Emma Clark,Miami,Amazon Pay,Cancelled
SYN001848,2025-03-13,Running Shoes,Footwear,56,5,280,Emma Clark,Miami,Debit Card,Completed
SYN001849,2025-03-23,Book,Books,15,1,15,Michael Brown,Boston,Amazon Pay,Completed
SYN001850,2025-03-15,Headphones,Electronics,96,3,288,Jane Smith,Chicago,Amazon Pay,Cancelled
SYN001851,2025-04-06,Refrigerator,Home Appliances,1225,2,2450,Jane Smith,Dallas,Paypal,Cancelled
SYN001852,2025-03-19,Smartphone,Electronics,512,2,1024,Olivia Wilson,Boston,Paypal,Cancelled
SYN001853,2025-03-18,Book,Books,15,5,75,David Lee,San Francisco,Debit Card,Pending
SYN001854,2025-03-22,Book,Books,15,6,90,David Lee,San Francisco,Debit Card,Pending
SYN001855,2025-03-02,Smartphone,Electronics,524,3,1572,Jane Smith,Seattle,Debit Card,Cancelled
SYN001856,2025-02-10,Laptop,Electronics,819,5,4095,Emily Johnson,Denver,Paypal,Completed
SYN001857,2025-03-22,Laptop,Electronics,791,3,2373,Olivia Wilson,Chicago,Amazon Pay,Completed
SYN001858,2025-02-14,Jeans,Clothing,40,4,160,John Doe,San Francisco,Debit Card,Cancelled
SYN001859,2025-03-25,Book,Books,16,5,80,David Lee,Chicago,Amazon Pay,Pending
SYN001860,2025-04-09,Laptop,Electronics,783,1,783,Michael Brown,Los Angeles,Credit Card,Cancelled
SYN001861,2025-02-20,Book,Books,14,5,70,John Doe,Denver,Paypal,Pending
SYN001862,2025-02-05,T-Shirt,Clothing,19,5,95,Emma Clark,Denver,Paypal,Completed
SYN001863,2025-03-22,Smartwatch,Electronics,149,3,447,David Lee,Boston,Gift Card,Pending
SYN001864,2025-02-21,Smartwatch,Electronics,140,4,560,Chris White,New York,Debit Card,Cancelled
SYN001865,2025-03-06,Jeans,Clothing,43,4,172,Michael Brown,Dallas,Credit Card,Completed
SYN001866,2025-02-18,Jeans,Clothing,38,5,190,Jane Smith,Dallas,Debit Card,Pending
SYN001867,2025-03-01,Book,Books,15,1,15,Emma Clark,Houston,Credit Card,Pending
SYN001868,2025-03-17,T-Shirt,Clothing,21,3,63,Olivia Wilson,Chicago,Paypal,Pending
SYN001869,2025-03-31,Smartwatch,Electronics,154,2,308,Emma Clark,Boston,Debit Card,Completed
SYN001870,2025-02-20,Refrigerator,Home Appliances,1170,3,3510,John Doe,Dallas,Debit Card,Completed
SYN001871,2025-03-14,Laptop,Electronics,827,2,1654,Michael Brown,Denver,Paypal,Cancelled
SYN001872,2025-02-13,Running Shoes,Footwear,58,2,116,Chris White,Houston,Paypal,Completed
SYN001873,2025-03-20,T-Shirt,Clothing,20,2,40,Daniel Harris,Miami,Debit Card,Cancelled
SYN001874,2025-02-05,Laptop,Electronics,797,3,2391,Emma Clark,Denver,Amazon Pay,Completed
SYN001875,2025-03-21,Book,Books,14,1,14,David Lee,New York,Amazon Pay,Pending
SYN001876,2025-03-30,Refrigerator,Home Appliances,1203,5,6015,Olivia Wilson,Chicago,Gift Card,Pending
SYN001877,2025-02-15,Smartwatch,Electronics,149,2,298,Chris White,Miami,Paypal,Pending
SYN001878,2025-10-27,Smartwatch,Electronics,153,5,765,John Doe,Los Angeles,Credit Card,Cancelled
SYN001879,2025-05-04,Headphones,Electronics,93,3,279,Chris White,Miami,Debit Card,Cancelled
SYN001880,2025-08-07,Smartwatch,Electronics,154,3,462,Emily Johnson,New York,Debit Card,Cancelled
SYN001881,2025-02-23,T-Shirt,Clothing,20,3,60,Emma Clark,Dallas,Debit Card,Completed
SYN001882,2025-02-15,Running Shoes,Footwear,61,3,183,Olivia Wilson,Dallas,Credit Card,Pending
SYN001883,2025-03-18,Headphones,Electronics,103,2,206,Daniel Harris,Miami,Paypal,Pending
SYN001884,2025-02-18,Jeans,Clothing,43,4,172,John Doe,San Francisco,Debit Card,Cancelled
SYN001885,2025-02-17,Running Shoes,Footwear,65,4,260,Sophia Miller,San Francisco,Debit Card,Pending
SYN001886,2025-02-21,Jeans,Clothing,43,4,172,John Doe,Seattle,Amazon Pay,Pending
SYN001887,2025-12-08,Running Shoes,Footwear,60,2,120,Michael Brown,Denver,Gift Card,Completed
SYN001888,2025-10-04,Laptop,Electronics,853,5,4265,Olivia Wilson,San Francisco,Paypal,Completed
SYN001889,2025-05-09,T-Shirt,Clothing,21,2,42,Chris White,Denver,Debit Card,Cancelled
SYN001890,2025-02-05,Smartphone,Electronics,478,1,478,Sophia Miller,Miami,Paypal,Completed
SYN001891,2025-02-17,Washing Machine,Home Appliances,620,2,1240,Chris White,Seattle,Paypal,Cancelled
SYN001892,2025-02-12,Smartwatch,Electronics,152,4,608,Chris White,New York,Debit Card,Cancelled
SYN001893,2025-02-13,Laptop,Electronics,802,5,4010,Emily Johnson,Denver,Paypal,Completed
SYN001894,2025-12-04,Smartphone,Electronics,542,1,542,Sophia Miller,Denver,Credit Card,Cancelled
SYN001895,2025-03-18,Running Shoes,Footwear,61,3,183,Olivia Wilson,Miami,Amazon Pay,Completed
SYN001896,2025-11-09,Jeans,Clothing,39,1,39,Sophia Miller,New York,Gift Card,Cancelled
SYN001897,2025-03-14,Smartphone,Electronics,476,1,476,Jane Smith,Los Angeles,Debit Card,Cancelled
SYN001898,2025-02-22,Washing Machine,Home Appliances,618,5,3090,Michael Brown,Seattle,Debit Card,Completed
SYN001899,2025-10-09,Smartwatch,Electronics,159,5,795,David Lee,Boston,Paypal,Completed
SYN001900,2025-03-09,Running Shoes,Footwear,62,5,310,Emma Clark,Miami,Debit Card,Completed
SYN001901,2025-03-15,Smartphone,Electronics,529,1,529,David Lee,Miami,Gift Card,Pending
SYN001902,2025-03-02,Headphones,Electronics,102,1,102,David Lee,Houston,Debit Card,Cancelled
SYN001903,2025-02-16,Book,Books,14,1,14,Emma Clark,Houston,Credit Card,Pending
SYN001904,2025-03-24,Smartwatch,Electronics,161,1,161,Emily Johnson,Seattle,Gift Card,Pending
SYN001905,2025-02-24,Headphones,Electronics,106,1,106,Emily Johnson,Los Angeles,Credit Card,Completed
SYN001906,2025-08-03,Smartwatch,Electronics,155,2,310,Michael Brown,Seattle,Debit Card,Cancelled
SYN001907,2025-01-05,T-Shirt,Clothing,20,1,20,Emma Clark,New York,Amazon Pay,Completed
SYN001908,2025-02-22,Book,Books,16,3,48,Chris White,Boston,Gift Card,Cancelled
SYN001909,2025-02-23,Smartphone,Electronics,494,3,1482,Jane Smith,Seattle,Debit Card,Cancelled
SYN001910,2025-03-19,Laptop,Electronics,807,3,2421,John Doe,New York,Paypal,Pending
SYN001911,2025-03-12,Smartwatch,Electronics,140,4,560,Emma Clark,Houston,Paypal,Completed
SYN001912,2025-06-05,Washing Machine,Home Appliances,583,2,1166,David Lee,Dallas,Gift Card,Cancelled
SYN001913,2025-03-07,Smartwatch,Electronics,168,2,336,Daniel Harris,Houston,Paypal,Completed
SYN001914,2025-03-25,Jeans,Clothing,42,1,42,Sophia Miller,Dallas,Debit Card,Cancelled
SYN001915,2025-09-28,Smartphone,Electronics,493,3,1479,Olivia Wilson,Denver,Gift Card,Cancelled
SYN001916,2025-01-28,Headphones,Electronics,99,5,495,Emma Clark,Miami,Amazon Pay,Cancelled
SYN001917,2025-03-28,Smartphone,Electronics,506,1,506,John Doe,Houston,Gift Card,Pending
SYN001918,2025-03-27,Laptop,Electronics,771,4,3084,Emma Clark,Los Angeles,Credit Card,Completed
SYN001919,2025-08-06,T-Shirt,Clothing,18,3,54,Sophia Miller,Boston,Paypal,Completed
SYN001920,2025-09-30,Book,Books,16,1,16,Emily Johnson,Boston,Credit Card,Completed
SYN001921,2025-02-12,Washing Machine,Home Appliances,635,5,3175,Michael Brown,Seattle,Debit Card,Completed
SYN001922,2025-03-23,Running Shoes,Footwear,53,5,265,Emma Clark,Los Angeles,Credit Card,Cancelled
SYN001923,2025-04-01,Smartwatch,Electronics,155,3,465,Jane Smith,New York,Amazon Pay,Completed
SYN001924,2025-12-05,Washing Machine,Home Appliances,605,5,3025,Emma Clark,Miami,Amazon Pay,Pending
SYN001925,2025-02-22,Smartphone,Electronics,450,4,1800,Emma Clark,Chicago,Debit Card,Completed
SYN001926,2025-09-04,T-Shirt,Clothing,21,4,84,Emma Clark,Houston,Debit Card,Completed
SYN001927,2025-03-11,Laptop,Electronics,798,2,1596,Michael Brown,Denver,Paypal,Cancelled
SYN001928,2025-03-14,Running Shoes,Footwear,66,5,330,Emma Clark,Miami,Debit Card,Completed
SYN001929,2025-03-08,Smartphone,Electronics,451,3,1353,Sophia Miller,Miami,Gift Card,Completed
SYN001930,2025-03-24,Headphones,Electronics,99,3,297,Jane Smith,Chicago,Amazon Pay,Cancelled
SYN001931,2025-02-24,T-Shirt,Clothing,19,3,57,Emma Clark,Dallas,Debit Card,Completed
SYN001932,2025-03-17,T-Shirt,Clothing,19,1,19,John Doe,Dallas,Credit Card,Pending
SYN001933,2025-02-25,Washing Machine,Home Appliances,590,2,1180,Emily Johnson,Chicago,Gift Card,Cancelled
SYN001934,2025-05-28,Smartphone,Electronics,521,5,2605,Michael Brown,Houston,Paypal,Completed
SYN001935,2025-03-20,Running Shoes,Footwear,63,5,315,Emma Clark,Los Angeles,Credit Card,Cancelled
SYN001936,2025-02-25,Laptop,Electronics,713,3,2139,Chris White,Miami,Debit Card,Pending
SYN001937,2025-03-24,Jeans,Clothing,41,3,123,Olivia Wilson,Dallas,Credit Card,Cancelled
SYN001938,2025-09-27,Smartphone,Electronics,435,3,1305,Olivia Wilson,Denver,Gift Card,Cancelled
SYN001939,2025-03-18,Book,Books,15,3,45,Emma Clark,San Francisco,Amazon Pay,Pending
SYN001940,2025-07-03,T-Shirt,Clothing,20,1,20,Daniel Harris,New York,Amazon Pay,Pending
SYN001941,2025-07-09,Headphones,Electronics,104,4,416,Olivia Wilson,Seattle,Debit Card,Pending
SYN001942,2025-03-24,Washing Machine,Home Appliances,591,4,2364,Jane Smith,Los Angeles,Amazon Pay,Pending
SYN001943,2025-02-16,Smartphone,Electronics,504,1,504,Emily Johnson,Denver,Amazon Pay,Completed
SYN001944,2025-07-08,Smartphone,Electronics,490,5,2450,David Lee,Chicago,Gift Card,Pending
SYN001945,2025-02-26,Book,Books,15,4,60,Michael Brown,San Francisco,Credit Card,Completed
SYN001946,2025-03-20,Running Shoes,Footwear,56,5,280,Emma Clark,Los Angeles,Credit Card,Cancelled
SYN001947,2025-04-06,Refrigerator,Home Appliances,1146,2,2292,Jane Smith,Dallas,Paypal,Cancelled
SYN001948,2025-01-31,T-Shirt,Clothing,21,5,105,Emma Clark,Denver,Paypal,Completed
SYN001949,2025-06-07,Running Shoes,Footwear,57,2,114,David Lee,Houston,Debit Card,Cancelled
SYN001950,2025-02-24,Laptop,Electronics,812,1,812,Emma Clark,San Francisco,Gift Card,Pending
SYN001951,2025-03-10,T-Shirt,Clothing,20,2,40,Michael Brown,Chicago,Paypal,Pending
SYN001952,2025-03-20,Smartwatch,Electronics,147,4,588,Olivia Wilson,Miami,Paypal,Cancelled
SYN001953,2025-02-28,Jeans,Clothing,40,4,160,John Doe,Seattle,Amazon Pay,Pending
SYN001954,2025-03-19,Smartwatch,Electronics,144,5,720,Emily Johnson,Houston,Amazon Pay,Completed
SYN001955,2025-03-01,Refrigerator,Home Appliances,1247,4,4988,David Lee,Boston,Gift Card,Pending
SYN001956,2025-02-26,Smartphone,Electronics,462,4,1848,Emily Johnson,Seattle,Amazon Pay,Completed
SYN001957,2025-03-25,Smartwatch,Electronics,151,5,755,Emily Johnson,Houston,Amazon Pay,Completed
SYN001958,2025-02-13,Headphones,Electronics,105,3,315,David Lee,Houston,Paypal,Cancelled
SYN001959,2025-03-19,Smartwatch,Electronics,149,2,298,Emma Clark,Dallas,Credit Card,Completed
SYN001960,2025-05-31,Laptop,Electronics,832,1,832,Jane Smith,Los Angeles,Amazon Pay,Cancelled
SYN001961,2025-03-30,Book,Books,16,1,16,Olivia Wilson,New York,Debit Card,Cancelled
SYN001962,2025-03-02,Jeans,Clothing,39,2,78,Michael Brown,Los Angeles,Gift Card,Cancelled
SYN001963,2025-02-27,Smartphone,Electronics,511,3,1533,Chris White,Dallas,Credit Card,Completed
SYN001964,2025-03-08,Running Shoes,Footwear,63,3,189,Emma Clark,New York,Debit Card,Cancelled
SYN001965,2025-03-06,Laptop,Electronics,789,1,789,Emma Clark,San Francisco,Gift Card,Pending
SYN001966,2025-02-11,T-Shirt,Clothing,21,5,105,Olivia Wilson,Boston,Paypal,Completed
SYN001967,2025-03-22,Refrigerator,Home Appliances,1189,1,1189,Jane Smith,Miami,Paypal,Completed
SYN001968,2025-02-28,Book,Books,15,4,60,Michael Brown,San Francisco,Credit Card,Completed
SYN001969,2025-07-28,T-Shirt,Clothing,21,3,63,Sophia Miller,Boston,Paypal,Completed
SYN001970,2025-07-26,Smartphone,Electronics,475,3,1425,Sophia Miller,Denver,Credit Card,Pending
SYN001971,2025-03-03,Headphones,Electronics,103,2,206,Daniel Harris,Boston,Paypal,Pending
SYN001972,2025-09-27,Washing Machine,Home Appliances,569,3,1707,Emily Johnson,Dallas,Gift Card,Cancelled
SYN001973,2025-03-22,Washing Machine,Home Appliances,615,1,615,Emma Clark,Seattle,Debit Card,Pending
SYN001974,2025-02-25,Laptop,Electronics,809,3,2427,John Doe,San Francisco,Credit Card,Pending
SYN001975,2025-03-13,Smartphone,Electronics,474,3,1422,Sophia Miller,Miami,Gift Card,Completed
SYN001976,2025-02-16,Washing Machine,Home Appliances,601,2,1202,Chris White,Seattle,Paypal,Cancelled
SYN001977,2025-02-22,Book,Books,15,1,15,Emma Clark,Houston,Credit Card,Pending
SYN001978,2025-02-27,Jeans,Clothing,42,5,210,Emily Johnson,New York,Debit Card,Pending
SYN001979,2025-06-01,Laptop,Electronics,808,1,808,Jane Smith,Los Angeles,Amazon Pay,Cancelled
SYN001980,2025-09-27,Smartphone,Electronics,474,4,1896,Michael Brown,Seattle,Paypal,Pending
SYN001981,2025-02-28,Smartwatch,Electronics,147,1,147,John Doe,Seattle,Gift Card,Completed
SYN001982,2025-02-23,Washing Machine,Home Appliances,634,4,2536,Emma Clark,Houston,Gift Card,Cancelled
SYN001983,2025-02-20,Washing Machine,Home Appliances,598,1,598,Jane Smith,Dallas,Amazon Pay,Completed
SYN001984,2025-02-21,Headphones,Electronics,99,1,99,Emily Johnson,Los Angeles,Credit Card,Completed
SYN001985,2025-03-04,Refrigerator,Home Appliances,1247,1,1247,Olivia Wilson,Seattle,Paypal,Completed
SYN001986,2025-03-18,Refrigerator,Home Appliances,1284,4,5136,Jane Smith,Dallas,Gift Card,Cancelled
SYN001987,2025-03-20,T-Shirt,Clothing,20,1,20,John Doe,Dallas,Credit Card,Pending
SYN001988,2025-02-18,Running Shoes,Footwear,56,2,112,John Doe,Denver,Amazon Pay,Cancelled
SYN001989,2025-03-16,Running Shoes,Footwear,60,2,120,Emma Clark,Boston,Gift Card,Pending
SYN001990,2025-07-09,Headphones,Electronics,100,4,400,Olivia Wilson,Seattle,Debit Card,Pending
SYN001991,2025-02-22,Smartphone,Electronics,533,4,2132,Emily Johnson,Seattle,Amazon Pay,Completed
SYN001992,2025-02-24,Headphones,Electronics,96,3,288,Michael Brown,Chicago,Paypal,Cancelled
SYN001993,2025-03-24,Smartphone,Electronics,525,2,1050,John Doe,Miami,Paypal,Completed
SYN001994,2025-03-18,Refrigerator,Home Appliances,1191,4,4764,Jane Smith,Dallas,Gift Card,Cancelled
SYN001995,2025-03-06,Book,Books,14,4,56,Michael Brown,San Francisco,Credit Card,Completed
SYN001996,2025-02-19,Refrigerator,Home Appliances,1186,4,4744,Emily Johnson,Denver,Paypal,Pending
SYN001997,2025-12-06,Running Shoes,Footwear,65,1,65,David Lee,San Francisco,Credit Card,Pending
SYN001998,2025-02-18,Laptop,Electronics,802,1,802,Emily Johnson,New York,Amazon Pay,Pending
SYN001999,2025-04-02,Headphones,Electronics,95,3,285,Chris White,New York,Debit Card,Pending
SYN002000,2025-02-25,Smartwatch,Electronics,149,4,596,John Doe,Seattle,Credit Card,Completed
SYN002001,2025-02-12,Running Shoes,Footwear,57,1,57,Jane Smith,Houston,Gift Card,Cancelled
SYN002002,2025-07-05,Laptop,Electronics,788,3,2364,Daniel Harris,Houston,Credit Card,Pending
SYN002003,2025-03-10,Smartphone,Electronics,491,1,491,Jane Smith,Chicago,Paypal,Cancelled
SYN002004,2025-05-31,Smartphone,Electronics,502,4,2008,Emma Clark,Houston,Credit Card,Completed
SYN002005,2025-08-08,Book,Books,14,1,14,Jane Smith,Miami,Amazon Pay,Cancelled
SYN002006,2025-03-20,Smartwatch,Electronics,148,3,444,Sophia Miller,San Francisco,Debit Card,Completed
SYN002007,2025-12-02,Running Shoes,Footwear,60,1,60,David Lee,San Francisco,Credit Card,Pending
SYN002008,2025-01-29,T-Shirt,Clothing,18,5,90,Emma Clark,Denver,Paypal,Completed
SYN002009,2025-03-15,Jeans,Clothing,40,5,200,Michael Brown,New York,Paypal,Completed
SYN002010,2025-03-25,Smartwatch,Electronics,151,1,151,Chris White,Houston,Debit Card,Pending
SYN002011,2025-03-30,Washing Machine,Home Appliances,627,3,1881,Michael Brown,Miami,Credit Card,Cancelled
SYN002012,2025-03-08,Running Shoes,Footwear,62,2,124,David Lee,Los Angeles,Debit Card,Cancelled
SYN002013,2025-02-22,Book,Books,14,3,42,Chris White,Boston,Gift Card,Cancelled
SYN002014,2025-01-30,Smartphone,Electronics,485,1,485,Sophia Miller,Miami,Paypal,Completed
SYN002015,2025-04-29,Headphones,Electronics,98,3,294,Chris White,Miami,Debit Card,Cancelled
SYN002016,2025-02-20,Washing Machine,Home Appliances,584,1,584,Olivia Wilson,Boston,Debit Card,Cancelled
SYN002017,2025-04-02,T-Shirt,Clothing,20,2,40,Chris White,Miami,Gift Card,Cancelled
SYN002018,2025-04-02,Book,Books,15,1,15,Olivia Wilson,New York,Debit Card,Cancelled
SYN002019,2025-02-26,Running Shoes,Footwear,56,3,168,Olivia Wilson,Dallas,Credit Card,Pending
SYN002020,2025-03-28,Book,Books,14,5,70,David Lee,Chicago,Amazon Pay,Pending
SYN002021,2025-10-01,T-Shirt,Clothing,18,1,18,Olivia Wilson,Miami,Credit Card,Pending
SYN002022,2025-10-04,Smartphone,Electronics,498,4,1992,Michael Brown,Seattle,Paypal,Pending
SYN002023,2025-02-13,Refrigerator,Home Appliances,1164,4,4656,Emily Johnson,Denver,Paypal,Pending
SYN002024,2025-02-17,Smartphone,Electronics,467,5,2335,Emily Johnson,Miami,Credit Card,Cancelled
SYN002025,2025-02-21,Jeans,Clothing,43,5,215,Jane Smith,Dallas,Debit Card,Pending
SYN002026,2025-02-22,Smartphone,Electronics,460,1,460,John Doe,Dallas,Gift Card,Pending
SYN002027,2025-09-09,Smartwatch,Electronics,136,1,136,John Doe,Denver,Gift Card,Pending
SYN002028,2025-02-15,Smartwatch,Electronics,156,4,624,John Doe,Seattle,Credit Card,Completed
SYN002029,2025-02-11,T-Shirt,Clothing,20,5,100,Emma Clark,Denver,Paypal,Completed
SYN002030,2025-02-18,Headphones,Electronics,102,3,306,David Lee,Houston,Paypal,Cancelled
SYN002031,2025-03-11,Smartphone,Electronics,469,2,938,Olivia Wilson,Boston,Paypal,Cancelled
SYN002032,2025-02-08,Refrigerator,Home Appliances,1321,4,5284,Emily Johnson,Denver,Paypal,Pending
SYN002033,2025-03-20,Smartphone,Electronics,468,1,468,Jane Smith,Los Angeles,Debit Card,Cancelled
SYN002034,2025-03-23,Smartwatch,Electronics,156,2,312,Emma Clark,Los Angeles,Gift Card,Cancelled
SYN002035,2025-03-21,Laptop,Electronics,799,3,2397,Olivia Wilson,Chicago,Amazon Pay,Completed
SYN002036,2025-03-12,Smartphone,Electronics,510,3,1530,Sophia Miller,Miami,Gift Card,Completed
SYN002037,2025-03-12,Smartwatch,Electronics,139,2,278,Olivia Wilson,Miami,Debit Card,Completed
SYN002038,2025-03-22,T-Shirt,Clothing,18,2,36,Chris White,Miami,Gift Card,Cancelled
SYN002039,2025-02-22,Washing Machine,Home Appliances,595,2,1190,Chris White,Seattle,Paypal,Cancelled
SYN002040,2025-03-21,T-Shirt,Clothing,19,1,19,Chris White,Dallas,Debit Card,Completed
SYN002041,2025-11-09,Headphones,Electronics,99,3,297,Michael Brown,Houston,Debit Card,Cancelled
SYN002042,2025-02-26,Running Shoes,Footwear,58,2,116,David Lee,Los Angeles,Debit Card,Cancelled
SYN002043,2025-04-04,Smartphone,Electronics,497,5,2485,Emma Clark,Miami,Gift Card,Completed
SYN002044,2025-02-22,Jeans,Clothing,45,2,90,Michael Brown,Los Angeles,Gift Card,Cancelled
SYN002045,2025-05-09,Running Shoes,Footwear,57,4,228,Chris White,Chicago,Amazon Pay,Completed
SYN002046,2025-03-23,Running Shoes,Footwear,58,3,174,Michael Brown,New York,Gift Card,Pending
SYN002047,2025-03-28,Smartwatch,Electronics,152,1,152,Chris White,Houston,Debit Card,Pending
SYN002048,2025-02-14,Refrigerator,Home Appliances,1082,4,4328,Emily Johnson,Denver,Paypal,Pending
SYN002049,2025-02-19,Smartphone,Electronics,492,3,1476,Chris White,Dallas,Credit Card,Completed
SYN002050,2025-03-05,Headphones,Electronics,96,2,192,David Lee,Houston,Paypal,Completed
SYN002051,2025-10-07,Smartwatch,Electronics,154,3,462,Michael Brown,Denver,Debit Card,Completed
SYN002052,2025-02-08,T-Shirt,Clothing,21,5,105,Emma Clark,Denver,Paypal,Completed
SYN002053,2025-03-18,T-Shirt,Clothing,20,1,20,John Doe,Dallas,Credit Card,Pending
SYN002054,2025-10-07,Headphones,Electronics,98,5,490,John Doe,Houston,Amazon Pay,Completed
SYN002055,2025-03-20,Refrigerator,Home Appliances,1197,3,3591,Emma Clark,Los Angeles,Credit Card,Completed
SYN002056,2025-02-17,Laptop,Electronics,730,3,2190,John Doe,San Francisco,Credit Card,Pending
SYN002057,2025-03-10,T-Shirt,Clothing,20,3,60,Olivia Wilson,Chicago,Paypal,Pending
SYN002058,2025-02-15,Smartwatch,Electronics,161,2,322,Chris White,Miami,Paypal,Pending
SYN002059,2025-02-09,Running Shoes,Footwear,60,1,60,Jane Smith,Houston,Gift Card,Cancelled
SYN002060,2025-02-19,Washing Machine,Home Appliances,586,5,2930,Michael Brown,Seattle,Debit Card,Completed
SYN002061,2025-10-02,T-Shirt,Clothing,22,1,22,Olivia Wilson,Miami,Credit Card,Pending
SYN002062,2025-06-27,T-Shirt,Clothing,20,1,20,Daniel Harris,New York,Amazon Pay,Pending
SYN002063,2025-09-26,Smartwatch,Electronics,150,3,450,Michael Brown,Denver,Debit Card,Completed
SYN002064,2025-03-13,Smartwatch,Electronics,144,3,432,Sophia Miller,San Francisco,Debit Card,Completed
SYN002065,2025-02-22,Laptop,Electronics,817,5,4085,Jane Smith,Boston,Credit Card,Cancelled
SYN002066,2025-03-15,Running Shoes,Footwear,56,3,168,Emma Clark,San Francisco,Credit Card,Pending
SYN002067,2025-02-19,Running Shoes,Footwear,58,2,116,John Doe,Denver,Amazon Pay,Cancelled
SYN002068,2025-04-03,Smartphone,Electronics,512,5,2560,Emma Clark,Miami,Gift Card,Completed
SYN002069,2025-02-28,Smartphone,Electronics,480,2,960,David Lee,Boston,Paypal,Pending
SYN002070,2025-02-25,Refrigerator,Home Appliances,1059,1,1059,Olivia Wilson,Seattle,Paypal,Completed
SYN002071,2025-03-13,T-Shirt,Clothing,19,3,57,Olivia Wilson,Chicago,Paypal,Pending
SYN002072,2025-02-27,Laptop,Electronics,752,1,752,Emma Clark,San Francisco,Gift Card,Pending
SYN002073,2025-04-04,Headphones,Electronics,89,3,267,Chris White,New York,Debit Card,Pending
SYN002074,2025-07-10,Headphones,Electronics,104,4,416,Olivia Wilson,Seattle,Debit Card,Pending
SYN002075,2025-03-29,Headphones,Electronics,95,4,380,Daniel Harris,Seattle,Debit Card,Pending
SYN002076,2025-03-25,Washing Machine,Home Appliances,664,4,2656,Jane Smith,Los Angeles,Amazon Pay,Pending
SYN002077,2025-02-19,Running Shoes,Footwear,59,1,59,Sophia Miller,Houston,Paypal,Completed
SYN002078,2025-09-25,Smartwatch,Electronics,151,3,453,Michael Brown,Denver,Debit Card,Completed
SYN002079,2025-10-09,Smartphone,Electronics,503,3,1509,Olivia Wilson,Denver,Gift Card,Cancelled
SYN002080,2025-04-04,Washing Machine,Home Appliances,652,3,1956,Michael Brown,Miami,Credit Card,Cancelled
SYN002081,2025-01-27,Refrigerator,Home Appliances,1212,3,3636,John Doe,Miami,Paypal,Completed
SYN002082,2025-06-02,Smartphone,Electronics,562,3,1686,Emily Johnson,Chicago,Paypal,Completed
SYN002083,2025-02-13,Refrigerator,Home Appliances,1135,4,4540,Emily Johnson,Denver,Paypal,Pending
SYN002084,2025-02-09,T-Shirt,Clothing,20,5,100,Emma Clark,Denver,Paypal,Completed
SYN002085,2025-04-05,Headphones,Electronics,97,4,388,Jane Smith,San Francisco,Amazon Pay,Pending
SYN002086,2025-02-23,Laptop,Electronics,775,1,775,Emma Clark,San Francisco,Gift Card,Pending
SYN002087,2025-01-06,Headphones,Electronics,102,2,204,John Doe,Denver,Debit Card,Completed
SYN002088,2025-05-04,Running Shoes,Footwear,64,4,256,Chris White,Chicago,Amazon Pay,Completed
SYN002089,2025-02-19,Headphones,Electronics,105,2,210,Daniel Harris,Boston,Paypal,Pending
SYN002090,2024-12-29,Headphones,Electronics,96,2,192,John Doe,Denver,Debit Card,Completed
SYN002091,2025-03-27,Smartwatch,Electronics,140,5,700,Emily Johnson,Houston,Amazon Pay,Completed
SYN002092,2025-03-13,Smartphone,Electronics,481,2,962,Olivia Wilson,Boston,Paypal,Cancelled
SYN002093,2025-05-30,Laptop,Electronics,797,1,797,Jane Smith,Los Angeles,Amazon Pay,Cancelled
SYN002094,2025-03-01,Jeans,Clothing,38,5,190,Emily Johnson,New York,Debit Card,Pending
SYN002095,2025-03-11,Book,Books,15,5,75,David Lee,San Francisco,Credit Card,Pending
SYN002096,2025-01-28,Laptop,Electronics,749,3,2247,Emma Clark,Denver,Amazon Pay,Completed
SYN002097,2025-02-28,Book,Books,16,3,48,Chris White,Boston,Gift Card,Cancelled
SYN002098,2025-02-21,Book,Books,15,1,15,John Doe,Boston,Amazon Pay,Completed
SYN002099,2025-02-24,Smartwatch,Electronics,150,4,600,Emily Johnson,Houston,Debit Card,Completed
SYN002100,2025-02-26,Laptop,Electronics,837,3,2511,John Doe,San Francisco,Credit Card,Pending
SYN002101,2025-02-26,Smartphone,Electronics,521,2,1042,David Lee,Boston,Paypal,Pending
SYN002102,2025-03-25,Laptop,Electronics,716,3,2148,John Doe,Miami,Credit Card,Cancelled
SYN002103,2025-03-14,Book,Books,16,5,80,David Lee,San Francisco,Debit Card,Pending
SYN002104,2025-04-03,Laptop,Electronics,761,3,2283,John Doe,Miami,Credit Card,Cancelled
SYN002105,2025-03-01,Washing Machine,Home Appliances,572,1,572,Jane Smith,Dallas,Amazon Pay,Completed
SYN002106,2025-04-10,Refrigerator,Home Appliances,1220,3,3660,David Lee,Boston,Gift Card,Completed
SYN002107,2025-05-31,Smartphone,Electronics,480,5,2400,Michael Brown,Houston,Paypal,Completed
SYN002108,2025-02-20,Headphones,Electronics,99,3,297,David Lee,Houston,Paypal,Cancelled
SYN002109,2025-05-01,Refrigerator,Home Appliances,1156,4,4624,Sophia Miller,Seattle,Credit Card,Pending
SYN002110,2025-03-02,Smartphone,Electronics,486,2,972,David Lee,Boston,Paypal,Pending
SYN002111,2025-03-18,T-Shirt,Clothing,19,2,38,Michael Brown,Chicago,Paypal,Pending
SYN002112,2025-04-01,Headphones,Electronics,100,4,400,Jane Smith,San Francisco,Amazon Pay,Pending
SYN002113,2025-03-23,Headphones,Electronics,93,2,186,Daniel Harris,Houston,Credit Card,Completed
SYN002114,2025-04-03,Jeans,Clothing,41,5,205,Daniel Harris,Dallas,Paypal,Completed
SYN002115,2025-08-09,Smartwatch,Electronics,140,2,280,Michael Brown,Seattle,Debit Card,Cancelled
SYN002116,2025-10-30,Refrigerator,Home Appliances,1237,1,1237,Jane Smith,New York,Paypal,Cancelled
SYN002117,2025-03-27,Laptop,Electronics,752,4,3008,Emma Clark,Los Angeles,Credit Card,Completed
SYN002118,2025-02-24,Headphones,Electronics,101,1,101,David Lee,Houston,Debit Card,Cancelled
SYN002119,2025-08-03,T-Shirt,Clothing,20,4,80,Jane Smith,Denver,Credit Card,Pending
SYN002120,2025-09-07,Refrigerator,Home Appliances,1171,2,2342,Sophia Miller,Boston,Paypal,Cancelled
SYN002121,2025-02-24,Smartwatch,Electronics,150,5,750,Sophia Miller,San Francisco,Paypal,Pending
SYN002122,2025-02-27,Jeans,Clothing,41,4,164,John Doe,San Francisco,Debit Card,Cancelled
SYN002123,2025-03-25,Smartwatch,Electronics,146,3,438,Sophia Miller,San Francisco,Debit Card,Completed
SYN002124,2025-08-04,Book,Books,15,1,15,Jane Smith,Miami,Amazon Pay,Cancelled
SYN002125,2025-07-09,Running Shoes,Footwear,60,1,60,Emma Clark,Houston,Paypal,Completed
SYN002126,2025-03-30,Washing Machine,Home Appliances,607,4,2428,Chris White,Houston,Credit Card,Pending
SYN002127,2025-03-21,Refrigerator,Home Appliances,1227,1,1227,Daniel Harris,Dallas,Paypal,Completed
SYN002128,2025-03-30,Headphones,Electronics,106,3,318,Chris White,New York,Debit Card,Pending
SYN002129,2025-03-18,Smartwatch,Electronics,149,2,298,Emma Clark,Los Angeles,Gift Card,Cancelled
SYN002130,2025-02-23,Running Shoes,Footwear,59,1,59,David Lee,Boston,Paypal,Cancelled
SYN002131,2025-09-25,T-Shirt,Clothing,20,1,20,Olivia Wilson,Miami,Credit Card,Pending
SYN002132,2025-02-25,Refrigerator,Home Appliances,1151,3,3453,John Doe,Dallas,Debit Card,Completed
SYN002133,2025-03-11,Jeans,Clothing,40,3,120,John Doe,Boston,Gift Card,Completed
SYN002134,2025-10-06,Headphones,Electronics,100,5,500,John Doe,Houston,Amazon Pay,Completed
SYN002135,2025-09-25,Smartphone,Electronics,498,2,996,Michael Brown,Los Angeles,Amazon Pay,Completed
SYN002136,2025-02-26,Laptop,Electronics,800,3,2400,John Doe,San Francisco,Credit Card,Pending
SYN002137,2025-07-08,T-Shirt,Clothing,19,1,19,Daniel Harris,New York,Amazon Pay,Pending
SYN002138,2025-03-19,Smartwatch,Electronics,152,2,304,Michael Brown,Denver,Paypal,Pending
SYN002139,2025-07-27,Smartphone,Electronics,493,5,2465,Chris White,Boston,Gift Card,Pending
SYN002140,2025-09-09,T-Shirt,Clothing,21,4,84,Emma Clark,Houston,Debit Card,Completed
SYN002141,2025-03-26,Smartwatch,Electronics,147,2,294,Emma Clark,Dallas,Credit Card,Completed
SYN002142,2025-11-04,T-Shirt,Clothing,20,5,100,Jane Smith,Denver,Amazon Pay,Completed
SYN002143,2025-03-22,Refrigerator,Home Appliances,1115,3,3345,Daniel Harris,New York,Credit Card,Pending
SYN002144,2025-05-06,T-Shirt,Clothing,21,2,42,Chris White,Denver,Debit Card,Cancelled
SYN002145,2025-06-05,Refrigerator,Home Appliances,1211,5,6055,David Lee,Denver,Paypal,Cancelled
SYN002146,2025-01-30,Refrigerator,Home Appliances,1069,3,3207,John Doe,Miami,Paypal,Completed
SYN002147,2025-02-18,Running Shoes,Footwear,64,2,128,John Doe,Denver,Amazon Pay,Cancelled
SYN002148,2025-05-27,Refrigerator,Home Appliances,1208,2,2416,John Doe,Denver,Paypal,Completed
SYN002149,2025-03-16,T-Shirt,Clothing,20,1,20,John Doe,Dallas,Credit Card,Pending
SYN002150,2025-03-30,Refrigerator,Home Appliances,1226,1,1226,Daniel Harris,Dallas,Paypal,Completed
SYN002151,2025-08-08,T-Shirt,Clothing,19,4,76,Jane Smith,Denver,Credit Card,Pending
SYN002152,2025-03-21,Jeans,Clothing,38,2,76,David Lee,Denver,Amazon Pay,Cancelled
SYN002153,2025-04-05,Jeans,Clothing,39,1,39,Sophia Miller,Dallas,Debit Card,Cancelled
SYN002154,2025-11-02,Refrigerator,Home Appliances,1233,1,1233,Jane Smith,New York,Paypal,Cancelled
SYN002155,2025-03-13,Smartphone,Electronics,489,1,489,David Lee,Miami,Gift Card,Pending
SYN002156,2025-02-21,Running Shoes,Footwear,57,1,57,Sophia Miller,Houston,Paypal,Completed
SYN002157,2025-09-30,Smartwatch,Electronics,145,3,435,Michael Brown,Denver,Debit Card,Completed
SYN002158,2025-02-25,Book,Books,15,1,15,Emma Clark,Houston,Credit Card,Pending
SYN002159,2025-04-05,Laptop,Electronics,828,4,3312,Emma Clark,Los Angeles,Credit Card,Completed
SYN002160,2025-10-06,Washing Machine,Home Appliances,631,3,1893,Emily Johnson,Dallas,Gift Card,Cancelled
SYN002161,2025-03-23,Smartwatch,Electronics,148,4,592,Emma Clark,Houston,Paypal,Completed
SYN002162,2025-03-08,Refrigerator,Home Appliances,1241,3,3723,Daniel Harris,New York,Credit Card,Pending
SYN002163,2025-02-24,Smartwatch,Electronics,149,5,745,Sophia Miller,San Francisco,Paypal,Pending
SYN002164,2025-10-01,Book,Books,16,1,16,Emily Johnson,Boston,Credit Card,Completed
SYN002165,2025-02-19,Running Shoes,Footwear,61,1,61,Sophia Miller,Houston,Paypal,Completed
SYN002166,2025-03-31,Jeans,Clothing,38,2,76,David Lee,Denver,Amazon Pay,Cancelled
SYN002167,2025-02-14,Washing Machine,Home Appliances,588,5,2940,Michael Brown,Seattle,Debit Card,Completed
SYN002168,2025-02-19,Smartphone,Electronics,495,3,1485,Jane Smith,Seattle,Debit Card,Cancelled
SYN002169,2025-07-29,Running Shoes,Footwear,63,5,315,Jane Smith,Miami,Gift Card,Pending
SYN002170,2025-03-26,Smartwatch,Electronics,160,2,320,Emily Johnson,Dallas,Paypal,Cancelled
SYN002171,2025-02-05,Laptop,Electronics,848,2,1696,Olivia Wilson,San Francisco,Paypal,Completed
SYN002172,2025-03-01,Smartwatch,Electronics,154,1,154,John Doe,Seattle,Gift Card,Completed
SYN002173,2025-03-18,Jeans,Clothing,44,1,44,Jane Smith,Boston,Debit Card,Pending
SYN002174,2025-03-01,Headphones,Electronics,99,1,99,Emily Johnson,Los Angeles,Credit Card,Completed
SYN002175,2025-02-24,Washing Machine,Home Appliances,593,2,1186,Emily Johnson,Chicago,Gift Card,Cancelled
SYN002176,2025-03-07,Refrigerator,Home Appliances,1198,3,3594,Emma Clark,Los Angeles,Credit Card,Completed
SYN002177,2025-04-02,Washing Machine,Home Appliances,608,3,1824,Michael Brown,Miami,Credit Card,Cancelled
SYN002178,2025-04-02,Headphones,Electronics,98,4,392,Jane Smith,San Francisco,Amazon Pay,Pending
SYN002179,2025-08-06,T-Shirt,Clothing,20,3,60,Sophia Miller,Boston,Paypal,Completed
SYN002180,2025-04-02,Washing Machine,Home Appliances,608,4,2432,Chris White,Houston,Credit Card,Pending
SYN002181,2025-03-17,Smartwatch,Electronics,156,5,780,Daniel Harris,Houston,Amazon Pay,Completed
SYN002182,2025-02-20,Jeans,Clothing,43,5,215,Emily Johnson,New York,Debit Card,Pending
SYN002183,2025-03-13,Headphones,Electronics,96,2,192,Daniel Harris,Miami,Paypal,Pending
SYN002184,2025-06-05,Smartphone,Electronics,517,5,2585,Michael Brown,Houston,Paypal,Completed
SYN002185,2025-03-26,Refrigerator,Home Appliances,1123,1,1123,Daniel Harris,Dallas,Paypal,Completed
SYN002186,2025-03-22,Headphones,Electronics,104,1,104,Olivia Wilson,Denver,Paypal,Completed
SYN002187,2025-02-12,T-Shirt,Clothing,20,2,40,David Lee,Dallas,Gift Card,Cancelled
SYN002188,2025-03-18,Washing Machine,Home Appliances,646,1,646,Emma Clark,Seattle,Debit Card,Pending
SYN002189,2025-03-08,Running Shoes,Footwear,59,5,295,Emma Clark,Miami,Debit Card,Completed
SYN002190,2025-03-01,Headphones,Electronics,102,3,306,Michael Brown,Chicago,Paypal,Cancelled
SYN002191,2025-03-28,Headphones,Electronics,102,3,306,Sophia Miller,Dallas,Gift Card,Pending
SYN002192,2025-02-23,Smartphone,Electronics,520,1,520,Emily Johnson,Denver,Amazon Pay,Completed
SYN002193,2025-03-23,Smartwatch,Electronics,143,4,572,Olivia Wilson,Miami,Paypal,Cancelled
SYN002194,2025-05-30,Smartphone,Electronics,457,5,2285,Michael Brown,Houston,Paypal,Completed
SYN002195,2025-04-03,Headphones,Electronics,97,4,388,Jane Smith,San Francisco,Amazon Pay,Pending
SYN002196,2025-07-03,Headphones,Electronics,105,4,420,Olivia Wilson,Seattle,Debit Card,Pending
SYN002197,2025-12-07,Washing Machine,Home Appliances,616,5,3080,Emma Clark,Miami,Amazon Pay,Pending
SYN002198,2025-02-27,Book,Books,16,1,16,Jane Smith,Miami,Credit Card,Cancelled
SYN002199,2025-03-03,Headphones,Electronics,109,1,109,Jane Smith,Chicago,Amazon Pay,Completed
SYN002200,2025-04-01,Headphones,Electronics,100,3,300,Chris White,New York,Debit Card,Pending
SYN002201,2025-03-24,Washing Machine,Home Appliances,574,1,574,Emma Clark,Seattle,Debit Card,Pending
SYN002202,2025-03-16,Smartwatch,Electronics,150,4,600,Olivia Wilson,Miami,Paypal,Cancelled
SYN002203,2025-03-19,Headphones,Electronics,97,2,194,Daniel Harris,Miami,Paypal,Pending
SYN002204,2025-02-22,Book,Books,14,1,14,Jane Smith,Miami,Credit Card,Cancelled
SYN002205,2025-11-01,Headphones,Electronics,99,3,297,Michael Brown,Houston,Debit Card,Cancelled
SYN002206,2025-11-28,Running Shoes,Footwear,61,2,122,Michael Brown,Denver,Gift Card,Completed
SYN002207,2025-03-30,Book,Books,15,1,15,Michael Brown,Boston,Amazon Pay,Completed
SYN002208,2025-04-03,Jeans,Clothing,43,5,215,Daniel Harris,Dallas,Paypal,Completed
SYN002209,2025-02-15,Smartphone,Electronics,491,2,982,Daniel Harris,Miami,Credit Card,Cancelled
SYN002210,2025-08-07,Book,Books,15,4,60,Daniel Harris,Chicago,Gift Card,Cancelled
SYN002211,2025-12-08,Smartphone,Electronics,456,1,456,Sophia Miller,Denver,Credit Card,Cancelled
SYN002212,2025-11-06,T-Shirt,Clothing,19,5,95,Jane Smith,Denver,Amazon Pay,Completed
SYN002213,2025-03-30,Jeans,Clothing,40,1,40,Sophia Miller,Dallas,Debit Card,Cancelled
SYN002214,2025-02-27,Washing Machine,Home Appliances,604,1,604,Jane Smith,Dallas,Amazon Pay,Completed
SYN002215,2025-03-07,Laptop,Electronics,817,3,2451,John Doe,New York,Paypal,Pending
SYN002216,2025-04-01,Book,Books,15,1,15,Michael Brown,Boston,Amazon Pay,Completed
SYN002217,2025-03-14,Jeans,Clothing,40,5,200,Michael Brown,New York,Paypal,Completed
SYN002218,2025-03-21,Smartwatch,Electronics,150,5,750,John Doe,Denver,Credit Card,Pending
SYN002219,2025-12-05,Smartphone,Electronics,490,1,490,Sophia Miller,Denver,Credit Card,Cancelled
SYN002220,2025-03-16,Smartphone,Electronics,493,2,986,Olivia Wilson,Boston,Paypal,Cancelled
SYN002221,2025-09-04,T-Shirt,Clothing,20,4,80,Emma Clark,Houston,Debit Card,Completed
SYN002222,2025-11-26,Washing Machine,Home Appliances,559,5,2795,Emma Clark,Miami,Amazon Pay,Pending
SYN002223,2025-02-08,Running Shoes,Footwear,60,2,120,John Doe,Denver,Amazon Pay,Cancelled
SYN002224,2025-03-09,Smartwatch,Electronics,147,4,588,Olivia Wilson,Miami,Paypal,Cancelled
SYN002225,2025-02-24,Smartphone,Electronics,485,4,1940,Emily Johnson,Seattle,Amazon Pay,Completed
SYN002226,2025-03-28,Laptop,Electronics,783,1,783,Michael Brown,Los Angeles,Credit Card,Cancelled
SYN002227,2025-11-26,Running Shoes,Footwear,64,1,64,David Lee,San Francisco,Credit Card,Pending
SYN002228,2025-03-15,Jeans,Clothing,41,1,41,Jane Smith,Boston,Debit Card,Pending
SYN002229,2025-03-02,Book,Books,15,4,60,Michael Brown,San Francisco,Credit Card,Completed
SYN002230,2025-01-28,Headphones,Electronics,97,5,485,Emma Clark,Miami,Amazon Pay,Cancelled
SYN002231,2025-03-01,Headphones,Electronics,101,3,303,Michael Brown,Chicago,Paypal,Cancelled
SYN002232,2025-03-18,Laptop,Electronics,821,3,2463,Jane Smith,New York,Paypal,Completed
SYN002233,2025-07-07,Refrigerator,Home Appliances,1254,4,5016,Olivia Wilson,Houston,Credit Card,Pending
SYN002234,2025-02-23,Book,Books,15,5,75,John Doe,Denver,Paypal,Pending
SYN002235,2025-03-24,Running Shoes,Footwear,59,3,177,Michael Brown,New York,Gift Card,Pending
SYN002236,2025-03-06,Smartphone,Electronics,499,1,499,Jane Smith,Chicago,Paypal,Cancelled
SYN002237,2025-03-14,Smartwatch,Electronics,160,3,480,David Lee,Boston,Gift Card,Pending
SYN002238,2025-03-30,Refrigerator,Home Appliances,1151,1,1151,Daniel Harris,Dallas,Paypal,Completed
SYN002239,2025-03-07,Refrigerator,Home Appliances,1190,3,3570,Emma Clark,Los Angeles,Credit Card,Completed
SYN002240,2025-01-05,Laptop,Electronics,821,2,1642,Daniel Harris,San Francisco,Gift Card,Pending
SYN002241,2025-03-01,Book,Books,17,4,68,Michael Brown,San Francisco,Credit Card,Completed
SYN002242,2025-02-05,T-Shirt,Clothing,20,5,100,Jane Smith,New York,Credit Card,Pending
SYN002243,2025-02-18,Book,Books,15,1,15,John Doe,Boston,Amazon Pay,Completed
SYN002244,2025-03-19,Headphones,Electronics,97,2,194,Daniel Harris,Houston,Credit Card,Completed
SYN002245,2025-03-01,Jeans,Clothing,36,4,144,Jane Smith,Dallas,Debit Card,Pending
SYN002246,2025-04-08,Laptop,Electronics,781,1,781,Michael Brown,Los Angeles,Credit Card,Cancelled
SYN002247,2025-03-12,Smartwatch,Electronics,160,2,320,Olivia Wilson,Miami,Debit Card,Completed
SYN002248,2025-03-06,Jeans,Clothing,40,4,160,John Doe,Seattle,Amazon Pay,Pending
SYN002249,2025-03-28,Running Shoes,Footwear,59,3,177,Olivia Wilson,Miami,Amazon Pay,Completed
SYN002250,2025-03-13,Laptop,Electronics,778,2,1556,Michael Brown,Denver,Paypal,Cancelled
SYN002251,2025-03-06,Jeans,Clothing,44,2,88,Michael Brown,Los Angeles,Gift Card,Cancelled
SYN002252,2025-04-05,Book,Books,15,1,15,Olivia Wilson,New York,Debit Card,Cancelled
SYN002253,2025-03-17,Smartwatch,Electronics,140,3,420,David Lee,Boston,Gift Card,Pending
SYN002254,2025-03-28,Laptop,Electronics,851,1,851,Michael Brown,Los Angeles,Credit Card,Cancelled
SYN002255,2025-05-27,Laptop,Electronics,797,1,797,Jane Smith,Los Angeles,Amazon Pay,Cancelled
SYN002256,2025-06-02,Headphones,Electronics,89,4,356,Emily Johnson,Los Angeles,Amazon Pay,Cancelled
SYN002257,2025-03-22,Refrigerator,Home Appliances,1142,4,4568,Jane Smith,Dallas,Gift Card,Cancelled
SYN002258,2025-03-12,Book,Books,15,3,45,Emma Clark,San Francisco,Amazon Pay,Pending
SYN002259,2025-02-25,Jeans,Clothing,39,5,195,Jane Smith,Dallas,Debit Card,Pending
SYN002260,2025-02-21,Running Shoes,Footwear,59,2,118,John Doe,Denver,Amazon Pay,Cancelled
SYN002261,2025-02-26,Running Shoes,Footwear,61,2,122,Chris White,Houston,Paypal,Completed
SYN002262,2025-04-04,Washing Machine,Home Appliances,570,3,1710,Michael Brown,Miami,Credit Card,Cancelled
SYN002263,2025-02-27,Smartphone,Electronics,506,3,1518,Chris White,Dallas,Credit Card,Completed
SYN002264,2025-10-09,Smartphone,Electronics,494,2,988,Michael Brown,Los Angeles,Amazon Pay,Completed
SYN002265,2025-02-18,Running Shoes,Footwear,60,2,120,John Doe,Denver,Amazon Pay,Cancelled
SYN002266,2025-02-15,Smartphone,Electronics,489,5,2445,Emily Johnson,Miami,Credit Card,Cancelled
SYN002267,2025-02-15,Laptop,Electronics,839,4,3356,Jane Smith,Seattle,Amazon Pay,Pending
SYN002268,2025-02-23,Smartwatch,Electronics,150,5,750,Emily Johnson,Houston,Debit Card,Completed
SYN002269,2025-09-27,Smartwatch,Electronics,156,5,780,David Lee,Boston,Paypal,Completed
SYN002270,2025-03-24,Smartphone,Electronics,494,4,1976,Olivia Wilson,New York,Credit Card,Pending
SYN002271,2025-03-31,Laptop,Electronics,710,1,710,Michael Brown,Los Angeles,Credit Card,Cancelled
SYN002272,2025-03-24,Headphones,Electronics,101,4,404,Emily Johnson,San Francisco,Debit Card,Pending
SYN002273,2025-03-11,Smartphone,Electronics,507,1,507,David Lee,Miami,Gift Card,Pending
SYN002274,2025-06-28,Running Shoes,Footwear,62,1,62,Emma Clark,Houston,Paypal,Completed
SYN002275,2025-06-04,Smartphone,Electronics,507,5,2535,Michael Brown,Houston,Paypal,Completed
SYN002276,2025-03-24,Book,Books,15,5,75,David Lee,Chicago,Amazon Pay,Pending
SYN002277,2025-02-21,Book,Books,14,1,14,Emma Clark,Houston,Credit Card,Pending
SYN002278,2025-03-12,Smartwatch,Electronics,142,3,426,David Lee,Boston,Gift Card,Pending
SYN002279,2025-03-17,Laptop,Electronics,780,4,3120,Emma Clark,Los Angeles,Amazon Pay,Completed
SYN002280,2025-03-24,Jeans,Clothing,40,5,200,David Lee,New York,Debit Card,Cancelled
SYN002281,2025-02-19,Smartphone,Electronics,481,1,481,John Doe,Dallas,Gift Card,Pending
SYN002282,2025-09-26,T-Shirt,Clothing,21,1,21,Olivia Wilson,Miami,Credit Card,Pending
SYN002283,2025-04-30,Headphones,Electronics,103,3,309,Chris White,Miami,Debit Card,Cancelled
SYN002284,2025-03-18,Book,Books,15,5,75,David Lee,San Francisco,Debit Card,Pending
SYN002285,2025-02-21,Smartphone,Electronics,497,3,1491,Chris White,Dallas,Credit Card,Completed
SYN002286,2025-03-18,Laptop,Electronics,744,2,1488,Michael Brown,Denver,Paypal,Cancelled
SYN002287,2025-03-14,Smartphone,Electronics,521,3,1563,Sophia Miller,Miami,Gift Card,Completed
SYN002288,2025-02-17,Laptop,Electronics,798,1,798,Emily Johnson,New York,Amazon Pay,Pending
SYN002289,2025-02-16,Running Shoes,Footwear,54,1,54,David Lee,Boston,Paypal,Cancelled
SYN002290,2025-02-19,Headphones,Electronics,108,3,324,Michael Brown,New York,Debit Card,Cancelled
SYN002291,2025-03-20,T-Shirt,Clothing,22,2,44,Michael Brown,Chicago,Paypal,Pending
SYN002292,2025-03-19,Refrigerator,Home Appliances,1112,1,1112,Jane Smith,Miami,Paypal,Completed
SYN002293,2025-02-21,Headphones,Electronics,102,3,306,Michael Brown,Chicago,Paypal,Cancelled
SYN002294,2025-04-27,Running Shoes,Footwear,55,4,220,Chris White,Chicago,Amazon Pay,Completed
SYN002295,2025-02-11,Headphones,Electronics,101,3,303,Michael Brown,New York,Debit Card,Cancelled
SYN002296,2025-08-02,T-Shirt,Clothing,19,3,57,Sophia Miller,Boston,Paypal,Completed
SYN002297,2025-04-01,Washing Machine,Home Appliances,574,4,2296,Chris White,Houston,Credit Card,Pending
SYN002298,2025-10-05,Washing Machine,Home Appliances,563,3,1689,Emily Johnson,Dallas,Gift Card,Cancelled
SYN002299,2025-10-03,Smartphone,Electronics,502,2,1004,Michael Brown,Los Angeles,Amazon Pay,Completed
SYN002300,2025-02-27,Refrigerator,Home Appliances,1190,4,4760,David Lee,Boston,Gift Card,Pending
SYN002301,2025-03-16,Smartwatch,Electronics,153,2,306,Emma Clark,Los Angeles,Gift Card,Cancelled
SYN002302,2025-04-02,Smartphone,Electronics,520,4,2080,Olivia Wilson,New York,Credit Card,Pending
SYN002303,2025-03-28,Jeans,Clothing,38,2,76,David Lee,Denver,Amazon Pay,Cancelled
SYN002304,2025-02-22,Book,Books,14,3,42,Chris White,Boston,Gift Card,Cancelled
SYN002305,2025-03-06,Smartwatch,Electronics,166,1,166,John Doe,Seattle,Gift Card,Completed
SYN002306,2025-02-28,Smartphone,Electronics,500,3,1500,Jane Smith,Seattle,Debit Card,Cancelled
SYN002307,2025-12-10,Book,Books,16,1,16,David Lee,Miami,Debit Card,Cancelled
SYN002308,2025-06-02,Washing Machine,Home Appliances,591,3,1773,Olivia Wilson,Denver,Gift Card,Cancelled
SYN002309,2025-07-01,Smartphone,Electronics,515,2,1030,Olivia Wilson,Chicago,Debit Card,Pending
SYN002310,2025-12-08,Book,Books,16,5,80,Jane Smith,Dallas,Credit Card,Pending
SYN002311,2025-02-19,Jeans,Clothing,39,5,195,Emily Johnson,New York,Debit Card,Pending
SYN002312,2025-02-02,Washing Machine,Home Appliances,583,4,2332,Michael Brown,New York,Paypal,Completed
SYN002313,2025-02-28,Book,Books,15,4,60,Michael Brown,San Francisco,Credit Card,Completed
SYN002314,2025-06-07,Refrigerator,Home Appliances,1184,2,2368,Chris White,Seattle,Debit Card,Pending
SYN002315,2025-06-26,Smartphone,Electronics,523,2,1046,Olivia Wilson,Chicago,Debit Card,Pending
SYN002316,2025-02-15,Refrigerator,Home Appliances,1307,4,5228,Emily Johnson,Denver,Paypal,Pending
SYN002317,2025-07-03,Headphones,Electronics,97,4,388,Olivia Wilson,Seattle,Debit Card,Pending
SYN002318,2025-11-30,Smartphone,Electronics,483,1,483,Sophia Miller,Denver,Credit Card,Cancelled
SYN002319,2025-06-08,Washing Machine,Home Appliances,607,2,1214,David Lee,Dallas,Gift Card,Cancelled
SYN002320,2025-02-12,T-Shirt,Clothing,21,2,42,David Lee,Dallas,Gift Card,Cancelled
SYN002321,2025-03-12,Smartwatch,Electronics,135,2,270,Olivia Wilson,Miami,Debit Card,Completed
SYN002322,2025-02-24,Laptop,Electronics,829,1,829,Emily Johnson,New York,Amazon Pay,Pending
SYN002323,2025-11-25,Smartphone,Electronics,520,1,520,Sophia Miller,Denver,Credit Card,Cancelled
SYN002324,2025-03-23,Smartwatch,Electronics,147,2,294,Emma Clark,Boston,Debit Card,Completed
SYN002325,2025-02-15,Book,Books,14,2,28,David Lee,Boston,Amazon Pay,Pending
SYN002326,2025-03-24,T-Shirt,Clothing,21,2,42,Chris White,Miami,Gift Card,Cancelled
SYN002327,2025-02-25,Refrigerator,Home Appliances,1265,4,5060,David Lee,Boston,Gift Card,Pending
SYN002328,2025-10-07,Book,Books,14,1,14,Emma Clark,Seattle,Gift Card,Pending
SYN002329,2025-03-30,Refrigerator,Home Appliances,1275,1,1275,Daniel Harris,Dallas,Paypal,Completed
SYN002330,2025-05-02,Running Shoes,Footwear,56,2,112,Chris White,Houston,Amazon Pay,Completed
SYN002331,2025-03-19,Running Shoes,Footwear,59,3,177,Emma Clark,New York,Debit Card,Cancelled
SYN002332,2025-04-04,Washing Machine,Home Appliances,633,4,2532,Chris White,Houston,Credit Card,Pending
SYN002333,2025-11-06,Refrigerator,Home Appliances,1226,1,1226,Jane Smith,New York,Paypal,Cancelled
SYN002334,2025-03-24,Laptop,Electronics,756,5,3780,Michael Brown,Miami,Debit Card,Pending
SYN002335,2025-03-04,Jeans,Clothing,44,4,176,John Doe,Seattle,Amazon Pay,Pending
SYN002336,2025-11-30,Running Shoes,Footwear,62,1,62,David Lee,San Francisco,Credit Card,Pending
SYN002337,2025-03-29,Jeans,Clothing,38,5,190,David Lee,New York,Debit Card,Cancelled
SYN002338,2025-03-25,Running Shoes,Footwear,61,2,122,Emma Clark,Boston,Gift Card,Pending
SYN002339,2025-03-06,Book,Books,13,4,52,Michael Brown,San Francisco,Credit Card,Completed
SYN002340,2025-03-24,Headphones,Electronics,103,3,309,Jane Smith,Chicago,Amazon Pay,Cancelled
SYN002341,2025-03-18,Jeans,Clothing,38,4,152,Michael Brown,Dallas,Credit Card,Completed
SYN002342,2025-02-23,Running Shoes,Footwear,63,1,63,Sophia Miller,Houston,Paypal,Completed
SYN002343,2025-10-05,T-Shirt,Clothing,20,1,20,Olivia Wilson,Miami,Credit Card,Pending
SYN002344,2025-03-11,Headphones,Electronics,107,1,107,Olivia Wilson,Denver,Paypal,Completed
SYN002345,2025-02-17,Smartwatch,Electronics,145,6,870,Emily Johnson,Houston,Debit Card,Completed
SYN002346,2025-03-22,Jeans,Clothing,39,1,39,Olivia Wilson,Seattle,Paypal,Cancelled
SYN002347,2025-04-03,Book,Books,15,1,15,Michael Brown,Boston,Amazon Pay,Completed
SYN002348,2025-03-20,Running Shoes,Footwear,56,3,168,Michael Brown,New York,Gift Card,Pending
SYN002349,2025-03-22,Jeans,Clothing,40,2,80,Sophia Miller,Dallas,Paypal,Completed
SYN002350,2025-03-22,Smartwatch,Electronics,163,4,652,Emma Clark,Houston,Paypal,Completed
SYN002351,2025-03-01,T-Shirt,Clothing,20,1,20,Daniel Harris,New York,Credit Card,Completed
SYN002352,2025-01-09,Headphones,Electronics,104,2,208,John Doe,Denver,Debit Card,Completed
SYN002353,2025-02-22,Smartphone,Electronics,506,3,1518,Emily Johnson,Seattle,Amazon Pay,Completed
SYN002354,2025-03-17,Refrigerator,Home Appliances,1219,3,3657,Daniel Harris,New York,Credit Card,Pending
SYN002355,2025-02-21,Running Shoes,Footwear,58,1,58,Emma Clark,Houston,Credit Card,Pending
SYN002356,2025-03-18,Running Shoes,Footwear,58,3,174,Michael Brown,New York,Gift Card,Pending
SYN002357,2025-04-02,Laptop,Electronics,722,4,2888,Emma Clark,Los Angeles,Credit Card,Completed
SYN002358,2025-12-09,Running Shoes,Footwear,59,2,118,Michael Brown,Denver,Gift Card,Completed
SYN002359,2025-02-19,Washing Machine,Home Appliances,609,2,1218,Chris White,Seattle,Paypal,Cancelled
SYN002360,2025-02-17,Headphones,Electronics,90,3,270,Michael Brown,New York,Debit Card,Cancelled
SYN002361,2025-02-17,Smartphone,Electronics,449,5,2245,Olivia Wilson,Dallas,Amazon Pay,Pending
SYN002362,2025-11-01,Refrigerator,Home Appliances,1128,1,1128,Jane Smith,New York,Paypal,Cancelled
SYN002363,2025-02-11,Smartwatch,Electronics,157,2,314,Chris White,Miami,Paypal,Pending
SYN002364,2025-09-28,Laptop,Electronics,698,5,3490,Olivia Wilson,San Francisco,Paypal,Completed
SYN002365,2025-03-10,Smartwatch,Electronics,145,2,290,Michael Brown,Denver,Paypal,Pending
SYN002366,2025-11-04,Smartwatch,Electronics,146,5,730,John Doe,Los Angeles,Credit Card,Cancelled
SYN002367,2025-02-23,Washing Machine,Home Appliances,619,2,1238,Chris White,Seattle,Paypal,Cancelled
SYN002368,2025-02-02,Headphones,Electronics,101,5,505,Emma Clark,Miami,Amazon Pay,Cancelled
SYN002369,2025-08-03,Smartphone,Electronics,524,4,2096,Chris White,Boston,Gift Card,Pending
SYN002370,2025-11-05,Refrigerator,Home Appliances,1176,1,1176,Jane Smith,New York,Paypal,Cancelled
SYN002371,2025-03-15,Running Shoes,Footwear,58,6,348,Emma Clark,Miami,Debit Card,Completed
SYN002372,2025-02-15,Running Shoes,Footwear,59,2,118,Chris White,Houston,Paypal,Completed
SYN002373,2025-02-24,Washing Machine,Home Appliances,572,4,2288,Emma Clark,Houston,Gift Card,Cancelled
SYN002374,2025-02-22,Headphones,Electronics,101,3,303,Michael Brown,New York,Debit Card,Cancelled
SYN002375,2025-09-30,Smartphone,Electronics,505,3,1515,Olivia Wilson,Denver,Gift Card,Cancelled
SYN002376,2025-03-16,Smartphone,Electronics,527,2,1054,John Doe,Miami,Paypal,Completed
SYN002377,2025-11-06,Smartwatch,Electronics,151,5,755,John Doe,Los Angeles,Credit Card,Cancelled
SYN002378,2025-02-06,T-Shirt,Clothing,20,5,100,Emma Clark,Denver,Paypal,Completed
SYN002379,2025-10-09,Washing Machine,Home Appliances,637,3,1911,Emily Johnson,Dallas,Gift Card,Cancelled
SYN002380,2025-11-02,Headphones,Electronics,102,3,306,Michael Brown,Houston,Debit Card,Cancelled
SYN002381,2025-02-19,Book,Books,15,3,45,Chris White,Boston,Gift Card,Cancelled
SYN002382,2025-05-28,Smartphone,Electronics,499,3,1497,Emily Johnson,Chicago,Paypal,Completed
SYN002383,2025-01-01,Headphones,Electronics,89,2,178,John Doe,Denver,Debit Card,Completed
SYN002384,2025-04-28,Refrigerator,Home Appliances,1186,4,4744,Sophia Miller,Seattle,Credit Card,Pending
SYN002385,2025-02-09,T-Shirt,Clothing,21,5,105,Emma Clark,Denver,Paypal,Completed
SYN002386,2025-02-24,Book,Books,16,1,16,Emma Clark,Houston,Credit Card,Pending
SYN002387,2025-03-30,Smartwatch,Electronics,143,2,286,Emily Johnson,Dallas,Paypal,Cancelled
SYN002388,2025-03-12,Smartwatch,Electronics,144,3,432,David Lee,Boston,Gift Card,Pending
SYN002389,2025-02-10,Running Shoes,Footwear,63,1,63,Jane Smith,Houston,Gift Card,Cancelled
SYN002390,2025-06-29,Smartphone,Electronics,507,2,1014,Olivia Wilson,Chicago,Debit Card,Pending
SYN002391,2025-03-08,Laptop,Electronics,711,4,2844,Daniel Harris,Houston,Gift Card,Pending
SYN002392,2025-03-14,Jeans,Clothing,44,1,44,Jane Smith,Boston,Debit Card,Pending
SYN002393,2025-02-07,Book,Books,14,1,14,John Doe,Boston,Amazon Pay,Completed
SYN002394,2025-03-09,Jeans,Clothing,39,4,156,Michael Brown,Dallas,Credit Card,Completed
SYN002395,2025-03-29,Laptop,Electronics,750,1,750,Michael Brown,Los Angeles,Credit Card,Cancelled
SYN002396,2025-05-08,Refrigerator,Home Appliances,1185,4,4740,Sophia Miller,Seattle,Credit Card,Pending
SYN002397,2025-03-23,Headphones,Electronics,109,3,327,Jane Smith,Chicago,Amazon Pay,Cancelled
SYN002398,2025-03-31,Refrigerator,Home Appliances,1300,2,2600,Jane Smith,Dallas,Paypal,Cancelled
SYN002399,2025-04-29,Headphones,Electronics,90,3,270,Chris White,Miami,Debit Card,Cancelled
SYN002400,2025-02-23,Jeans,Clothing,42,5,210,Emily Johnson,New York,Debit Card,Pending
SYN002401,2025-03-14,Book,Books,16,5,80,David Lee,San Francisco,Credit Card,Pending
SYN002402,2025-03-22,Headphones,Electronics,99,2,198,Daniel Harris,Miami,Paypal,Pending
SYN002403,2025-03-04,Headphones,Electronics,86,3,258,Michael Brown,Chicago,Paypal,Cancelled
SYN002404,2025-03-04,Refrigerator,Home Appliances,1255,1,1255,Olivia Wilson,Seattle,Paypal,Completed
SYN002405,2025-09-06,Smartwatch,Electronics,164,1,164,John Doe,Denver,Gift Card,Pending
SYN002406,2025-03-22,Refrigerator,Home Appliances,1297,1,1297,Jane Smith,Miami,Paypal,Completed
SYN002407,2025-02-11,Washing Machine,Home Appliances,589,5,2945,Michael Brown,Seattle,Debit Card,Completed
SYN002408,2025-02-23,Washing Machine,Home Appliances,592,2,1184,Chris White,Seattle,Paypal,Cancelled
SYN002409,2025-10-09,Washing Machine,Home Appliances,564,3,1692,Emily Johnson,Dallas,Gift Card,Cancelled
SYN002410,2025-02-24,Refrigerator,Home Appliances,1138,1,1138,John Doe,Boston,Credit Card,Cancelled
SYN002411,2025-02-25,Book,Books,15,1,15,Jane Smith,Miami,Credit Card,Cancelled
SYN002412,2025-02-27,Refrigerator,Home Appliances,1187,4,4748,David Lee,Boston,Gift Card,Pending
SYN002413,2025-03-23,T-Shirt,Clothing,22,1,22,Chris White,Dallas,Debit Card,Completed
SYN002414,2025-03-16,Book,Books,15,5,75,David Lee,San Francisco,Debit Card,Pending
SYN002415,2025-03-28,Smartphone,Electronics,445,2,890,John Doe,Miami,Paypal,Completed
SYN002416,2025-03-25,Jeans,Clothing,39,3,117,Olivia Wilson,Dallas,Credit Card,Cancelled
SYN002417,2025-03-23,Refrigerator,Home Appliances,1168,1,1168,Daniel Harris,Dallas,Paypal,Completed
SYN002418,2025-03-26,Smartwatch,Electronics,147,3,441,Jane Smith,New York,Amazon Pay,Completed
SYN002419,2025-05-06,Running Shoes,Footwear,63,2,126,Chris White,Houston,Amazon Pay,Completed
SYN002420,2025-02-27,Book,Books,15,1,15,Emma Clark,Houston,Credit Card,Pending
SYN002421,2025-05-07,Headphones,Electronics,88,3,264,Chris White,Miami,Debit Card,Cancelled
SYN002422,2025-02-16,Headphones,Electronics,101,1,101,Emily Johnson,Los Angeles,Credit Card,Completed
SYN002423,2025-09-25,Smartwatch,Electronics,141,5,705,David Lee,Boston,Paypal,Completed
SYN002424,2025-02-20,Headphones,Electronics,103,3,309,David Lee,Houston,Paypal,Cancelled
SYN002425,2025-08-03,Book,Books,15,4,60,Daniel Harris,Chicago,Gift Card,Cancelled
SYN002426,2025-06-06,Smartphone,Electronics,496,5,2480,Michael Brown,Houston,Paypal,Completed
SYN002427,2025-03-25,Laptop,Electronics,859,3,2577,Jane Smith,New York,Paypal,Completed
SYN002428,2025-02-10,Book,Books,14,5,70,Sophia Miller,Seattle,Amazon Pay,Completed
SYN002429,2025-07-30,Smartwatch,Electronics,156,2,312,Michael Brown,Seattle,Debit Card,Cancelled
SYN002430,2025-03-07,T-Shirt,Clothing,21,1,21,John Doe,Dallas,Credit Card,Pending
SYN002431,2025-02-15,Smartphone,Electronics,510,2,1020,Daniel Harris,Miami,Credit Card,Cancelled
SYN002432,2025-03-20,Smartphone,Electronics,440,1,440,David Lee,Miami,Gift Card,Pending
SYN002433,2025-03-10,Laptop,Electronics,872,3,2616,John Doe,New York,Paypal,Pending
SYN002434,2025-03-30,Refrigerator,Home Appliances,1189,3,3567,Chris White,Dallas,Credit Card,Cancelled
SYN002435,2025-04-04,Washing Machine,Home Appliances,613,4,2452,Jane Smith,Los Angeles,Amazon Pay,Pending
SYN002436,2025-02-24,Book,Books,14,5,70,John Doe,Denver,Paypal,Pending
SYN002437,2025-04-07,Book,Books,13,1,13,Olivia Wilson,New York,Debit Card,Cancelled
SYN002438,2025-03-23,Running Shoes,Footwear,59,3,177,Emma Clark,San Francisco,Credit Card,Pending
SYN002439,2025-08-10,Smartphone,Electronics,466,4,1864,Chris White,Boston,Gift Card,Pending
SYN002440,2025-11-04,Headphones,Electronics,98,3,294,Michael Brown,Houston,Debit Card,Cancelled
SYN002441,2025-11-08,Refrigerator,Home Appliances,1298,2,2596,Daniel Harris,San Francisco,Paypal,Cancelled
SYN002442,2025-04-29,Running Shoes,Footwear,60,4,240,Chris White,Chicago,Amazon Pay,Completed
SYN002443,2025-06-30,Laptop,Electronics,833,3,2499,Daniel Harris,Houston,Credit Card,Pending
SYN002444,2025-02-27,Book,Books,15,1,15,Jane Smith,Miami,Credit Card,Cancelled
SYN002445,2025-11-04,T-Shirt,Clothing,22,4,88,Jane Smith,Denver,Amazon Pay,Completed
SYN002446,2025-05-29,Smartphone,Electronics,473,4,1892,Emma Clark,Houston,Credit Card,Completed
SYN002447,2025-08-28,Refrigerator,Home Appliances,1224,2,2448,Sophia Miller,Boston,Paypal,Cancelled
SYN002448,2025-10-30,Jeans,Clothing,40,1,40,Sophia Miller,New York,Gift Card,Cancelled
SYN002449,2025-03-31,Headphones,Electronics,102,3,306,Chris White,New York,Debit Card,Pending
SYN002450,2025-02-18,Smartphone,Electronics,482,2,964,Daniel Harris,Miami,Credit Card,Cancelled
SYN002451,2025-03-30,Laptop,Electronics,884,3,2652,Olivia Wilson,Chicago,Amazon Pay,Completed
SYN002452,2025-02-21,Laptop,Electronics,789,3,2367,Chris White,Miami,Debit Card,Pending
SYN002453,2025-03-18,Running Shoes,Footwear,56,4,224,Emily Johnson,Los Angeles,Paypal,Completed
SYN002454,2025-02-11,Laptop,Electronics,827,3,2481,Emma Clark,Denver,Amazon Pay,Completed
SYN002455,2025-03-29,Jeans,Clothing,40,2,80,Chris White,Chicago,Credit Card,Completed
SYN002456,2025-03-11,Jeans,Clothing,40,1,40,Jane Smith,Boston,Debit Card,Pending
SYN002457,2025-02-25,Book,Books,14,1,14,Emma Clark,Houston,Gift Card,Cancelled
SYN002458,2025-03-22,Washing Machine,Home Appliances,612,4,2448,Jane Smith,Los Angeles,Amazon Pay,Pending
SYN002459,2025-03-25,Smartwatch,Electronics,149,5,745,Emily Johnson,Houston,Amazon Pay,Completed
SYN002460,2025-06-03,Refrigerator,Home Appliances,1194,2,2388,John Doe,Denver,Paypal,Completed
SYN002461,2025-03-08,Smartwatch,Electronics,154,2,308,David Lee,Chicago,Debit Card,Pending
SYN002462,2025-02-26,Jeans,Clothing,39,4,156,John Doe,San Francisco,Debit Card,Cancelled
SYN002463,2025-02-20,Running Shoes,Footwear,59,1,59,Sophia Miller,Houston,Paypal,Completed
SYN002464,2025-05-09,Headphones,Electronics,94,3,282,Chris White,Miami,Debit Card,Cancelled
SYN002465,2025-03-26,T-Shirt,Clothing,20,1,20,Chris White,Dallas,Debit Card,Completed
SYN002466,2025-02-22,T-Shirt,Clothing,20,2,40,David Lee,Dallas,Gift Card,Cancelled
SYN002467,2025-03-20,Book,Books,17,6,102,David Lee,San Francisco,Credit Card,Pending
SYN002468,2025-07-08,Laptop,Electronics,842,3,2526,Daniel Harris,Houston,Credit Card,Pending
SYN002469,2025-01-07,Headphones,Electronics,103,2,206,John Doe,Denver,Debit Card,Completed
SYN002470,2025-03-08,Smartphone,Electronics,491,1,491,Jane Smith,Los Angeles,Debit Card,Cancelled
SYN002471,2025-03-16,Running Shoes,Footwear,55,3,165,Emma Clark,San Francisco,Credit Card,Pending
SYN002472,2025-03-09,Smartphone,Electronics,520,1,520,David Lee,Miami,Gift Card,Pending
SYN002473,2025-02-25,Running Shoes,Footwear,58,1,58,Sophia Miller,Houston,Paypal,Completed
SYN002474,2025-02-21,Refrigerator,Home Appliances,1241,1,1241,Olivia Wilson,Seattle,Paypal,Completed
SYN002475,2025-03-11,Headphones,Electronics,103,2,206,Daniel Harris,Miami,Paypal,Pending
SYN002476,2025-03-26,Laptop,Electronics,813,3,2439,Olivia Wilson,Chicago,Amazon Pay,Completed
SYN002477,2025-10-26,Smartwatch,Electronics,149,5,745,John Doe,Los Angeles,Credit Card,Cancelled
SYN002478,2025-02-24,Jeans,Clothing,44,5,220,Emily Johnson,New York,Debit Card,Pending
SYN002479,2025-05-29,Smartphone,Electronics,508,4,2032,Emma Clark,Houston,Credit Card,Completed
SYN002480,2025-11-28,Book,Books,15,1,15,David Lee,Miami,Debit Card,Cancelled
SYN002481,2025-02-25,T-Shirt,Clothing,21,1,21,Daniel Harris,New York,Credit Card,Completed
SYN002482,2025-03-07,Smartwatch,Electronics,157,2,314,Daniel Harris,Houston,Paypal,Completed
SYN002483,2025-02-19,Running Shoes,Footwear,57,1,57,Emma Clark,Houston,Credit Card,Pending
SYN002484,2025-04-02,Smartphone,Electronics,499,4,1996,Olivia Wilson,New York,Credit Card,Pending
SYN002485,2025-03-01,Smartwatch,Electronics,145,5,725,Michael Brown,Boston,Debit Card,Pending
SYN002486,2025-03-19,Smartwatch,Electronics,160,5,800,John Doe,Denver,Credit Card,Pending
SYN002487,2025-01-31,T-Shirt,Clothing,21,5,105,Emma Clark,Denver,Paypal,Completed
SYN002488,2025-02-12,Washing Machine,Home Appliances,590,1,590,Olivia Wilson,Boston,Debit Card,Cancelled
SYN002489,2025-03-30,Refrigerator,Home Appliances,1275,5,6375,Olivia Wilson,Chicago,Gift Card,Pending
SYN002490,2025-03-03,Laptop,Electronics,797,4,3188,Daniel Harris,Houston,Gift Card,Pending
SYN002491,2025-03-26,Washing Machine,Home Appliances,574,4,2296,Jane Smith,Los Angeles,Amazon Pay,Pending
SYN002492,2025-03-16,Smartwatch,Electronics,149,2,298,Emma Clark,Dallas,Credit Card,Completed
SYN002493,2025-03-14,Smartphone,Electronics,473,3,1419,Sophia Miller,Miami,Gift Card,Completed
SYN002494,2024-12-30,T-Shirt,Clothing,20,1,20,Emma Clark,New York,Amazon Pay,Completed
SYN002495,2025-03-19,Book,Books,14,5,70,Olivia Wilson,Chicago,Amazon Pay,Pending
SYN002496,2025-04-04,Laptop,Electronics,818,1,818,Michael Brown,Los Angeles,Credit Card,Cancelled
SYN002497,2025-02-23,Running Shoes,Footwear,58,1,58,David Lee,Boston,Paypal,Cancelled
SYN002498,2025-02-04,Book,Books,15,5,75,Sophia Miller,Seattle,Amazon Pay,Completed
SYN002499,2025-02-12,Headphones,Electronics,100,3,300,David Lee,Houston,Paypal,Cancelled
SYN002500,2025-02-23,Book,Books,14,5,70,Daniel Harris,Miami,Debit Card,Pending
SYN002501,2025-03-30,Refrigerator,Home Appliances,1236,1,1236,Daniel Harris,Dallas,Paypal,Completed
SYN002502,2025-09-27,Headphones,Electronics,102,5,510,John Doe,Houston,Amazon Pay,Completed
SYN002503,2025-03-14,Jeans,Clothing,41,5,205,Michael Brown,New York,Paypal,Completed
SYN002504,2025-04-04,Headphones,Electronics,95,4,380,Jane Smith,San Francisco,Amazon Pay,Pending
SYN002505,2025-10-29,Smartwatch,Electronics,155,5,775,John Doe,Los Angeles,Credit Card,Cancelled
SYN002506,2025-10-08,Smartphone,Electronics,487,3,1461,Olivia Wilson,Denver,Gift Card,Cancelled
SYN002507,2025-06-07,Running Shoes,Footwear,62,2,124,David Lee,Houston,Debit Card,Cancelled
SYN002508,2025-09-29,Smartphone,Electronics,484,2,968,Michael Brown,Los Angeles,Amazon Pay,Completed
SYN002509,2025-03-17,Book,Books,13,5,65,David Lee,San Francisco,Debit Card,Pending
SYN002510,2025-03-26,Book,Books,16,5,80,Olivia Wilson,Chicago,Amazon Pay,Pending
SYN002511,2025-04-01,Washing Machine,Home Appliances,630,3,1890,Michael Brown,Miami,Credit Card,Cancelled
SYN002512,2025-02-24,Smartwatch,Electronics,154,5,770,Emily Johnson,Houston,Debit Card,Completed
SYN002513,2025-02-17,Running Shoes,Footwear,59,1,59,Jane Smith,Houston,Gift Card,Cancelled
SYN002514,2025-03-21,T-Shirt,Clothing,18,1,18,Chris White,Dallas,Debit Card,Completed
SYN002515,2025-03-16,Smartphone,Electronics,495,2,990,John Doe,Miami,Paypal,Completed
SYN002516,2025-02-24,Laptop,Electronics,786,4,3144,Jane Smith,Seattle,Amazon Pay,Pending
SYN002517,2025-03-26,Washing Machine,Home Appliances,585,1,585,Emma Clark,Seattle,Debit Card,Pending
SYN002518,2025-03-20,Smartwatch,Electronics,145,2,290,Emma Clark,Boston,Debit Card,Completed
SYN002519,2025-03-17,Laptop,Electronics,827,5,4135,Michael Brown,Miami,Debit Card,Pending
SYN002520,2025-09-05,Running Shoes,Footwear,61,2,122,Emily Johnson,Denver,Gift Card,Cancelled
SYN002521,2025-02-24,Running Shoes,Footwear,63,1,63,Emma Clark,Houston,Credit Card,Pending
SYN002522,2025-10-05,Smartphone,Electronics,506,3,1518,Olivia Wilson,Denver,Gift Card,Cancelled
SYN002523,2025-03-15,Jeans,Clothing,40,3,120,Olivia Wilson,Dallas,Credit Card,Cancelled
SYN002524,2025-02-12,Laptop,Electronics,796,5,3980,Emily Johnson,Denver,Paypal,Completed
SYN002525,2025-02-14,Book,Books,14,5,70,John Doe,Denver,Paypal,Pending
SYN002526,2025-02-04,Book,Books,15,5,75,Sophia Miller,Seattle,Amazon Pay,Completed
SYN002527,2025-03-08,T-Shirt,Clothing,19,2,38,Michael Brown,Chicago,Paypal,Pending
SYN002528,2025-10-05,Smartwatch,Electronics,136,5,680,David Lee,Boston,Paypal,Completed
SYN002529,2025-02-20,Laptop,Electronics,807,5,4035,Emily Johnson,Denver,Paypal,Completed
SYN002530,2025-03-19,Laptop,Electronics,858,5,4290,Michael Brown,Miami,Debit Card,Pending
SYN002531,2025-07-30,T-Shirt,Clothing,20,3,60,Sophia Miller,Boston,Paypal,Completed
SYN002532,2025-11-29,Book,Books,15,5,75,Jane Smith,Dallas,Credit Card,Pending
SYN002533,2025-02-05,Book,Books,14,5,70,Sophia Miller,Seattle,Amazon Pay,Completed
SYN002534,2025-03-24,Book,Books,16,5,80,Olivia Wilson,Chicago,Amazon Pay,Pending
SYN002535,2025-10-09,Smartphone,Electronics,470,2,940,Michael Brown,Los Angeles,Amazon Pay,Completed
SYN002536,2025-06-03,Laptop,Electronics,843,1,843,Jane Smith,Los Angeles,Amazon Pay,Cancelled
SYN002537,2025-03-16,Jeans,Clothing,40,2,80,Sophia Miller,Dallas,Paypal,Completed
SYN002538,2025-02-15,Book,Books,15,1,15,Emma Clark,Houston,Gift Card,Cancelled
SYN002539,2025-03-27,Refrigerator,Home Appliances,1228,5,6140,Olivia Wilson,Chicago,Gift Card,Pending
SYN002540,2025-03-21,Jeans,Clothing,43,3,129,John Doe,Boston,Gift Card,Completed
SYN002541,2025-09-26,Smartwatch,Electronics,152,3,456,Michael Brown,Denver,Debit Card,Completed
SYN002542,2025-06-28,Smartphone,Electronics,524,2,1048,Olivia Wilson,Chicago,Debit Card,Pending
SYN002543,2025-04-28,Refrigerator,Home Appliances,1212,4,4848,Sophia Miller,Seattle,Credit Card,Pending
SYN002544,2025-03-23,Smartphone,Electronics,520,2,1040,John Doe,Miami,Paypal,Completed
SYN002545,2025-07-05,Smartphone,Electronics,512,5,2560,David Lee,Chicago,Gift Card,Pending
SYN002546,2025-02-15,T-Shirt,Clothing,19,2,38,David Lee,Dallas,Gift Card,Cancelled
SYN002547,2025-01-02,Headphones,Electronics,100,2,200,John Doe,Denver,Debit Card,Completed
SYN002548,2025-02-19,Washing Machine,Home Appliances,587,2,1174,Chris White,Seattle,Paypal,Cancelled
SYN002549,2025-07-31,Book,Books,15,1,15,Jane Smith,Miami,Amazon Pay,Cancelled
SYN002550,2025-03-05,Refrigerator,Home Appliances,1215,1,1215,Olivia Wilson,Seattle,Paypal,Completed
SYN002551,2025-02-21,Smartphone,Electronics,484,1,484,John Doe,Dallas,Gift Card,Pending
SYN002552,2025-09-04,Smartphone,Electronics,466,2,932,Olivia Wilson,Chicago,Credit Card,Completed
SYN002553,2025-02-14,Smartphone,Electronics,503,2,1006,Daniel Harris,Miami,Credit Card,Cancelled
SYN002554,2025-03-22,Smartwatch,Electronics,153,5,765,Emily Johnson,Houston,Amazon Pay,Completed
SYN002555,2025-12-08,Running Shoes,Footwear,59,2,118,Michael Brown,Denver,Gift Card,Completed
SYN002556,2025-03-28,Running Shoes,Footwear,61,4,244,Emily Johnson,Los Angeles,Paypal,Completed
SYN002557,2025-03-07,Book,Books,15,1,15,David Lee,New York,Amazon Pay,Pending
SYN002558,2025-02-15,Smartphone,Electronics,510,4,2040,Emily Johnson,Seattle,Amazon Pay,Completed
SYN002559,2025-03-15,Book,Books,15,5,75,David Lee,San Francisco,Debit Card,Pending
SYN002560,2025-02-26,Laptop,Electronics,832,1,832,Emily Johnson,New York,Amazon Pay,Pending
SYN002561,2025-03-21,Jeans,Clothing,39,2,78,Sophia Miller,Dallas,Paypal,Completed
SYN002562,2025-03-15,Headphones,Electronics,99,4,396,Emily Johnson,San Francisco,Debit Card,Pending
SYN002563,2025-11-03,Refrigerator,Home Appliances,1271,1,1271,Jane Smith,New York,Paypal,Cancelled
SYN002564,2025-02-12,Smartphone,Electronics,532,1,532,John Doe,Dallas,Gift Card,Pending
SYN002565,2025-04-29,Refrigerator,Home Appliances,1285,4,5140,Sophia Miller,Seattle,Credit Card,Pending
SYN002566,2025-02-21,Smartwatch,Electronics,151,5,755,Emily Johnson,Houston,Debit Card,Completed
SYN002567,2025-02-25,Headphones,Electronics,108,2,216,Daniel Harris,Boston,Paypal,Pending
SYN002568,2025-06-06,Smartphone,Electronics,483,5,2415,Michael Brown,Houston,Paypal,Completed
SYN002569,2025-03-29,T-Shirt,Clothing,20,1,20,Chris White,Dallas,Debit Card,Completed
SYN002570,2025-03-07,Smartwatch,Electronics,152,2,304,Daniel Harris,Houston,Paypal,Completed
SYN002571,2025-03-22,Washing Machine,Home Appliances,662,1,662,Emma Clark,Seattle,Debit Card,Pending
SYN002572,2025-11-06,Jeans,Clothing,37,1,37,Sophia Miller,New York,Gift Card,Cancelled
SYN002573,2025-02-25,Book,Books,15,1,15,Emma Clark,Houston,Credit Card,Pending
SYN002574,2025-10-09,Smartphone,Electronics,515,4,2060,Michael Brown,Seattle,Paypal,Pending
SYN002575,2025-03-21,Smartwatch,Electronics,152,2,304,Emily Johnson,Dallas,Paypal,Cancelled
SYN002576,2025-08-04,Smartphone,Electronics,482,3,1446,Sophia Miller,Denver,Credit Card,Pending
SYN002577,2025-03-18,Laptop,Electronics,748,5,3740,Michael Brown,Miami,Debit Card,Pending
SYN002578,2025-01-10,Smartwatch,Electronics,160,2,320,Daniel Harris,Dallas,Credit Card,Cancelled
SYN002579,2025-02-03,Laptop,Electronics,837,3,2511,Emma Clark,Denver,Amazon Pay,Completed
SYN002580,2025-05-10,Smartphone,Electronics,509,5,2545,John Doe,Boston,Paypal,Completed
SYN002581,2025-10-08,Laptop,Electronics,764,5,3820,Olivia Wilson,San Francisco,Paypal,Completed
SYN002582,2025-10-03,Smartwatch,Electronics,158,3,474,Emma Clark,New York,Debit Card,Pending
SYN002583,2025-02-15,Smartphone,Electronics,507,5,2535,Emily Johnson,Miami,Credit Card,Cancelled
SYN002584,2025-03-01,Laptop,Electronics,764,1,764,Emily Johnson,New York,Amazon Pay,Pending
SYN002585,2025-02-18,Running Shoes,Footwear,54,2,108,Chris White,Houston,Paypal,Completed
SYN002586,2025-02-26,Running Shoes,Footwear,65,1,65,Sophia Miller,Houston,Paypal,Completed
SYN002587,2025-03-20,Laptop,Electronics,734,3,2202,Olivia Wilson,Chicago,Amazon Pay,Completed
SYN002588,2025-02-24,Jeans,Clothing,42,2,84,Daniel Harris,Chicago,Credit Card,Pending
SYN002589,2025-02-27,Smartphone,Electronics,472,3,1416,Jane Smith,Seattle,Debit Card,Cancelled
SYN002590,2025-01-28,Washing Machine,Home Appliances,590,4,2360,Michael Brown,New York,Paypal,Completed
SYN002591,2025-06-10,Refrigerator,Home Appliances,1206,5,6030,David Lee,Denver,Paypal,Cancelled
SYN002592,2025-02-08,Refrigerator,Home Appliances,1237,3,3711,John Doe,Miami,Paypal,Completed
SYN002593,2025-03-10,Jeans,Clothing,37,3,111,John Doe,Boston,Gift Card,Completed
SYN002594,2025-02-25,Washing Machine,Home Appliances,579,1,579,Jane Smith,Dallas,Amazon Pay,Completed
SYN002595,2025-03-24,Jeans,Clothing,39,1,39,Olivia Wilson,Seattle,Paypal,Cancelled
SYN002596,2025-03-24,Refrigerator,Home Appliances,1155,2,2310,Olivia Wilson,Seattle,Credit Card,Completed
SYN002597,2025-10-01,Laptop,Electronics,756,3,2268,Jane Smith,Houston,Amazon Pay,Completed
SYN002598,2025-02-21,Smartphone,Electronics,498,2,996,David Lee,Boston,Paypal,Pending
SYN002599,2025-02-16,Headphones,Electronics,108,3,324,Michael Brown,New York,Debit Card,Cancelled
SYN002600,2025-06-30,Headphones,Electronics,101,4,404,Olivia Wilson,Seattle,Debit Card,Pending
SYN002601,2025-09-05,Smartphone,Electronics,535,2,1070,Olivia Wilson,Chicago,Credit Card,Completed
SYN002602,2025-03-27,Smartwatch,Electronics,153,1,153,Emily Johnson,Seattle,Gift Card,Pending
SYN002603,2025-02-24,Smartphone,Electronics,498,4,1992,Emma Clark,Chicago,Debit Card,Completed
SYN002604,2025-05-02,Refrigerator,Home Appliances,1258,4,5032,Sophia Miller,Seattle,Credit Card,Pending
SYN002605,2025-03-19,Smartwatch,Electronics,152,5,760,Emily Johnson,Houston,Amazon Pay,Completed
SYN002606,2025-07-28,Book,Books,13,4,52,Daniel Harris,Chicago,Gift Card,Cancelled
SYN002607,2025-11-05,Jeans,Clothing,39,1,39,Sophia Miller,New York,Gift Card,Cancelled
SYN002608,2025-02-15,Smartphone,Electronics,473,5,2365,Olivia Wilson,Dallas,Amazon Pay,Pending
SYN002609,2025-02-19,Running Shoes,Footwear,65,1,65,Sophia Miller,Houston,Paypal,Completed
SYN002610,2025-09-27,Washing Machine,Home Appliances,558,3,1674,Emily Johnson,Dallas,Gift Card,Cancelled
SYN002611,2025-09-02,Refrigerator,Home Appliances,1217,2,2434,Sophia Miller,Boston,Paypal,Cancelled
SYN002612,2025-03-29,Refrigerator,Home Appliances,1245,1,1245,Daniel Harris,Dallas,Paypal,Completed
SYN002613,2025-11-01,Smartwatch,Electronics,155,5,775,John Doe,Los Angeles,Credit Card,Cancelled
SYN002614,2025-08-28,Smartwatch,Electronics,146,1,146,John Doe,Denver,Gift Card,Pending
SYN002615,2025-06-26,Running Shoes,Footwear,60,1,60,Emma Clark,Houston,Paypal,Completed
SYN002616,2025-03-25,Headphones,Electronics,105,2,210,Daniel Harris,Houston,Credit Card,Completed
SYN002617,2025-02-20,Smartphone,Electronics,506,1,506,John Doe,Dallas,Gift Card,Pending
SYN002618,2025-07-06,Refrigerator,Home Appliances,1040,4,4160,Olivia Wilson,Houston,Credit Card,Pending
SYN002619,2025-03-28,Jeans,Clothing,40,5,200,Daniel Harris,Seattle,Credit Card,Cancelled
SYN002620,2025-03-10,Headphones,Electronics,102,1,102,Olivia Wilson,Denver,Paypal,Completed
SYN002621,2025-02-14,Washing Machine,Home Appliances,635,1,635,Olivia Wilson,Boston,Debit Card,Cancelled
SYN002622,2025-03-31,Smartphone,Electronics,538,5,2690,Emma Clark,Miami,Gift Card,Completed
SYN002623,2025-02-10,Book,Books,14,2,28,David Lee,Boston,Amazon Pay,Pending
SYN002624,2025-03-04,Washing Machine,Home Appliances,562,2,1124,Emily Johnson,Chicago,Gift Card,Cancelled
SYN002625,2025-03-29,Jeans,Clothing,41,5,205,David Lee,New York,Debit Card,Cancelled
SYN002626,2025-03-23,Washing Machine,Home Appliances,567,4,2268,Jane Smith,Los Angeles,Amazon Pay,Pending
SYN002627,2025-02-22,Laptop,Electronics,742,5,3710,Emily Johnson,Denver,Paypal,Completed
SYN002628,2025-04-04,Headphones,Electronics,99,3,297,Chris White,New York,Debit Card,Pending
SYN002629,2025-07-30,Book,Books,15,4,60,Daniel Harris,Chicago,Gift Card,Cancelled
SYN002630,2025-04-04,Refrigerator,Home Appliances,1290,3,3870,David Lee,Boston,Gift Card,Completed
SYN002631,2025-08-02,Running Shoes,Footwear,55,5,275,Jane Smith,Miami,Gift Card,Pending
SYN002632,2025-03-13,Headphones,Electronics,95,3,285,Jane Smith,Chicago,Amazon Pay,Cancelled
SYN002633,2025-02-16,Headphones,Electronics,101,1,101,Emily Johnson,Los Angeles,Credit Card,Completed
SYN002634,2025-03-19,Smartwatch,Electronics,148,2,296,David Lee,Chicago,Debit Card,Pending
SYN002635,2025-03-24,Running Shoes,Footwear,59,3,177,Michael Brown,New York,Gift Card,Pending
SYN002636,2025-10-03,Book,Books,15,2,30,Chris White,Los Angeles,Debit Card,Completed
SYN002637,2025-02-20,Book,Books,14,1,14,Jane Smith,Miami,Credit Card,Cancelled
SYN002638,2025-03-27,Refrigerator,Home Appliances,1130,2,2260,Olivia Wilson,Seattle,Credit Card,Completed
SYN002639,2025-02-18,Headphones,Electronics,106,1,106,Emily Johnson,Los Angeles,Credit Card,Completed
SYN002640,2025-02-15,Running Shoes,Footwear,54,3,162,Olivia Wilson,Dallas,Credit Card,Pending
SYN002641,2025-02-20,Headphones,Electronics,103,3,309,Michael Brown,New York,Debit Card,Cancelled
SYN002642,2025-01-06,Headphones,Electronics,103,2,206,John Doe,Denver,Debit Card,Completed
SYN002643,2025-12-09,Running Shoes,Footwear,58,2,116,Michael Brown,Denver,Gift Card,Completed
SYN002644,2025-02-22,Headphones,Electronics,99,3,297,Michael Brown,New York,Debit Card,Cancelled
SYN002645,2025-02-20,Smartwatch,Electronics,149,5,745,Michael Brown,Boston,Debit Card,Pending
SYN002646,2025-02-20,Headphones,Electronics,99,4,396,Daniel Harris,New York,Gift Card,Cancelled
SYN002647,2025-02-08,Refrigerator,Home Appliances,1196,3,3588,John Doe,Miami,Paypal,Completed
SYN002648,2025-03-02,Smartwatch,Electronics,143,1,143,John Doe,Seattle,Gift Card,Completed
SYN002649,2025-05-28,Running Shoes,Footwear,61,2,122,David Lee,Houston,Debit Card,Cancelled
SYN002650,2025-02-27,Headphones,Electronics,100,1,100,Jane Smith,Chicago,Amazon Pay,Completed
SYN002651,2025-01-31,Book,Books,15,5,75,Sophia Miller,Seattle,Amazon Pay,Completed
SYN002652,2025-06-02,Washing Machine,Home Appliances,584,3,1752,Olivia Wilson,Denver,Gift Card,Cancelled
SYN002653,2025-06-07,Headphones,Electronics,100,4,400,Emily Johnson,Los Angeles,Amazon Pay,Cancelled
SYN002654,2025-04-02,Headphones,Electronics,106,3,318,Chris White,New York,Debit Card,Pending
SYN002655,2025-03-09,Headphones,Electronics,97,2,194,Daniel Harris,Miami,Paypal,Pending
SYN002656,2025-01-29,T-Shirt,Clothing,19,5,95,Emma Clark,Denver,Paypal,Completed
SYN002657,2025-02-22,Headphones,Electronics,91,3,273,Michael Brown,New York,Debit Card,Cancelled
SYN002658,2025-03-12,Laptop,Electronics,793,5,3965,Emma Clark,Los Angeles,Amazon Pay,Completed
SYN002659,2025-03-24,Running Shoes,Footwear,61,5,305,Emma Clark,Los Angeles,Credit Card,Cancelled
SYN002660,2025-03-17,Smartwatch,Electronics,147,2,294,Michael Brown,Denver,Paypal,Pending
SYN002661,2025-03-15,Jeans,Clothing,41,1,41,Jane Smith,Boston,Debit Card,Pending
SYN002662,2025-03-07,Refrigerator,Home Appliances,1334,3,4002,Emma Clark,Los Angeles,Credit Card,Completed
SYN002663,2025-02-27,Washing Machine,Home Appliances,611,1,611,Jane Smith,Dallas,Amazon Pay,Completed
SYN002664,2025-09-28,Laptop,Electronics,827,5,4135,Olivia Wilson,San Francisco,Paypal,Completed
SYN002665,2025-02-16,Smartphone,Electronics,575,3,1725,Chris White,Dallas,Credit Card,Completed
SYN002666,2025-03-04,Smartwatch,Electronics,150,1,150,John Doe,Seattle,Gift Card,Completed
SYN002667,2025-02-12,Headphones,Electronics,100,3,300,Michael Brown,New York,Debit Card,Cancelled
SYN002668,2025-03-19,Refrigerator,Home Appliances,1210,1,1210,Jane Smith,Miami,Paypal,Completed
SYN002669,2025-03-15,Jeans,Clothing,38,2,76,Sophia Miller,Dallas,Paypal,Completed
SYN002670,2025-03-02,Smartphone,Electronics,483,3,1449,Jane Smith,Seattle,Debit Card,Cancelled
SYN002671,2025-02-20,Running Shoes,Footwear,60,2,120,John Doe,Denver,Amazon Pay,Cancelled
SYN002672,2025-03-15,Book,Books,14,3,42,Emma Clark,San Francisco,Amazon Pay,Pending
SYN002673,2025-03-21,Running Shoes,Footwear,60,3,180,Michael Brown,New York,Gift Card,Pending
SYN002674,2025-03-16,Smartphone,Electronics,532,2,1064,John Doe,Miami,Paypal,Completed
SYN002675,2025-02-02,T-Shirt,Clothing,20,5,100,Emma Clark,Denver,Paypal,Completed
SYN002676,2025-02-19,Book,Books,16,5,80,Daniel Harris,Miami,Debit Card,Pending
SYN002677,2025-03-25,Laptop,Electronics,788,4,3152,Michael Brown,Miami,Debit Card,Pending
SYN002678,2025-02-20,Running Shoes,Footwear,60,1,60,Jane Smith,Houston,Gift Card,Cancelled
SYN002679,2025-02-21,Laptop,Electronics,837,3,2511,John Doe,San Francisco,Credit Card,Pending
SYN002680,2025-02-03,Book,Books,15,5,75,Sophia Miller,Seattle,Amazon Pay,Completed
SYN002681,2025-03-23,Refrigerator,Home Appliances,1041,2,2082,Olivia Wilson,Seattle,Credit Card,Completed
SYN002682,2025-09-29,Book,Books,14,1,14,Emily Johnson,Boston,Credit Card,Completed
SYN002683,2025-12-05,Washing Machine,Home Appliances,639,5,3195,Emma Clark,Miami,Amazon Pay,Pending
SYN002684,2025-03-02,Headphones,Electronics,98,1,98,David Lee,Houston,Debit Card,Cancelled
SYN002685,2025-02-19,Smartphone,Electronics,497,3,1491,Chris White,Dallas,Credit Card,Completed
SYN002686,2025-07-01,Refrigerator,Home Appliances,1227,4,4908,Olivia Wilson,Houston,Credit Card,Pending
SYN002687,2025-03-26,Laptop,Electronics,856,3,2568,Olivia Wilson,Chicago,Amazon Pay,Completed
SYN002688,2025-03-17,Smartwatch,Electronics,156,4,624,Emma Clark,Houston,Paypal,Completed
SYN002689,2025-05-06,T-Shirt,Clothing,22,2,44,Chris White,Denver,Debit Card,Cancelled
SYN002690,2025-03-14,Running Shoes,Footwear,59,3,177,Olivia Wilson,Miami,Amazon Pay,Completed
SYN002691,2025-09-07,Smartphone,Electronics,531,2,1062,Olivia Wilson,Chicago,Credit Card,Completed
SYN002692,2025-02-17,Laptop,Electronics,819,4,3276,Jane Smith,Seattle,Amazon Pay,Pending
SYN002693,2025-02-28,Jeans,Clothing,41,2,82,Daniel Harris,Chicago,Credit Card,Pending
SYN002694,2025-02-19,Laptop,Electronics,865,4,3460,Jane Smith,Seattle,Amazon Pay,Pending
SYN002695,2025-02-18,Laptop,Electronics,789,5,3945,Emily Johnson,Denver,Paypal,Completed
SYN002696,2025-03-28,Jeans,Clothing,41,2,82,Chris White,Chicago,Credit Card,Completed
SYN002697,2025-03-01,Jeans,Clothing,40,4,160,John Doe,Seattle,Amazon Pay,Pending
SYN002698,2025-03-09,Jeans,Clothing,42,3,126,John Doe,Boston,Gift Card,Completed
SYN002699,2025-06-26,Running Shoes,Footwear,62,1,62,Emma Clark,Houston,Paypal,Completed
SYN002700,2025-02-19,Refrigerator,Home Appliances,1251,4,5004,David Lee,Boston,Gift Card,Pending
SYN002701,2025-07-02,Running Shoes,Footwear,70,1,70,Emma Clark,Houston,Paypal,Completed
SYN002702,2025-02-01,T-Shirt,Clothing,20,5,100,Emma Clark,Denver,Paypal,Completed
SYN002703,2025-02-19,Book,Books,14,1,14,Emma Clark,Houston,Gift Card,Cancelled
SYN002704,2025-05-03,Running Shoes,Footwear,62,4,248,Chris White,Chicago,Amazon Pay,Completed
SYN002705,2025-02-24,Headphones,Electronics,94,1,94,David Lee,Houston,Debit Card,Cancelled
SYN002706,2025-02-17,Jeans,Clothing,42,5,210,Jane Smith,Dallas,Debit Card,Pending
SYN002707,2025-03-16,Smartwatch,Electronics,150,4,600,Olivia Wilson,Miami,Paypal,Cancelled
SYN002708,2025-03-03,Refrigerator,Home Appliances,1145,4,4580,David Lee,Boston,Gift Card,Pending
SYN002709,2025-03-19,Refrigerator,Home Appliances,1262,3,3786,Daniel Harris,New York,Credit Card,Pending
SYN002710,2025-02-15,Running Shoes,Footwear,63,3,189,Olivia Wilson,Dallas,Credit Card,Pending
SYN002711,2025-03-10,Running Shoes,Footwear,61,5,305,Emma Clark,Miami,Debit Card,Completed
SYN002712,2025-02-08,T-Shirt,Clothing,20,5,100,Emma Clark,Denver,Paypal,Completed
SYN002713,2025-03-06,Washing Machine,Home Appliances,614,2,1228,Emily Johnson,Chicago,Gift Card,Cancelled
SYN002714,2025-03-05,Headphones,Electronics,96,1,96,Jane Smith,Chicago,Amazon Pay,Completed
SYN002715,2025-02-02,Smartphone,Electronics,521,1,521,Sophia Miller,Miami,Paypal,Completed
SYN002716,2025-02-21,Running Shoes,Footwear,60,4,240,Sophia Miller,San Francisco,Debit Card,Pending
SYN002717,2025-06-06,Washing Machine,Home Appliances,542,3,1626,Olivia Wilson,Denver,Gift Card,Cancelled
SYN002718,2025-04-29,Smartphone,Electronics,511,5,2555,John Doe,Boston,Paypal,Completed
SYN002719,2025-06-01,Smartphone,Electronics,466,5,2330,Michael Brown,Houston,Paypal,Completed
SYN002720,2025-10-09,Book,Books,16,2,32,Chris White,Los Angeles,Debit Card,Completed
SYN002721,2025-04-05,Book,Books,17,1,17,Olivia Wilson,New York,Debit Card,Cancelled
SYN002722,2025-09-29,Smartphone,Electronics,524,4,2096,Michael Brown,Seattle,Paypal,Pending
SYN002723,2025-03-20,Smartphone,Electronics,473,2,946,Olivia Wilson,Boston,Paypal,Cancelled
SYN002724,2025-03-29,T-Shirt,Clothing,20,1,20,Chris White,Dallas,Debit Card,Completed
SYN002725,2025-02-18,Smartphone,Electronics,471,1,471,John Doe,Dallas,Gift Card,Pending
SYN002726,2025-03-18,Refrigerator,Home Appliances,1176,3,3528,Daniel Harris,New York,Credit Card,Pending
SYN002727,2025-07-01,Running Shoes,Footwear,61,1,61,Emma Clark,Houston,Paypal,Completed
SYN002728,2025-02-24,Smartphone,Electronics,521,4,2084,Olivia Wilson,Dallas,Amazon Pay,Pending
SYN002729,2025-06-02,Washing Machine,Home Appliances,624,2,1248,David Lee,Dallas,Gift Card,Cancelled
SYN002730,2025-03-27,Jeans,Clothing,37,5,185,Daniel Harris,Seattle,Credit Card,Cancelled
SYN002731,2025-02-24,Headphones,Electronics,96,1,96,Jane Smith,Chicago,Amazon Pay,Completed
SYN002732,2025-04-05,Refrigerator,Home Appliances,1216,2,2432,Jane Smith,Dallas,Paypal,Cancelled
SYN002733,2025-03-14,Laptop,Electronics,749,4,2996,Emma Clark,Los Angeles,Amazon Pay,Completed
SYN002734,2025-01-27,Book,Books,15,5,75,Sophia Miller,Seattle,Amazon Pay,Completed
SYN002735,2025-06-07,Smartphone,Electronics,517,4,2068,Emma Clark,Houston,Credit Card,Completed
SYN002736,2025-10-08,T-Shirt,Clothing,18,1,18,Olivia Wilson,Miami,Credit Card,Pending
SYN002737,2025-04-02,Refrigerator,Home Appliances,1321,3,3963,David Lee,Boston,Gift Card,Completed
SYN002738,2025-03-24,Laptop,Electronics,798,5,3990,Michael Brown,Miami,Debit Card,Pending
SYN002739,2025-11-02,Refrigerator,Home Appliances,1184,1,1184,Jane Smith,New York,Paypal,Cancelled
SYN002740,2025-03-01,Smartwatch,Electronics,139,5,695,Michael Brown,Boston,Debit Card,Pending
SYN002741,2025-02-02,Book,Books,15,5,75,Sophia Miller,Seattle,Amazon Pay,Completed
SYN002742,2025-02-23,Smartwatch,Electronics,151,4,604,John Doe,Seattle,Credit Card,Completed
SYN002743,2025-03-23,Jeans,Clothing,41,2,82,Chris White,Chicago,Credit Card,Completed
SYN002744,2024-12-29,Headphones,Electronics,108,2,216,John Doe,Denver,Debit Card,Completed
SYN002745,2025-03-15,Smartwatch,Electronics,146,2,292,Emma Clark,Los Angeles,Gift Card,Cancelled
SYN002746,2025-09-26,T-Shirt,Clothing,21,1,21,Olivia Wilson,Miami,Credit Card,Pending
SYN002747,2025-04-03,Refrigerator,Home Appliances,1340,2,2680,Jane Smith,Dallas,Paypal,Cancelled
SYN002748,2025-03-11,Smartwatch,Electronics,148,2,296,David Lee,Chicago,Debit Card,Pending
SYN002749,2025-03-09,Running Shoes,Footwear,61,3,183,Emma Clark,New York,Debit Card,Cancelled
SYN002750,2025-03-08,Running Shoes,Footwear,62,3,186,Emma Clark,New York,Debit Card,Cancelled
SYN002751,2025-03-18,Running Shoes,Footwear,59,5,295,Emma Clark,Miami,Debit Card,Completed
SYN002752,2025-03-13,Running Shoes,Footwear,59,5,295,Emma Clark,Miami,Debit Card,Completed
SYN002753,2025-03-15,Running Shoes,Footwear,62,2,124,Emma Clark,Boston,Gift Card,Pending
SYN002754,2025-03-28,Smartphone,Electronics,490,5,2450,Emma Clark,Miami,Gift Card,Completed
SYN002755,2025-05-06,Running Shoes,Footwear,55,4,220,Chris White,Chicago,Amazon Pay,Completed
SYN002756,2025-05-02,Running Shoes,Footwear,61,5,305,Jane Smith,Dallas,Paypal,Pending
SYN002757,2025-04-01,Headphones,Electronics,93,3,279,Chris White,New York,Debit Card,Pending
SYN002758,2025-03-24,Smartwatch,Electronics,138,1,138,Chris White,Houston,Debit Card,Pending
SYN002759,2025-03-07,T-Shirt,Clothing,19,2,38,Michael Brown,Chicago,Paypal,Pending
SYN002760,2025-06-25,T-Shirt,Clothing,22,1,22,Daniel Harris,New York,Amazon Pay,Pending
SYN002761,2025-02-28,Headphones,Electronics,100,1,100,Jane Smith,Chicago,Amazon Pay,Completed
SYN002762,2025-01-30,Washing Machine,Home Appliances,566,4,2264,Michael Brown,New York,Paypal,Completed
SYN002763,2025-02-24,Running Shoes,Footwear,64,4,256,Sophia Miller,San Francisco,Debit Card,Pending
SYN002764,2025-10-03,Washing Machine,Home Appliances,585,3,1755,Emily Johnson,Dallas,Gift Card,Cancelled
SYN002765,2025-09-29,Book,Books,14,2,28,Chris White,Los Angeles,Debit Card,Completed
SYN002766,2025-11-26,Running Shoes,Footwear,55,1,55,David Lee,San Francisco,Credit Card,Pending
SYN002767,2025-07-03,T-Shirt,Clothing,22,1,22,Daniel Harris,New York,Amazon Pay,Pending
SYN002768,2025-02-21,Laptop,Electronics,784,3,2352,Chris White,Miami,Debit Card,Pending
SYN002769,2025-02-16,Running Shoes,Footwear,62,1,62,Sophia Miller,Houston,Paypal,Completed
SYN002770,2025-04-06,Smartphone,Electronics,466,5,2330,Emma Clark,Miami,Gift Card,Completed
SYN002771,2025-06-27,Running Shoes,Footwear,61,1,61,Emma Clark,Houston,Paypal,Completed
SYN002772,2025-03-22,Book,Books,15,1,15,Michael Brown,Boston,Amazon Pay,Completed
SYN002773,2025-02-18,Running Shoes,Footwear,56,1,56,Emma Clark,Houston,Credit Card,Pending
SYN002774,2025-08-02,T-Shirt,Clothing,19,4,76,Jane Smith,Denver,Credit Card,Pending
SYN002775,2025-04-07,Headphones,Electronics,92,3,276,Chris White,New York,Debit Card,Pending
SYN002776,2025-06-06,Laptop,Electronics,836,1,836,Jane Smith,Los Angeles,Amazon Pay,Cancelled
SYN002777,2025-08-02,T-Shirt,Clothing,20,4,80,Jane Smith,Denver,Credit Card,Pending
SYN002778,2025-03-09,Running Shoes,Footwear,58,2,116,David Lee,Los Angeles,Debit Card,Cancelled
SYN002779,2025-04-25,Running Shoes,Footwear,60,5,300,Jane Smith,Dallas,Paypal,Pending
SYN002780,2025-02-26,Jeans,Clothing,40,2,80,Michael Brown,Los Angeles,Gift Card,Cancelled
SYN002781,2025-09-27,Smartwatch,Electronics,155,3,465,Emma Clark,New York,Debit Card,Pending
SYN002782,2025-02-11,Washing Machine,Home Appliances,544,1,544,Olivia Wilson,Boston,Debit Card,Cancelled
SYN002783,2025-07-06,Refrigerator,Home Appliances,1249,4,4996,Olivia Wilson,Houston,Credit Card,Pending
SYN002784,2025-12-02,Running Shoes,Footwear,58,2,116,Michael Brown,Denver,Gift Card,Completed
SYN002785,2025-03-12,Smartwatch,Electronics,136,3,408,David Lee,Boston,Gift Card,Pending
SYN002786,2025-02-02,Washing Machine,Home Appliances,615,4,2460,Michael Brown,New York,Paypal,Completed
SYN002787,2025-01-04,Smartwatch,Electronics,151,2,302,Daniel Harris,Dallas,Credit Card,Cancelled
SYN002788,2025-04-01,Washing Machine,Home Appliances,597,4,2388,Chris White,Houston,Credit Card,Pending
SYN002789,2025-10-03,Smartwatch,Electronics,147,5,735,David Lee,Boston,Paypal,Completed
SYN002790,2025-07-01,Running Shoes,Footwear,62,1,62,Emma Clark,Houston,Paypal,Completed
SYN002791,2025-11-01,T-Shirt,Clothing,21,5,105,Jane Smith,Denver,Amazon Pay,Completed
SYN002792,2025-03-02,Smartwatch,Electronics,151,5,755,Michael Brown,Boston,Debit Card,Pending
SYN002793,2025-02-17,Running Shoes,Footwear,58,2,116,John Doe,Denver,Amazon Pay,Cancelled
SYN002794,2025-03-18,Headphones,Electronics,94,2,188,Daniel Harris,Miami,Paypal,Pending
SYN002795,2025-11-30,Book,Books,16,5,80,Jane Smith,Dallas,Credit Card,Pending
SYN002796,2025-03-27,Running Shoes,Footwear,54,5,270,Emma Clark,Los Angeles,Credit Card,Cancelled
SYN002797,2025-02-26,Headphones,Electronics,94,3,282,Michael Brown,Chicago,Paypal,Cancelled
SYN002798,2025-02-28,Headphones,Electronics,105,1,105,Emily Johnson,Los Angeles,Credit Card,Completed
SYN002799,2025-04-07,Headphones,Electronics,101,5,505,Daniel Harris,Seattle,Debit Card,Pending
SYN002800,2025-02-23,Laptop,Electronics,819,5,4095,Emily Johnson,Denver,Paypal,Completed
SYN002801,2025-03-04,Jeans,Clothing,41,4,164,John Doe,Seattle,Amazon Pay,Pending
SYN002802,2025-03-11,Refrigerator,Home Appliances,1175,3,3525,Emma Clark,Los Angeles,Credit Card,Completed
SYN002803,2025-03-23,Running Shoes,Footwear,60,5,300,Emma Clark,Los Angeles,Credit Card,Cancelled
SYN002804,2025-02-17,Smartphone,Electronics,502,3,1506,Chris White,Dallas,Credit Card,Completed
SYN002805,2025-11-09,T-Shirt,Clothing,21,5,105,Jane Smith,Denver,Amazon Pay,Completed
SYN002806,2025-03-22,Smartphone,Electronics,492,1,492,Jane Smith,Los Angeles,Debit Card,Cancelled
SYN002807,2025-03-14,Smartphone,Electronics,511,2,1022,Chris White,Chicago,Paypal,Pending
SYN002808,2025-03-07,Book,Books,14,1,14,David Lee,New York,Amazon Pay,Pending
SYN002809,2025-03-30,Smartwatch,Electronics,151,3,453,Jane Smith,New York,Amazon Pay,Completed
SYN002810,2025-06-07,Washing Machine,Home Appliances,598,3,1794,Olivia Wilson,Denver,Gift Card,Cancelled
SYN002811,2025-08-07,Smartphone,Electronics,500,4,2000,Chris White,Boston,Gift Card,Pending
SYN002812,2025-03-28,Refrigerator,Home Appliances,1222,4,4888,Jane Smith,Dallas,Gift Card,Cancelled
SYN002813,2025-02-06,Refrigerator,Home Appliances,1261,4,5044,Emily Johnson,Denver,Paypal,Pending
SYN002814,2025-07-02,T-Shirt,Clothing,20,1,20,Daniel Harris,New York,Amazon Pay,Pending
SYN002815,2025-03-14,Laptop,Electronics,813,3,2439,John Doe,New York,Paypal,Pending
SYN002816,2025-03-30,Laptop,Electronics,725,3,2175,Jane Smith,New York,Paypal,Completed
SYN002817,2025-03-22,T-Shirt,Clothing,21,2,42,Chris White,Miami,Gift Card,Cancelled
SYN002818,2025-03-28,Jeans,Clothing,41,5,205,Daniel Harris,Dallas,Paypal,Completed
SYN002819,2025-06-06,Smartphone,Electronics,536,4,2144,Emma Clark,Houston,Credit Card,Completed
SYN002820,2025-04-30,Refrigerator,Home Appliances,1162,4,4648,Sophia Miller,Seattle,Credit Card,Pending
SYN002821,2025-03-10,Smartphone,Electronics,512,3,1536,Sophia Miller,Miami,Gift Card,Completed
SYN002822,2025-08-03,T-Shirt,Clothing,20,3,60,Sophia Miller,Boston,Paypal,Completed
SYN002823,2025-03-22,T-Shirt,Clothing,20,3,60,Olivia Wilson,Chicago,Paypal,Pending
SYN002824,2025-02-21,Laptop,Electronics,883,5,4415,Emily Johnson,Denver,Paypal,Completed
SYN002825,2025-04-09,Laptop,Electronics,813,1,813,Michael Brown,Los Angeles,Credit Card,Cancelled
SYN002826,2025-03-17,Book,Books,15,5,75,David Lee,San Francisco,Debit Card,Pending
SYN002827,2025-02-15,Running Shoes,Footwear,59,3,177,Olivia Wilson,Dallas,Credit Card,Pending
SYN002828,2025-03-21,Smartwatch,Electronics,159,2,318,Emma Clark,Boston,Debit Card,Completed
SYN002829,2025-10-02,Smartphone,Electronics,515,2,1030,Michael Brown,Los Angeles,Amazon Pay,Completed
SYN002830,2025-02-07,T-Shirt,Clothing,20,6,120,Jane Smith,New York,Credit Card,Pending
SYN002831,2025-02-27,Book,Books,14,1,14,Emma Clark,Houston,Credit Card,Pending
SYN002832,2025-02-27,Laptop,Electronics,828,1,828,Emily Johnson,New York,Amazon Pay,Pending
SYN002833,2025-12-04,Book,Books,16,1,16,David Lee,Miami,Debit Card,Cancelled
SYN002834,2025-02-24,Jeans,Clothing,41,5,205,Jane Smith,Dallas,Debit Card,Pending
SYN002835,2025-06-29,Laptop,Electronics,787,3,2361,Daniel Harris,Houston,Credit Card,Pending
SYN002836,2025-05-01,Headphones,Electronics,99,3,297,Chris White,Miami,Debit Card,Cancelled
SYN002837,2025-03-15,T-Shirt,Clothing,20,1,20,John Doe,Dallas,Credit Card,Pending
SYN002838,2025-02-27,Book,Books,14,3,42,Chris White,Boston,Gift Card,Cancelled
SYN002839,2025-02-26,Jeans,Clothing,37,4,148,John Doe,Seattle,Amazon Pay,Pending
SYN002840,2025-03-02,Running Shoes,Footwear,55,1,55,Sophia Miller,Houston,Paypal,Completed
SYN002841,2025-03-10,Running Shoes,Footwear,60,3,180,Emma Clark,New York,Debit Card,Cancelled
SYN002842,2025-02-21,Laptop,Electronics,861,3,2583,Chris White,Miami,Debit Card,Pending
SYN002843,2025-06-07,Laptop,Electronics,829,1,829,Jane Smith,Los Angeles,Amazon Pay,Cancelled
SYN002844,2025-02-23,Washing Machine,Home Appliances,609,2,1218,Chris White,Seattle,Paypal,Cancelled
SYN002845,2025-02-25,Laptop,Electronics,822,4,3288,Jane Smith,Seattle,Amazon Pay,Pending
SYN002846,2025-03-16,Headphones,Electronics,97,2,194,Daniel Harris,Miami,Paypal,Pending
SYN002847,2025-03-04,Running Shoes,Footwear,60,2,120,David Lee,Los Angeles,Debit Card,Cancelled
SYN002848,2025-03-31,Refrigerator,Home Appliances,1260,3,3780,David Lee,Boston,Gift Card,Completed
SYN002849,2024-12-28,T-Shirt,Clothing,21,1,21,Emma Clark,New York,Amazon Pay,Completed
SYN002850,2025-02-21,Book,Books,14,1,14,Emma Clark,Houston,Credit Card,Pending
SYN002851,2025-02-17,Smartwatch,Electronics,151,2,302,Chris White,Miami,Paypal,Pending
SYN002852,2025-03-14,T-Shirt,Clothing,18,3,54,Olivia Wilson,Chicago,Paypal,Pending
SYN002853,2025-03-05,Book,Books,14,4,56,Michael Brown,San Francisco,Credit Card,Completed
SYN002854,2025-03-30,Jeans,Clothing,38,1,38,Olivia Wilson,Seattle,Paypal,Cancelled
SYN002855,2025-03-02,Smartwatch,Electronics,146,5,730,Michael Brown,Boston,Debit Card,Pending
SYN002856,2025-11-30,Book,Books,15,5,75,Jane Smith,Dallas,Credit Card,Pending
SYN002857,2025-02-22,Smartphone,Electronics,471,1,471,Emily Johnson,Denver,Amazon Pay,Completed
SYN002858,2025-03-08,Smartphone,Electronics,494,3,1482,Sophia Miller,Miami,Gift Card,Completed
SYN002859,2025-02-21,Headphones,Electronics,103,1,103,Emily Johnson,Los Angeles,Credit Card,Completed
SYN002860,2025-02-17,Running Shoes,Footwear,59,2,118,Chris White,Houston,Paypal,Completed
SYN002861,2025-02-28,Refrigerator,Home Appliances,1165,1,1165,Olivia Wilson,Seattle,Paypal,Completed
SYN002862,2025-03-25,Smartwatch,Electronics,153,1,153,Emily Johnson,Seattle,Gift Card,Pending
SYN002863,2025-03-06,Refrigerator,Home Appliances,1213,1,1213,Olivia Wilson,Seattle,Paypal,Completed
SYN002864,2025-04-07,Laptop,Electronics,832,4,3328,Emma Clark,Los Angeles,Credit Card,Completed
SYN002865,2025-05-02,T-Shirt,Clothing,19,2,38,Chris White,Denver,Debit Card,Cancelled
SYN002866,2025-04-01,Washing Machine,Home Appliances,584,1,584,Emma Clark,Seattle,Debit Card,Pending
SYN002867,2025-02-26,Smartphone,Electronics,536,4,2144,Emily Johnson,Seattle,Amazon Pay,Completed
SYN002868,2025-12-09,Running Shoes,Footwear,62,2,124,Michael Brown,Denver,Gift Card,Completed
SYN002869,2025-08-05,Smartwatch,Electronics,133,3,399,Emily Johnson,New York,Debit Card,Cancelled
SYN002870,2025-03-24,T-Shirt,Clothing,19,1,19,Chris White,Dallas,Debit Card,Completed
SYN002871,2025-03-18,Smartwatch,Electronics,149,2,298,Emma Clark,Los Angeles,Gift Card,Cancelled
SYN002872,2025-03-19,Smartphone,Electronics,500,2,1000,John Doe,Miami,Paypal,Completed
SYN002873,2025-03-17,Smartwatch,Electronics,156,2,312,Emma Clark,Los Angeles,Gift Card,Cancelled
SYN002874,2025-03-30,Laptop,Electronics,800,3,2400,Jane Smith,New York,Paypal,Completed
SYN002875,2025-08-05,Book,Books,15,4,60,Daniel Harris,Chicago,Gift Card,Cancelled
SYN002876,2025-02-15,Laptop,Electronics,814,4,3256,Jane Smith,Seattle,Amazon Pay,Pending
SYN002877,2025-03-19,Running Shoes,Footwear,61,5,305,Emma Clark,Los Angeles,Credit Card,Cancelled
SYN002878,2025-03-17,Jeans,Clothing,41,5,205,Michael Brown,New York,Paypal,Completed
SYN002879,2025-03-17,T-Shirt,Clothing,20,2,40,Daniel Harris,Miami,Debit Card,Cancelled
SYN002880,2025-02-17,Running Shoes,Footwear,55,4,220,Sophia Miller,San Francisco,Debit Card,Pending
SYN002881,2025-03-20,Jeans,Clothing,38,5,190,David Lee,New York,Debit Card,Cancelled
SYN002882,2025-05-29,Smartphone,Electronics,459,5,2295,Michael Brown,Houston,Paypal,Completed
SYN002883,2025-03-18,Book,Books,15,5,75,Olivia Wilson,Chicago,Amazon Pay,Pending
SYN002884,2025-05-31,Washing Machine,Home Appliances,532,3,1596,Olivia Wilson,Denver,Gift Card,Cancelled
SYN002885,2025-03-21,Smartwatch,Electronics,151,1,151,Emily Johnson,Seattle,Gift Card,Pending
SYN002886,2025-03-20,Smartphone,Electronics,463,1,463,David Lee,Miami,Gift Card,Pending
SYN002887,2025-03-30,Smartwatch,Electronics,146,2,292,Emily Johnson,Dallas,Paypal,Cancelled
SYN002888,2025-10-07,Smartphone,Electronics,498,2,996,Michael Brown,Los Angeles,Amazon Pay,Completed
SYN002889,2025-02-09,Washing Machine,Home Appliances,573,1,573,Olivia Wilson,Boston,Debit Card,Cancelled
SYN002890,2025-08-05,Smartphone,Electronics,546,4,2184,Chris White,Boston,Gift Card,Pending
SYN002891,2025-07-30,T-Shirt,Clothing,20,3,60,Sophia Miller,Boston,Paypal,Completed
SYN002892,2025-03-15,Refrigerator,Home Appliances,1224,2,2448,Olivia Wilson,Seattle,Credit Card,Completed
SYN002893,2025-02-18,Running Shoes,Footwear,56,2,112,John Doe,Denver,Amazon Pay,Cancelled
SYN002894,2025-07-09,Smartphone,Electronics,504,5,2520,David Lee,Chicago,Gift Card,Pending
SYN002895,2025-05-06,Smartphone,Electronics,485,5,2425,John Doe,Boston,Paypal,Completed
SYN002896,2025-06-06,Washing Machine,Home Appliances,582,2,1164,David Lee,Dallas,Gift Card,Cancelled
SYN002897,2025-03-26,Laptop,Electronics,750,4,3000,Emma Clark,Los Angeles,Credit Card,Completed
SYN002898,2025-02-25,Headphones,Electronics,97,2,194,Daniel Harris,Boston,Paypal,Pending
SYN002899,2025-03-16,Book,Books,15,5,75,David Lee,San Francisco,Debit Card,Pending
SYN002900,2025-03-18,T-Shirt,Clothing,20,2,40,Daniel Harris,Miami,Debit Card,Cancelled
SYN002901,2025-11-28,Smartphone,Electronics,473,1,473,Emily Johnson,San Francisco,Credit Card,Cancelled
SYN002902,2025-02-18,Book,Books,15,3,45,Chris White,Boston,Gift Card,Cancelled
SYN002903,2025-04-07,Headphones,Electronics,99,4,396,Jane Smith,San Francisco,Amazon Pay,Pending
SYN002904,2025-03-05,Headphones,Electronics,101,1,101,Jane Smith,Chicago,Amazon Pay,Completed
SYN002905,2025-10-02,Washing Machine,Home Appliances,623,3,1869,Emily Johnson,Dallas,Gift Card,Cancelled
SYN002906,2025-04-02,Jeans,Clothing,39,5,195,Daniel Harris,Dallas,Paypal,Completed
SYN002907,2025-02-24,Smartphone,Electronics,478,5,2390,Emily Johnson,Miami,Credit Card,Cancelled
SYN002908,2025-02-24,Headphones,Electronics,98,2,196,David Lee,Houston,Paypal,Completed
SYN002909,2025-03-17,Smartwatch,Electronics,144,2,288,Emma Clark,Los Angeles,Gift Card,Cancelled
SYN002910,2025-08-05,T-Shirt,Clothing,20,3,60,Sophia Miller,Boston,Paypal,Completed
SYN002911,2025-03-20,Laptop,Electronics,716,3,2148,Jane Smith,New York,Paypal,Completed
SYN002912,2025-06-07,Smartphone,Electronics,505,5,2525,Michael Brown,Houston,Paypal,Completed
SYN002913,2025-03-10,Smartphone,Electronics,461,2,922,Chris White,Chicago,Paypal,Pending
SYN002914,2025-03-03,Refrigerator,Home Appliances,1200,1,1200,John Doe,Boston,Credit Card,Cancelled
SYN002915,2025-03-24,Refrigerator,Home Appliances,1316,2,2632,Olivia Wilson,Seattle,Credit Card,Completed
SYN002916,2025-05-30,Laptop,Electronics,774,1,774,Jane Smith,Los Angeles,Amazon Pay,Cancelled
SYN002917,2025-03-22,Smartphone,Electronics,494,1,494,Jane Smith,Los Angeles,Debit Card,Cancelled
SYN002918,2025-03-22,Smartwatch,Electronics,152,5,760,Daniel Harris,Houston,Amazon Pay,Completed
SYN002919,2025-02-17,Running Shoes,Footwear,54,2,108,Chris White,Houston,Paypal,Completed
SYN002920,2025-03-28,Smartphone,Electronics,464,2,928,John Doe,Miami,Paypal,Completed
SYN002921,2025-03-23,Running Shoes,Footwear,61,4,244,Emily Johnson,Los Angeles,Paypal,Completed
SYN002922,2025-10-28,Jeans,Clothing,40,1,40,Sophia Miller,New York,Gift Card,Cancelled
SYN002923,2025-03-10,Jeans,Clothing,37,5,185,Michael Brown,New York,Paypal,Completed
SYN002924,2025-02-22,Book,Books,15,2,30,David Lee,Boston,Amazon Pay,Pending
SYN002925,2025-10-27,Headphones,Electronics,95,3,285,Michael Brown,Houston,Debit Card,Cancelled
SYN002926,2025-02-10,Smartwatch,Electronics,152,4,608,Chris White,New York,Debit Card,Cancelled
SYN002927,2025-02-21,Washing Machine,Home Appliances,618,1,618,Jane Smith,Dallas,Amazon Pay,Completed
SYN002928,2025-02-13,Smartwatch,Electronics,144,4,576,John Doe,Seattle,Credit Card,Completed
SYN002929,2025-08-05,T-Shirt,Clothing,18,3,54,Sophia Miller,Boston,Paypal,Completed
SYN002930,2025-03-08,Jeans,Clothing,39,4,156,Michael Brown,Dallas,Credit Card,Completed
SYN002931,2025-03-20,Refrigerator,Home Appliances,1209,1,1209,Jane Smith,Miami,Paypal,Completed
SYN002932,2025-03-19,Jeans,Clothing,45,2,90,David Lee,Denver,Amazon Pay,Cancelled
SYN002933,2025-02-21,Smartphone,Electronics,508,1,508,John Doe,Dallas,Gift Card,Pending
SYN002934,2025-05-04,Headphones,Electronics,102,3,306,Chris White,Miami,Debit Card,Cancelled
SYN002935,2025-08-26,Refrigerator,Home Appliances,1191,2,2382,Sophia Miller,Boston,Paypal,Cancelled
SYN002936,2025-05-07,Running Shoes,Footwear,64,2,128,Chris White,Houston,Amazon Pay,Completed
SYN002937,2025-02-22,Jeans,Clothing,40,2,80,Michael Brown,Los Angeles,Gift Card,Cancelled
SYN002938,2025-07-28,Running Shoes,Footwear,60,5,300,Jane Smith,Miami,Gift Card,Pending
SYN002939,2025-07-07,Headphones,Electronics,101,4,404,Olivia Wilson,Seattle,Debit Card,Pending
SYN002940,2025-01-06,T-Shirt,Clothing,20,1,20,Emma Clark,New York,Amazon Pay,Completed
SYN002941,2025-02-25,Smartphone,Electronics,488,3,1464,Chris White,Dallas,Credit Card,Completed
SYN002942,2025-09-28,Washing Machine,Home Appliances,614,3,1842,Emily Johnson,Dallas,Gift Card,Cancelled
SYN002943,2025-03-07,Smartphone,Electronics,485,1,485,David Lee,Miami,Gift Card,Pending
SYN002944,2025-09-02,Smartwatch,Electronics,148,1,148,John Doe,Denver,Gift Card,Pending
SYN002945,2025-03-25,Laptop,Electronics,712,4,2848,Emma Clark,Los Angeles,Credit Card,Completed
SYN002946,2025-10-02,Washing Machine,Home Appliances,556,3,1668,Emily Johnson,Dallas,Gift Card,Cancelled
SYN002947,2025-02-23,Book,Books,14,5,70,Daniel Harris,Miami,Debit Card,Pending
SYN002948,2025-03-22,Running Shoes,Footwear,54,3,162,Olivia Wilson,Miami,Amazon Pay,Completed
SYN002949,2025-03-20,Laptop,Electronics,785,3,2355,John Doe,New York,Paypal,Pending
SYN002950,2025-03-25,Smartwatch,Electronics,163,1,163,Chris White,Houston,Debit Card,Pending
SYN002951,2025-06-27,T-Shirt,Clothing,20,1,20,Daniel Harris,New York,Amazon Pay,Pending
SYN002952,2025-02-15,Headphones,Electronics,102,3,306,David Lee,Houston,Paypal,Cancelled
SYN002953,2025-03-19,Laptop,Electronics,808,3,2424,John Doe,New York,Paypal,Pending
SYN002954,2025-03-18,Jeans,Clothing,40,5,200,Michael Brown,New York,Paypal,Completed
SYN002955,2025-01-29,T-Shirt,Clothing,19,5,95,Jane Smith,New York,Credit Card,Pending
SYN002956,2025-02-23,Headphones,Electronics,101,1,101,Emily Johnson,Los Angeles,Credit Card,Completed
SYN002957,2025-03-10,T-Shirt,Clothing,20,2,40,Daniel Harris,Miami,Debit Card,Cancelled
SYN002958,2025-03-20,Laptop,Electronics,780,3,2340,John Doe,New York,Paypal,Pending
SYN002959,2025-03-11,Smartphone,Electronics,506,3,1518,Sophia Miller,Miami,Gift Card,Completed
SYN002960,2025-02-07,Book,Books,15,5,75,Sophia Miller,Seattle,Amazon Pay,Completed
SYN002961,2025-02-20,Refrigerator,Home Appliances,1147,3,3441,John Doe,Dallas,Debit Card,Completed
SYN002962,2025-03-29,Headphones,Electronics,100,4,400,Jane Smith,San Francisco,Amazon Pay,Pending
SYN002963,2025-11-09,Refrigerator,Home Appliances,1195,2,2390,Daniel Harris,San Francisco,Paypal,Cancelled
SYN002964,2025-03-01,Washing Machine,Home Appliances,601,4,2404,Emma Clark,Houston,Gift Card,Cancelled
SYN002965,2025-03-27,Jeans,Clothing,38,1,38,Olivia Wilson,Seattle,Paypal,Cancelled
SYN002966,2025-03-18,Smartwatch,Electronics,153,2,306,Olivia Wilson,Miami,Debit Card,Completed
SYN002967,2025-02-17,Running Shoes,Footwear,58,1,58,David Lee,Boston,Paypal,Cancelled
SYN002968,2025-10-04,Laptop,Electronics,867,5,4335,Olivia Wilson,San Francisco,Paypal,Completed
SYN002969,2025-05-27,Smartphone,Electronics,509,3,1527,Emily Johnson,Chicago,Paypal,Completed
SYN002970,2025-03-28,Smartwatch,Electronics,151,1,151,Emily Johnson,Seattle,Gift Card,Pending
SYN002971,2025-02-28,Jeans,Clothing,42,5,210,Jane Smith,Dallas,Debit Card,Pending
SYN002972,2025-09-30,Book,Books,16,2,32,Chris White,Los Angeles,Debit Card,Completed
SYN002973,2025-09-29,Laptop,Electronics,777,3,2331,Jane Smith,Houston,Amazon Pay,Completed
SYN002974,2025-08-01,Smartphone,Electronics,478,4,1912,Chris White,Boston,Gift Card,Pending
SYN002975,2025-09-30,Smartwatch,Electronics,143,5,715,David Lee,Boston,Paypal,Completed
SYN002976,2025-03-07,T-Shirt,Clothing,18,1,18,John Doe,Dallas,Credit Card,Pending
SYN002977,2025-03-09,Running Shoes,Footwear,60,3,180,Emma Clark,New York,Debit Card,Cancelled
SYN002978,2025-03-18,Smartwatch,Electronics,161,2,322,Michael Brown,Denver,Paypal,Pending
SYN002979,2025-03-28,Jeans,Clothing,41,5,205,David Lee,New York,Debit Card,Cancelled
SYN002980,2025-03-18,Smartwatch,Electronics,151,3,453,David Lee,Boston,Gift Card,Pending
SYN002981,2025-03-09,Refrigerator,Home Appliances,1232,3,3696,Emma Clark,Los Angeles,Credit Card,Completed
SYN002982,2025-10-27,T-Shirt,Clothing,18,5,90,Jane Smith,Denver,Amazon Pay,Completed
SYN002983,2025-06-02,Laptop,Electronics,806,1,806,Jane Smith,Los Angeles,Amazon Pay,Cancelled
SYN002984,2025-10-02,Laptop,Electronics,845,3,2535,Jane Smith,Houston,Amazon Pay,Completed
SYN002985,2025-02-23,Smartwatch,Electronics,161,2,322,Daniel Harris,Houston,Paypal,Completed
SYN002986,2025-03-13,Smartwatch,Electronics,148,5,740,John Doe,Denver,Credit Card,Pending
SYN002987,2025-03-18,Laptop,Electronics,839,3,2517,Jane Smith,New York,Paypal,Completed
SYN002988,2025-03-11,Refrigerator,Home Appliances,1268,1,1268,Jane Smith,Miami,Paypal,Completed
SYN002989,2025-03-22,Refrigerator,Home Appliances,1300,3,3900,Daniel Harris,New York,Credit Card,Pending
SYN002990,2025-06-01,Refrigerator,Home Appliances,1221,2,2442,John Doe,Denver,Paypal,Completed
SYN002991,2025-04-02,Jeans,Clothing,42,5,210,Daniel Harris,Dallas,Paypal,Completed
SYN002992,2025-02-24,Washing Machine,Home Appliances,602,4,2408,Emma Clark,Houston,Gift Card,Cancelled
SYN002993,2025-08-27,Smartphone,Electronics,495,2,990,Olivia Wilson,Chicago,Credit Card,Completed
SYN002994,2025-03-03,Jeans,Clothing,40,5,200,Emily Johnson,New York,Debit Card,Pending
SYN002995,2025-02-13,T-Shirt,Clothing,20,3,60,Emma Clark,Dallas,Debit Card,Completed
SYN002996,2025-08-30,Smartphone,Electronics,487,2,974,Olivia Wilson,Chicago,Credit Card,Completed
SYN002997,2025-02-24,Washing Machine,Home Appliances,621,4,2484,Emma Clark,Houston,Gift Card,Cancelled
SYN002998,2025-02-14,Running Shoes,Footwear,60,2,120,Chris White,Houston,Paypal,Completed
SYN002999,2025-02-19,T-Shirt,Clothing,20,2,40,David Lee,Dallas,Gift Card,Cancelled
SYN003000,2025-03-10,Book,Books,15,5,75,David Lee,San Francisco,Credit Card,Pending
SYN003001,2025-03-07,Laptop,Electronics,787,4,3148,Daniel Harris,Houston,Gift Card,Pending
SYN003002,2025-03-19,T-Shirt,Clothing,20,2,40,Michael Brown,Chicago,Paypal,Pending
SYN003003,2025-06-29,T-Shirt,Clothing,19,1,19,Daniel Harris,New York,Amazon Pay,Pending
SYN003004,2025-03-01,Smartphone,Electronics,488,3,1464,Chris White,Dallas,Credit Card,Completed
SYN003005,2025-02-14,Running Shoes,Footwear,61,1,61,Jane Smith,Houston,Gift Card,Cancelled
SYN003006,2025-03-08,Smartphone,Electronics,542,2,1084,Olivia Wilson,Boston,Paypal,Cancelled
SYN003007,2025-02-23,Smartwatch,Electronics,157,5,785,Michael Brown,Boston,Debit Card,Pending
SYN003008,2025-12-02,Book,Books,16,5,80,Jane Smith,Dallas,Credit Card,Pending
SYN003009,2025-08-08,T-Shirt,Clothing,20,3,60,Sophia Miller,Boston,Paypal,Completed
SYN003010,2025-03-17,Headphones,Electronics,111,2,222,Daniel Harris,Miami,Paypal,Pending
SYN003011,2025-10-08,Book,Books,16,1,16,Emily Johnson,Boston,Credit Card,Completed
SYN003012,2025-02-22,Headphones,Electronics,102,2,204,David Lee,Houston,Paypal,Completed
SYN003013,2025-04-30,Smartphone,Electronics,518,5,2590,John Doe,Boston,Paypal,Completed
SYN003014,2025-03-17,Jeans,Clothing,38,4,152,Michael Brown,Dallas,Credit Card,Completed
SYN003015,2025-03-01,Refrigerator,Home Appliances,1211,4,4844,David Lee,Boston,Gift Card,Pending
SYN003016,2025-04-30,Headphones,Electronics,106,3,318,Chris White,Miami,Debit Card,Cancelled
SYN003017,2025-03-19,Refrigerator,Home Appliances,1303,2,2606,Olivia Wilson,Seattle,Credit Card,Completed
SYN003018,2025-03-25,Headphones,Electronics,94,4,376,Emily Johnson,San Francisco,Debit Card,Pending
SYN003019,2025-03-10,Smartwatch,Electronics,152,2,304,David Lee,Chicago,Debit Card,Pending
SYN003020,2025-01-07,Smartwatch,Electronics,150,2,300,Daniel Harris,Dallas,Credit Card,Cancelled
SYN003021,2025-02-26,Smartphone,Electronics,508,4,2032,Emily Johnson,Seattle,Amazon Pay,Completed
SYN003022,2025-03-29,Laptop,Electronics,835,3,2505,Jane Smith,New York,Paypal,Completed
SYN003023,2025-10-06,Book,Books,14,2,28,Chris White,Los Angeles,Debit Card,Completed
SYN003024,2025-05-31,Running Shoes,Footwear,61,2,122,David Lee,Houston,Debit Card,Cancelled
SYN003025,2025-02-24,Smartwatch,Electronics,152,4,608,Chris White,New York,Debit Card,Cancelled
SYN003026,2025-06-08,Smartphone,Electronics,508,4,2032,Emma Clark,Houston,Credit Card,Completed
SYN003027,2025-10-05,T-Shirt,Clothing,21,1,21,Olivia Wilson,Miami,Credit Card,Pending
SYN003028,2025-09-27,Washing Machine,Home Appliances,532,3,1596,Emily Johnson,Dallas,Gift Card,Cancelled
SYN003029,2025-03-19,Smartwatch,Electronics,145,2,290,Emily Johnson,Dallas,Paypal,Cancelled
SYN003030,2025-03-20,Refrigerator,Home Appliances,1251,1,1251,Jane Smith,Miami,Paypal,Completed
SYN003031,2025-08-04,Smartphone,Electronics,504,3,1512,Sophia Miller,Denver,Credit Card,Pending
SYN003032,2025-03-21,Running Shoes,Footwear,62,3,186,Olivia Wilson,Houston,Credit Card,Completed
SYN003033,2025-03-31,Refrigerator,Home Appliances,1264,4,5056,Jane Smith,Dallas,Gift Card,Cancelled
SYN003034,2025-06-05,Smartphone,Electronics,466,3,1398,Emily Johnson,Chicago,Paypal,Completed
SYN003035,2025-02-14,Book,Books,15,2,30,David Lee,Boston,Amazon Pay,Pending
SYN003036,2025-03-13,Headphones,Electronics,95,4,380,Emily Johnson,San Francisco,Debit Card,Pending
SYN003037,2025-03-01,Headphones,Electronics,107,2,214,David Lee,Houston,Paypal,Completed
SYN003038,2025-02-18,Book,Books,15,1,15,Jane Smith,Miami,Credit Card,Cancelled
SYN003039,2025-03-22,Refrigerator,Home Appliances,1255,3,3765,Daniel Harris,New York,Credit Card,Pending
SYN003040,2025-02-18,Jeans,Clothing,40,5,200,Jane Smith,Dallas,Debit Card,Pending
SYN003041,2025-08-03,Book,Books,14,4,56,Daniel Harris,Chicago,Gift Card,Cancelled
SYN003042,2025-03-19,Laptop,Electronics,691,3,2073,Jane Smith,New York,Paypal,Completed
SYN003043,2025-03-16,Refrigerator,Home Appliances,1189,1,1189,Daniel Harris,Dallas,Paypal,Completed
SYN003044,2025-03-15,Book,Books,15,1,15,David Lee,New York,Amazon Pay,Pending
SYN003045,2025-04-05,Book,Books,14,5,70,David Lee,Chicago,Amazon Pay,Pending
SYN003046,2025-03-17,Running Shoes,Footwear,67,3,201,Emma Clark,San Francisco,Credit Card,Pending
SYN003047,2025-03-06,T-Shirt,Clothing,18,1,18,Daniel Harris,New York,Credit Card,Completed
SYN003048,2025-03-22,Smartwatch,Electronics,155,2,310,Olivia Wilson,Miami,Debit Card,Completed
SYN003049,2025-03-21,Laptop,Electronics,771,4,3084,Emma Clark,Los Angeles,Amazon Pay,Completed
SYN003050,2025-02-14,T-Shirt,Clothing,22,2,44,David Lee,Dallas,Gift Card,Cancelled
SYN003051,2025-04-05,Jeans,Clothing,43,1,43,Sophia Miller,Dallas,Debit Card,Cancelled
SYN003052,2025-03-24,Running Shoes,Footwear,55,5,275,Emma Clark,Los Angeles,Credit Card,Cancelled
SYN003053,2025-10-07,Washing Machine,Home Appliances,657,3,1971,Emily Johnson,Dallas,Gift Card,Cancelled
SYN003054,2025-02-14,Refrigerator,Home Appliances,1171,3,3513,John Doe,Dallas,Debit Card,Completed
SYN003055,2025-03-14,Headphones,Electronics,99,2,198,Daniel Harris,Miami,Paypal,Pending
SYN003056,2025-11-02,T-Shirt,Clothing,19,5,95,Jane Smith,Denver,Amazon Pay,Completed
SYN003057,2025-03-31,Jeans,Clothing,40,2,80,David Lee,Denver,Amazon Pay,Cancelled
SYN003058,2025-01-08,Smartwatch,Electronics,146,2,292,Daniel Harris,Dallas,Credit Card,Cancelled
SYN003059,2025-03-28,Jeans,Clothing,36,5,180,David Lee,New York,Debit Card,Cancelled
SYN003060,2025-03-03,Washing Machine,Home Appliances,579,2,1158,Emily Johnson,Chicago,Gift Card,Cancelled
SYN003061,2025-03-28,Washing Machine,Home Appliances,549,1,549,John Doe,Miami,Credit Card,Completed
SYN003062,2025-04-04,Headphones,Electronics,105,3,315,Sophia Miller,Dallas,Gift Card,Pending
SYN003063,2025-12-05,Running Shoes,Footwear,60,1,60,David Lee,San Francisco,Credit Card,Pending
SYN003064,2025-02-23,Laptop,Electronics,725,5,3625,Jane Smith,Boston,Credit Card,Cancelled
SYN003065,2025-02-23,Washing Machine,Home Appliances,592,5,2960,Michael Brown,Seattle,Debit Card,Completed
SYN003066,2024-12-27,Headphones,Electronics,104,2,208,John Doe,Denver,Debit Card,Completed
SYN003067,2025-03-06,Smartwatch,Electronics,149,2,298,Daniel Harris,Houston,Paypal,Completed
SYN003068,2025-03-18,Smartwatch,Electronics,141,5,705,Daniel Harris,Houston,Amazon Pay,Completed
SYN003069,2025-02-28,Laptop,Electronics,804,3,2412,Chris White,Miami,Debit Card,Pending
SYN003070,2025-02-17,T-Shirt,Clothing,17,3,51,Emma Clark,Dallas,Debit Card,Completed
SYN003071,2025-02-19,Jeans,Clothing,39,4,156,John Doe,San Francisco,Debit Card,Cancelled
SYN003072,2025-03-12,Headphones,Electronics,99,3,297,Jane Smith,Chicago,Amazon Pay,Cancelled
SYN003073,2025-03-12,Smartwatch,Electronics,136,2,272,David Lee,Chicago,Debit Card,Pending
SYN003074,2025-02-14,Smartwatch,Electronics,143,2,286,Chris White,Miami,Paypal,Pending
SYN003075,2025-09-07,T-Shirt,Clothing,20,4,80,Emma Clark,Houston,Debit Card,Completed
SYN003076,2025-03-25,T-Shirt,Clothing,19,1,19,Chris White,Dallas,Debit Card,Completed
SYN003077,2025-03-27,Headphones,Electronics,98,3,294,Sophia Miller,Dallas,Gift Card,Pending
SYN003078,2025-03-10,Book,Books,14,3,42,Emma Clark,San Francisco,Amazon Pay,Pending
SYN003079,2025-04-10,Refrigerator,Home Appliances,1163,3,3489,David Lee,Boston,Gift Card,Completed
SYN003080,2025-02-27,Book,Books,15,1,15,Jane Smith,Miami,Credit Card,Cancelled
SYN003081,2025-03-18,Smartwatch,Electronics,160,2,320,Emma Clark,Boston,Debit Card,Completed
SYN003082,2025-03-25,Smartwatch,Electronics,155,2,310,Emma Clark,Los Angeles,Gift Card,Cancelled
SYN003083,2025-03-26,Headphones,Electronics,102,3,306,Sophia Miller,Dallas,Gift Card,Pending
SYN003084,2025-02-09,Washing Machine,Home Appliances,573,1,573,Olivia Wilson,Boston,Debit Card,Cancelled
SYN003085,2025-03-11,Book,Books,15,3,45,Emma Clark,San Francisco,Amazon Pay,Pending
SYN003086,2025-02-25,Smartphone,Electronics,520,2,1040,David Lee,Boston,Paypal,Pending
SYN003087,2025-07-09,Smartphone,Electronics,536,5,2680,David Lee,Chicago,Gift Card,Pending
SYN003088,2025-03-29,Washing Machine,Home Appliances,615,4,2460,Chris White,Houston,Credit Card,Pending
SYN003089,2025-03-01,Washing Machine,Home Appliances,638,4,2552,Emma Clark,Houston,Gift Card,Cancelled
SYN003090,2025-03-12,Laptop,Electronics,699,3,2097,John Doe,New York,Paypal,Pending
SYN003091,2025-04-02,Refrigerator,Home Appliances,1200,5,6000,Olivia Wilson,Chicago,Gift Card,Pending
SYN003092,2025-03-21,Smartphone,Electronics,507,1,507,John Doe,Houston,Gift Card,Pending
SYN003093,2025-04-30,Refrigerator,Home Appliances,1219,4,4876,Sophia Miller,Seattle,Credit Card,Pending
SYN003094,2025-03-11,Smartwatch,Electronics,151,2,302,Michael Brown,Denver,Paypal,Pending
SYN003095,2025-03-19,T-Shirt,Clothing,21,1,21,Chris White,Dallas,Debit Card,Completed
SYN003096,2025-03-27,Book,Books,14,5,70,Olivia Wilson,Chicago,Amazon Pay,Pending
SYN003097,2025-06-26,Smartphone,Electronics,496,2,992,Olivia Wilson,Chicago,Debit Card,Pending
SYN003098,2025-03-30,Smartwatch,Electronics,157,2,314,Emily Johnson,Dallas,Paypal,Cancelled
SYN003099,2025-03-31,Washing Machine,Home Appliances,587,4,2348,Chris White,Houston,Credit Card,Pending
SYN003100,2025-05-04,Running Shoes,Footwear,60,2,120,Chris White,Houston,Amazon Pay,Completed
SYN003101,2025-02-23,Laptop,Electronics,777,3,2331,John Doe,San Francisco,Credit Card,Pending
SYN003102,2025-10-07,Book,Books,16,1,16,Emily Johnson,Boston,Credit Card,Completed
SYN003103,2025-03-29,Laptop,Electronics,858,5,4290,Michael Brown,Miami,Debit Card,Pending
SYN003104,2025-03-20,Jeans,Clothing,41,1,41,Jane Smith,Boston,Debit Card,Pending
SYN003105,2025-11-26,Smartphone,Electronics,498,1,498,Emily Johnson,San Francisco,Credit Card,Cancelled
SYN003106,2025-03-20,Jeans,Clothing,39,3,117,Olivia Wilson,Dallas,Credit Card,Cancelled
SYN003107,2025-07-08,Refrigerator,Home Appliances,1171,4,4684,Olivia Wilson,Houston,Credit Card,Pending
SYN003108,2025-07-07,Laptop,Electronics,784,3,2352,Daniel Harris,Houston,Credit Card,Pending
SYN003109,2025-01-26,Refrigerator,Home Appliances,1217,3,3651,John Doe,Miami,Paypal,Completed
SYN003110,2025-02-03,Smartphone,Electronics,458,1,458,Sophia Miller,Miami,Paypal,Completed
SYN003111,2025-03-18,Smartwatch,Electronics,138,2,276,David Lee,Chicago,Debit Card,Pending
SYN003112,2025-02-14,Running Shoes,Footwear,58,1,58,Jane Smith,Houston,Gift Card,Cancelled
SYN003113,2025-03-25,Smartwatch,Electronics,154,5,770,Emily Johnson,Houston,Amazon Pay,Completed
SYN003114,2025-02-19,Smartphone,Electronics,497,1,497,John Doe,Dallas,Gift Card,Pending
SYN003115,2025-02-24,Running Shoes,Footwear,57,1,57,Emma Clark,Houston,Credit Card,Pending
SYN003116,2025-03-04,Jeans,Clothing,44,4,176,John Doe,Seattle,Amazon Pay,Pending
SYN003117,2025-03-10,Running Shoes,Footwear,55,2,110,David Lee,Los Angeles,Debit Card,Cancelled
SYN003118,2025-03-30,Laptop,Electronics,743,3,2229,John Doe,Miami,Credit Card,Cancelled
SYN003119,2025-11-07,T-Shirt,Clothing,22,5,110,Jane Smith,Denver,Amazon Pay,Completed
SYN003120,2025-04-03,Washing Machine,Home Appliances,549,4,2196,Jane Smith,Los Angeles,Amazon Pay,Pending
SYN003121,2025-03-20,Smartwatch,Electronics,143,4,572,Emma Clark,Houston,Paypal,Completed
SYN003122,2025-03-11,Smartphone,Electronics,479,2,958,Olivia Wilson,Boston,Paypal,Cancelled
SYN003123,2025-09-02,Running Shoes,Footwear,61,2,122,Emily Johnson,Denver,Gift Card,Cancelled
SYN003124,2025-09-28,Smartphone,Electronics,517,2,1034,Michael Brown,Los Angeles,Amazon Pay,Completed
SYN003125,2025-01-29,Book,Books,14,5,70,Sophia Miller,Seattle,Amazon Pay,Completed
SYN003126,2025-02-23,Smartphone,Electronics,495,2,990,Daniel Harris,Miami,Credit Card,Cancelled
SYN003127,2025-03-02,T-Shirt,Clothing,19,1,19,Daniel Harris,New York,Credit Card,Completed
SYN003128,2025-04-09,Book,Books,15,1,15,Olivia Wilson,New York,Debit Card,Cancelled
SYN003129,2025-03-21,Smartwatch,Electronics,161,2,322,Emily Johnson,Dallas,Paypal,Cancelled
SYN003130,2025-03-19,Running Shoes,Footwear,58,2,116,Emma Clark,Boston,Gift Card,Pending
SYN003131,2025-03-04,Washing Machine,Home Appliances,575,2,1150,Emily Johnson,Chicago,Gift Card,Cancelled
SYN003132,2025-03-26,Smartwatch,Electronics,133,1,133,Emily Johnson,Seattle,Gift Card,Pending
SYN003133,2025-03-08,Book,Books,15,4,60,Michael Brown,San Francisco,Credit Card,Completed
SYN003134,2025-03-16,Book,Books,15,3,45,Emma Clark,San Francisco,Amazon Pay,Pending
SYN003135,2025-06-06,Refrigerator,Home Appliances,1206,2,2412,Chris White,Seattle,Debit Card,Pending
SYN003136,2025-10-06,T-Shirt,Clothing,20,1,20,Olivia Wilson,Miami,Credit Card,Pending
SYN003137,2025-02-23,Headphones,Electronics,98,2,196,David Lee,Houston,Paypal,Completed
SYN003138,2025-02-15,Smartphone,Electronics,528,3,1584,Chris White,Dallas,Credit Card,Completed
SYN003139,2025-06-10,Refrigerator,Home Appliances,1120,5,5600,David Lee,Denver,Paypal,Cancelled
SYN003140,2025-02-23,Jeans,Clothing,41,2,82,Daniel Harris,Chicago,Credit Card,Pending
SYN003141,2025-02-26,Book,Books,15,5,75,John Doe,Denver,Paypal,Pending
SYN003142,2025-03-23,Smartwatch,Electronics,159,3,477,Sophia Miller,San Francisco,Debit Card,Completed
SYN003143,2025-04-02,Headphones,Electronics,94,4,376,Jane Smith,San Francisco,Amazon Pay,Pending
SYN003144,2025-01-31,Book,Books,16,5,80,Sophia Miller,Seattle,Amazon Pay,Completed
SYN003145,2025-03-16,Running Shoes,Footwear,58,3,174,Emma Clark,San Francisco,Credit Card,Pending
SYN003146,2025-09-27,Smartwatch,Electronics,150,5,750,David Lee,Boston,Paypal,Completed
SYN003147,2025-03-20,Laptop,Electronics,747,3,2241,Olivia Wilson,Chicago,Amazon Pay,Completed
SYN003148,2025-08-31,Smartwatch,Electronics,145,1,145,John Doe,Denver,Gift Card,Pending
SYN003149,2025-03-07,Jeans,Clothing,39,3,117,John Doe,Boston,Gift Card,Completed
SYN003150,2025-03-18,Smartwatch,Electronics,153,4,612,Emma Clark,Houston,Paypal,Completed
SYN003151,2025-02-12,Smartphone,Electronics,501,1,501,John Doe,Dallas,Gift Card,Pending
SYN003152,2025-05-03,Running Shoes,Footwear,63,5,315,Jane Smith,Dallas,Paypal,Pending
SYN003153,2024-12-29,Laptop,Electronics,819,2,1638,Daniel Harris,San Francisco,Gift Card,Pending
SYN003154,2025-02-22,Headphones,Electronics,96,1,96,Emily Johnson,Los Angeles,Credit Card,Completed
SYN003155,2025-07-29,Smartwatch,Electronics,150,2,300,Michael Brown,Seattle,Debit Card,Cancelled
SYN003156,2025-07-31,Smartwatch,Electronics,148,2,296,Michael Brown,Seattle,Debit Card,Cancelled
SYN003157,2025-04-29,Headphones,Electronics,90,3,270,Chris White,Miami,Debit Card,Cancelled
SYN003158,2025-03-22,Smartphone,Electronics,501,2,1002,Olivia Wilson,Boston,Paypal,Cancelled
SYN003159,2025-02-11,T-Shirt,Clothing,19,5,95,Jane Smith,New York,Credit Card,Pending
SYN003160,2025-02-23,Laptop,Electronics,862,5,4310,Emily Johnson,Denver,Paypal,Completed
SYN003161,2025-02-10,Smartwatch,Electronics,150,4,600,Chris White,New York,Debit Card,Cancelled
SYN003162,2025-05-27,Smartphone,Electronics,500,5,2500,Michael Brown,Houston,Paypal,Completed
SYN003163,2025-04-27,Running Shoes,Footwear,63,4,252,Chris White,Chicago,Amazon Pay,Completed
SYN003164,2025-06-05,Washing Machine,Home Appliances,585,3,1755,Olivia Wilson,Denver,Gift Card,Cancelled
SYN003165,2025-11-29,Smartphone,Electronics,514,1,514,Sophia Miller,Denver,Credit Card,Cancelled
SYN003166,2025-05-31,Refrigerator,Home Appliances,1212,2,2424,John Doe,Denver,Paypal,Completed
SYN003167,2025-03-18,Running Shoes,Footwear,61,3,183,Michael Brown,New York,Gift Card,Pending
SYN003168,2025-03-31,T-Shirt,Clothing,20,2,40,Chris White,Miami,Gift Card,Cancelled
SYN003169,2025-03-23,Headphones,Electronics,98,4,392,Emily Johnson,San Francisco,Debit Card,Pending
SYN003170,2025-02-20,Jeans,Clothing,40,4,160,John Doe,San Francisco,Debit Card,Cancelled
SYN003171,2025-02-21,Jeans,Clothing,36,5,180,Jane Smith,Dallas,Debit Card,Pending
SYN003172,2025-02-16,Running Shoes,Footwear,62,2,124,Chris White,Houston,Paypal,Completed
SYN003173,2025-03-23,Refrigerator,Home Appliances,1225,3,3675,Chris White,Dallas,Credit Card,Cancelled
SYN003174,2025-02-14,Headphones,Electronics,99,3,297,David Lee,Houston,Paypal,Cancelled
SYN003175,2025-08-03,Smartphone,Electronics,511,4,2044,Chris White,Boston,Gift Card,Pending
SYN003176,2025-04-03,Laptop,Electronics,802,4,3208,Emma Clark,Los Angeles,Credit Card,Completed
SYN003177,2025-02-25,T-Shirt,Clothing,20,3,60,Emma Clark,Dallas,Debit Card,Completed
SYN003178,2025-03-20,Book,Books,13,5,65,Olivia Wilson,Chicago,Amazon Pay,Pending
SYN003179,2025-02-23,Smartphone,Electronics,491,5,2455,Olivia Wilson,Dallas,Amazon Pay,Pending
SYN003180,2025-03-29,Running Shoes,Footwear,63,4,252,Emily Johnson,Los Angeles,Paypal,Completed
SYN003181,2025-03-20,Jeans,Clothing,42,5,210,Michael Brown,New York,Paypal,Completed
SYN003182,2025-02-16,Laptop,Electronics,791,4,3164,Jane Smith,Seattle,Amazon Pay,Pending
SYN003183,2025-02-19,Refrigerator,Home Appliances,1168,4,4672,David Lee,Boston,Gift Card,Pending
SYN003184,2025-01-28,Refrigerator,Home Appliances,1206,3,3618,John Doe,Miami,Paypal,Completed
SYN003185,2025-02-14,Laptop,Electronics,839,5,4195,Emily Johnson,Denver,Paypal,Completed
SYN003186,2025-05-31,Refrigerator,Home Appliances,1135,5,5675,David Lee,Denver,Paypal,Cancelled
SYN003187,2025-03-04,Headphones,Electronics,108,2,216,David Lee,Houston,Paypal,Completed
SYN003188,2025-03-17,Laptop,Electronics,814,4,3256,Emma Clark,Los Angeles,Amazon Pay,Completed
SYN003189,2025-03-25,Smartphone,Electronics,490,5,2450,Emma Clark,Miami,Gift Card,Completed
SYN003190,2025-03-11,Smartphone,Electronics,521,2,1042,Chris White,Chicago,Paypal,Pending
SYN003191,2025-03-01,Running Shoes,Footwear,60,2,120,David Lee,Los Angeles,Debit Card,Cancelled
SYN003192,2025-11-28,Washing Machine,Home Appliances,636,5,3180,Emma Clark,Miami,Amazon Pay,Pending
SYN003193,2025-03-18,Smartwatch,Electronics,141,2,282,Emily Johnson,Dallas,Paypal,Cancelled
SYN003194,2025-02-04,Book,Books,15,5,75,Sophia Miller,Seattle,Amazon Pay,Completed
SYN003195,2025-03-31,Washing Machine,Home Appliances,550,4,2200,Jane Smith,Los Angeles,Amazon Pay,Pending
SYN003196,2025-02-27,Running Shoes,Footwear,59,1,59,Emma Clark,Houston,Credit Card,Pending
SYN003197,2025-02-19,Smartphone,Electronics,475,3,1425,Jane Smith,Seattle,Debit Card,Cancelled
SYN003198,2025-02-26,Book,Books,15,1,15,Emma Clark,Houston,Credit Card,Pending
SYN003199,2025-02-21,Headphones,Electronics,110,3,330,Michael Brown,Chicago,Paypal,Cancelled
SYN003200,2025-10-10,Book,Books,16,1,16,Emily Johnson,Boston,Credit Card,Completed
SYN003201,2025-03-18,Smartphone,Electronics,498,2,996,Olivia Wilson,Boston,Paypal,Cancelled
SYN003202,2025-03-19,Washing Machine,Home Appliances,545,1,545,Emma Clark,Seattle,Debit Card,Pending
SYN003203,2025-12-01,Smartphone,Electronics,521,1,521,Sophia Miller,Denver,Credit Card,Cancelled
SYN003204,2025-03-05,Washing Machine,Home Appliances,622,4,2488,Emma Clark,Houston,Gift Card,Cancelled
SYN003205,2025-02-11,T-Shirt,Clothing,20,5,100,Olivia Wilson,Boston,Paypal,Completed
SYN003206,2025-03-03,Smartwatch,Electronics,148,5,740,Jane Smith,Dallas,Paypal,Cancelled
SYN003207,2025-04-09,Headphones,Electronics,107,5,535,Daniel Harris,Seattle,Debit Card,Pending
SYN003208,2025-03-10,Running Shoes,Footwear,63,3,189,Emma Clark,New York,Debit Card,Cancelled
SYN003209,2025-06-06,Refrigerator,Home Appliances,1161,2,2322,John Doe,Denver,Paypal,Completed
SYN003210,2025-03-21,Smartwatch,Electronics,138,2,276,Emma Clark,Los Angeles,Gift Card,Cancelled
SYN003211,2025-10-28,T-Shirt,Clothing,18,5,90,Jane Smith,Denver,Amazon Pay,Completed
SYN003212,2025-02-16,Headphones,Electronics,101,4,404,Daniel Harris,New York,Gift Card,Cancelled
SYN003213,2025-02-20,Book,Books,16,1,16,Jane Smith,Miami,Credit Card,Cancelled
SYN003214,2025-03-13,T-Shirt,Clothing,20,2,40,Daniel Harris,Miami,Debit Card,Cancelled
SYN003215,2025-05-06,Headphones,Electronics,100,3,300,Chris White,Miami,Debit Card,Cancelled
SYN003216,2025-10-09,T-Shirt,Clothing,22,1,22,Olivia Wilson,Miami,Credit Card,Pending
SYN003217,2025-04-07,Headphones,Electronics,109,3,327,Chris White,New York,Debit Card,Pending
SYN003218,2025-02-25,Running Shoes,Footwear,67,2,134,David Lee,Los Angeles,Debit Card,Cancelled
SYN003219,2025-04-02,Washing Machine,Home Appliances,652,3,1956,Michael Brown,Miami,Credit Card,Cancelled
SYN003220,2025-02-22,Jeans,Clothing,37,4,148,John Doe,Seattle,Amazon Pay,Pending
SYN003221,2025-02-20,Book,Books,15,5,75,John Doe,Denver,Paypal,Pending
SYN003222,2025-02-26,Smartphone,Electronics,494,1,494,Emily Johnson,Denver,Amazon Pay,Completed
SYN003223,2025-02-20,Headphones,Electronics,95,3,285,Michael Brown,New York,Debit Card,Cancelled
SYN003224,2025-02-09,Headphones,Electronics,97,3,291,Michael Brown,New York,Debit Card,Cancelled
SYN003225,2025-04-27,Smartphone,Electronics,487,5,2435,John Doe,Boston,Paypal,Completed
SYN003226,2025-02-06,Laptop,Electronics,790,2,1580,Olivia Wilson,San Francisco,Paypal,Completed
SYN003227,2025-03-30,Smartphone,Electronics,480,1,480,John Doe,Houston,Gift Card,Pending
SYN003228,2025-02-24,Jeans,Clothing,38,5,190,Jane Smith,Dallas,Debit Card,Pending
SYN003229,2025-03-15,Running Shoes,Footwear,59,3,177,Emma Clark,San Francisco,Credit Card,Pending
SYN003230,2025-02-14,Smartphone,Electronics,472,5,2360,Emily Johnson,Miami,Credit Card,Cancelled
SYN003231,2025-06-04,Headphones,Electronics,99,4,396,Emily Johnson,Los Angeles,Amazon Pay,Cancelled
SYN003232,2025-02-10,Washing Machine,Home Appliances,628,1,628,Olivia Wilson,Boston,Debit Card,Cancelled
SYN003233,2025-02-21,Headphones,Electronics,95,3,285,David Lee,Houston,Paypal,Cancelled
SYN003234,2025-02-13,Laptop,Electronics,824,5,4120,Jane Smith,Boston,Credit Card,Cancelled
SYN003235,2025-03-25,Running Shoes,Footwear,60,2,120,Emma Clark,Boston,Gift Card,Pending
SYN003236,2025-03-01,Jeans,Clothing,38,5,190,Jane Smith,Dallas,Debit Card,Pending
SYN003237,2025-03-16,Refrigerator,Home Appliances,1187,3,3561,Daniel Harris,New York,Credit Card,Pending
SYN003238,2025-03-23,Laptop,Electronics,801,4,3204,Emma Clark,Los Angeles,Amazon Pay,Completed
SYN003239,2025-03-02,Refrigerator,Home Appliances,1233,4,4932,David Lee,Boston,Gift Card,Pending
SYN003240,2025-03-16,Running Shoes,Footwear,64,5,320,Emma Clark,Miami,Debit Card,Completed
SYN003241,2025-03-18,Refrigerator,Home Appliances,1323,3,3969,Daniel Harris,New York,Credit Card,Pending
SYN003242,2025-03-20,Washing Machine,Home Appliances,551,1,551,John Doe,Miami,Credit Card,Completed
SYN003243,2025-04-07,Headphones,Electronics,105,3,315,Chris White,New York,Debit Card,Pending
SYN003244,2025-03-26,Headphones,Electronics,97,4,388,Jane Smith,San Francisco,Amazon Pay,Pending
SYN003245,2025-03-18,Refrigerator,Home Appliances,1059,1,1059,Daniel Harris,Dallas,Paypal,Completed
SYN003246,2025-09-07,T-Shirt,Clothing,21,4,84,Emma Clark,Houston,Debit Card,Completed
SYN003247,2025-06-29,Refrigerator,Home Appliances,1217,4,4868,Olivia Wilson,Houston,Credit Card,Pending
SYN003248,2025-02-26,Smartwatch,Electronics,139,5,695,Michael Brown,Boston,Debit Card,Pending
SYN003249,2025-03-30,Laptop,Electronics,818,3,2454,Jane Smith,New York,Paypal,Completed
SYN003250,2025-12-01,Running Shoes,Footwear,58,2,116,Michael Brown,Denver,Gift Card,Completed
SYN003251,2025-03-04,Refrigerator,Home Appliances,1285,1,1285,Olivia Wilson,Seattle,Paypal,Completed
SYN003252,2025-03-05,T-Shirt,Clothing,19,1,19,Daniel Harris,New York,Credit Card,Completed
SYN003253,2025-02-19,Laptop,Electronics,683,5,3415,Jane Smith,Boston,Credit Card,Cancelled
SYN003254,2025-02-12,Smartwatch,Electronics,147,5,735,Emily Johnson,Houston,Debit Card,Completed
SYN003255,2025-06-03,Smartphone,Electronics,437,5,2185,Michael Brown,Houston,Paypal,Completed
SYN003256,2025-03-22,Jeans,Clothing,42,5,210,Michael Brown,New York,Paypal,Completed
SYN003257,2025-02-18,Smartphone,Electronics,465,2,930,Daniel Harris,Miami,Credit Card,Cancelled
SYN003258,2025-10-07,Headphones,Electronics,99,5,495,John Doe,Houston,Amazon Pay,Completed
SYN003259,2025-02-15,Smartwatch,Electronics,152,4,608,John Doe,Seattle,Credit Card,Completed
SYN003260,2025-03-19,Smartwatch,Electronics,143,5,715,Emily Johnson,Houston,Amazon Pay,Completed
SYN003261,2025-03-19,Smartwatch,Electronics,145,2,290,Emily Johnson,Dallas,Paypal,Cancelled
SYN003262,2025-03-12,Headphones,Electronics,96,1,96,Olivia Wilson,Denver,Paypal,Completed
SYN003263,2024-12-30,T-Shirt,Clothing,20,1,20,Emma Clark,New York,Amazon Pay,Completed
SYN003264,2025-03-28,Refrigerator,Home Appliances,1220,1,1220,Daniel Harris,Dallas,Paypal,Completed
SYN003265,2025-03-18,Book,Books,15,5,75,David Lee,San Francisco,Debit Card,Pending
SYN003266,2025-02-12,Washing Machine,Home Appliances,644,1,644,Olivia Wilson,Boston,Debit Card,Cancelled
SYN003267,2025-03-26,Book,Books,15,4,60,David Lee,Chicago,Amazon Pay,Pending
SYN003268,2025-03-22,Smartphone,Electronics,514,1,514,John Doe,Houston,Gift Card,Pending
SYN003269,2025-01-31,Laptop,Electronics,884,3,2652,Emma Clark,Denver,Amazon Pay,Completed
SYN003270,2025-11-05,Refrigerator,Home Appliances,1270,1,1270,Jane Smith,New York,Paypal,Cancelled
SYN003271,2025-03-19,Smartphone,Electronics,505,2,1010,John Doe,Miami,Paypal,Completed
SYN003272,2025-02-28,Laptop,Electronics,773,1,773,Emma Clark,San Francisco,Gift Card,Pending
SYN003273,2025-02-26,Washing Machine,Home Appliances,613,2,1226,Emily Johnson,Chicago,Gift Card,Cancelled
SYN003274,2025-04-01,Washing Machine,Home Appliances,607,4,2428,Jane Smith,Los Angeles,Amazon Pay,Pending
SYN003275,2025-10-02,Smartwatch,Electronics,156,3,468,Michael Brown,Denver,Debit Card,Completed
SYN003276,2025-02-17,Laptop,Electronics,776,5,3880,Jane Smith,Boston,Credit Card,Cancelled
SYN003277,2025-03-07,Laptop,Electronics,868,1,868,Emma Clark,San Francisco,Gift Card,Pending
SYN003278,2025-10-08,Book,Books,15,1,15,Emily Johnson,Boston,Credit Card,Completed
SYN003279,2025-02-17,Washing Machine,Home Appliances,621,1,621,Jane Smith,Dallas,Amazon Pay,Completed
SYN003280,2025-06-05,Washing Machine,Home Appliances,540,3,1620,Olivia Wilson,Denver,Gift Card,Cancelled
SYN003281,2025-06-09,Washing Machine,Home Appliances,622,3,1866,Olivia Wilson,Denver,Gift Card,Cancelled
SYN003282,2025-03-23,T-Shirt,Clothing,19,2,38,Chris White,Miami,Gift Card,Cancelled
SYN003283,2025-02-20,Book,Books,13,1,13,Emma Clark,Houston,Gift Card,Cancelled
SYN003284,2025-03-25,Smartphone,Electronics,519,2,1038,John Doe,Miami,Paypal,Completed
SYN003285,2025-02-12,Smartwatch,Electronics,138,5,690,Emily Johnson,Houston,Debit Card,Completed
SYN003286,2025-02-23,Running Shoes,Footwear,62,4,248,Sophia Miller,San Francisco,Debit Card,Pending
SYN003287,2025-03-09,Refrigerator,Home Appliances,1165,3,3495,Daniel Harris,New York,Credit Card,Pending
SYN003288,2025-01-03,Laptop,Electronics,829,2,1658,Daniel Harris,San Francisco,Gift Card,Pending
SYN003289,2025-11-03,Refrigerator,Home Appliances,1259,2,2518,Daniel Harris,San Francisco,Paypal,Cancelled
SYN003290,2025-03-01,Jeans,Clothing,40,2,80,Michael Brown,Los Angeles,Gift Card,Cancelled
SYN003291,2025-08-04,Smartwatch,Electronics,149,2,298,Michael Brown,Seattle,Debit Card,Cancelled
SYN003292,2025-10-05,Laptop,Electronics,788,3,2364,Jane Smith,Houston,Amazon Pay,Completed
SYN003293,2025-03-31,Book,Books,16,5,80,Olivia Wilson,Chicago,Amazon Pay,Pending
SYN003294,2025-03-14,Headphones,Electronics,101,2,202,Daniel Harris,Miami,Paypal,Pending
SYN003295,2025-03-21,Smartwatch,Electronics,152,4,608,Olivia Wilson,Miami,Paypal,Cancelled
SYN003296,2025-03-09,Running Shoes,Footwear,61,5,305,Emma Clark,Miami,Debit Card,Completed
SYN003297,2025-06-02,Smartphone,Electronics,516,5,2580,Michael Brown,Houston,Paypal,Completed
SYN003298,2025-03-27,Laptop,Electronics,847,3,2541,Olivia Wilson,Chicago,Amazon Pay,Completed
SYN003299,2025-03-26,T-Shirt,Clothing,21,1,21,Chris White,Dallas,Debit Card,Completed
SYN003300,2025-03-12,Running Shoes,Footwear,58,2,116,Emma Clark,Boston,Gift Card,Pending
SYN003301,2025-02-23,Smartphone,Electronics,479,4,1916,Emily Johnson,Seattle,Amazon Pay,Completed
SYN003302,2025-10-07,Book,Books,14,1,14,Emma Clark,Seattle,Gift Card,Pending
SYN003303,2025-08-26,Refrigerator,Home Appliances,1178,2,2356,Sophia Miller,Boston,Paypal,Cancelled
SYN003304,2025-07-04,Refrigerator,Home Appliances,1100,4,4400,Olivia Wilson,Houston,Credit Card,Pending
SYN003305,2025-02-08,Headphones,Electronics,100,4,400,Daniel Harris,New York,Gift Card,Cancelled
SYN003306,2025-02-12,Headphones,Electronics,105,3,315,David Lee,Houston,Paypal,Cancelled
SYN003307,2025-04-09,Headphones,Electronics,98,5,490,Daniel Harris,Seattle,Debit Card,Pending
SYN003308,2025-11-25,Smartphone,Electronics,490,1,490,Sophia Miller,Denver,Credit Card,Cancelled
SYN003309,2025-03-07,Washing Machine,Home Appliances,611,4,2444,Emma Clark,Houston,Gift Card,Cancelled
SYN003310,2025-02-26,Running Shoes,Footwear,63,4,252,Sophia Miller,San Francisco,Debit Card,Pending
SYN003311,2025-03-19,Jeans,Clothing,41,3,123,John Doe,Boston,Gift Card,Completed
SYN003312,2025-01-07,T-Shirt,Clothing,20,1,20,Emma Clark,New York,Amazon Pay,Completed
SYN003313,2025-01-08,Laptop,Electronics,757,2,1514,Daniel Harris,San Francisco,Gift Card,Pending
SYN003314,2025-01-08,Smartwatch,Electronics,152,2,304,Daniel Harris,Dallas,Credit Card,Cancelled
SYN003315,2025-06-10,Running Shoes,Footwear,63,2,126,David Lee,Houston,Debit Card,Cancelled
SYN003316,2025-02-28,Book,Books,14,4,56,Michael Brown,San Francisco,Credit Card,Completed
SYN003317,2025-04-01,Laptop,Electronics,833,1,833,Michael Brown,Los Angeles,Credit Card,Cancelled
SYN003318,2025-03-21,Refrigerator,Home Appliances,1188,2,2376,Olivia Wilson,Seattle,Credit Card,Completed
SYN003319,2025-02-19,T-Shirt,Clothing,21,2,42,David Lee,Dallas,Gift Card,Cancelled
SYN003320,2025-02-24,Smartwatch,Electronics,133,4,532,Chris White,New York,Debit Card,Cancelled
SYN003321,2025-03-12,Headphones,Electronics,104,2,208,Daniel Harris,Miami,Paypal,Pending
SYN003322,2025-02-24,Book,Books,15,5,75,John Doe,Denver,Paypal,Pending
SYN003323,2025-02-19,Book,Books,14,2,28,David Lee,Boston,Amazon Pay,Pending
SYN003324,2025-09-28,Laptop,Electronics,750,3,2250,Jane Smith,Houston,Amazon Pay,Completed
SYN003325,2025-03-18,Smartwatch,Electronics,139,2,278,Emma Clark,Boston,Debit Card,Completed
SYN003326,2025-02-04,Headphones,Electronics,92,5,460,Emma Clark,Miami,Amazon Pay,Cancelled
SYN003327,2025-09-25,Laptop,Electronics,757,3,2271,Jane Smith,Houston,Amazon Pay,Completed
SYN003328,2025-03-14,Jeans,Clothing,38,3,114,Olivia Wilson,Dallas,Credit Card,Cancelled
SYN003329,2025-02-18,Smartphone,Electronics,458,3,1374,Chris White,Dallas,Credit Card,Completed
SYN003330,2025-01-06,T-Shirt,Clothing,20,1,20,Emma Clark,New York,Amazon Pay,Completed
SYN003331,2025-02-15,Running Shoes,Footwear,58,2,116,Chris White,Houston,Paypal,Completed
SYN003332,2025-03-29,Smartwatch,Electronics,134,5,670,Daniel Harris,Houston,Amazon Pay,Completed
SYN003333,2025-03-26,Running Shoes,Footwear,59,3,177,Emma Clark,San Francisco,Credit Card,Pending
SYN003334,2025-03-01,Smartphone,Electronics,496,3,1488,Jane Smith,Seattle,Debit Card,Cancelled
SYN003335,2025-07-10,Laptop,Electronics,801,3,2403,Daniel Harris,Houston,Credit Card,Pending
SYN003336,2025-03-01,Washing Machine,Home Appliances,626,1,626,Jane Smith,Dallas,Amazon Pay,Completed
SYN003337,2025-02-04,Headphones,Electronics,107,5,535,Emma Clark,Miami,Amazon Pay,Cancelled
SYN003338,2025-06-03,Refrigerator,Home Appliances,1179,2,2358,Chris White,Seattle,Debit Card,Pending
SYN003339,2025-03-15,T-Shirt,Clothing,22,3,66,Olivia Wilson,Chicago,Paypal,Pending
SYN003340,2025-06-07,Smartphone,Electronics,500,5,2500,Michael Brown,Houston,Paypal,Completed
SYN003341,2025-02-26,Refrigerator,Home Appliances,1210,4,4840,David Lee,Boston,Gift Card,Pending
SYN003342,2025-03-21,Jeans,Clothing,39,2,78,David Lee,Denver,Amazon Pay,Cancelled
SYN003343,2025-02-28,Running Shoes,Footwear,58,1,58,Emma Clark,Houston,Credit Card,Pending
SYN003344,2025-03-18,Smartwatch,Electronics,138,3,414,Sophia Miller,San Francisco,Debit Card,Completed
SYN003345,2025-03-17,T-Shirt,Clothing,19,2,38,Michael Brown,Chicago,Paypal,Pending
SYN003346,2025-03-04,Smartwatch,Electronics,161,5,805,Jane Smith,Dallas,Paypal,Cancelled
SYN003347,2025-03-01,Jeans,Clothing,39,5,195,Jane Smith,Dallas,Debit Card,Pending
SYN003348,2025-02-17,Jeans,Clothing,41,4,164,John Doe,San Francisco,Debit Card,Cancelled
SYN003349,2025-03-20,Headphones,Electronics,94,1,94,Olivia Wilson,Denver,Paypal,Completed
SYN003350,2025-02-15,Running Shoes,Footwear,65,3,195,Olivia Wilson,Dallas,Credit Card,Pending
SYN003351,2025-04-02,Jeans,Clothing,41,2,82,Chris White,Chicago,Credit Card,Completed
SYN003352,2025-03-25,Washing Machine,Home Appliances,635,1,635,Emma Clark,Seattle,Debit Card,Pending
SYN003353,2025-03-27,Book,Books,15,5,75,David Lee,Chicago,Amazon Pay,Pending
SYN003354,2025-02-21,Jeans,Clothing,41,5,205,Jane Smith,Dallas,Debit Card,Pending
SYN003355,2025-02-27,Running Shoes,Footwear,58,1,58,Sophia Miller,Houston,Paypal,Completed
SYN003356,2025-09-09,T-Shirt,Clothing,21,4,84,Emma Clark,Houston,Debit Card,Completed
SYN003357,2025-03-22,Headphones,Electronics,92,1,92,Olivia Wilson,Denver,Paypal,Completed
SYN003358,2025-03-19,Jeans,Clothing,39,5,195,David Lee,New York,Debit Card,Cancelled
SYN003359,2025-04-28,Smartphone,Electronics,518,5,2590,John Doe,Boston,Paypal,Completed
SYN003360,2025-02-19,Book,Books,14,3,42,Chris White,Boston,Gift Card,Cancelled
SYN003361,2025-05-28,Smartphone,Electronics,493,4,1972,Emma Clark,Houston,Credit Card,Completed
SYN003362,2025-06-09,Washing Machine,Home Appliances,606,3,1818,Olivia Wilson,Denver,Gift Card,Cancelled
SYN003363,2025-03-08,Jeans,Clothing,37,3,111,John Doe,Boston,Gift Card,Completed
SYN003364,2025-03-31,Jeans,Clothing,39,2,78,David Lee,Denver,Amazon Pay,Cancelled
SYN003365,2025-10-04,Book,Books,15,1,15,Emily Johnson,Boston,Credit Card,Completed
SYN003366,2025-03-27,Jeans,Clothing,38,2,76,Chris White,Chicago,Credit Card,Completed
SYN003367,2025-03-19,Headphones,Electronics,109,3,327,Jane Smith,Chicago,Amazon Pay,Cancelled
SYN003368,2025-02-12,Headphones,Electronics,105,3,315,David Lee,Houston,Paypal,Cancelled
SYN003369,2025-02-28,Laptop,Electronics,736,1,736,Emma Clark,San Francisco,Gift Card,Pending
SYN003370,2025-10-03,Smartphone,Electronics,452,4,1808,Michael Brown,Seattle,Paypal,Pending
SYN003371,2025-08-29,Smartwatch,Electronics,143,1,143,John Doe,Denver,Gift Card,Pending
SYN003372,2025-05-29,Washing Machine,Home Appliances,627,2,1254,David Lee,Dallas,Gift Card,Cancelled
SYN003373,2025-10-08,Washing Machine,Home Appliances,587,3,1761,Emily Johnson,Dallas,Gift Card,Cancelled
SYN003374,2025-03-23,Smartphone,Electronics,527,4,2108,Olivia Wilson,New York,Credit Card,Pending
SYN003375,2025-02-16,Laptop,Electronics,729,1,729,Emily Johnson,New York,Amazon Pay,Pending
SYN003376,2025-04-07,Refrigerator,Home Appliances,1118,3,3354,David Lee,Boston,Gift Card,Completed
SYN003377,2025-03-29,Refrigerator,Home Appliances,1155,3,3465,Chris White,Dallas,Credit Card,Cancelled
SYN003378,2025-04-04,Headphones,Electronics,99,3,297,Sophia Miller,Dallas,Gift Card,Pending
SYN003379,2025-02-10,Book,Books,15,5,75,Sophia Miller,Seattle,Amazon Pay,Completed
SYN003380,2025-04-01,Smartphone,Electronics,480,4,1920,Olivia Wilson,New York,Credit Card,Pending
SYN003381,2025-08-28,Refrigerator,Home Appliances,1172,2,2344,Sophia Miller,Boston,Paypal,Cancelled
SYN003382,2025-07-30,Smartwatch,Electronics,152,2,304,Michael Brown,Seattle,Debit Card,Cancelled
SYN003383,2025-03-28,Washing Machine,Home Appliances,618,4,2472,Chris White,Houston,Credit Card,Pending
SYN003384,2025-03-19,Jeans,Clothing,39,5,195,Daniel Harris,Seattle,Credit Card,Cancelled
SYN003385,2025-02-02,Book,Books,17,5,85,Sophia Miller,Seattle,Amazon Pay,Completed
SYN003386,2025-03-28,Refrigerator,Home Appliances,1226,5,6130,Olivia Wilson,Chicago,Gift Card,Pending
SYN003387,2025-02-27,Smartwatch,Electronics,149,5,745,Jane Smith,Dallas,Paypal,Cancelled
SYN003388,2025-03-22,Running Shoes,Footwear,55,3,165,Emma Clark,San Francisco,Credit Card,Pending
SYN003389,2025-03-26,Running Shoes,Footwear,61,4,244,Emily Johnson,Los Angeles,Paypal,Completed
SYN003390,2025-03-18,Smartphone,Electronics,524,1,524,Jane Smith,Chicago,Paypal,Cancelled
SYN003391,2025-02-25,Smartwatch,Electronics,155,5,775,Sophia Miller,San Francisco,Paypal,Pending
SYN003392,2025-02-25,Running Shoes,Footwear,58,1,58,Emma Clark,Houston,Credit Card,Pending
SYN003393,2025-03-19,Refrigerator,Home Appliances,1089,4,4356,Jane Smith,Dallas,Gift Card,Cancelled
SYN003394,2025-09-01,Refrigerator,Home Appliances,1097,2,2194,Sophia Miller,Boston,Paypal,Cancelled
SYN003395,2025-06-27,Running Shoes,Footwear,66,1,66,Emma Clark,Houston,Paypal,Completed
SYN003396,2025-04-07,Headphones,Electronics,101,3,303,Sophia Miller,Dallas,Gift Card,Pending
SYN003397,2025-02-22,Smartphone,Electronics,479,4,1916,Emma Clark,Chicago,Debit Card,Completed
SYN003398,2025-01-30,T-Shirt,Clothing,19,5,95,Jane Smith,New York,Credit Card,Pending
SYN003399,2025-11-06,Headphones,Electronics,100,3,300,Michael Brown,Houston,Debit Card,Cancelled
SYN003400,2025-02-22,Refrigerator,Home Appliances,1214,4,4856,David Lee,Boston,Gift Card,Pending
SYN003401,2025-02-24,Refrigerator,Home Appliances,1186,3,3558,John Doe,Dallas,Debit Card,Completed
SYN003402,2025-02-09,T-Shirt,Clothing,20,5,100,Olivia Wilson,Boston,Paypal,Completed
SYN003403,2025-03-25,Running Shoes,Footwear,60,3,180,Olivia Wilson,Miami,Amazon Pay,Completed
SYN003404,2025-03-14,Running Shoes,Footwear,59,5,295,Emma Clark,Miami,Debit Card,Completed
SYN003405,2025-02-19,Washing Machine,Home Appliances,620,1,620,Olivia Wilson,Boston,Debit Card,Cancelled
SYN003406,2025-03-23,Refrigerator,Home Appliances,1154,3,3462,Chris White,Dallas,Credit Card,Cancelled
SYN003407,2025-02-08,Running Shoes,Footwear,62,2,124,John Doe,Denver,Amazon Pay,Cancelled
SYN003408,2025-02-16,Smartphone,Electronics,483,4,1932,Emma Clark,Chicago,Debit Card,Completed
SYN003409,2025-06-10,Washing Machine,Home Appliances,623,2,1246,David Lee,Dallas,Gift Card,Cancelled
SYN003410,2025-02-18,Refrigerator,Home Appliances,1186,4,4744,Emily Johnson,Denver,Paypal,Pending
SYN003411,2025-06-09,Smartphone,Electronics,480,5,2400,Michael Brown,Houston,Paypal,Completed
SYN003412,2025-02-20,Smartphone,Electronics,517,5,2585,Olivia Wilson,Dallas,Amazon Pay,Pending
SYN003413,2025-10-01,Smartphone,Electronics,566,4,2264,Michael Brown,Seattle,Paypal,Pending
SYN003414,2025-01-04,T-Shirt,Clothing,20,1,20,Emma Clark,New York,Amazon Pay,Completed
SYN003415,2025-03-16,Smartwatch,Electronics,148,4,592,Olivia Wilson,Miami,Paypal,Cancelled
SYN003416,2025-03-16,Headphones,Electronics,98,2,196,Daniel Harris,Houston,Credit Card,Completed
SYN003417,2025-02-24,Washing Machine,Home Appliances,582,5,2910,Michael Brown,Seattle,Debit Card,Completed
SYN003418,2025-03-18,Washing Machine,Home Appliances,611,1,611,Emma Clark,Seattle,Debit Card,Pending
SYN003419,2025-03-24,Running Shoes,Footwear,62,5,310,Emma Clark,Los Angeles,Credit Card,Cancelled
SYN003420,2025-03-18,Smartwatch,Electronics,149,1,149,Chris White,Houston,Debit Card,Pending
SYN003421,2025-02-24,Jeans,Clothing,38,2,76,Michael Brown,Los Angeles,Gift Card,Cancelled
SYN003422,2025-08-03,Smartphone,Electronics,515,4,2060,Chris White,Boston,Gift Card,Pending
SYN003423,2025-03-25,Headphones,Electronics,93,4,372,Emily Johnson,San Francisco,Debit Card,Pending
SYN003424,2025-02-04,Refrigerator,Home Appliances,1172,3,3516,John Doe,Miami,Paypal,Completed
SYN003425,2025-02-17,Headphones,Electronics,102,1,102,Emily Johnson,Los Angeles,Credit Card,Completed
SYN003426,2025-09-27,Smartwatch,Electronics,163,3,489,Michael Brown,Denver,Debit Card,Completed
SYN003427,2025-10-03,Laptop,Electronics,866,3,2598,Jane Smith,Houston,Amazon Pay,Completed
SYN003428,2025-03-23,Smartwatch,Electronics,140,2,280,Emma Clark,Boston,Debit Card,Completed
SYN003429,2025-03-28,Jeans,Clothing,40,5,200,David Lee,New York,Debit Card,Cancelled
SYN003430,2025-03-05,T-Shirt,Clothing,18,1,18,Daniel Harris,New York,Credit Card,Completed
SYN003431,2025-03-28,Jeans,Clothing,40,2,80,David Lee,Denver,Amazon Pay,Cancelled
SYN003432,2025-10-07,Smartphone,Electronics,485,2,970,Michael Brown,Los Angeles,Amazon Pay,Completed
SYN003433,2025-02-19,Running Shoes,Footwear,57,1,57,Jane Smith,Houston,Gift Card,Cancelled
SYN003434,2025-02-16,Smartphone,Electronics,535,4,2140,Emily Johnson,Seattle,Amazon Pay,Completed
SYN003435,2025-02-13,Laptop,Electronics,768,5,3840,Emily Johnson,Denver,Paypal,Completed
SYN003436,2025-02-02,Smartphone,Electronics,511,1,511,Sophia Miller,Miami,Paypal,Completed
SYN003437,2025-09-25,Smartwatch,Electronics,163,3,489,Michael Brown,Denver,Debit Card,Completed
SYN003438,2025-02-09,Refrigerator,Home Appliances,1222,3,3666,John Doe,Miami,Paypal,Completed
SYN003439,2025-03-04,T-Shirt,Clothing,23,1,23,Daniel Harris,New York,Credit Card,Completed
SYN003440,2025-11-27,Smartphone,Electronics,445,1,445,Sophia Miller,Denver,Credit Card,Cancelled
SYN003441,2025-03-27,Washing Machine,Home Appliances,577,1,577,John Doe,Miami,Credit Card,Completed
SYN003442,2025-03-18,Headphones,Electronics,99,2,198,Daniel Harris,Houston,Credit Card,Completed
SYN003443,2025-03-22,Headphones,Electronics,101,2,202,Daniel Harris,Houston,Credit Card,Completed
SYN003444,2025-03-26,Smartwatch,Electronics,147,1,147,Emily Johnson,Seattle,Gift Card,Pending
SYN003445,2025-02-27,Headphones,Electronics,97,2,194,David Lee,Houston,Paypal,Completed
SYN003446,2025-03-22,Headphones,Electronics,95,4,380,Emily Johnson,San Francisco,Debit Card,Pending
SYN003447,2025-02-21,T-Shirt,Clothing,19,6,114,Olivia Wilson,Boston,Paypal,Completed
SYN003448,2025-03-25,Smartwatch,Electronics,148,1,148,Emily Johnson,Seattle,Gift Card,Pending
SYN003449,2025-03-14,Washing Machine,Home Appliances,611,1,611,John Doe,Miami,Credit Card,Completed
SYN003450,2025-03-26,Headphones,Electronics,99,2,198,Daniel Harris,Houston,Credit Card,Completed
SYN003451,2025-06-05,Running Shoes,Footwear,62,2,124,David Lee,Houston,Debit Card,Cancelled
SYN003452,2025-03-26,Washing Machine,Home Appliances,596,1,596,John Doe,Miami,Credit Card,Completed
SYN003453,2025-02-14,Book,Books,16,1,16,Jane Smith,Miami,Credit Card,Cancelled
SYN003454,2025-03-22,Headphones,Electronics,98,2,196,Daniel Harris,Miami,Paypal,Pending
SYN003455,2025-02-21,Jeans,Clothing,37,4,148,John Doe,San Francisco,Debit Card,Cancelled
SYN003456,2025-02-16,Washing Machine,Home Appliances,625,2,1250,Chris White,Seattle,Paypal,Cancelled
SYN003457,2025-03-30,Jeans,Clothing,40,2,80,David Lee,Denver,Amazon Pay,Cancelled
SYN003458,2025-11-03,Headphones,Electronics,102,3,306,Michael Brown,Houston,Debit Card,Cancelled
SYN003459,2025-03-19,Book,Books,15,1,15,David Lee,New York,Amazon Pay,Pending
SYN003460,2025-09-09,Refrigerator,Home Appliances,1175,2,2350,Sophia Miller,Boston,Paypal,Cancelled
SYN003461,2025-03-22,Headphones,Electronics,93,2,186,Daniel Harris,Miami,Paypal,Pending
SYN003462,2025-03-15,T-Shirt,Clothing,20,2,40,Daniel Harris,Miami,Debit Card,Cancelled
SYN003463,2025-02-08,T-Shirt,Clothing,19,5,95,Jane Smith,New York,Credit Card,Pending
SYN003464,2025-03-23,Smartwatch,Electronics,137,5,685,Daniel Harris,Houston,Amazon Pay,Completed
SYN003465,2025-06-05,Refrigerator,Home Appliances,1271,5,6355,David Lee,Denver,Paypal,Cancelled
SYN003466,2025-03-30,Smartwatch,Electronics,146,1,146,Chris White,Houston,Debit Card,Pending
SYN003467,2025-06-27,Refrigerator,Home Appliances,1177,4,4708,Olivia Wilson,Houston,Credit Card,Pending
SYN003468,2025-03-24,Smartphone,Electronics,516,5,2580,Emma Clark,Miami,Gift Card,Completed
SYN003469,2025-02-24,Laptop,Electronics,802,3,2406,John Doe,San Francisco,Credit Card,Pending
SYN003470,2025-03-18,Refrigerator,Home Appliances,1183,3,3549,Emma Clark,Los Angeles,Credit Card,Completed
SYN003471,2025-08-09,Smartwatch,Electronics,160,3,480,Emily Johnson,New York,Debit Card,Cancelled
SYN003472,2025-03-20,Laptop,Electronics,766,5,3830,Michael Brown,Miami,Debit Card,Pending
SYN003473,2025-02-08,Smartphone,Electronics,453,1,453,Sophia Miller,Miami,Paypal,Completed
SYN003474,2025-10-01,Smartwatch,Electronics,136,3,408,Michael Brown,Denver,Debit Card,Completed
SYN003475,2025-05-30,Smartphone,Electronics,512,5,2560,Michael Brown,Houston,Paypal,Completed
SYN003476,2025-03-04,Laptop,Electronics,867,4,3468,Daniel Harris,Houston,Gift Card,Pending
SYN003477,2025-03-16,Book,Books,14,3,42,Emma Clark,San Francisco,Amazon Pay,Pending
SYN003478,2025-02-21,Running Shoes,Footwear,62,1,62,David Lee,Boston,Paypal,Cancelled
SYN003479,2025-03-24,Headphones,Electronics,107,3,321,Sophia Miller,Dallas,Gift Card,Pending
SYN003480,2025-03-01,Running Shoes,Footwear,61,4,244,Sophia Miller,San Francisco,Debit Card,Pending
SYN003481,2025-03-20,Running Shoes,Footwear,61,3,183,Olivia Wilson,Miami,Amazon Pay,Completed
SYN003482,2025-08-09,Book,Books,14,1,14,Jane Smith,Miami,Amazon Pay,Cancelled
SYN003483,2025-03-20,Smartphone,Electronics,491,1,491,Jane Smith,Chicago,Paypal,Cancelled
SYN003484,2025-02-24,Jeans,Clothing,39,4,156,John Doe,San Francisco,Debit Card,Cancelled
SYN003485,2025-02-28,Jeans,Clothing,41,4,164,John Doe,Seattle,Amazon Pay,Pending
SYN003486,2025-02-20,Running Shoes,Footwear,58,3,174,Olivia Wilson,Dallas,Credit Card,Pending
SYN003487,2025-03-25,Laptop,Electronics,804,3,2412,Jane Smith,New York,Paypal,Completed
SYN003488,2025-03-12,Laptop,Electronics,825,3,2475,John Doe,New York,Paypal,Pending
SYN003489,2025-03-30,Washing Machine,Home Appliances,615,1,615,Emma Clark,Seattle,Debit Card,Pending
SYN003490,2025-02-22,Headphones,Electronics,99,3,297,David Lee,Houston,Paypal,Cancelled
SYN003491,2025-03-09,Running Shoes,Footwear,61,5,305,Emma Clark,Miami,Debit Card,Completed
SYN003492,2025-04-04,Laptop,Electronics,878,1,878,Michael Brown,Los Angeles,Credit Card,Cancelled
SYN003493,2025-03-21,Smartwatch,Electronics,156,5,780,Emily Johnson,Houston,Amazon Pay,Completed
SYN003494,2025-11-27,Washing Machine,Home Appliances,575,5,2875,Emma Clark,Miami,Amazon Pay,Pending
SYN003495,2025-06-07,Running Shoes,Footwear,56,2,112,David Lee,Houston,Debit Card,Cancelled
SYN003496,2025-02-14,Book,Books,14,5,70,Daniel Harris,Miami,Debit Card,Pending
SYN003497,2025-03-01,Laptop,Electronics,750,3,2250,John Doe,San Francisco,Credit Card,Pending
SYN003498,2025-07-28,Smartwatch,Electronics,167,3,501,Emily Johnson,New York,Debit Card,Cancelled
SYN003499,2025-03-06,Laptop,Electronics,791,4,3164,Daniel Harris,Houston,Gift Card,Pending
SYN003500,2025-03-20,Book,Books,15,5,75,Olivia Wilson,Chicago,Amazon Pay,Pending
SYN003501,2025-03-23,Smartwatch,Electronics,139,2,278,Emma Clark,Los Angeles,Gift Card,Cancelled
SYN003502,2025-03-18,Smartwatch,Electronics,148,2,296,Michael Brown,Denver,Paypal,Pending
SYN003503,2025-06-08,Washing Machine,Home Appliances,551,3,1653,Olivia Wilson,Denver,Gift Card,Cancelled
SYN003504,2025-08-08,T-Shirt,Clothing,19,4,76,Jane Smith,Denver,Credit Card,Pending
SYN003505,2025-02-15,Jeans,Clothing,38,5,190,Jane Smith,Dallas,Debit Card,Pending
SYN003506,2025-03-07,Smartwatch,Electronics,164,2,328,Daniel Harris,Houston,Paypal,Completed
SYN003507,2025-03-07,Smartphone,Electronics,472,1,472,David Lee,Miami,Gift Card,Pending
SYN003508,2025-03-08,Smartphone,Electronics,475,1,475,David Lee,Miami,Gift Card,Pending
SYN003509,2025-03-15,Headphones,Electronics,95,1,95,Olivia Wilson,Denver,Paypal,Completed
SYN003510,2025-03-09,T-Shirt,Clothing,21,3,63,Olivia Wilson,Chicago,Paypal,Pending
SYN003511,2025-07-06,Headphones,Electronics,96,4,384,Olivia Wilson,Seattle,Debit Card,Pending
SYN003512,2025-03-21,Smartwatch,Electronics,156,2,312,Emma Clark,Boston,Debit Card,Completed
SYN003513,2025-10-27,Smartwatch,Electronics,152,5,760,John Doe,Los Angeles,Credit Card,Cancelled
SYN003514,2025-03-17,Smartwatch,Electronics,161,2,322,Emma Clark,Dallas,Credit Card,Completed
SYN003515,2025-02-28,Jeans,Clothing,37,4,148,John Doe,Seattle,Amazon Pay,Pending
SYN003516,2025-04-04,Refrigerator,Home Appliances,1177,2,2354,Jane Smith,Dallas,Paypal,Cancelled
SYN003517,2025-03-21,Smartwatch,Electronics,143,4,572,Olivia Wilson,Miami,Paypal,Cancelled
SYN003518,2025-02-19,Washing Machine,Home Appliances,553,1,553,Olivia Wilson,Boston,Debit Card,Cancelled
SYN003519,2025-03-29,Smartwatch,Electronics,156,1,156,Chris White,Houston,Debit Card,Pending
SYN003520,2025-03-26,Headphones,Electronics,102,4,408,Jane Smith,San Francisco,Amazon Pay,Pending
SYN003521,2025-12-05,Running Shoes,Footwear,60,2,120,Michael Brown,Denver,Gift Card,Completed
SYN003522,2025-03-31,Washing Machine,Home Appliances,622,4,2488,Jane Smith,Los Angeles,Amazon Pay,Pending
SYN003523,2025-01-09,Laptop,Electronics,788,2,1576,Daniel Harris,San Francisco,Gift Card,Pending
SYN003524,2025-03-17,T-Shirt,Clothing,19,2,38,Daniel Harris,Miami,Debit Card,Cancelled
SYN003525,2025-02-19,Smartphone,Electronics,497,3,1491,Chris White,Dallas,Credit Card,Completed
SYN003526,2025-03-16,Jeans,Clothing,40,2,80,Sophia Miller,Dallas,Paypal,Completed
SYN003527,2025-02-26,Refrigerator,Home Appliances,1237,1,1237,John Doe,Boston,Credit Card,Cancelled
SYN003528,2025-03-15,Running Shoes,Footwear,59,3,177,Olivia Wilson,Houston,Credit Card,Completed
SYN003529,2025-03-13,Refrigerator,Home Appliances,1213,2,2426,Olivia Wilson,Seattle,Credit Card,Completed
SYN003530,2025-02-19,Smartwatch,Electronics,141,5,705,Sophia Miller,San Francisco,Paypal,Pending
SYN003531,2025-03-24,Smartwatch,Electronics,160,1,160,Chris White,Houston,Debit Card,Pending
SYN003532,2025-02-23,Jeans,Clothing,43,4,172,John Doe,San Francisco,Debit Card,Cancelled
SYN003533,2025-02-25,Laptop,Electronics,749,3,2247,John Doe,San Francisco,Credit Card,Pending
SYN003534,2025-02-28,Headphones,Electronics,86,2,172,Daniel Harris,Boston,Paypal,Pending
SYN003535,2025-02-25,Running Shoes,Footwear,65,1,65,Sophia Miller,Houston,Paypal,Completed
SYN003536,2025-02-18,Book,Books,15,1,15,Emma Clark,Houston,Credit Card,Pending
SYN003537,2025-04-05,Smartwatch,Electronics,139,3,417,Jane Smith,New York,Amazon Pay,Completed
SYN003538,2025-03-24,Smartwatch,Electronics,160,2,320,Olivia Wilson,Miami,Debit Card,Completed
SYN003539,2025-02-14,Refrigerator,Home Appliances,1174,3,3522,John Doe,Dallas,Debit Card,Completed
SYN003540,2025-02-06,Headphones,Electronics,105,5,525,Emma Clark,Miami,Amazon Pay,Cancelled
SYN003541,2025-02-28,Smartwatch,Electronics,155,5,775,Jane Smith,Dallas,Paypal,Cancelled
SYN003542,2025-03-02,Running Shoes,Footwear,57,4,228,Sophia Miller,San Francisco,Debit Card,Pending
SYN003543,2025-03-24,Smartwatch,Electronics,159,2,318,Olivia Wilson,Miami,Debit Card,Completed
SYN003544,2025-03-15,Smartphone,Electronics,486,1,486,Jane Smith,Chicago,Paypal,Cancelled
SYN003545,2025-03-11,Smartwatch,Electronics,148,2,296,Emma Clark,Los Angeles,Gift Card,Cancelled
SYN003546,2025-05-01,Running Shoes,Footwear,64,5,320,Jane Smith,Dallas,Paypal,Pending
SYN003547,2025-02-24,Laptop,Electronics,802,4,3208,Daniel Harris,Houston,Gift Card,Pending
SYN003548,2025-05-30,Smartphone,Electronics,533,5,2665,Michael Brown,Houston,Paypal,Completed
SYN003549,2025-09-08,T-Shirt,Clothing,20,4,80,Emma Clark,Houston,Debit Card,Completed
SYN003550,2025-04-01,Running Shoes,Footwear,60,6,360,Emma Clark,Los Angeles,Credit Card,Cancelled
SYN003551,2025-02-11,Washing Machine,Home Appliances,572,1,572,Olivia Wilson,Boston,Debit Card,Cancelled
SYN003552,2025-07-29,Smartwatch,Electronics,154,2,308,Michael Brown,Seattle,Debit Card,Cancelled
SYN003553,2025-02-23,Laptop,Electronics,744,4,2976,Daniel Harris,Houston,Gift Card,Pending
SYN003554,2025-01-27,Washing Machine,Home Appliances,594,4,2376,Michael Brown,New York,Paypal,Completed
SYN003555,2025-07-06,Running Shoes,Footwear,60,1,60,Emma Clark,Houston,Paypal,Completed
SYN003556,2025-03-02,Smartwatch,Electronics,154,5,770,Sophia Miller,San Francisco,Paypal,Pending
SYN003557,2025-03-22,Laptop,Electronics,780,3,2340,Jane Smith,New York,Paypal,Completed
SYN003558,2025-02-14,Running Shoes,Footwear,62,2,124,John Doe,Denver,Amazon Pay,Cancelled
SYN003559,2025-12-09,Book,Books,15,5,75,Jane Smith,Dallas,Credit Card,Pending
SYN003560,2025-04-02,Laptop,Electronics,785,4,3140,Emma Clark,Los Angeles,Credit Card,Completed
SYN003561,2025-02-13,Laptop,Electronics,808,5,4040,Emily Johnson,Denver,Paypal,Completed
SYN003562,2025-03-22,Jeans,Clothing,40,5,200,Daniel Harris,Dallas,Paypal,Completed
SYN003563,2025-03-19,Refrigerator,Home Appliances,1204,3,3612,Daniel Harris,New York,Credit Card,Pending
SYN003564,2025-05-02,Running Shoes,Footwear,63,5,315,Jane Smith,Dallas,Paypal,Pending
SYN003565,2025-10-27,Smartwatch,Electronics,146,5,730,John Doe,Los Angeles,Credit Card,Cancelled
SYN003566,2025-04-04,Washing Machine,Home Appliances,600,4,2400,Chris White,Houston,Credit Card,Pending
SYN003567,2025-02-22,Running Shoes,Footwear,56,3,168,Olivia Wilson,Dallas,Credit Card,Pending
SYN003568,2025-03-18,Jeans,Clothing,42,4,168,Michael Brown,Dallas,Credit Card,Completed
SYN003569,2025-03-19,Refrigerator,Home Appliances,1207,3,3621,Chris White,Dallas,Credit Card,Cancelled
SYN003570,2025-02-19,Book,Books,16,5,80,John Doe,Denver,Paypal,Pending
SYN003571,2024-12-29,Headphones,Electronics,97,2,194,John Doe,Denver,Debit Card,Completed
SYN003572,2025-02-10,Book,Books,15,1,15,John Doe,Boston,Amazon Pay,Completed
SYN003573,2025-03-21,Refrigerator,Home Appliances,1198,2,2396,Olivia Wilson,Seattle,Credit Card,Completed
SYN003574,2025-02-23,Headphones,Electronics,100,1,100,Jane Smith,Chicago,Amazon Pay,Completed
SYN003575,2025-02-09,Washing Machine,Home Appliances,574,2,1148,Chris White,Seattle,Paypal,Cancelled
SYN003576,2025-02-19,Book,Books,15,5,75,John Doe,Denver,Paypal,Pending
SYN003577,2025-03-26,Jeans,Clothing,39,5,195,Daniel Harris,Dallas,Paypal,Completed
SYN003578,2025-03-30,Smartwatch,Electronics,153,1,153,Chris White,Houston,Debit Card,Pending
SYN003579,2025-02-07,Smartwatch,Electronics,144,2,288,Chris White,Miami,Paypal,Pending
SYN003580,2025-12-01,Book,Books,15,1,15,David Lee,Miami,Debit Card,Cancelled
SYN003581,2025-09-01,Smartphone,Electronics,494,2,988,Olivia Wilson,Chicago,Credit Card,Completed
SYN003582,2025-02-19,Laptop,Electronics,885,1,885,Emily Johnson,New York,Amazon Pay,Pending
SYN003583,2025-11-03,Headphones,Electronics,100,3,300,Michael Brown,Houston,Debit Card,Cancelled
SYN003584,2025-01-31,Refrigerator,Home Appliances,1278,3,3834,John Doe,Miami,Paypal,Completed
SYN003585,2025-02-19,Smartwatch,Electronics,163,5,815,Sophia Miller,San Francisco,Paypal,Pending
SYN003586,2025-03-06,Smartwatch,Electronics,142,2,284,David Lee,Chicago,Debit Card,Pending
SYN003587,2025-03-19,Jeans,Clothing,40,3,120,Olivia Wilson,Dallas,Credit Card,Cancelled
SYN003588,2025-07-06,Smartphone,Electronics,466,2,932,Olivia Wilson,Chicago,Debit Card,Pending
SYN003589,2025-01-09,Laptop,Electronics,800,2,1600,Daniel Harris,San Francisco,Gift Card,Pending
SYN003590,2025-05-29,Laptop,Electronics,784,1,784,Jane Smith,Los Angeles,Amazon Pay,Cancelled
SYN003591,2025-03-13,Running Shoes,Footwear,65,5,325,Emma Clark,Miami,Debit Card,Completed
SYN003592,2025-03-08,Laptop,Electronics,822,3,2466,John Doe,New York,Paypal,Pending
SYN003593,2025-03-21,Smartwatch,Electronics,145,2,290,Emma Clark,Boston,Debit Card,Completed
SYN003594,2025-03-08,Jeans,Clothing,44,2,88,Sophia Miller,Dallas,Paypal,Completed
SYN003595,2025-02-18,Laptop,Electronics,858,3,2574,John Doe,San Francisco,Credit Card,Pending
SYN003596,2025-03-01,Washing Machine,Home Appliances,633,1,633,Jane Smith,Dallas,Amazon Pay,Completed
SYN003597,2025-02-26,Washing Machine,Home Appliances,624,4,2496,Emma Clark,Houston,Gift Card,Cancelled
SYN003598,2025-02-11,Book,Books,14,1,14,John Doe,Boston,Amazon Pay,Completed
SYN003599,2025-07-29,Running Shoes,Footwear,63,5,315,Jane Smith,Miami,Gift Card,Pending
SYN003600,2025-03-28,T-Shirt,Clothing,19,2,38,Chris White,Miami,Gift Card,Cancelled
SYN003601,2025-03-21,T-Shirt,Clothing,21,1,21,Chris White,Dallas,Debit Card,Completed
SYN003602,2025-03-09,Smartwatch,Electronics,155,5,775,John Doe,Denver,Credit Card,Pending
SYN003603,2025-08-02,Smartphone,Electronics,497,4,1988,Chris White,Boston,Gift Card,Pending
SYN003604,2025-03-04,Headphones,Electronics,96,2,192,David Lee,Houston,Paypal,Completed
SYN003605,2025-12-07,Smartphone,Electronics,520,1,520,Sophia Miller,Denver,Credit Card,Cancelled
SYN003606,2025-03-30,Smartwatch,Electronics,142,2,284,Emma Clark,Boston,Debit Card,Completed
SYN003607,2025-10-09,Smartwatch,Electronics,159,3,477,Michael Brown,Denver,Debit Card,Completed
SYN003608,2025-03-18,Smartwatch,Electronics,146,2,292,Emily Johnson,Dallas,Paypal,Cancelled
SYN003609,2025-02-20,Refrigerator,Home Appliances,1245,3,3735,John Doe,Dallas,Debit Card,Completed
SYN003610,2025-02-17,Smartphone,Electronics,531,2,1062,Daniel Harris,Miami,Credit Card,Cancelled
SYN003611,2025-03-21,Jeans,Clothing,44,1,44,Jane Smith,Boston,Debit Card,Pending
SYN003612,2025-02-08,Running Shoes,Footwear,62,1,62,Jane Smith,Houston,Gift Card,Cancelled
SYN003613,2025-03-02,Jeans,Clothing,42,2,84,Michael Brown,Los Angeles,Gift Card,Cancelled
SYN003614,2025-03-02,Running Shoes,Footwear,59,1,59,Emma Clark,Houston,Credit Card,Pending
SYN003615,2025-06-06,Washing Machine,Home Appliances,606,3,1818,Olivia Wilson,Denver,Gift Card,Cancelled
SYN003616,2025-03-27,Jeans,Clothing,38,4,152,Daniel Harris,Dallas,Paypal,Completed
SYN003617,2025-04-26,Smartphone,Electronics,498,5,2490,John Doe,Boston,Paypal,Completed
SYN003618,2025-03-16,Book,Books,15,1,15,David Lee,New York,Amazon Pay,Pending
SYN003619,2025-09-28,T-Shirt,Clothing,21,1,21,Olivia Wilson,Miami,Credit Card,Pending
SYN003620,2025-03-20,Smartwatch,Electronics,144,2,288,Emma Clark,Dallas,Credit Card,Completed
SYN003621,2025-03-14,T-Shirt,Clothing,20,2,40,Michael Brown,Chicago,Paypal,Pending
SYN003622,2025-03-15,Smartphone,Electronics,488,1,488,Jane Smith,Chicago,Paypal,Cancelled
SYN003623,2025-03-07,Laptop,Electronics,805,3,2415,John Doe,New York,Paypal,Pending
SYN003624,2025-03-12,Laptop,Electronics,836,2,1672,Michael Brown,Denver,Paypal,Cancelled
SYN003625,2025-04-02,Smartwatch,Electronics,152,1,152,Emily Johnson,Seattle,Gift Card,Pending
SYN003626,2025-07-30,T-Shirt,Clothing,21,4,84,Jane Smith,Denver,Credit Card,Pending
SYN003627,2025-02-01,Smartphone,Electronics,515,1,515,Sophia Miller,Miami,Paypal,Completed
SYN003628,2025-09-27,Washing Machine,Home Appliances,628,3,1884,Emily Johnson,Dallas,Gift Card,Cancelled
SYN003629,2025-02-19,T-Shirt,Clothing,21,2,42,David Lee,Dallas,Gift Card,Cancelled
SYN003630,2025-11-04,Refrigerator,Home Appliances,1210,2,2420,Daniel Harris,San Francisco,Paypal,Cancelled
SYN003631,2025-02-16,Refrigerator,Home Appliances,1360,3,4080,John Doe,Dallas,Debit Card,Completed
SYN003632,2025-03-18,Smartwatch,Electronics,145,2,290,Olivia Wilson,Miami,Debit Card,Completed
SYN003633,2025-03-07,Smartwatch,Electronics,152,2,304,Michael Brown,Denver,Paypal,Pending
SYN003634,2025-04-08,Headphones,Electronics,98,5,490,Daniel Harris,Seattle,Debit Card,Pending
SYN003635,2025-03-20,Jeans,Clothing,40,5,200,Daniel Harris,Seattle,Credit Card,Cancelled
SYN003636,2025-03-14,Jeans,Clothing,39,4,156,Michael Brown,Dallas,Credit Card,Completed
SYN003637,2025-03-23,Smartwatch,Electronics,159,2,318,Emma Clark,Dallas,Credit Card,Completed
SYN003638,2025-02-26,Running Shoes,Footwear,58,1,58,Emma Clark,Houston,Credit Card,Pending
SYN003639,2025-07-30,Smartphone,Electronics,505,3,1515,Sophia Miller,Denver,Credit Card,Pending
SYN003640,2025-10-01,Book,Books,17,2,34,Chris White,Los Angeles,Debit Card,Completed
SYN003641,2025-03-07,Washing Machine,Home Appliances,647,2,1294,Emily Johnson,Chicago,Gift Card,Cancelled
SYN003642,2025-02-15,Smartphone,Electronics,500,3,1500,Chris White,Dallas,Credit Card,Completed
SYN003643,2025-03-26,Book,Books,14,5,70,David Lee,Chicago,Amazon Pay,Pending
SYN003644,2025-03-26,Washing Machine,Home Appliances,568,4,2272,Jane Smith,Los Angeles,Amazon Pay,Pending
SYN003645,2025-03-12,Jeans,Clothing,41,3,123,John Doe,Boston,Gift Card,Completed
SYN003646,2025-02-22,Smartwatch,Electronics,147,2,294,Daniel Harris,Houston,Paypal,Completed
SYN003647,2025-06-08,Smartphone,Electronics,477,3,1431,Emily Johnson,Chicago,Paypal,Completed
SYN003648,2025-02-25,Refrigerator,Home Appliances,1048,4,4192,David Lee,Boston,Gift Card,Pending
SYN003649,2025-04-05,Smartwatch,Electronics,147,3,441,Jane Smith,New York,Amazon Pay,Completed
SYN003650,2025-02-17,Washing Machine,Home Appliances,605,1,605,Jane Smith,Dallas,Amazon Pay,Completed
SYN003651,2025-02-27,Headphones,Electronics,107,1,107,David Lee,Houston,Debit Card,Cancelled
SYN003652,2025-02-28,Headphones,Electronics,99,1,99,Jane Smith,Chicago,Amazon Pay,Completed
SYN003653,2025-02-16,Smartphone,Electronics,469,5,2345,Emily Johnson,Miami,Credit Card,Cancelled
SYN003654,2025-03-21,Refrigerator,Home Appliances,1205,1,1205,Daniel Harris,Dallas,Paypal,Completed
SYN003655,2025-11-29,Book,Books,14,5,70,Jane Smith,Dallas,Credit Card,Pending
SYN003656,2025-05-29,Laptop,Electronics,782,1,782,Jane Smith,Los Angeles,Amazon Pay,Cancelled
SYN003657,2025-02-21,Smartphone,Electronics,531,4,2124,Emma Clark,Chicago,Debit Card,Completed
SYN003658,2025-03-19,Book,Books,14,5,70,Olivia Wilson,Chicago,Amazon Pay,Pending
SYN003659,2025-03-17,Smartwatch,Electronics,157,3,471,Sophia Miller,San Francisco,Debit Card,Completed
SYN003660,2025-02-23,Smartwatch,Electronics,146,2,292,Daniel Harris,Houston,Paypal,Completed
SYN003661,2025-08-01,Smartwatch,Electronics,153,3,459,Emily Johnson,New York,Debit Card,Cancelled
SYN003662,2025-03-13,Refrigerator,Home Appliances,1300,3,3900,Emma Clark,Los Angeles,Credit Card,Completed
SYN003663,2025-03-25,Smartwatch,Electronics,141,4,564,Emma Clark,Houston,Paypal,Completed
SYN003664,2025-03-23,Smartwatch,Electronics,143,3,429,Sophia Miller,San Francisco,Debit Card,Completed
SYN003665,2025-03-14,Jeans,Clothing,40,4,160,Michael Brown,Dallas,Credit Card,Completed
SYN003666,2025-06-06,Washing Machine,Home Appliances,568,2,1136,David Lee,Dallas,Gift Card,Cancelled
SYN003667,2025-11-29,Smartphone,Electronics,461,1,461,Sophia Miller,Denver,Credit Card,Cancelled
SYN003668,2025-12-06,Washing Machine,Home Appliances,580,5,2900,Emma Clark,Miami,Amazon Pay,Pending
SYN003669,2025-02-25,Laptop,Electronics,827,3,2481,John Doe,San Francisco,Credit Card,Pending
SYN003670,2025-03-24,Headphones,Electronics,100,2,200,Daniel Harris,Houston,Credit Card,Completed
SYN003671,2025-07-10,Refrigerator,Home Appliances,1288,4,5152,Olivia Wilson,Houston,Credit Card,Pending
SYN003672,2025-04-27,T-Shirt,Clothing,20,2,40,Chris White,Denver,Debit Card,Cancelled
SYN003673,2025-02-25,Jeans,Clothing,39,5,195,Emily Johnson,New York,Debit Card,Pending
SYN003674,2025-03-01,Refrigerator,Home Appliances,1270,1,1270,Olivia Wilson,Seattle,Paypal,Completed
SYN003675,2025-02-25,Laptop,Electronics,795,4,3180,Daniel Harris,Houston,Gift Card,Pending
SYN003676,2025-03-31,Laptop,Electronics,804,3,2412,Olivia Wilson,Chicago,Amazon Pay,Completed
SYN003677,2025-09-30,Smartphone,Electronics,526,4,2104,Michael Brown,Seattle,Paypal,Pending
SYN003678,2025-02-20,Book,Books,13,1,13,John Doe,Boston,Amazon Pay,Completed
SYN003679,2025-03-03,Headphones,Electronics,101,2,202,David Lee,Houston,Paypal,Completed
SYN003680,2025-09-30,Smartphone,Electronics,496,3,1488,Olivia Wilson,Denver,Gift Card,Cancelled
SYN003681,2025-03-15,Refrigerator,Home Appliances,1198,3,3594,Daniel Harris,New York,Credit Card,Pending
SYN003682,2025-02-13,Laptop,Electronics,797,5,3985,Jane Smith,Boston,Credit Card,Cancelled
SYN003683,2025-02-20,Refrigerator,Home Appliances,1135,4,4540,Emily Johnson,Denver,Paypal,Pending
SYN003684,2025-02-22,Headphones,Electronics,109,4,436,Daniel Harris,New York,Gift Card,Cancelled
SYN003685,2025-11-04,Smartwatch,Electronics,149,4,596,John Doe,Los Angeles,Credit Card,Cancelled
SYN003686,2025-03-10,Book,Books,15,5,75,David Lee,San Francisco,Credit Card,Pending
SYN003687,2025-07-03,Headphones,Electronics,105,4,420,Olivia Wilson,Seattle,Debit Card,Pending
SYN003688,2025-02-23,Headphones,Electronics,94,2,188,David Lee,Houston,Paypal,Completed
SYN003689,2025-03-14,Smartphone,Electronics,495,2,990,Olivia Wilson,Boston,Paypal,Cancelled
SYN003690,2025-03-04,Refrigerator,Home Appliances,1167,4,4668,David Lee,Boston,Gift Card,Pending
SYN003691,2025-02-21,T-Shirt,Clothing,22,5,110,Olivia Wilson,Boston,Paypal,Completed
SYN003692,2025-11-26,Running Shoes,Footwear,59,1,59,David Lee,San Francisco,Credit Card,Pending
SYN003693,2025-02-16,Refrigerator,Home Appliances,1066,3,3198,John Doe,Dallas,Debit Card,Completed
SYN003694,2025-03-22,Smartphone,Electronics,456,2,912,Chris White,Chicago,Paypal,Pending
SYN003695,2025-02-20,Headphones,Electronics,102,1,102,Emily Johnson,Los Angeles,Credit Card,Completed
SYN003696,2025-09-27,Smartwatch,Electronics,154,5,770,David Lee,Boston,Paypal,Completed
SYN003697,2025-01-11,T-Shirt,Clothing,21,1,21,Emma Clark,New York,Amazon Pay,Completed
SYN003698,2025-12-03,Running Shoes,Footwear,55,2,110,Michael Brown,Denver,Gift Card,Completed
SYN003699,2025-03-19,T-Shirt,Clothing,19,2,38,Michael Brown,Chicago,Paypal,Pending
SYN003700,2025-09-30,Book,Books,15,1,15,Emma Clark,Seattle,Gift Card,Pending
SYN003701,2025-03-15,Smartphone,Electronics,544,1,544,David Lee,Miami,Gift Card,Pending
SYN003702,2025-02-23,Running Shoes,Footwear,58,4,232,Sophia Miller,San Francisco,Debit Card,Pending
SYN003703,2025-02-13,Headphones,Electronics,97,3,291,Michael Brown,New York,Debit Card,Cancelled
SYN003704,2025-03-12,Jeans,Clothing,39,4,156,Michael Brown,Dallas,Credit Card,Completed
SYN003705,2025-03-19,Book,Books,15,5,75,David Lee,San Francisco,Credit Card,Pending
SYN003706,2025-01-04,T-Shirt,Clothing,19,1,19,Emma Clark,New York,Amazon Pay,Completed
SYN003707,2025-02-23,Smartwatch,Electronics,158,1,158,John Doe,Seattle,Gift Card,Completed
SYN003708,2025-10-07,Smartphone,Electronics,489,2,978,Michael Brown,Los Angeles,Amazon Pay,Completed
SYN003709,2025-12-08,Smartphone,Electronics,497,1,497,Sophia Miller,Denver,Credit Card,Cancelled
SYN003710,2025-02-16,Book,Books,15,5,75,John Doe,Denver,Paypal,Pending
SYN003711,2025-03-01,Headphones,Electronics,97,2,194,Daniel Harris,Boston,Paypal,Pending
SYN003712,2025-03-01,Headphones,Electronics,96,1,96,Jane Smith,Chicago,Amazon Pay,Completed
SYN003713,2025-08-06,Smartphone,Electronics,482,4,1928,Chris White,Boston,Gift Card,Pending
SYN003714,2025-05-05,Running Shoes,Footwear,60,2,120,Chris White,Houston,Amazon Pay,Completed
SYN003715,2025-03-27,Jeans,Clothing,39,1,39,Sophia Miller,Dallas,Debit Card,Cancelled
SYN003716,2025-03-25,Laptop,Electronics,760,2,1520,Michael Brown,Denver,Paypal,Cancelled
SYN003717,2025-02-05,Smartphone,Electronics,514,1,514,Sophia Miller,Miami,Paypal,Completed
SYN003718,2025-01-02,Laptop,Electronics,822,2,1644,Daniel Harris,San Francisco,Gift Card,Pending
SYN003719,2025-02-22,Running Shoes,Footwear,57,1,57,Sophia Miller,Houston,Paypal,Completed
SYN003720,2025-09-30,T-Shirt,Clothing,20,1,20,Olivia Wilson,Miami,Credit Card,Pending
SYN003721,2025-01-11,Smartwatch,Electronics,149,2,298,Daniel Harris,Dallas,Credit Card,Cancelled
SYN003722,2025-02-18,Smartphone,Electronics,500,3,1500,Chris White,Dallas,Credit Card,Completed
SYN003723,2025-03-20,Headphones,Electronics,107,3,321,Jane Smith,Chicago,Amazon Pay,Cancelled
SYN003724,2025-03-14,Refrigerator,Home Appliances,1103,2,2206,Olivia Wilson,Seattle,Credit Card,Completed
SYN003725,2025-05-27,Smartphone,Electronics,530,4,2120,Emma Clark,Houston,Credit Card,Completed
SYN003726,2025-11-04,Smartwatch,Electronics,152,5,760,John Doe,Los Angeles,Credit Card,Cancelled
SYN003727,2025-03-23,Laptop,Electronics,839,3,2517,Olivia Wilson,Chicago,Amazon Pay,Completed
SYN003728,2025-03-15,Smartphone,Electronics,545,2,1090,Olivia Wilson,Boston,Paypal,Cancelled
SYN003729,2025-02-22,Jeans,Clothing,41,2,82,Daniel Harris,Chicago,Credit Card,Pending
SYN003730,2025-04-05,Laptop,Electronics,788,4,3152,Emma Clark,Los Angeles,Credit Card,Completed
SYN003731,2025-02-10,Laptop,Electronics,858,2,1716,Olivia Wilson,San Francisco,Paypal,Completed
SYN003732,2025-01-05,Headphones,Electronics,105,2,210,John Doe,Denver,Debit Card,Completed
SYN003733,2025-04-28,Running Shoes,Footwear,59,4,236,Chris White,Chicago,Amazon Pay,Completed
SYN003734,2025-08-01,Smartwatch,Electronics,147,3,441,Emily Johnson,New York,Debit Card,Cancelled
SYN003735,2025-03-31,T-Shirt,Clothing,18,2,36,Chris White,Miami,Gift Card,Cancelled
SYN003736,2025-06-09,Refrigerator,Home Appliances,1202,2,2404,John Doe,Denver,Paypal,Completed
SYN003737,2025-03-12,T-Shirt,Clothing,21,1,21,John Doe,Dallas,Credit Card,Pending
SYN003738,2025-01-28,Laptop,Electronics,809,2,1618,Olivia Wilson,San Francisco,Paypal,Completed
SYN003739,2025-07-01,Smartphone,Electronics,499,2,998,Olivia Wilson,Chicago,Debit Card,Pending
SYN003740,2025-03-23,Smartwatch,Electronics,149,4,596,Olivia Wilson,Miami,Paypal,Cancelled
SYN003741,2025-02-07,Refrigerator,Home Appliances,1268,4,5072,Emily Johnson,Denver,Paypal,Pending
SYN003742,2025-10-06,Laptop,Electronics,834,3,2502,Jane Smith,Houston,Amazon Pay,Completed
SYN003743,2025-03-22,Running Shoes,Footwear,63,3,189,Emma Clark,San Francisco,Credit Card,Pending
SYN003744,2025-08-10,Smartwatch,Electronics,152,3,456,Emily Johnson,New York,Debit Card,Cancelled
SYN003745,2025-07-06,T-Shirt,Clothing,21,1,21,Daniel Harris,New York,Amazon Pay,Pending
SYN003746,2025-03-24,Jeans,Clothing,41,5,205,David Lee,New York,Debit Card,Cancelled
SYN003747,2025-07-04,Smartphone,Electronics,510,5,2550,David Lee,Chicago,Gift Card,Pending
SYN003748,2025-04-01,Jeans,Clothing,41,1,41,Olivia Wilson,Seattle,Paypal,Cancelled
SYN003749,2025-03-22,Smartwatch,Electronics,144,5,720,Daniel Harris,Houston,Amazon Pay,Completed
SYN003750,2025-03-23,Refrigerator,Home Appliances,1186,4,4744,Jane Smith,Dallas,Gift Card,Cancelled
SYN003751,2025-05-05,Running Shoes,Footwear,63,4,252,Chris White,Chicago,Amazon Pay,Completed
SYN003752,2025-03-20,Refrigerator,Home Appliances,1116,3,3348,Chris White,Dallas,Credit Card,Cancelled
SYN003753,2025-02-20,Book,Books,15,2,30,David Lee,Boston,Amazon Pay,Pending
SYN003754,2025-11-01,Headphones,Electronics,107,3,321,Michael Brown,Houston,Debit Card,Cancelled
SYN003755,2025-04-01,Headphones,Electronics,94,3,282,Chris White,New York,Debit Card,Pending
SYN003756,2025-02-02,T-Shirt,Clothing,19,5,95,Emma Clark,Denver,Paypal,Completed
SYN003757,2025-03-17,Smartphone,Electronics,503,1,503,Jane Smith,Los Angeles,Debit Card,Cancelled
SYN003758,2025-03-12,Refrigerator,Home Appliances,1236,3,3708,Emma Clark,Los Angeles,Credit Card,Completed
SYN003759,2025-04-04,Headphones,Electronics,91,3,273,Chris White,New York,Debit Card,Pending
SYN003760,2025-03-06,Book,Books,16,4,64,Michael Brown,San Francisco,Credit Card,Completed
SYN003761,2025-04-10,Refrigerator,Home Appliances,1128,3,3384,David Lee,Boston,Gift Card,Completed
SYN003762,2025-01-09,T-Shirt,Clothing,20,1,20,Emma Clark,New York,Amazon Pay,Completed
SYN003763,2025-06-02,Laptop,Electronics,872,1,872,Jane Smith,Los Angeles,Amazon Pay,Cancelled
SYN003764,2025-02-22,Headphones,Electronics,93,2,186,David Lee,Houston,Paypal,Completed
SYN003765,2025-12-06,Smartphone,Electronics,491,1,491,Emily Johnson,San Francisco,Credit Card,Cancelled
SYN003766,2025-02-03,Book,Books,16,5,80,Sophia Miller,Seattle,Amazon Pay,Completed
SYN003767,2025-09-06,Smartwatch,Electronics,156,1,156,John Doe,Denver,Gift Card,Pending
SYN003768,2025-07-08,Laptop,Electronics,825,3,2475,Daniel Harris,Houston,Credit Card,Pending
SYN003769,2025-02-22,Smartwatch,Electronics,151,5,755,Jane Smith,Dallas,Paypal,Cancelled
SYN003770,2025-02-16,Running Shoes,Footwear,62,1,62,Emma Clark,Houston,Credit Card,Pending
SYN003771,2025-06-06,Refrigerator,Home Appliances,1269,2,2538,Chris White,Seattle,Debit Card,Pending
SYN003772,2025-03-03,Washing Machine,Home Appliances,637,4,2548,Emma Clark,Houston,Gift Card,Cancelled
SYN003773,2025-04-05,Smartphone,Electronics,489,5,2445,Emma Clark,Miami,Gift Card,Completed
SYN003774,2025-03-06,Laptop,Electronics,803,4,3212,Daniel Harris,Houston,Gift Card,Pending
SYN003775,2025-06-01,Refrigerator,Home Appliances,1208,5,6040,David Lee,Denver,Paypal,Cancelled
SYN003776,2025-02-24,Running Shoes,Footwear,60,1,60,David Lee,Boston,Paypal,Cancelled
SYN003777,2025-03-21,Book,Books,15,5,75,Olivia Wilson,Chicago,Amazon Pay,Pending
SYN003778,2025-10-02,Smartwatch,Electronics,150,3,450,Emma Clark,New York,Debit Card,Pending
SYN003779,2025-05-06,T-Shirt,Clothing,20,2,40,Chris White,Denver,Debit Card,Cancelled
SYN003780,2025-03-21,Running Shoes,Footwear,59,3,177,Michael Brown,New York,Gift Card,Pending
SYN003781,2025-09-02,Running Shoes,Footwear,55,2,110,Emily Johnson,Denver,Gift Card,Cancelled
SYN003782,2025-08-05,Running Shoes,Footwear,61,5,305,Jane Smith,Miami,Gift Card,Pending
SYN003783,2025-03-15,T-Shirt,Clothing,21,1,21,John Doe,Dallas,Credit Card,Pending
SYN003784,2025-02-24,Headphones,Electronics,98,3,294,David Lee,Houston,Paypal,Cancelled
SYN003785,2025-03-22,Smartphone,Electronics,476,1,476,John Doe,Houston,Gift Card,Pending
SYN003786,2025-03-17,Smartwatch,Electronics,150,4,600,Emma Clark,Houston,Paypal,Completed
SYN003787,2025-02-10,Headphones,Electronics,89,3,267,Michael Brown,New York,Debit Card,Cancelled
SYN003788,2025-02-13,Smartwatch,Electronics,146,5,730,Emily Johnson,Houston,Debit Card,Completed
SYN003789,2025-01-06,Laptop,Electronics,777,2,1554,Daniel Harris,San Francisco,Gift Card,Pending
SYN003790,2025-08-04,Book,Books,17,1,17,Jane Smith,Miami,Amazon Pay,Cancelled
SYN003791,2025-02-22,Headphones,Electronics,95,2,190,Daniel Harris,Boston,Paypal,Pending
SYN003792,2025-04-02,Book,Books,16,5,80,David Lee,Chicago,Amazon Pay,Pending
SYN003793,2025-05-30,Refrigerator,Home Appliances,1242,5,6210,David Lee,Denver,Paypal,Cancelled
SYN003794,2025-07-28,Smartwatch,Electronics,148,2,296,Michael Brown,Seattle,Debit Card,Cancelled
SYN003795,2025-03-30,Headphones,Electronics,101,5,505,Daniel Harris,Seattle,Debit Card,Pending
SYN003796,2025-02-27,Smartwatch,Electronics,150,2,300,Daniel Harris,Houston,Paypal,Completed
SYN003797,2025-02-27,Smartphone,Electronics,524,3,1572,Jane Smith,Seattle,Debit Card,Cancelled
SYN003798,2025-02-24,Running Shoes,Footwear,61,2,122,Chris White,Houston,Paypal,Completed
SYN003799,2025-02-19,Headphones,Electronics,93,1,93,Emily Johnson,Los Angeles,Credit Card,Completed
SYN003800,2025-03-08,T-Shirt,Clothing,19,1,19,John Doe,Dallas,Credit Card,Pending
SYN003801,2025-09-29,Headphones,Electronics,99,5,495,John Doe,Houston,Amazon Pay,Completed
SYN003802,2025-09-01,Smartphone,Electronics,492,2,984,Olivia Wilson,Chicago,Credit Card,Completed
SYN003803,2025-03-10,Jeans,Clothing,39,2,78,Sophia Miller,Dallas,Paypal,Completed
SYN003804,2025-02-10,Washing Machine,Home Appliances,598,4,2392,Michael Brown,New York,Paypal,Completed
SYN003805,2025-03-12,Laptop,Electronics,804,4,3216,Emma Clark,Los Angeles,Amazon Pay,Completed
SYN003806,2025-02-26,Book,Books,16,1,16,Jane Smith,Miami,Credit Card,Cancelled
SYN003807,2025-03-09,Running Shoes,Footwear,59,3,177,Emma Clark,New York,Debit Card,Cancelled
SYN003808,2025-05-05,Running Shoes,Footwear,63,5,315,Jane Smith,Dallas,Paypal,Pending
SYN003809,2025-07-27,Book,Books,16,1,16,Jane Smith,Miami,Amazon Pay,Cancelled
SYN003810,2025-03-22,Refrigerator,Home Appliances,1225,3,3675,Chris White,Dallas,Credit Card,Cancelled
SYN003811,2025-11-26,Running Shoes,Footwear,65,2,130,Michael Brown,Denver,Gift Card,Completed
SYN003812,2025-02-24,Smartwatch,Electronics,138,2,276,Daniel Harris,Houston,Paypal,Completed
SYN003813,2025-02-12,Washing Machine,Home Appliances,671,2,1342,Chris White,Seattle,Paypal,Cancelled
SYN003814,2025-03-20,Smartwatch,Electronics,137,2,274,Emily Johnson,Dallas,Paypal,Cancelled
SYN003815,2025-02-25,Running Shoes,Footwear,60,4,240,Sophia Miller,San Francisco,Debit Card,Pending
SYN003816,2025-02-19,Refrigerator,Home Appliances,1136,3,3408,John Doe,Dallas,Debit Card,Completed
SYN003817,2025-10-05,Laptop,Electronics,785,3,2355,Jane Smith,Houston,Amazon Pay,Completed
SYN003818,2025-10-31,Smartwatch,Electronics,154,5,770,John Doe,Los Angeles,Credit Card,Cancelled
SYN003819,2025-03-29,Laptop,Electronics,803,5,4015,Michael Brown,Miami,Debit Card,Pending
SYN003820,2025-03-25,Jeans,Clothing,39,1,39,Olivia Wilson,Seattle,Paypal,Cancelled
SYN003821,2025-03-18,Headphones,Electronics,103,1,103,Olivia Wilson,Denver,Paypal,Completed
SYN003822,2025-10-08,Smartwatch,Electronics,158,5,790,David Lee,Boston,Paypal,Completed
SYN003823,2025-03-31,Jeans,Clothing,44,2,88,Chris White,Chicago,Credit Card,Completed
SYN003824,2024-12-30,Laptop,Electronics,810,2,1620,Daniel Harris,San Francisco,Gift Card,Pending
SYN003825,2025-02-08,T-Shirt,Clothing,19,5,95,Jane Smith,New York,Credit Card,Pending
SYN003826,2025-03-11,Jeans,Clothing,40,2,80,Sophia Miller,Dallas,Paypal,Completed
SYN003827,2025-02-09,Washing Machine,Home Appliances,687,1,687,Olivia Wilson,Boston,Debit Card,Cancelled
SYN003828,2025-02-23,Headphones,Electronics,94,1,94,Jane Smith,Chicago,Amazon Pay,Completed
SYN003829,2025-01-04,Headphones,Electronics,111,2,222,John Doe,Denver,Debit Card,Completed
SYN003830,2025-03-26,Refrigerator,Home Appliances,1247,3,3741,Chris White,Dallas,Credit Card,Cancelled
SYN003831,2025-07-07,Running Shoes,Footwear,59,1,59,Emma Clark,Houston,Paypal,Completed
SYN003832,2025-12-04,Washing Machine,Home Appliances,585,5,2925,Emma Clark,Miami,Amazon Pay,Pending
SYN003833,2025-06-03,Washing Machine,Home Appliances,609,2,1218,David Lee,Dallas,Gift Card,Cancelled
SYN003834,2025-03-20,Refrigerator,Home Appliances,1211,2,2422,Olivia Wilson,Seattle,Credit Card,Completed
SYN003835,2025-02-21,Smartphone,Electronics,576,2,1152,David Lee,Boston,Paypal,Pending
SYN003836,2025-10-04,Laptop,Electronics,793,3,2379,Jane Smith,Houston,Amazon Pay,Completed
SYN003837,2025-04-06,Headphones,Electronics,102,5,510,Daniel Harris,Seattle,Debit Card,Pending
SYN003838,2025-10-05,T-Shirt,Clothing,20,1,20,Olivia Wilson,Miami,Credit Card,Pending
SYN003839,2025-05-01,Running Shoes,Footwear,57,4,228,Chris White,Chicago,Amazon Pay,Completed
SYN003840,2025-03-04,Running Shoes,Footwear,59,2,118,David Lee,Los Angeles,Debit Card,Cancelled
SYN003841,2025-03-10,Smartwatch,Electronics,151,3,453,David Lee,Boston,Gift Card,Pending
SYN003842,2025-07-30,Smartphone,Electronics,521,3,1563,Sophia Miller,Denver,Credit Card,Pending
SYN003843,2025-03-12,Smartphone,Electronics,522,3,1566,Sophia Miller,Miami,Gift Card,Completed
SYN003844,2025-02-27,Refrigerator,Home Appliances,1151,1,1151,Olivia Wilson,Seattle,Paypal,Completed
SYN003845,2025-02-24,Smartwatch,Electronics,168,5,840,Sophia Miller,San Francisco,Paypal,Pending
SYN003846,2025-02-13,Jeans,Clothing,41,4,164,John Doe,San Francisco,Debit Card,Cancelled
SYN003847,2025-10-04,Headphones,Electronics,100,5,500,John Doe,Houston,Amazon Pay,Completed
SYN003848,2025-03-21,Smartwatch,Electronics,148,2,296,Emma Clark,Boston,Debit Card,Completed
SYN003849,2025-11-01,Headphones,Electronics,101,3,303,Michael Brown,Houston,Debit Card,Cancelled
SYN003850,2025-02-24,Headphones,Electronics,96,1,96,David Lee,Houston,Debit Card,Cancelled
SYN003851,2025-02-25,Laptop,Electronics,740,1,740,Emma Clark,San Francisco,Gift Card,Pending
SYN003852,2025-09-26,Laptop,Electronics,799,3,2397,Jane Smith,Houston,Amazon Pay,Completed
SYN003853,2025-03-11,Smartphone,Electronics,530,1,530,David Lee,Miami,Gift Card,Pending
SYN003854,2025-05-06,Running Shoes,Footwear,61,5,305,Jane Smith,Dallas,Paypal,Pending
SYN003855,2025-02-16,Smartphone,Electronics,558,4,2232,Emily Johnson,Seattle,Amazon Pay,Completed
SYN003856,2025-04-03,Jeans,Clothing,42,1,42,Sophia Miller,Dallas,Debit Card,Cancelled
SYN003857,2025-06-30,Smartphone,Electronics,505,2,1010,Olivia Wilson,Chicago,Debit Card,Pending
SYN003858,2025-03-19,Laptop,Electronics,846,4,3384,Emma Clark,Los Angeles,Amazon Pay,Completed
SYN003859,2025-07-09,T-Shirt,Clothing,18,1,18,Daniel Harris,New York,Amazon Pay,Pending
SYN003860,2025-04-04,Washing Machine,Home Appliances,613,4,2452,Jane Smith,Los Angeles,Amazon Pay,Pending
SYN003861,2025-02-21,Running Shoes,Footwear,64,4,256,Sophia Miller,San Francisco,Debit Card,Pending
SYN003862,2025-03-08,Book,Books,14,5,70,David Lee,San Francisco,Credit Card,Pending
SYN003863,2025-02-16,Book,Books,15,5,75,Daniel Harris,Miami,Debit Card,Pending
SYN003864,2025-02-14,Washing Machine,Home Appliances,596,2,1192,Chris White,Seattle,Paypal,Cancelled
SYN003865,2025-02-21,Jeans,Clothing,40,4,160,John Doe,Seattle,Amazon Pay,Pending
SYN003866,2025-01-27,Refrigerator,Home Appliances,1116,3,3348,John Doe,Miami,Paypal,Completed
SYN003867,2025-03-30,Jeans,Clothing,37,2,74,Chris White,Chicago,Credit Card,Completed
SYN003868,2025-06-08,Smartphone,Electronics,482,5,2410,Michael Brown,Houston,Paypal,Completed
SYN003869,2025-03-23,Washing Machine,Home Appliances,579,5,2895,Jane Smith,Los Angeles,Amazon Pay,Pending
SYN003870,2025-03-27,Refrigerator,Home Appliances,1168,2,2336,Jane Smith,Dallas,Paypal,Cancelled
SYN003871,2025-05-05,Running Shoes,Footwear,62,5,310,Jane Smith,Dallas,Paypal,Pending
SYN003872,2025-02-21,Smartwatch,Electronics,156,2,312,Daniel Harris,Houston,Paypal,Completed
SYN003873,2025-09-09,Smartwatch,Electronics,151,1,151,John Doe,Denver,Gift Card,Pending
SYN003874,2025-09-26,Smartwatch,Electronics,155,3,465,Emma Clark,New York,Debit Card,Pending
SYN003875,2025-02-27,Running Shoes,Footwear,57,4,228,Sophia Miller,San Francisco,Debit Card,Pending
SYN003876,2025-03-10,Smartphone,Electronics,535,2,1070,Chris White,Chicago,Paypal,Pending
SYN003877,2025-02-26,Laptop,Electronics,805,1,805,Emily Johnson,New York,Amazon Pay,Pending
SYN003878,2025-02-13,Running Shoes,Footwear,56,1,56,David Lee,Boston,Paypal,Cancelled
SYN003879,2025-03-27,Smartwatch,Electronics,143,2,286,Emily Johnson,Dallas,Paypal,Cancelled
SYN003880,2025-10-31,Refrigerator,Home Appliances,1232,1,1232,Jane Smith,New York,Paypal,Cancelled
SYN003881,2025-10-09,Smartwatch,Electronics,141,3,423,Michael Brown,Denver,Debit Card,Completed
SYN003882,2025-06-30,Smartphone,Electronics,530,2,1060,Olivia Wilson,Chicago,Debit Card,Pending
SYN003883,2025-03-09,Book,Books,15,4,60,Michael Brown,San Francisco,Credit Card,Completed
SYN003884,2025-02-19,Headphones,Electronics,103,1,103,David Lee,Houston,Debit Card,Cancelled
SYN003885,2025-08-07,Smartphone,Electronics,502,4,2008,Chris White,Boston,Gift Card,Pending
SYN003886,2025-03-16,T-Shirt,Clothing,22,2,44,Michael Brown,Chicago,Paypal,Pending
SYN003887,2025-03-28,Running Shoes,Footwear,55,3,165,Olivia Wilson,Miami,Amazon Pay,Completed
SYN003888,2025-02-20,Book,Books,15,3,45,Chris White,Boston,Gift Card,Cancelled
SYN003889,2025-05-26,Smartphone,Electronics,486,5,2430,Michael Brown,Houston,Paypal,Completed
SYN003890,2025-10-09,Smartphone,Electronics,491,3,1473,Olivia Wilson,Denver,Gift Card,Cancelled
SYN003891,2025-06-07,Headphones,Electronics,101,4,404,Emily Johnson,Los Angeles,Amazon Pay,Cancelled
SYN003892,2025-05-04,Refrigerator,Home Appliances,1158,4,4632,Sophia Miller,Seattle,Credit Card,Pending
SYN003893,2025-02-19,Smartphone,Electronics,486,3,1458,Chris White,Dallas,Credit Card,Completed
SYN003894,2025-02-28,Headphones,Electronics,96,1,96,Jane Smith,Chicago,Amazon Pay,Completed
SYN003895,2025-05-27,Smartphone,Electronics,501,3,1503,Emily Johnson,Chicago,Paypal,Completed
SYN003896,2025-03-25,Smartwatch,Electronics,138,1,138,Emily Johnson,Seattle,Gift Card,Pending
SYN003897,2025-02-24,T-Shirt,Clothing,19,1,19,Daniel Harris,New York,Credit Card,Completed
SYN003898,2025-03-27,Jeans,Clothing,38,5,190,Daniel Harris,Dallas,Paypal,Completed
SYN003899,2025-07-05,Laptop,Electronics,861,3,2583,Daniel Harris,Houston,Credit Card,Pending
SYN003900,2025-03-26,Refrigerator,Home Appliances,1294,1,1294,Daniel Harris,Dallas,Paypal,Completed
SYN003901,2025-05-07,Running Shoes,Footwear,65,2,130,Chris White,Houston,Amazon Pay,Completed
SYN003902,2025-11-29,Running Shoes,Footwear,59,2,118,Michael Brown,Denver,Gift Card,Completed
SYN003903,2025-01-30,T-Shirt,Clothing,20,5,100,Emma Clark,Denver,Paypal,Completed
SYN003904,2025-03-15,Smartphone,Electronics,478,3,1434,Sophia Miller,Miami,Gift Card,Completed
SYN003905,2025-02-13,Laptop,Electronics,821,5,4105,Emily Johnson,Denver,Paypal,Completed
SYN003906,2025-03-22,Laptop,Electronics,779,3,2337,John Doe,Miami,Credit Card,Cancelled
SYN003907,2025-07-10,Refrigerator,Home Appliances,1259,4,5036,Olivia Wilson,Houston,Credit Card,Pending
SYN003908,2025-03-22,Book,Books,15,1,15,Michael Brown,Boston,Amazon Pay,Completed
SYN003909,2025-03-08,Smartphone,Electronics,503,3,1509,Sophia Miller,Miami,Gift Card,Completed
SYN003910,2025-02-19,Smartphone,Electronics,525,3,1575,Chris White,Dallas,Credit Card,Completed
SYN003911,2025-06-09,Refrigerator,Home Appliances,1139,5,5695,David Lee,Denver,Paypal,Cancelled
SYN003912,2025-02-23,Smartwatch,Electronics,156,5,780,Jane Smith,Dallas,Paypal,Cancelled
SYN003913,2025-02-19,Smartwatch,Electronics,149,4,596,John Doe,Seattle,Credit Card,Completed
SYN003914,2025-12-01,Book,Books,16,1,16,David Lee,Miami,Debit Card,Cancelled
SYN003915,2025-03-12,Refrigerator,Home Appliances,1227,3,3681,Daniel Harris,New York,Credit Card,Pending
SYN003916,2025-02-04,Headphones,Electronics,96,5,480,Emma Clark,Miami,Amazon Pay,Cancelled
SYN003917,2025-03-14,Jeans,Clothing,42,4,168,Michael Brown,Dallas,Credit Card,Completed
SYN003918,2025-09-29,Smartwatch,Electronics,149,5,745,David Lee,Boston,Paypal,Completed
SYN003919,2025-03-03,Smartphone,Electronics,499,3,1497,Jane Smith,Seattle,Debit Card,Cancelled
SYN003920,2025-10-08,Book,Books,14,1,14,Emily Johnson,Boston,Credit Card,Completed
SYN003921,2025-02-19,T-Shirt,Clothing,19,2,38,David Lee,Dallas,Gift Card,Cancelled
SYN003922,2025-02-18,Smartphone,Electronics,493,3,1479,Jane Smith,Seattle,Debit Card,Cancelled
SYN003923,2025-03-21,Laptop,Electronics,821,3,2463,Jane Smith,New York,Paypal,Completed
SYN003924,2025-05-26,Laptop,Electronics,785,1,785,Jane Smith,Los Angeles,Amazon Pay,Cancelled
SYN003925,2025-03-21,Washing Machine,Home Appliances,566,1,566,John Doe,Miami,Credit Card,Completed
SYN003926,2025-06-04,Laptop,Electronics,833,1,833,Jane Smith,Los Angeles,Amazon Pay,Cancelled
SYN003927,2025-03-13,Refrigerator,Home Appliances,1164,3,3492,Daniel Harris,New York,Credit Card,Pending
SYN003928,2025-02-18,Laptop,Electronics,799,5,3995,Jane Smith,Boston,Credit Card,Cancelled
SYN003929,2025-02-28,Washing Machine,Home Appliances,630,1,630,Jane Smith,Dallas,Amazon Pay,Completed
SYN003930,2025-02-23,Headphones,Electronics,101,1,101,David Lee,Houston,Debit Card,Cancelled
SYN003931,2025-03-14,Running Shoes,Footwear,58,3,174,Emma Clark,New York,Debit Card,Cancelled
SYN003932,2025-02-16,Book,Books,15,1,15,Jane Smith,Miami,Credit Card,Cancelled
SYN003933,2025-03-22,Running Shoes,Footwear,63,5,315,Emma Clark,Los Angeles,Credit Card,Cancelled
SYN003934,2025-10-08,Washing Machine,Home Appliances,631,3,1893,Emily Johnson,Dallas,Gift Card,Cancelled
SYN003935,2025-03-07,Book,Books,16,1,16,David Lee,New York,Amazon Pay,Pending
SYN003936,2025-02-14,Smartwatch,Electronics,145,2,290,Chris White,Miami,Paypal,Pending
SYN003937,2025-02-20,Refrigerator,Home Appliances,1199,3,3597,John Doe,Dallas,Debit Card,Completed
SYN003938,2025-04-05,Washing Machine,Home Appliances,572,4,2288,Chris White,Houston,Credit Card,Pending
SYN003939,2025-01-09,Headphones,Electronics,101,2,202,John Doe,Denver,Debit Card,Completed
SYN003940,2025-12-01,Smartphone,Electronics,494,1,494,Emily Johnson,San Francisco,Credit Card,Cancelled
SYN003941,2025-03-21,Smartwatch,Electronics,151,4,604,Emma Clark,Houston,Paypal,Completed
SYN003942,2025-02-19,Running Shoes,Footwear,61,3,183,Olivia Wilson,Dallas,Credit Card,Pending
SYN003943,2025-04-30,T-Shirt,Clothing,19,2,38,Chris White,Denver,Debit Card,Cancelled
SYN003944,2025-03-19,Jeans,Clothing,39,2,78,Sophia Miller,Dallas,Paypal,Completed
SYN003945,2025-06-03,Running Shoes,Footwear,56,2,112,David Lee,Houston,Debit Card,Cancelled
SYN003946,2025-07-06,T-Shirt,Clothing,21,1,21,Daniel Harris,New York,Amazon Pay,Pending
SYN003947,2025-12-07,Running Shoes,Footwear,65,2,130,Michael Brown,Denver,Gift Card,Completed
SYN003948,2025-03-15,T-Shirt,Clothing,20,2,40,Michael Brown,Chicago,Paypal,Pending
SYN003949,2025-02-17,Smartwatch,Electronics,152,4,608,John Doe,Seattle,Credit Card,Completed
SYN003950,2025-06-27,T-Shirt,Clothing,21,1,21,Daniel Harris,New York,Amazon Pay,Pending
SYN003951,2025-02-13,Smartwatch,Electronics,138,4,552,John Doe,Seattle,Credit Card,Completed
SYN003952,2025-03-13,Smartwatch,Electronics,138,2,276,Michael Brown,Denver,Paypal,Pending
SYN003953,2025-10-05,T-Shirt,Clothing,20,1,20,Olivia Wilson,Miami,Credit Card,Pending
SYN003954,2025-02-28,Smartphone,Electronics,495,3,1485,Chris White,Dallas,Credit Card,Completed
SYN003955,2025-03-17,Running Shoes,Footwear,61,3,183,Michael Brown,New York,Gift Card,Pending
SYN003956,2025-11-26,Washing Machine,Home Appliances,607,5,3035,Emma Clark,Miami,Amazon Pay,Pending
SYN003957,2025-02-25,Smartwatch,Electronics,139,5,695,Jane Smith,Dallas,Paypal,Cancelled
SYN003958,2025-07-31,Book,Books,13,4,52,Daniel Harris,Chicago,Gift Card,Cancelled
SYN003959,2025-02-21,Headphones,Electronics,93,1,93,David Lee,Houston,Debit Card,Cancelled
SYN003960,2025-11-26,Book,Books,14,5,70,Jane Smith,Dallas,Credit Card,Pending
SYN003961,2025-02-24,Running Shoes,Footwear,62,1,62,Sophia Miller,Houston,Paypal,Completed
SYN003962,2025-11-03,Refrigerator,Home Appliances,1167,1,1167,Jane Smith,New York,Paypal,Cancelled
SYN003963,2025-07-06,Smartphone,Electronics,504,5,2520,David Lee,Chicago,Gift Card,Pending
SYN003964,2025-10-06,Smartwatch,Electronics,138,3,414,Emma Clark,New York,Debit Card,Pending
SYN003965,2025-03-22,Laptop,Electronics,817,3,2451,Jane Smith,New York,Paypal,Completed
SYN003966,2025-02-17,Smartphone,Electronics,478,3,1434,Jane Smith,Seattle,Debit Card,Cancelled
SYN003967,2025-10-09,T-Shirt,Clothing,20,1,20,Olivia Wilson,Miami,Credit Card,Pending
SYN003968,2025-02-28,Laptop,Electronics,764,3,2292,John Doe,San Francisco,Credit Card,Pending
SYN003969,2025-02-17,Running Shoes,Footwear,66,1,66,Sophia Miller,Houston,Paypal,Completed
SYN003970,2025-02-23,Jeans,Clothing,41,2,82,Michael Brown,Los Angeles,Gift Card,Cancelled
SYN003971,2025-02-09,Smartphone,Electronics,487,1,487,Sophia Miller,Miami,Paypal,Completed
SYN003972,2025-02-15,Book,Books,16,1,16,John Doe,Boston,Amazon Pay,Completed
SYN003973,2025-08-01,Smartwatch,Electronics,150,3,450,Emily Johnson,New York,Debit Card,Cancelled
SYN003974,2025-02-08,Laptop,Electronics,822,2,1644,Olivia Wilson,San Francisco,Paypal,Completed
SYN003975,2025-02-13,Book,Books,15,5,75,Daniel Harris,Miami,Debit Card,Pending
SYN003976,2025-05-02,Running Shoes,Footwear,56,5,280,Jane Smith,Dallas,Paypal,Pending
SYN003977,2025-03-18,Laptop,Electronics,738,2,1476,Michael Brown,Denver,Paypal,Cancelled
SYN003978,2025-03-26,Laptop,Electronics,787,4,3148,Emma Clark,Los Angeles,Credit Card,Completed
SYN003979,2025-03-18,Running Shoes,Footwear,60,3,180,Olivia Wilson,Miami,Amazon Pay,Completed
SYN003980,2025-03-08,Refrigerator,Home Appliances,1159,3,3477,Daniel Harris,New York,Credit Card,Pending
SYN003981,2025-06-06,Refrigerator,Home Appliances,1133,5,5665,David Lee,Denver,Paypal,Cancelled
SYN003982,2025-03-02,Washing Machine,Home Appliances,681,1,681,Jane Smith,Dallas,Amazon Pay,Completed
SYN003983,2025-02-19,Headphones,Electronics,98,4,392,Daniel Harris,New York,Gift Card,Cancelled
SYN003984,2025-06-05,Refrigerator,Home Appliances,1167,2,2334,Chris White,Seattle,Debit Card,Pending
SYN003985,2025-03-12,Smartwatch,Electronics,147,5,735,John Doe,Denver,Credit Card,Pending
SYN003986,2025-02-13,Book,Books,16,5,80,John Doe,Denver,Paypal,Pending
SYN003987,2025-03-04,Refrigerator,Home Appliances,1098,1,1098,John Doe,Boston,Credit Card,Cancelled
SYN003988,2025-02-09,Headphones,Electronics,103,4,412,Emma Clark,Miami,Amazon Pay,Cancelled
SYN003989,2025-03-18,Jeans,Clothing,44,5,220,David Lee,New York,Debit Card,Cancelled
SYN003990,2025-02-06,Laptop,Electronics,821,3,2463,Emma Clark,Denver,Amazon Pay,Completed
SYN003991,2025-06-09,Smartphone,Electronics,450,5,2250,Michael Brown,Houston,Paypal,Completed
SYN003992,2025-07-29,Smartwatch,Electronics,140,2,280,Michael Brown,Seattle,Debit Card,Cancelled
SYN003993,2025-09-26,Smartwatch,Electronics,147,3,441,Emma Clark,New York,Debit Card,Pending
SYN003994,2025-08-04,Running Shoes,Footwear,58,5,290,Jane Smith,Miami,Gift Card,Pending
SYN003995,2025-08-28,Smartwatch,Electronics,155,1,155,John Doe,Denver,Gift Card,Pending
SYN003996,2025-05-05,Running Shoes,Footwear,59,2,118,Chris White,Houston,Amazon Pay,Completed
SYN003997,2025-03-20,Smartwatch,Electronics,153,1,153,Emily Johnson,Seattle,Gift Card,Pending
SYN003998,2025-08-28,Refrigerator,Home Appliances,1151,2,2302,Sophia Miller,Boston,Paypal,Cancelled
SYN003999,2025-03-16,Smartphone,Electronics,527,2,1054,John Doe,Miami,Paypal,Completed
SYN004000,2025-03-15,Jeans,Clothing,42,1,42,Jane Smith,Boston,Debit Card,Pending
SYN004001,2025-10-01,Smartwatch,Electronics,150,3,450,Emma Clark,New York,Debit Card,Pending
SYN004002,2025-03-23,Refrigerator,Home Appliances,1172,4,4688,Jane Smith,Dallas,Gift Card,Cancelled
SYN004003,2025-10-04,Book,Books,15,2,30,Chris White,Los Angeles,Debit Card,Completed
SYN004004,2025-03-27,Headphones,Electronics,103,5,515,Daniel Harris,Seattle,Debit Card,Pending
SYN004005,2025-11-05,Refrigerator,Home Appliances,1217,1,1217,Jane Smith,New York,Paypal,Cancelled
SYN004006,2025-04-26,Smartphone,Electronics,483,5,2415,John Doe,Boston,Paypal,Completed
SYN004007,2025-02-22,Smartwatch,Electronics,149,4,596,Chris White,New York,Debit Card,Cancelled
SYN004008,2025-02-18,Laptop,Electronics,823,4,3292,Jane Smith,Seattle,Amazon Pay,Pending
SYN004009,2025-05-27,Refrigerator,Home Appliances,1232,2,2464,Chris White,Seattle,Debit Card,Pending
SYN004010,2025-06-05,Headphones,Electronics,98,4,392,Emily Johnson,Los Angeles,Amazon Pay,Cancelled
SYN004011,2025-03-25,Book,Books,14,1,14,Michael Brown,Boston,Amazon Pay,Completed
SYN004012,2025-03-19,Jeans,Clothing,39,5,195,Daniel Harris,Seattle,Credit Card,Cancelled
SYN004013,2025-03-12,Jeans,Clothing,41,1,41,Jane Smith,Boston,Debit Card,Pending
SYN004014,2025-06-05,Refrigerator,Home Appliances,1241,5,6205,David Lee,Denver,Paypal,Cancelled
SYN004015,2025-03-21,Book,Books,14,3,42,Emma Clark,San Francisco,Amazon Pay,Pending
SYN004016,2025-01-30,Laptop,Electronics,751,2,1502,Olivia Wilson,San Francisco,Paypal,Completed
SYN004017,2025-07-04,Running Shoes,Footwear,62,1,62,Emma Clark,Houston,Paypal,Completed
SYN004018,2025-11-04,T-Shirt,Clothing,19,5,95,Jane Smith,Denver,Amazon Pay,Completed
SYN004019,2025-02-10,Laptop,Electronics,770,3,2310,Emma Clark,Denver,Amazon Pay,Completed
SYN004020,2025-10-07,Smartwatch,Electronics,158,5,790,David Lee,Boston,Paypal,Completed
SYN004021,2025-10-27,Headphones,Electronics,99,3,297,Michael Brown,Houston,Debit Card,Cancelled
SYN004022,2025-02-26,Smartphone,Electronics,482,3,1446,Jane Smith,Seattle,Debit Card,Cancelled
SYN004023,2025-08-03,Book,Books,14,4,56,Daniel Harris,Chicago,Gift Card,Cancelled
SYN004024,2025-02-24,Headphones,Electronics,104,1,104,Emily Johnson,Los Angeles,Credit Card,Completed
SYN004025,2025-02-05,Book,Books,14,5,70,Sophia Miller,Seattle,Amazon Pay,Completed
SYN004026,2025-07-31,T-Shirt,Clothing,20,4,80,Jane Smith,Denver,Credit Card,Pending
SYN004027,2025-03-14,Smartwatch,Electronics,147,2,294,Michael Brown,Denver,Paypal,Pending
SYN004028,2025-02-23,Headphones,Electronics,111,1,111,David Lee,Houston,Debit Card,Cancelled
SYN004029,2025-11-01,T-Shirt,Clothing,18,5,90,Jane Smith,Denver,Amazon Pay,Completed
SYN004030,2025-03-14,Headphones,Electronics,107,2,214,Daniel Harris,Miami,Paypal,Pending
SYN004031,2025-02-01,Book,Books,15,4,60,Sophia Miller,Seattle,Amazon Pay,Completed
SYN004032,2025-01-31,Laptop,Electronics,808,2,1616,Olivia Wilson,San Francisco,Paypal,Completed
SYN004033,2025-10-07,Smartwatch,Electronics,149,3,447,Michael Brown,Denver,Debit Card,Completed
SYN004034,2025-06-01,Running Shoes,Footwear,60,2,120,David Lee,Houston,Debit Card,Cancelled
SYN004035,2025-03-26,Running Shoes,Footwear,53,3,159,Olivia Wilson,Miami,Amazon Pay,Completed
SYN004036,2025-04-30,Headphones,Electronics,98,3,294,Chris White,Miami,Debit Card,Cancelled
SYN004037,2025-08-01,Running Shoes,Footwear,63,5,315,Jane Smith,Miami,Gift Card,Pending
SYN004038,2025-03-03,Refrigerator,Home Appliances,1219,4,4876,David Lee,Boston,Gift Card,Pending
SYN004039,2025-02-26,Laptop,Electronics,738,1,738,Emma Clark,San Francisco,Gift Card,Pending
SYN004040,2025-03-18,Laptop,Electronics,788,3,2364,Jane Smith,New York,Paypal,Completed
SYN004041,2025-03-11,T-Shirt,Clothing,20,3,60,Olivia Wilson,Chicago,Paypal,Pending
SYN004042,2025-02-19,Laptop,Electronics,800,3,2400,John Doe,San Francisco,Credit Card,Pending
SYN004043,2025-08-02,Book,Books,16,4,64,Daniel Harris,Chicago,Gift Card,Cancelled
SYN004044,2025-02-22,Smartwatch,Electronics,143,5,715,Sophia Miller,San Francisco,Paypal,Pending
SYN004045,2025-06-08,Refrigerator,Home Appliances,1185,2,2370,John Doe,Denver,Paypal,Completed
SYN004046,2025-04-02,Washing Machine,Home Appliances,652,4,2608,Jane Smith,Los Angeles,Amazon Pay,Pending
SYN004047,2025-04-04,Smartphone,Electronics,518,5,2590,Emma Clark,Miami,Gift Card,Completed
SYN004048,2025-03-12,Running Shoes,Footwear,61,3,183,Emma Clark,New York,Debit Card,Cancelled
SYN004049,2025-01-28,Laptop,Electronics,779,3,2337,Emma Clark,Denver,Amazon Pay,Completed
SYN004050,2025-03-18,Book,Books,15,5,75,David Lee,San Francisco,Debit Card,Pending
SYN004051,2025-08-10,Smartwatch,Electronics,147,3,441,Emily Johnson,New York,Debit Card,Cancelled
SYN004052,2025-03-30,Smartwatch,Electronics,142,2,284,Emma Clark,Boston,Debit Card,Completed
SYN004053,2025-02-09,Book,Books,14,5,70,Sophia Miller,Seattle,Amazon Pay,Completed
SYN004054,2025-04-02,Washing Machine,Home Appliances,555,3,1665,Michael Brown,Miami,Credit Card,Cancelled
SYN004055,2025-02-28,Headphones,Electronics,99,2,198,Daniel Harris,Boston,Paypal,Pending
SYN004056,2025-03-10,Book,Books,15,5,75,David Lee,San Francisco,Credit Card,Pending
SYN004057,2025-03-24,Laptop,Electronics,787,4,3148,Emma Clark,Los Angeles,Credit Card,Completed
SYN004058,2025-03-28,Jeans,Clothing,41,2,82,David Lee,Denver,Amazon Pay,Cancelled
SYN004059,2025-02-20,Laptop,Electronics,737,3,2211,Chris White,Miami,Debit Card,Pending
SYN004060,2025-02-24,Jeans,Clothing,41,5,205,Jane Smith,Dallas,Debit Card,Pending
SYN004061,2025-08-03,Smartphone,Electronics,490,4,1960,Chris White,Boston,Gift Card,Pending
SYN004062,2025-03-26,Jeans,Clothing,40,2,80,Chris White,Chicago,Credit Card,Completed
SYN004063,2025-01-02,Headphones,Electronics,95,2,190,John Doe,Denver,Debit Card,Completed
SYN004064,2025-03-01,Jeans,Clothing,40,5,200,Jane Smith,Dallas,Debit Card,Pending
SYN004065,2025-02-15,Jeans,Clothing,39,5,195,Jane Smith,Dallas,Debit Card,Pending
SYN004066,2025-02-18,Running Shoes,Footwear,59,4,236,Sophia Miller,San Francisco,Debit Card,Pending
SYN004067,2025-08-08,T-Shirt,Clothing,19,4,76,Jane Smith,Denver,Credit Card,Pending
SYN004068,2025-05-31,Laptop,Electronics,805,1,805,Jane Smith,Los Angeles,Amazon Pay,Cancelled
SYN004069,2025-10-04,Smartphone,Electronics,500,4,2000,Michael Brown,Seattle,Paypal,Pending
SYN004070,2025-06-02,Washing Machine,Home Appliances,628,3,1884,Olivia Wilson,Denver,Gift Card,Cancelled
SYN004071,2025-02-22,Book,Books,15,1,15,Jane Smith,Miami,Credit Card,Cancelled
SYN004072,2025-03-23,Jeans,Clothing,41,2,82,David Lee,Denver,Amazon Pay,Cancelled
SYN004073,2025-01-08,Smartwatch,Electronics,155,2,310,Daniel Harris,Dallas,Credit Card,Cancelled
SYN004074,2025-03-30,Book,Books,15,1,15,Olivia Wilson,New York,Debit Card,Cancelled
SYN004075,2025-10-10,Smartwatch,Electronics,151,3,453,Emma Clark,New York,Debit Card,Pending
SYN004076,2025-10-07,Headphones,Electronics,103,5,515,John Doe,Houston,Amazon Pay,Completed
SYN004077,2025-02-18,Laptop,Electronics,799,4,3196,Jane Smith,Seattle,Amazon Pay,Pending
SYN004078,2025-03-01,Book,Books,15,3,45,Chris White,Boston,Gift Card,Cancelled
SYN004079,2025-03-25,Smartwatch,Electronics,158,5,790,Emily Johnson,Houston,Amazon Pay,Completed
SYN004080,2025-02-16,Jeans,Clothing,47,4,188,John Doe,San Francisco,Debit Card,Cancelled
SYN004081,2025-02-25,Running Shoes,Footwear,58,4,232,Sophia Miller,San Francisco,Debit Card,Pending
SYN004082,2025-02-11,Smartwatch,Electronics,153,5,765,Emily Johnson,Houston,Debit Card,Completed
SYN004083,2025-04-06,Refrigerator,Home Appliances,1196,5,5980,Olivia Wilson,Chicago,Gift Card,Pending
SYN004084,2025-08-30,Refrigerator,Home Appliances,1150,2,2300,Sophia Miller,Boston,Paypal,Cancelled
SYN004085,2025-03-22,Running Shoes,Footwear,63,4,252,Emily Johnson,Los Angeles,Paypal,Completed
SYN004086,2025-02-25,Running Shoes,Footwear,61,3,183,Olivia Wilson,Dallas,Credit Card,Pending
SYN004087,2025-03-27,Refrigerator,Home Appliances,1245,4,4980,Jane Smith,Dallas,Gift Card,Cancelled
SYN004088,2025-04-04,Laptop,Electronics,804,4,3216,Emma Clark,Los Angeles,Credit Card,Completed
SYN004089,2025-01-11,Smartwatch,Electronics,158,2,316,Daniel Harris,Dallas,Credit Card,Cancelled
SYN004090,2025-03-16,Headphones,Electronics,94,4,376,Emily Johnson,San Francisco,Debit Card,Pending
SYN004091,2025-02-22,Headphones,Electronics,98,3,294,David Lee,Houston,Paypal,Cancelled
SYN004092,2025-03-15,Smartwatch,Electronics,169,4,676,Olivia Wilson,Miami,Paypal,Cancelled
SYN004093,2025-02-10,Laptop,Electronics,843,3,2529,Emma Clark,Denver,Amazon Pay,Completed
SYN004094,2025-03-20,Book,Books,15,3,45,Emma Clark,San Francisco,Amazon Pay,Pending
SYN004095,2025-05-06,Running Shoes,Footwear,59,2,118,Chris White,Houston,Amazon Pay,Completed
SYN004096,2025-06-07,Headphones,Electronics,96,4,384,Emily Johnson,Los Angeles,Amazon Pay,Cancelled
SYN004097,2025-03-11,Smartphone,Electronics,493,3,1479,Sophia Miller,Miami,Gift Card,Completed
SYN004098,2025-02-15,Laptop,Electronics,788,3,2364,Jane Smith,Seattle,Amazon Pay,Pending
SYN004099,2025-02-15,Laptop,Electronics,812,5,4060,Jane Smith,Boston,Credit Card,Cancelled
SYN004100,2025-08-09,Smartwatch,Electronics,150,2,300,Michael Brown,Seattle,Debit Card,Cancelled
SYN004101,2025-03-06,Laptop,Electronics,773,1,773,Emma Clark,San Francisco,Gift Card,Pending
SYN004102,2025-06-06,Smartphone,Electronics,485,4,1940,Emma Clark,Houston,Credit Card,Completed
SYN004103,2025-02-21,Book,Books,14,3,42,Chris White,Boston,Gift Card,Cancelled
SYN004104,2025-03-27,Running Shoes,Footwear,61,3,183,Emma Clark,San Francisco,Credit Card,Pending
SYN004105,2025-03-16,Smartphone,Electronics,495,1,495,David Lee,Miami,Gift Card,Pending
SYN004106,2025-02-20,Smartphone,Electronics,506,1,506,John Doe,Dallas,Gift Card,Pending
SYN004107,2025-02-22,Book,Books,14,5,70,Daniel Harris,Miami,Debit Card,Pending
SYN004108,2025-01-28,Laptop,Electronics,849,3,2547,Emma Clark,Denver,Amazon Pay,Completed
SYN004109,2025-03-02,Jeans,Clothing,41,4,164,John Doe,Seattle,Amazon Pay,Pending
SYN004110,2025-03-03,Smartphone,Electronics,499,2,998,David Lee,Boston,Paypal,Pending
SYN004111,2025-09-02,T-Shirt,Clothing,19,4,76,Emma Clark,Houston,Debit Card,Completed
SYN004112,2025-03-23,Running Shoes,Footwear,62,5,310,Emma Clark,Los Angeles,Credit Card,Cancelled
SYN004113,2025-02-22,Headphones,Electronics,99,2,198,David Lee,Houston,Paypal,Completed
SYN004114,2025-02-26,Headphones,Electronics,96,2,192,Daniel Harris,Boston,Paypal,Pending
SYN004115,2025-03-30,Headphones,Electronics,94,3,282,Chris White,New York,Debit Card,Pending
SYN004116,2025-02-06,T-Shirt,Clothing,21,5,105,Emma Clark,Denver,Paypal,Completed
SYN004117,2025-10-07,Laptop,Electronics,822,5,4110,Olivia Wilson,San Francisco,Paypal,Completed
SYN004118,2025-03-26,Jeans,Clothing,44,2,88,Chris White,Chicago,Credit Card,Completed
SYN004119,2025-03-28,Washing Machine,Home Appliances,659,1,659,John Doe,Miami,Credit Card,Completed
SYN004120,2025-04-29,Running Shoes,Footwear,67,2,134,Chris White,Houston,Amazon Pay,Completed
SYN004121,2025-05-28,Smartphone,Electronics,484,3,1452,Emily Johnson,Chicago,Paypal,Completed
SYN004122,2025-03-28,Smartwatch,Electronics,145,2,290,Emily Johnson,Dallas,Paypal,Cancelled
SYN004123,2025-08-03,Smartphone,Electronics,467,4,1868,Chris White,Boston,Gift Card,Pending
SYN004124,2025-12-07,Smartphone,Electronics,439,1,439,Emily Johnson,San Francisco,Credit Card,Cancelled
SYN004125,2025-02-26,Running Shoes,Footwear,64,1,64,David Lee,Boston,Paypal,Cancelled
SYN004126,2025-02-22,Running Shoes,Footwear,62,1,62,Sophia Miller,Houston,Paypal,Completed
SYN004127,2025-02-25,Laptop,Electronics,823,3,2469,John Doe,San Francisco,Credit Card,Pending
SYN004128,2025-03-02,Headphones,Electronics,88,2,176,Daniel Harris,Boston,Paypal,Pending
SYN004129,2025-02-15,Washing Machine,Home Appliances,590,2,1180,Chris White,Seattle,Paypal,Cancelled
SYN004130,2025-06-29,T-Shirt,Clothing,21,1,21,Daniel Harris,New York,Amazon Pay,Pending
SYN004131,2025-09-28,Book,Books,14,1,14,Emily Johnson,Boston,Credit Card,Completed
SYN004132,2025-02-08,Laptop,Electronics,799,2,1598,Olivia Wilson,San Francisco,Paypal,Completed
SYN004133,2025-03-12,Smartwatch,Electronics,155,3,465,David Lee,Boston,Gift Card,Pending
SYN004134,2025-01-30,T-Shirt,Clothing,20,5,100,Jane Smith,New York,Credit Card,Pending
SYN004135,2025-03-22,Running Shoes,Footwear,56,5,280,Emma Clark,Los Angeles,Credit Card,Cancelled
SYN004136,2025-03-20,Refrigerator,Home Appliances,1160,1,1160,Jane Smith,Miami,Paypal,Completed
SYN004137,2025-03-05,Smartwatch,Electronics,154,1,154,John Doe,Seattle,Gift Card,Completed
SYN004138,2025-02-13,Book,Books,17,1,17,Jane Smith,Miami,Credit Card,Cancelled
SYN004139,2025-06-27,T-Shirt,Clothing,20,1,20,Daniel Harris,New York,Amazon Pay,Pending
SYN004140,2025-08-30,Smartwatch,Electronics,131,1,131,John Doe,Denver,Gift Card,Pending
SYN004141,2025-05-30,Headphones,Electronics,104,4,416,Emily Johnson,Los Angeles,Amazon Pay,Cancelled
SYN004142,2025-02-15,Smartphone,Electronics,464,5,2320,Emily Johnson,Miami,Credit Card,Cancelled
SYN004143,2025-02-23,Refrigerator,Home Appliances,1306,1,1306,John Doe,Boston,Credit Card,Cancelled
SYN004144,2025-05-08,Running Shoes,Footwear,59,5,295,Jane Smith,Dallas,Paypal,Pending
SYN004145,2025-03-24,Smartwatch,Electronics,154,3,462,Jane Smith,New York,Amazon Pay,Completed
SYN004146,2025-03-12,T-Shirt,Clothing,21,3,63,Olivia Wilson,Chicago,Paypal,Pending
SYN004147,2025-03-01,Smartwatch,Electronics,137,5,685,Jane Smith,Dallas,Paypal,Cancelled
SYN004148,2025-02-24,Smartwatch,Electronics,152,5,760,Sophia Miller,San Francisco,Paypal,Pending
SYN004149,2025-10-05,T-Shirt,Clothing,20,1,20,Olivia Wilson,Miami,Credit Card,Pending
SYN004150,2025-04-06,Headphones,Electronics,103,3,309,Chris White,New York,Debit Card,Pending
SYN004151,2025-03-03,Headphones,Electronics,99,1,99,Jane Smith,Chicago,Amazon Pay,Completed
SYN004152,2025-03-31,Smartphone,Electronics,542,4,2168,Olivia Wilson,New York,Credit Card,Pending
SYN004153,2025-01-26,Refrigerator,Home Appliances,1131,3,3393,John Doe,Miami,Paypal,Completed
SYN004154,2025-02-01,Smartphone,Electronics,524,1,524,Sophia Miller,Miami,Paypal,Completed
SYN004155,2025-03-12,Laptop,Electronics,795,3,2385,John Doe,New York,Paypal,Pending
SYN004156,2025-03-16,Smartwatch,Electronics,140,4,560,Olivia Wilson,Miami,Paypal,Cancelled
SYN004157,2025-08-01,Running Shoes,Footwear,62,5,310,Jane Smith,Miami,Gift Card,Pending
SYN004158,2025-12-05,Running Shoes,Footwear,57,1,57,David Lee,San Francisco,Credit Card,Pending
SYN004159,2025-04-03,Washing Machine,Home Appliances,607,4,2428,Jane Smith,Los Angeles,Amazon Pay,Pending
SYN004160,2024-12-29,Smartwatch,Electronics,148,2,296,Daniel Harris,Dallas,Credit Card,Cancelled
SYN004161,2025-03-16,Jeans,Clothing,37,5,185,Michael Brown,New York,Paypal,Completed
SYN004162,2025-06-05,Smartphone,Electronics,475,4,1900,Emma Clark,Houston,Credit Card,Completed
SYN004163,2025-07-05,Refrigerator,Home Appliances,1122,4,4488,Olivia Wilson,Houston,Credit Card,Pending
SYN004164,2025-03-15,Refrigerator,Home Appliances,1168,1,1168,Jane Smith,Miami,Paypal,Completed
SYN004165,2025-03-29,Jeans,Clothing,44,2,88,David Lee,Denver,Amazon Pay,Cancelled
SYN004166,2025-03-17,Smartwatch,Electronics,146,2,292,Olivia Wilson,Miami,Debit Card,Completed
SYN004167,2025-12-06,Running Shoes,Footwear,62,1,62,David Lee,San Francisco,Credit Card,Pending
SYN004168,2025-03-16,Washing Machine,Home Appliances,618,1,618,John Doe,Miami,Credit Card,Completed
SYN004169,2025-02-10,Book,Books,14,2,28,David Lee,Boston,Amazon Pay,Pending
SYN004170,2025-04-01,Book,Books,16,1,16,Olivia Wilson,New York,Debit Card,Cancelled
SYN004171,2025-03-11,Smartphone,Electronics,451,1,451,David Lee,Miami,Gift Card,Pending
SYN004172,2025-01-26,Refrigerator,Home Appliances,1165,3,3495,John Doe,Miami,Paypal,Completed
SYN004173,2025-04-04,Smartwatch,Electronics,140,3,420,Jane Smith,New York,Amazon Pay,Completed
SYN004174,2025-02-26,Smartwatch,Electronics,153,5,765,Jane Smith,Dallas,Paypal,Cancelled
SYN004175,2025-03-07,Smartwatch,Electronics,159,1,159,John Doe,Seattle,Gift Card,Completed
SYN004176,2025-02-24,Smartwatch,Electronics,155,5,775,Emily Johnson,Houston,Debit Card,Completed
SYN004177,2025-03-23,Washing Machine,Home Appliances,647,1,647,John Doe,Miami,Credit Card,Completed
SYN004178,2025-03-15,T-Shirt,Clothing,18,2,36,Michael Brown,Chicago,Paypal,Pending
SYN004179,2025-08-10,Smartphone,Electronics,489,4,1956,Chris White,Boston,Gift Card,Pending
SYN004180,2025-03-19,Washing Machine,Home Appliances,637,1,637,Emma Clark,Seattle,Debit Card,Pending
SYN004181,2025-07-04,T-Shirt,Clothing,19,1,19,Daniel Harris,New York,Amazon Pay,Pending
SYN004182,2025-03-11,Smartphone,Electronics,480,3,1440,Sophia Miller,Miami,Gift Card,Completed
SYN004183,2025-03-13,Jeans,Clothing,39,2,78,Sophia Miller,Dallas,Paypal,Completed
SYN004184,2025-03-15,Book,Books,15,1,15,David Lee,New York,Amazon Pay,Pending
SYN004185,2025-02-17,Jeans,Clothing,40,5,200,Jane Smith,Dallas,Debit Card,Pending
SYN004186,2025-02-24,Book,Books,13,2,26,David Lee,Boston,Amazon Pay,Pending
SYN004187,2025-02-10,Laptop,Electronics,833,5,4165,Jane Smith,Boston,Credit Card,Cancelled
SYN004188,2025-04-26,Smartphone,Electronics,477,5,2385,John Doe,Boston,Paypal,Completed
SYN004189,2025-02-23,Smartwatch,Electronics,143,5,715,Michael Brown,Boston,Debit Card,Pending
SYN004190,2025-03-22,Smartwatch,Electronics,148,3,444,David Lee,Boston,Gift Card,Pending
SYN004191,2025-03-17,T-Shirt,Clothing,20,3,60,Olivia Wilson,Chicago,Paypal,Pending
SYN004192,2025-06-05,Smartphone,Electronics,511,3,1533,Emily Johnson,Chicago,Paypal,Completed
SYN004193,2025-10-01,Washing Machine,Home Appliances,579,3,1737,Emily Johnson,Dallas,Gift Card,Cancelled
SYN004194,2025-03-13,Smartwatch,Electronics,138,3,414,David Lee,Boston,Gift Card,Pending
SYN004195,2025-03-18,Refrigerator,Home Appliances,1213,3,3639,Chris White,Dallas,Credit Card,Cancelled
SYN004196,2025-09-06,Smartwatch,Electronics,156,1,156,John Doe,Denver,Gift Card,Pending
SYN004197,2025-02-25,Jeans,Clothing,43,4,172,John Doe,San Francisco,Debit Card,Cancelled
SYN004198,2025-08-30,Refrigerator,Home Appliances,1281,2,2562,Sophia Miller,Boston,Paypal,Cancelled
SYN004199,2025-11-10,Refrigerator,Home Appliances,1161,1,1161,Jane Smith,New York,Paypal,Cancelled
SYN004200,2025-06-07,Refrigerator,Home Appliances,1187,2,2374,John Doe,Denver,Paypal,Completed
SYN004201,2025-02-14,Smartphone,Electronics,479,4,1916,Emily Johnson,Seattle,Amazon Pay,Completed
SYN004202,2025-03-26,Smartwatch,Electronics,147,2,294,Emma Clark,Dallas,Credit Card,Completed
SYN004203,2025-02-14,Headphones,Electronics,93,4,372,Daniel Harris,New York,Gift Card,Cancelled
SYN004204,2025-05-30,Washing Machine,Home Appliances,599,2,1198,David Lee,Dallas,Gift Card,Cancelled
SYN004205,2025-09-28,Smartwatch,Electronics,148,3,444,Michael Brown,Denver,Debit Card,Completed
SYN004206,2025-02-16,Running Shoes,Footwear,58,2,116,John Doe,Denver,Amazon Pay,Cancelled
SYN004207,2025-07-02,Laptop,Electronics,836,3,2508,Daniel Harris,Houston,Credit Card,Pending
SYN004208,2025-03-30,Washing Machine,Home Appliances,620,1,620,Emma Clark,Seattle,Debit Card,Pending
SYN004209,2025-03-20,Smartwatch,Electronics,166,2,332,Emma Clark,Dallas,Credit Card,Completed
SYN004210,2025-07-07,T-Shirt,Clothing,20,1,20,Daniel Harris,New York,Amazon Pay,Pending
SYN004211,2025-04-01,Book,Books,15,5,75,David Lee,Chicago,Amazon Pay,Pending
SYN004212,2025-06-09,Refrigerator,Home Appliances,1223,5,6115,David Lee,Denver,Paypal,Cancelled
SYN004213,2025-05-06,Running Shoes,Footwear,65,4,260,Chris White,Chicago,Amazon Pay,Completed
SYN004214,2025-02-14,Washing Machine,Home Appliances,569,2,1138,Chris White,Seattle,Paypal,Cancelled
SYN004215,2025-03-17,Book,Books,16,3,48,Emma Clark,San Francisco,Amazon Pay,Pending
SYN004216,2025-12-03,Book,Books,15,5,75,Jane Smith,Dallas,Credit Card,Pending
SYN004217,2025-03-16,Running Shoes,Footwear,64,3,192,Michael Brown,New York,Gift Card,Pending
SYN004218,2025-07-27,Smartwatch,Electronics,140,2,280,Michael Brown,Seattle,Debit Card,Cancelled
SYN004219,2025-08-10,Smartwatch,Electronics,155,2,310,Michael Brown,Seattle,Debit Card,Cancelled
SYN004220,2025-02-22,Laptop,Electronics,867,1,867,Emma Clark,San Francisco,Gift Card,Pending
SYN004221,2025-02-22,Headphones,Electronics,95,1,95,David Lee,Houston,Debit Card,Cancelled
SYN004222,2025-03-08,Book,Books,15,1,15,David Lee,New York,Amazon Pay,Pending
SYN004223,2025-02-23,Book,Books,16,4,64,Michael Brown,San Francisco,Credit Card,Completed
SYN004224,2025-02-12,Washing Machine,Home Appliances,604,1,604,Olivia Wilson,Boston,Debit Card,Cancelled
SYN004225,2025-05-27,Smartphone,Electronics,482,5,2410,Michael Brown,Houston,Paypal,Completed
SYN004226,2025-05-30,Washing Machine,Home Appliances,574,3,1722,Olivia Wilson,Denver,Gift Card,Cancelled
SYN004227,2025-04-27,T-Shirt,Clothing,21,2,42,Chris White,Denver,Debit Card,Cancelled
SYN004228,2025-10-08,Laptop,Electronics,837,5,4185,Olivia Wilson,San Francisco,Paypal,Completed
SYN004229,2025-02-18,Smartphone,Electronics,510,2,1020,Daniel Harris,Miami,Credit Card,Cancelled
SYN004230,2025-02-23,Smartphone,Electronics,501,2,1002,Daniel Harris,Miami,Credit Card,Cancelled
SYN004231,2024-12-29,T-Shirt,Clothing,18,1,18,Emma Clark,New York,Amazon Pay,Completed
SYN004232,2025-02-20,Book,Books,14,5,70,John Doe,Denver,Paypal,Pending
SYN004233,2025-02-10,Laptop,Electronics,833,2,1666,Olivia Wilson,San Francisco,Paypal,Completed
SYN004234,2025-02-10,T-Shirt,Clothing,19,5,95,Olivia Wilson,Boston,Paypal,Completed
SYN004235,2025-01-31,T-Shirt,Clothing,20,5,100,Jane Smith,New York,Credit Card,Pending
SYN004236,2025-08-26,Refrigerator,Home Appliances,1242,2,2484,Sophia Miller,Boston,Paypal,Cancelled
SYN004237,2025-03-27,Washing Machine,Home Appliances,608,1,608,Emma Clark,Seattle,Debit Card,Pending
SYN004238,2025-04-03,Washing Machine,Home Appliances,570,3,1710,Michael Brown,Miami,Credit Card,Cancelled
SYN004239,2025-02-24,Book,Books,14,3,42,Chris White,Boston,Gift Card,Cancelled
SYN004240,2025-03-11,Smartphone,Electronics,495,3,1485,Sophia Miller,Miami,Gift Card,Completed
SYN004241,2025-03-23,Jeans,Clothing,44,5,220,Michael Brown,New York,Paypal,Completed
SYN004242,2025-02-09,Refrigerator,Home Appliances,1285,4,5140,Emily Johnson,Denver,Paypal,Pending
SYN004243,2025-06-08,Washing Machine,Home Appliances,573,3,1719,Olivia Wilson,Denver,Gift Card,Cancelled
SYN004244,2025-02-01,Book,Books,15,5,75,Sophia Miller,Seattle,Amazon Pay,Completed
SYN004245,2025-03-19,Refrigerator,Home Appliances,1157,3,3471,Daniel Harris,New York,Credit Card,Pending
SYN004246,2025-02-18,Washing Machine,Home Appliances,630,1,630,Jane Smith,Dallas,Amazon Pay,Completed
SYN004247,2025-03-21,Running Shoes,Footwear,57,3,171,Olivia Wilson,Miami,Amazon Pay,Completed
SYN004248,2025-02-27,Laptop,Electronics,826,3,2478,John Doe,San Francisco,Credit Card,Pending
SYN004249,2025-03-25,Laptop,Electronics,764,3,2292,John Doe,Miami,Credit Card,Cancelled
SYN004250,2025-02-21,Smartphone,Electronics,450,2,900,Daniel Harris,Miami,Credit Card,Cancelled
SYN004251,2025-02-23,Smartphone,Electronics,524,4,2096,Emma Clark,Chicago,Debit Card,Completed
SYN004252,2025-03-22,Laptop,Electronics,792,4,3168,Emma Clark,Los Angeles,Amazon Pay,Completed
SYN004253,2025-02-22,Book,Books,16,1,16,Jane Smith,Miami,Credit Card,Cancelled
SYN004254,2025-03-21,Jeans,Clothing,39,2,78,Sophia Miller,Dallas,Paypal,Completed
SYN004255,2025-03-24,Smartwatch,Electronics,152,2,304,Emma Clark,Boston,Debit Card,Completed
SYN004256,2025-03-23,Smartwatch,Electronics,152,5,760,Emily Johnson,Houston,Amazon Pay,Completed
SYN004257,2025-02-22,Headphones,Electronics,107,1,107,David Lee,Houston,Debit Card,Cancelled
SYN004258,2025-07-28,T-Shirt,Clothing,17,4,68,Jane Smith,Denver,Credit Card,Pending
SYN004259,2025-02-05,Washing Machine,Home Appliances,604,4,2416,Michael Brown,New York,Paypal,Completed
SYN004260,2025-03-18,Laptop,Electronics,843,2,1686,Michael Brown,Denver,Paypal,Cancelled
SYN004261,2025-12-07,Smartphone,Electronics,477,1,477,Sophia Miller,Denver,Credit Card,Cancelled
SYN004262,2025-11-05,Refrigerator,Home Appliances,1142,1,1142,Jane Smith,New York,Paypal,Cancelled
SYN004263,2025-03-12,Refrigerator,Home Appliances,1301,3,3903,Emma Clark,Los Angeles,Credit Card,Completed
SYN004264,2025-03-30,Jeans,Clothing,37,5,185,David Lee,New York,Debit Card,Cancelled
SYN004265,2025-07-31,Smartwatch,Electronics,169,2,338,Michael Brown,Seattle,Debit Card,Cancelled
SYN004266,2025-03-17,Headphones,Electronics,106,4,424,Emily Johnson,San Francisco,Debit Card,Pending
SYN004267,2025-03-27,Running Shoes,Footwear,60,3,180,Olivia Wilson,Miami,Amazon Pay,Completed
SYN004268,2025-08-10,Smartwatch,Electronics,147,3,441,Emily Johnson,New York,Debit Card,Cancelled
SYN004269,2025-03-14,Jeans,Clothing,41,2,82,Sophia Miller,Dallas,Paypal,Completed
SYN004270,2025-03-10,Smartphone,Electronics,496,1,496,Jane Smith,Chicago,Paypal,Cancelled
SYN004271,2025-03-18,Running Shoes,Footwear,58,3,174,Michael Brown,New York,Gift Card,Pending
SYN004272,2025-03-16,Smartwatch,Electronics,156,4,624,Emma Clark,Houston,Paypal,Completed
SYN004273,2025-03-22,Jeans,Clothing,46,5,230,Daniel Harris,Dallas,Paypal,Completed
SYN004274,2025-02-25,Smartphone,Electronics,488,5,2440,Olivia Wilson,Dallas,Amazon Pay,Pending
SYN004275,2025-02-19,Book,Books,15,1,15,John Doe,Boston,Amazon Pay,Completed
SYN004276,2025-03-20,Smartwatch,Electronics,152,4,608,Emma Clark,Houston,Paypal,Completed
SYN004277,2025-08-06,Running Shoes,Footwear,53,5,265,Jane Smith,Miami,Gift Card,Pending
SYN004278,2025-03-26,Smartphone,Electronics,533,2,1066,John Doe,Miami,Paypal,Completed
SYN004279,2025-03-18,T-Shirt,Clothing,19,1,19,John Doe,Dallas,Credit Card,Pending
SYN004280,2024-12-27,Laptop,Electronics,810,2,1620,Daniel Harris,San Francisco,Gift Card,Pending
SYN004281,2025-03-18,Jeans,Clothing,37,1,37,Jane Smith,Boston,Debit Card,Pending
SYN004282,2025-03-20,Headphones,Electronics,101,2,202,Daniel Harris,Houston,Credit Card,Completed
SYN004283,2025-06-05,Smartphone,Electronics,494,5,2470,Michael Brown,Houston,Paypal,Completed
SYN004284,2025-03-25,Smartwatch,Electronics,158,4,632,Emma Clark,Houston,Paypal,Completed
SYN004285,2025-03-30,Refrigerator,Home Appliances,1152,2,2304,Jane Smith,Dallas,Paypal,Cancelled
SYN004286,2025-03-01,Headphones,Electronics,102,1,102,Jane Smith,Chicago,Amazon Pay,Completed
SYN004287,2025-03-21,Smartwatch,Electronics,146,5,730,John Doe,Denver,Credit Card,Pending
SYN004288,2025-09-25,Laptop,Electronics,918,3,2754,Jane Smith,Houston,Amazon Pay,Completed
SYN004289,2025-02-25,Headphones,Electronics,98,2,196,David Lee,Houston,Paypal,Completed
SYN004290,2025-03-06,Jeans,Clothing,45,4,180,Michael Brown,Dallas,Credit Card,Completed
SYN004291,2025-03-27,Smartwatch,Electronics,153,6,918,Emily Johnson,Houston,Amazon Pay,Completed
SYN004292,2025-12-05,Washing Machine,Home Appliances,603,5,3015,Emma Clark,Miami,Amazon Pay,Pending
SYN004293,2025-04-06,Headphones,Electronics,91,5,455,Daniel Harris,Seattle,Debit Card,Pending
SYN004294,2025-03-26,Smartphone,Electronics,508,1,508,John Doe,Houston,Gift Card,Pending
SYN004295,2025-03-18,Book,Books,16,5,80,David Lee,San Francisco,Credit Card,Pending
SYN004296,2025-03-11,Refrigerator,Home Appliances,1204,1,1204,Jane Smith,Miami,Paypal,Completed
SYN004297,2025-11-06,Jeans,Clothing,40,1,40,Sophia Miller,New York,Gift Card,Cancelled
SYN004298,2025-10-05,T-Shirt,Clothing,19,1,19,Olivia Wilson,Miami,Credit Card,Pending
SYN004299,2025-02-20,Washing Machine,Home Appliances,581,1,581,Olivia Wilson,Boston,Debit Card,Cancelled
SYN004300,2025-05-07,Running Shoes,Footwear,61,5,305,Jane Smith,Dallas,Paypal,Pending
SYN004301,2025-03-11,Laptop,Electronics,819,2,1638,Michael Brown,Denver,Paypal,Cancelled
SYN004302,2025-03-17,Jeans,Clothing,38,2,76,Sophia Miller,Dallas,Paypal,Completed
SYN004303,2025-03-19,Running Shoes,Footwear,59,3,177,Michael Brown,New York,Gift Card,Pending
SYN004304,2025-08-31,T-Shirt,Clothing,20,4,80,Emma Clark,Houston,Debit Card,Completed
SYN004305,2025-02-08,Washing Machine,Home Appliances,582,1,582,Olivia Wilson,Boston,Debit Card,Cancelled
SYN004306,2025-03-20,T-Shirt,Clothing,20,2,40,Chris White,Miami,Gift Card,Cancelled
SYN004307,2025-02-23,Washing Machine,Home Appliances,600,2,1200,Emily Johnson,Chicago,Gift Card,Cancelled
SYN004308,2025-03-11,Smartphone,Electronics,447,3,1341,Sophia Miller,Miami,Gift Card,Completed
SYN004309,2025-12-03,Book,Books,14,5,70,Jane Smith,Dallas,Credit Card,Pending
SYN004310,2025-05-05,Smartphone,Electronics,473,5,2365,John Doe,Boston,Paypal,Completed
SYN004311,2025-07-31,Book,Books,16,1,16,Jane Smith,Miami,Amazon Pay,Cancelled
SYN004312,2025-03-10,T-Shirt,Clothing,19,2,38,Michael Brown,Chicago,Paypal,Pending
SYN004313,2025-04-04,Washing Machine,Home Appliances,677,3,2031,Michael Brown,Miami,Credit Card,Cancelled
SYN004314,2025-11-02,Refrigerator,Home Appliances,1110,2,2220,Daniel Harris,San Francisco,Paypal,Cancelled
SYN004315,2025-02-09,Headphones,Electronics,111,4,444,Daniel Harris,New York,Gift Card,Cancelled
SYN004316,2025-03-14,Refrigerator,Home Appliances,1155,1,1155,Jane Smith,Miami,Paypal,Completed
SYN004317,2025-02-03,T-Shirt,Clothing,21,5,105,Jane Smith,New York,Credit Card,Pending
SYN004318,2025-03-21,Book,Books,15,5,75,David Lee,San Francisco,Credit Card,Pending
SYN004319,2025-06-03,Refrigerator,Home Appliances,1168,2,2336,John Doe,Denver,Paypal,Completed
SYN004320,2024-12-31,T-Shirt,Clothing,18,1,18,Emma Clark,New York,Amazon Pay,Completed
SYN004321,2025-01-10,Smartwatch,Electronics,153,2,306,Daniel Harris,Dallas,Credit Card,Cancelled
SYN004322,2025-03-28,Headphones,Electronics,109,5,545,Daniel Harris,Seattle,Debit Card,Pending
SYN004323,2025-03-25,Smartwatch,Electronics,147,1,147,Emily Johnson,Seattle,Gift Card,Pending
SYN004324,2025-03-21,Refrigerator,Home Appliances,1176,1,1176,Jane Smith,Miami,Paypal,Completed
SYN004325,2025-04-01,Refrigerator,Home Appliances,1190,5,5950,Olivia Wilson,Chicago,Gift Card,Pending
SYN004326,2025-03-16,Smartwatch,Electronics,147,2,294,Michael Brown,Denver,Paypal,Pending
SYN004327,2025-01-29,Refrigerator,Home Appliances,1214,3,3642,John Doe,Miami,Paypal,Completed
SYN004328,2025-03-14,Smartphone,Electronics,482,2,964,John Doe,Miami,Paypal,Completed
SYN004329,2025-03-19,Smartphone,Electronics,462,3,1386,Sophia Miller,Miami,Gift Card,Completed
SYN004330,2025-02-27,Smartwatch,Electronics,162,2,324,Daniel Harris,Houston,Paypal,Completed
SYN004331,2025-03-30,Smartwatch,Electronics,150,1,150,Emily Johnson,Seattle,Gift Card,Pending
SYN004332,2025-02-22,T-Shirt,Clothing,21,3,63,Emma Clark,Dallas,Debit Card,Completed
SYN004333,2025-05-07,Running Shoes,Footwear,57,5,285,Jane Smith,Dallas,Paypal,Pending
SYN004334,2025-08-26,Refrigerator,Home Appliances,1193,2,2386,Sophia Miller,Boston,Paypal,Cancelled
SYN004335,2025-10-31,Jeans,Clothing,41,1,41,Sophia Miller,New York,Gift Card,Cancelled
SYN004336,2025-02-20,Washing Machine,Home Appliances,636,5,3180,Michael Brown,Seattle,Debit Card,Completed
SYN004337,2025-02-26,Book,Books,14,3,42,Chris White,Boston,Gift Card,Cancelled
SYN004338,2025-03-01,T-Shirt,Clothing,20,1,20,Daniel Harris,New York,Credit Card,Completed
SYN004339,2025-03-05,Jeans,Clothing,38,4,152,John Doe,Seattle,Amazon Pay,Pending
SYN004340,2025-03-14,Headphones,Electronics,93,2,186,Daniel Harris,Miami,Paypal,Pending
SYN004341,2025-02-23,Laptop,Electronics,844,4,3376,Jane Smith,Seattle,Amazon Pay,Pending
SYN004342,2025-03-25,Jeans,Clothing,37,2,74,David Lee,Denver,Amazon Pay,Cancelled
SYN004343,2025-12-09,Book,Books,15,5,75,Jane Smith,Dallas,Credit Card,Pending
SYN004344,2025-01-01,T-Shirt,Clothing,20,1,20,Emma Clark,New York,Amazon Pay,Completed
SYN004345,2025-03-01,Washing Machine,Home Appliances,588,2,1176,Emily Johnson,Chicago,Gift Card,Cancelled
SYN004346,2025-02-22,Jeans,Clothing,41,5,205,Emily Johnson,New York,Debit Card,Pending
SYN004347,2025-06-09,Refrigerator,Home Appliances,1193,2,2386,Chris White,Seattle,Debit Card,Pending
SYN004348,2025-09-07,T-Shirt,Clothing,20,4,80,Emma Clark,Houston,Debit Card,Completed
SYN004349,2025-03-14,Smartwatch,Electronics,141,2,282,Emma Clark,Los Angeles,Gift Card,Cancelled
SYN004350,2025-03-01,Washing Machine,Home Appliances,639,2,1278,Emily Johnson,Chicago,Gift Card,Cancelled
SYN004351,2025-05-31,Washing Machine,Home Appliances,544,2,1088,David Lee,Dallas,Gift Card,Cancelled
SYN004352,2025-03-03,Headphones,Electronics,105,2,210,Daniel Harris,Boston,Paypal,Pending
SYN004353,2025-02-12,Smartwatch,Electronics,148,2,296,Chris White,Miami,Paypal,Pending
SYN004354,2025-02-26,Jeans,Clothing,38,4,152,John Doe,Seattle,Amazon Pay,Pending
SYN004355,2025-04-01,Jeans,Clothing,36,2,72,Chris White,Chicago,Credit Card,Completed
SYN004356,2025-03-21,Smartwatch,Electronics,151,3,453,David Lee,Boston,Gift Card,Pending
SYN004357,2025-01-31,Book,Books,15,5,75,Sophia Miller,Seattle,Amazon Pay,Completed
SYN004358,2025-03-16,Headphones,Electronics,89,2,178,Daniel Harris,Houston,Credit Card,Completed
SYN004359,2025-06-28,T-Shirt,Clothing,19,1,19,Daniel Harris,New York,Amazon Pay,Pending
SYN004360,2025-03-17,Jeans,Clothing,40,1,40,Jane Smith,Boston,Debit Card,Pending
SYN004361,2025-03-15,Headphones,Electronics,88,3,264,Jane Smith,Chicago,Amazon Pay,Cancelled
SYN004362,2025-03-14,Jeans,Clothing,37,2,74,Sophia Miller,Dallas,Paypal,Completed
SYN004363,2025-08-03,Running Shoes,Footwear,58,5,290,Jane Smith,Miami,Gift Card,Pending
SYN004364,2025-02-22,Washing Machine,Home Appliances,592,2,1184,Chris White,Seattle,Paypal,Cancelled
SYN004365,2025-03-27,Smartphone,Electronics,487,5,2435,Emma Clark,Miami,Gift Card,Completed
SYN004366,2025-06-30,Smartphone,Electronics,508,5,2540,David Lee,Chicago,Gift Card,Pending
SYN004367,2025-02-26,Book,Books,15,5,75,John Doe,Denver,Paypal,Pending
SYN004368,2025-01-06,T-Shirt,Clothing,19,1,19,Emma Clark,New York,Amazon Pay,Completed
SYN004369,2025-06-02,Smartphone,Electronics,459,4,1836,Emma Clark,Houston,Credit Card,Completed
SYN004370,2025-03-22,Book,Books,14,6,84,David Lee,San Francisco,Debit Card,Pending
SYN004371,2025-01-29,Book,Books,14,5,70,Sophia Miller,Seattle,Amazon Pay,Completed
SYN004372,2025-02-19,Smartwatch,Electronics,147,5,735,Michael Brown,Boston,Debit Card,Pending
SYN004373,2025-03-22,Washing Machine,Home Appliances,645,1,645,John Doe,Miami,Credit Card,Completed
SYN004374,2025-01-30,Refrigerator,Home Appliances,1216,3,3648,John Doe,Miami,Paypal,Completed
SYN004375,2025-02-16,Headphones,Electronics,105,1,105,David Lee,Houston,Debit Card,Cancelled
SYN004376,2025-02-12,Running Shoes,Footwear,63,1,63,Jane Smith,Houston,Gift Card,Cancelled
SYN004377,2025-02-12,Book,Books,15,1,15,Emma Clark,Houston,Gift Card,Cancelled
SYN004378,2025-04-27,Refrigerator,Home Appliances,1190,4,4760,Sophia Miller,Seattle,Credit Card,Pending
SYN004379,2025-02-14,Smartphone,Electronics,478,2,956,Daniel Harris,Miami,Credit Card,Cancelled
SYN004380,2025-03-18,Jeans,Clothing,46,3,138,Olivia Wilson,Dallas,Credit Card,Cancelled
SYN004381,2025-03-04,Smartwatch,Electronics,153,6,918,Jane Smith,Dallas,Paypal,Cancelled
SYN004382,2025-02-23,Smartphone,Electronics,491,5,2455,Olivia Wilson,Dallas,Amazon Pay,Pending
SYN004383,2025-03-21,T-Shirt,Clothing,19,1,19,Chris White,Dallas,Debit Card,Completed
SYN004384,2025-02-14,Book,Books,15,2,30,David Lee,Boston,Amazon Pay,Pending
SYN004385,2025-11-02,Headphones,Electronics,102,3,306,Michael Brown,Houston,Debit Card,Cancelled
SYN004386,2025-03-02,Laptop,Electronics,804,1,804,Emma Clark,San Francisco,Gift Card,Pending
SYN004387,2025-02-21,Smartwatch,Electronics,143,1,143,John Doe,Seattle,Gift Card,Completed
SYN004388,2025-02-14,Running Shoes,Footwear,61,1,61,David Lee,Boston,Paypal,Cancelled
SYN004389,2025-11-28,Smartphone,Electronics,478,1,478,Emily Johnson,San Francisco,Credit Card,Cancelled
SYN004390,2025-04-01,Jeans,Clothing,40,1,40,Sophia Miller,Dallas,Debit Card,Cancelled
SYN004391,2025-02-23,Jeans,Clothing,40,2,80,Michael Brown,Los Angeles,Gift Card,Cancelled
SYN004392,2025-08-09,T-Shirt,Clothing,19,4,76,Jane Smith,Denver,Credit Card,Pending
SYN004393,2025-03-04,Washing Machine,Home Appliances,603,2,1206,Emily Johnson,Chicago,Gift Card,Cancelled
SYN004394,2025-02-24,Smartwatch,Electronics,138,5,690,Jane Smith,Dallas,Paypal,Cancelled
SYN004395,2025-09-03,Refrigerator,Home Appliances,1139,2,2278,Sophia Miller,Boston,Paypal,Cancelled
SYN004396,2025-03-05,Headphones,Electronics,91,2,182,Daniel Harris,Boston,Paypal,Pending
SYN004397,2025-04-06,Book,Books,15,6,90,David Lee,Chicago,Amazon Pay,Pending
SYN004398,2025-02-19,Smartphone,Electronics,526,1,526,Emily Johnson,Denver,Amazon Pay,Completed
SYN004399,2025-02-19,Smartwatch,Electronics,152,5,760,Michael Brown,Boston,Debit Card,Pending
SYN004400,2025-02-20,Refrigerator,Home Appliances,1194,4,4776,David Lee,Boston,Gift Card,Pending
SYN004401,2025-02-12,T-Shirt,Clothing,20,2,40,David Lee,Dallas,Gift Card,Cancelled
SYN004402,2025-02-08,Refrigerator,Home Appliances,1215,4,4860,Emily Johnson,Denver,Paypal,Pending
SYN004403,2025-02-26,Running Shoes,Footwear,60,3,180,Olivia Wilson,Dallas,Credit Card,Pending
SYN004404,2025-02-10,Book,Books,15,5,75,Daniel Harris,Miami,Debit Card,Pending
SYN004405,2025-02-20,Running Shoes,Footwear,62,1,62,Emma Clark,Houston,Credit Card,Pending
SYN004406,2025-03-22,Smartwatch,Electronics,146,2,292,Emma Clark,Los Angeles,Gift Card,Cancelled
SYN004407,2025-09-25,T-Shirt,Clothing,20,1,20,Olivia Wilson,Miami,Credit Card,Pending
SYN004408,2025-02-14,Smartwatch,Electronics,151,2,302,Chris White,Miami,Paypal,Pending
SYN004409,2025-03-23,Washing Machine,Home Appliances,610,1,610,John Doe,Miami,Credit Card,Completed
SYN004410,2025-08-08,Smartwatch,Electronics,142,3,426,Emily Johnson,New York,Debit Card,Cancelled
SYN004411,2025-03-15,Refrigerator,Home Appliances,1159,2,2318,Olivia Wilson,Seattle,Credit Card,Completed
SYN004412,2025-11-28,Smartphone,Electronics,496,1,496,Emily Johnson,San Francisco,Credit Card,Cancelled
SYN004413,2025-03-30,Laptop,Electronics,761,5,3805,Michael Brown,Miami,Debit Card,Pending
SYN004414,2025-02-16,Running Shoes,Footwear,56,2,112,John Doe,Denver,Amazon Pay,Cancelled
SYN004415,2025-03-12,T-Shirt,Clothing,20,2,40,Michael Brown,Chicago,Paypal,Pending
SYN004416,2025-03-30,Refrigerator,Home Appliances,1225,3,3675,Chris White,Dallas,Credit Card,Cancelled
SYN004417,2025-02-19,Headphones,Electronics,100,3,300,Michael Brown,Chicago,Paypal,Cancelled
SYN004418,2025-06-05,Smartphone,Electronics,503,4,2012,Emma Clark,Houston,Credit Card,Completed
SYN004419,2025-11-03,Jeans,Clothing,36,1,36,Sophia Miller,New York,Gift Card,Cancelled
SYN004420,2025-03-23,T-Shirt,Clothing,20,1,20,Chris White,Dallas,Debit Card,Completed
SYN004421,2025-11-30,Book,Books,14,5,70,Jane Smith,Dallas,Credit Card,Pending
SYN004422,2025-03-18,Book,Books,14,5,70,Olivia Wilson,Chicago,Amazon Pay,Pending
SYN004423,2025-04-06,Laptop,Electronics,819,4,3276,Emma Clark,Los Angeles,Credit Card,Completed
SYN004424,2025-03-19,Laptop,Electronics,869,4,3476,Emma Clark,Los Angeles,Amazon Pay,Completed
SYN004425,2025-08-08,T-Shirt,Clothing,20,4,80,Jane Smith,Denver,Credit Card,Pending
SYN004426,2025-03-22,Smartwatch,Electronics,147,2,294,Emma Clark,Dallas,Credit Card,Completed
SYN004427,2025-12-08,Smartphone,Electronics,480,1,480,Sophia Miller,Denver,Credit Card,Cancelled
SYN004428,2025-03-19,Laptop,Electronics,762,2,1524,Michael Brown,Denver,Paypal,Cancelled
SYN004429,2025-02-04,Book,Books,14,5,70,Sophia Miller,Seattle,Amazon Pay,Completed
SYN004430,2025-03-22,Smartwatch,Electronics,155,2,310,Emma Clark,Dallas,Credit Card,Completed
SYN004431,2025-02-24,Laptop,Electronics,825,4,3300,Jane Smith,Seattle,Amazon Pay,Pending
SYN004432,2025-02-19,Headphones,Electronics,98,4,392,Daniel Harris,New York,Gift Card,Cancelled
SYN004433,2025-02-16,Headphones,Electronics,97,4,388,Daniel Harris,New York,Gift Card,Cancelled
SYN004434,2025-11-01,Headphones,Electronics,107,3,321,Michael Brown,Houston,Debit Card,Cancelled
SYN004435,2025-02-25,Washing Machine,Home Appliances,600,4,2400,Emma Clark,Houston,Gift Card,Cancelled
SYN004436,2025-12-07,Book,Books,16,5,80,Jane Smith,Dallas,Credit Card,Pending
SYN004437,2025-02-16,Smartwatch,Electronics,152,5,760,Sophia Miller,San Francisco,Paypal,Pending
SYN004438,2025-02-27,Smartphone,Electronics,469,3,1407,Jane Smith,Seattle,Debit Card,Cancelled
SYN004439,2025-07-10,Laptop,Electronics,864,3,2592,Daniel Harris,Houston,Credit Card,Pending
SYN004440,2025-03-02,Book,Books,16,1,16,Emma Clark,Houston,Credit Card,Pending
SYN004441,2025-03-08,Running Shoes,Footwear,62,2,124,David Lee,Los Angeles,Debit Card,Cancelled
SYN004442,2025-01-05,Headphones,Electronics,105,2,210,John Doe,Denver,Debit Card,Completed
SYN004443,2025-02-23,Smartwatch,Electronics,147,5,735,Emily Johnson,Houston,Debit Card,Completed
SYN004444,2025-10-27,T-Shirt,Clothing,21,5,105,Jane Smith,Denver,Amazon Pay,Completed
SYN004445,2025-10-07,Headphones,Electronics,98,5,490,John Doe,Houston,Amazon Pay,Completed
SYN004446,2025-03-14,T-Shirt,Clothing,19,1,19,John Doe,Dallas,Credit Card,Pending
SYN004447,2025-02-27,Laptop,Electronics,873,4,3492,Daniel Harris,Houston,Gift Card,Pending
SYN004448,2025-06-10,Washing Machine,Home Appliances,582,2,1164,David Lee,Dallas,Gift Card,Cancelled
SYN004449,2025-03-08,Refrigerator,Home Appliances,1190,3,3570,Daniel Harris,New York,Credit Card,Pending
SYN004450,2025-03-26,Washing Machine,Home Appliances,611,1,611,Emma Clark,Seattle,Debit Card,Pending
SYN004451,2025-06-09,Running Shoes,Footwear,58,2,116,David Lee,Houston,Debit Card,Cancelled
SYN004452,2025-03-16,Headphones,Electronics,88,3,264,Jane Smith,Chicago,Amazon Pay,Cancelled
SYN004453,2025-04-04,Headphones,Electronics,104,3,312,Sophia Miller,Dallas,Gift Card,Pending
SYN004454,2025-02-24,Running Shoes,Footwear,64,1,64,David Lee,Boston,Paypal,Cancelled
SYN004455,2025-11-07,Headphones,Electronics,97,3,291,Michael Brown,Houston,Debit Card,Cancelled
SYN004456,2025-02-20,Washing Machine,Home Appliances,582,2,1164,Chris White,Seattle,Paypal,Cancelled
SYN004457,2025-02-16,Book,Books,14,1,14,Emma Clark,Houston,Gift Card,Cancelled
SYN004458,2025-05-03,Refrigerator,Home Appliances,1091,4,4364,Sophia Miller,Seattle,Credit Card,Pending
SYN004459,2025-03-13,Running Shoes,Footwear,60,3,180,Michael Brown,New York,Gift Card,Pending
SYN004460,2025-03-30,Washing Machine,Home Appliances,628,3,1884,Michael Brown,Miami,Credit Card,Cancelled
SYN004461,2025-03-20,Smartwatch,Electronics,146,4,584,Emma Clark,Houston,Paypal,Completed
SYN004462,2025-12-09,Running Shoes,Footwear,63,2,126,Michael Brown,Denver,Gift Card,Completed
SYN004463,2025-12-08,Book,Books,15,1,15,David Lee,Miami,Debit Card,Cancelled
SYN004464,2025-02-22,Smartwatch,Electronics,152,4,608,Chris White,New York,Debit Card,Cancelled
SYN004465,2025-03-14,Smartwatch,Electronics,149,2,298,Michael Brown,Denver,Paypal,Pending
SYN004466,2025-02-06,Refrigerator,Home Appliances,1252,3,3756,John Doe,Miami,Paypal,Completed
SYN004467,2025-07-30,Smartphone,Electronics,484,3,1452,Sophia Miller,Denver,Credit Card,Pending
SYN004468,2025-07-04,Laptop,Electronics,759,3,2277,Daniel Harris,Houston,Credit Card,Pending
SYN004469,2025-05-31,Smartphone,Electronics,480,5,2400,Michael Brown,Houston,Paypal,Completed
SYN004470,2025-01-29,T-Shirt,Clothing,19,5,95,Jane Smith,New York,Credit Card,Pending
SYN004471,2025-03-14,Book,Books,16,1,16,David Lee,New York,Amazon Pay,Pending
SYN004472,2025-10-27,Smartwatch,Electronics,149,5,745,John Doe,Los Angeles,Credit Card,Cancelled
SYN004473,2025-03-17,Smartphone,Electronics,499,1,499,David Lee,Miami,Gift Card,Pending
SYN004474,2025-01-29,Book,Books,15,5,75,Sophia Miller,Seattle,Amazon Pay,Completed
SYN004475,2025-07-31,T-Shirt,Clothing,22,4,88,Jane Smith,Denver,Credit Card,Pending
SYN004476,2025-03-15,Jeans,Clothing,41,3,123,Olivia Wilson,Dallas,Credit Card,Cancelled
SYN004477,2025-10-30,Smartwatch,Electronics,151,5,755,John Doe,Los Angeles,Credit Card,Cancelled
SYN004478,2025-02-01,Washing Machine,Home Appliances,632,4,2528,Michael Brown,New York,Paypal,Completed
SYN004479,2025-02-20,Headphones,Electronics,106,1,106,Emily Johnson,Los Angeles,Credit Card,Completed
SYN004480,2025-03-15,Smartwatch,Electronics,154,2,308,Michael Brown,Denver,Paypal,Pending
SYN004481,2025-03-22,Refrigerator,Home Appliances,1209,1,1209,Jane Smith,Miami,Paypal,Completed
SYN004482,2025-02-16,Running Shoes,Footwear,58,2,116,John Doe,Denver,Amazon Pay,Cancelled
SYN004483,2025-12-09,Washing Machine,Home Appliances,643,5,3215,Emma Clark,Miami,Amazon Pay,Pending
SYN004484,2025-03-16,Smartwatch,Electronics,155,5,775,Daniel Harris,Houston,Amazon Pay,Completed
SYN004485,2025-08-06,Smartphone,Electronics,467,4,1868,Chris White,Boston,Gift Card,Pending
SYN004486,2025-03-19,Headphones,Electronics,106,2,212,Daniel Harris,Miami,Paypal,Pending
SYN004487,2025-03-16,Smartwatch,Electronics,148,5,740,Daniel Harris,Houston,Amazon Pay,Completed
SYN004488,2025-06-08,Headphones,Electronics,99,4,396,Emily Johnson,Los Angeles,Amazon Pay,Cancelled
SYN004489,2025-02-03,T-Shirt,Clothing,21,5,105,Emma Clark,Denver,Paypal,Completed
SYN004490,2025-10-07,Headphones,Electronics,102,6,612,John Doe,Houston,Amazon Pay,Completed
SYN004491,2025-03-26,Running Shoes,Footwear,60,3,180,Olivia Wilson,Houston,Credit Card,Completed
SYN004492,2025-02-18,Washing Machine,Home Appliances,586,1,586,Olivia Wilson,Boston,Debit Card,Cancelled
SYN004493,2025-03-05,T-Shirt,Clothing,22,1,22,Daniel Harris,New York,Credit Card,Completed
SYN004494,2025-02-17,Headphones,Electronics,96,1,96,Emily Johnson,Los Angeles,Credit Card,Completed
SYN004495,2025-02-18,Smartwatch,Electronics,160,2,320,Chris White,Miami,Paypal,Pending
SYN004496,2025-11-01,T-Shirt,Clothing,19,5,95,Jane Smith,Denver,Amazon Pay,Completed
SYN004497,2025-03-25,Jeans,Clothing,40,2,80,David Lee,Denver,Amazon Pay,Cancelled
SYN004498,2025-03-10,T-Shirt,Clothing,20,2,40,Daniel Harris,Miami,Debit Card,Cancelled
SYN004499,2025-03-25,Running Shoes,Footwear,60,5,300,Emma Clark,Los Angeles,Credit Card,Cancelled
SYN004500,2025-06-30,Laptop,Electronics,808,3,2424,Daniel Harris,Houston,Credit Card,Pending
SYN004501,2025-02-10,Headphones,Electronics,93,3,279,Michael Brown,New York,Debit Card,Cancelled
SYN004502,2025-02-22,Smartphone,Electronics,472,4,1888,Emily Johnson,Seattle,Amazon Pay,Completed
SYN004503,2025-03-25,Smartwatch,Electronics,157,2,314,Emma Clark,Boston,Debit Card,Completed
SYN004504,2025-03-26,Smartwatch,Electronics,158,2,316,Olivia Wilson,Miami,Debit Card,Completed
SYN004505,2025-03-05,Headphones,Electronics,104,3,312,Michael Brown,Chicago,Paypal,Cancelled
SYN004506,2025-03-01,Headphones,Electronics,100,2,200,David Lee,Houston,Paypal,Completed
SYN004507,2025-02-19,Smartphone,Electronics,487,4,1948,Emma Clark,Chicago,Debit Card,Completed
SYN004508,2025-03-05,Smartwatch,Electronics,150,2,300,Daniel Harris,Houston,Paypal,Completed
SYN004509,2025-12-06,Book,Books,16,1,16,David Lee,Miami,Debit Card,Cancelled
SYN004510,2025-08-26,Smartwatch,Electronics,149,1,149,John Doe,Denver,Gift Card,Pending
SYN004511,2025-02-14,Smartwatch,Electronics,158,5,790,Emily Johnson,Houston,Debit Card,Completed
SYN004512,2025-02-27,Running Shoes,Footwear,61,1,61,Emma Clark,Houston,Credit Card,Pending
SYN004513,2025-02-06,Washing Machine,Home Appliances,577,4,2308,Michael Brown,New York,Paypal,Completed
SYN004514,2025-10-01,Smartwatch,Electronics,141,5,705,David Lee,Boston,Paypal,Completed
SYN004515,2025-02-05,Laptop,Electronics,822,3,2466,Emma Clark,Denver,Amazon Pay,Completed
SYN004516,2025-03-11,Laptop,Electronics,748,2,1496,Michael Brown,Denver,Paypal,Cancelled
SYN004517,2025-03-18,T-Shirt,Clothing,19,1,19,Chris White,Dallas,Debit Card,Completed
SYN004518,2025-03-13,Headphones,Electronics,94,1,94,Olivia Wilson,Denver,Paypal,Completed
SYN004519,2025-03-27,Refrigerator,Home Appliances,1200,2,2400,Jane Smith,Dallas,Paypal,Cancelled
SYN004520,2025-02-16,Headphones,Electronics,101,1,101,David Lee,Houston,Debit Card,Cancelled
SYN004521,2025-07-01,Smartphone,Electronics,526,2,1052,Olivia Wilson,Chicago,Debit Card,Pending
SYN004522,2025-06-06,Smartphone,Electronics,529,3,1587,Emily Johnson,Chicago,Paypal,Completed
SYN004523,2025-02-19,Smartphone,Electronics,500,5,2500,Emily Johnson,Miami,Credit Card,Cancelled
SYN004524,2025-01-28,T-Shirt,Clothing,20,5,100,Jane Smith,New York,Credit Card,Pending
SYN004525,2025-03-16,Jeans,Clothing,40,3,120,John Doe,Boston,Gift Card,Completed
SYN004526,2025-03-26,Headphones,Electronics,100,2,200,Daniel Harris,Houston,Credit Card,Completed
SYN004527,2025-03-24,Running Shoes,Footwear,60,4,240,Emily Johnson,Los Angeles,Paypal,Completed
SYN004528,2025-02-17,Washing Machine,Home Appliances,584,1,584,Jane Smith,Dallas,Amazon Pay,Completed
SYN004529,2025-02-16,Book,Books,16,2,32,David Lee,Boston,Amazon Pay,Pending
SYN004530,2025-06-04,Washing Machine,Home Appliances,605,2,1210,David Lee,Dallas,Gift Card,Cancelled
SYN004531,2025-03-07,Book,Books,14,5,70,David Lee,San Francisco,Credit Card,Pending
SYN004532,2025-05-28,Smartphone,Electronics,467,3,1401,Emily Johnson,Chicago,Paypal,Completed
SYN004533,2025-03-07,Smartwatch,Electronics,162,2,324,David Lee,Chicago,Debit Card,Pending
SYN004534,2025-03-24,Jeans,Clothing,39,5,195,Daniel Harris,Seattle,Credit Card,Cancelled
SYN004535,2025-12-09,Book,Books,15,5,75,Jane Smith,Dallas,Credit Card,Pending
SYN004536,2025-03-31,Headphones,Electronics,98,5,490,Daniel Harris,Seattle,Debit Card,Pending
SYN004537,2025-12-02,Running Shoes,Footwear,60,2,120,Michael Brown,Denver,Gift Card,Completed
SYN004538,2025-02-24,Jeans,Clothing,40,5,200,Emily Johnson,New York,Debit Card,Pending
SYN004539,2025-07-29,Smartwatch,Electronics,146,2,292,Michael Brown,Seattle,Debit Card,Cancelled
SYN004540,2025-01-28,Washing Machine,Home Appliances,619,4,2476,Michael Brown,New York,Paypal,Completed
SYN004541,2025-02-10,T-Shirt,Clothing,19,4,76,Olivia Wilson,Boston,Paypal,Completed
SYN004542,2025-02-21,Smartwatch,Electronics,149,2,298,Daniel Harris,Houston,Paypal,Completed
SYN004543,2025-08-02,Smartwatch,Electronics,170,3,510,Emily Johnson,New York,Debit Card,Cancelled
SYN004544,2025-03-23,Refrigerator,Home Appliances,1126,1,1126,Jane Smith,Miami,Paypal,Completed
SYN004545,2025-03-22,Book,Books,13,5,65,Olivia Wilson,Chicago,Amazon Pay,Pending
SYN004546,2025-05-29,Smartphone,Electronics,479,5,2395,Michael Brown,Houston,Paypal,Completed
SYN004547,2025-10-06,Smartwatch,Electronics,145,5,725,David Lee,Boston,Paypal,Completed
SYN004548,2025-02-16,Jeans,Clothing,42,4,168,John Doe,San Francisco,Debit Card,Cancelled
SYN004549,2025-03-27,Smartwatch,Electronics,148,2,296,Emma Clark,Boston,Debit Card,Completed
SYN004550,2025-03-18,Smartwatch,Electronics,154,2,308,Emma Clark,Boston,Debit Card,Completed
SYN004551,2025-03-02,Book,Books,14,4,56,Michael Brown,San Francisco,Credit Card,Completed
SYN004552,2025-02-26,Book,Books,15,4,60,Michael Brown,San Francisco,Credit Card,Completed
SYN004553,2025-03-21,Running Shoes,Footwear,61,4,244,Emily Johnson,Los Angeles,Paypal,Completed
SYN004554,2025-03-23,Headphones,Electronics,87,3,261,Jane Smith,Chicago,Amazon Pay,Cancelled
SYN004555,2025-11-02,T-Shirt,Clothing,21,5,105,Jane Smith,Denver,Amazon Pay,Completed
SYN004556,2025-11-26,Book,Books,14,5,70,Jane Smith,Dallas,Credit Card,Pending
SYN004557,2025-04-28,Headphones,Electronics,99,3,297,Chris White,Miami,Debit Card,Cancelled
SYN004558,2025-02-27,Smartphone,Electronics,486,2,972,David Lee,Boston,Paypal,Pending
SYN004559,2025-03-20,Jeans,Clothing,42,4,168,Michael Brown,New York,Paypal,Completed
SYN004560,2025-03-23,Book,Books,15,5,75,David Lee,Chicago,Amazon Pay,Pending
SYN004561,2025-03-28,Laptop,Electronics,822,3,2466,Olivia Wilson,Chicago,Amazon Pay,Completed
SYN004562,2025-03-29,Refrigerator,Home Appliances,1141,4,4564,Jane Smith,Dallas,Gift Card,Cancelled
SYN004563,2025-03-28,Washing Machine,Home Appliances,634,1,634,John Doe,Miami,Credit Card,Completed
SYN004564,2025-09-06,Running Shoes,Footwear,69,2,138,Emily Johnson,Denver,Gift Card,Cancelled
SYN004565,2025-03-15,Jeans,Clothing,41,4,164,Michael Brown,Dallas,Credit Card,Completed
SYN004566,2025-03-21,Running Shoes,Footwear,63,4,252,Emily Johnson,Los Angeles,Paypal,Completed
SYN004567,2025-02-22,Smartphone,Electronics,496,1,496,Emily Johnson,Denver,Amazon Pay,Completed
SYN004568,2025-12-04,Smartphone,Electronics,544,1,544,Sophia Miller,Denver,Credit Card,Cancelled
SYN004569,2025-03-05,Refrigerator,Home Appliances,1158,1,1158,Olivia Wilson,Seattle,Paypal,Completed
SYN004570,2025-03-12,Book,Books,16,5,80,David Lee,San Francisco,Credit Card,Pending
SYN004571,2025-02-26,Book,Books,13,1,13,Emma Clark,Houston,Credit Card,Pending
SYN004572,2025-09-30,Headphones,Electronics,103,5,515,John Doe,Houston,Amazon Pay,Completed
SYN004573,2025-03-15,Smartphone,Electronics,526,1,526,Jane Smith,Chicago,Paypal,Cancelled
SYN004574,2025-03-13,Running Shoes,Footwear,58,3,174,Michael Brown,New York,Gift Card,Pending
SYN004575,2025-07-28,Running Shoes,Footwear,66,5,330,Jane Smith,Miami,Gift Card,Pending
SYN004576,2025-03-18,Smartphone,Electronics,490,2,980,Olivia Wilson,Boston,Paypal,Cancelled
SYN004577,2025-03-22,Smartphone,Electronics,518,2,1036,Chris White,Chicago,Paypal,Pending
SYN004578,2025-02-15,Smartphone,Electronics,485,4,1940,Emma Clark,Chicago,Debit Card,Completed
SYN004579,2025-03-02,Headphones,Electronics,99,2,198,Daniel Harris,Boston,Paypal,Pending
SYN004580,2025-02-19,Washing Machine,Home Appliances,681,1,681,Olivia Wilson,Boston,Debit Card,Cancelled
SYN004581,2025-03-08,Running Shoes,Footwear,59,3,177,Emma Clark,New York,Debit Card,Cancelled
SYN004582,2025-10-05,Smartwatch,Electronics,151,3,453,Michael Brown,Denver,Debit Card,Completed
SYN004583,2025-05-01,Refrigerator,Home Appliances,1147,4,4588,Sophia Miller,Seattle,Credit Card,Pending
SYN004584,2025-03-14,Refrigerator,Home Appliances,1038,1,1038,Jane Smith,Miami,Paypal,Completed
SYN004585,2025-02-14,T-Shirt,Clothing,21,3,63,Emma Clark,Dallas,Debit Card,Completed
SYN004586,2025-04-08,Refrigerator,Home Appliances,1178,5,5890,Olivia Wilson,Chicago,Gift Card,Pending
SYN004587,2025-04-03,Refrigerator,Home Appliances,1112,2,2224,Jane Smith,Dallas,Paypal,Cancelled
SYN004588,2025-03-12,Laptop,Electronics,771,3,2313,John Doe,New York,Paypal,Pending
SYN004589,2025-02-23,Laptop,Electronics,815,1,815,Emily Johnson,New York,Amazon Pay,Pending
SYN004590,2025-07-29,Smartphone,Electronics,546,4,2184,Chris White,Boston,Gift Card,Pending
SYN004591,2025-03-19,Smartwatch,Electronics,164,1,164,Emily Johnson,Seattle,Gift Card,Pending
SYN004592,2025-10-02,T-Shirt,Clothing,19,1,19,Olivia Wilson,Miami,Credit Card,Pending
SYN004593,2025-03-28,Running Shoes,Footwear,63,3,189,Olivia Wilson,Houston,Credit Card,Completed
SYN004594,2025-03-18,T-Shirt,Clothing,20,3,60,Olivia Wilson,Chicago,Paypal,Pending
SYN004595,2025-11-07,Jeans,Clothing,41,1,41,Sophia Miller,New York,Gift Card,Cancelled
SYN004596,2025-02-28,Smartphone,Electronics,490,3,1470,Jane Smith,Seattle,Debit Card,Cancelled
SYN004597,2025-05-28,Running Shoes,Footwear,63,2,126,David Lee,Houston,Debit Card,Cancelled
SYN004598,2025-03-30,Smartwatch,Electronics,146,2,292,Emma Clark,Boston,Debit Card,Completed
SYN004599,2025-04-01,Jeans,Clothing,40,1,40,Sophia Miller,Dallas,Debit Card,Cancelled
SYN004600,2025-06-02,Refrigerator,Home Appliances,1264,2,2528,Chris White,Seattle,Debit Card,Pending
SYN004601,2025-02-12,T-Shirt,Clothing,22,2,44,David Lee,Dallas,Gift Card,Cancelled
SYN004602,2025-03-25,Washing Machine,Home Appliances,646,1,646,Emma Clark,Seattle,Debit Card,Pending
SYN004603,2025-03-18,Smartwatch,Electronics,158,2,316,David Lee,Chicago,Debit Card,Pending
SYN004604,2025-03-09,Headphones,Electronics,98,2,196,Daniel Harris,Miami,Paypal,Pending
SYN004605,2025-02-17,Book,Books,15,1,15,Jane Smith,Miami,Credit Card,Cancelled
SYN004606,2025-02-27,Headphones,Electronics,93,2,186,Daniel Harris,Boston,Paypal,Pending
SYN004607,2025-03-02,Washing Machine,Home Appliances,590,1,590,Jane Smith,Dallas,Amazon Pay,Completed
SYN004608,2025-12-02,Book,Books,14,1,14,David Lee,Miami,Debit Card,Cancelled
SYN004609,2025-03-21,Headphones,Electronics,94,1,94,Olivia Wilson,Denver,Paypal,Completed
SYN004610,2025-02-21,Smartwatch,Electronics,146,1,146,John Doe,Seattle,Gift Card,Completed
SYN004611,2025-03-24,Laptop,Electronics,828,5,4140,Michael Brown,Miami,Debit Card,Pending
SYN004612,2025-10-02,Smartphone,Electronics,466,2,932,Michael Brown,Los Angeles,Amazon Pay,Completed
SYN004613,2025-03-02,Headphones,Electronics,104,2,208,Daniel Harris,Boston,Paypal,Pending
SYN004614,2025-02-19,Laptop,Electronics,789,5,3945,Emily Johnson,Denver,Paypal,Completed
SYN004615,2025-03-13,Smartphone,Electronics,511,3,1533,Sophia Miller,Miami,Gift Card,Completed
SYN004616,2025-09-02,Smartwatch,Electronics,138,1,138,John Doe,Denver,Gift Card,Pending
SYN004617,2025-02-10,T-Shirt,Clothing,22,2,44,David Lee,Dallas,Gift Card,Cancelled
SYN004618,2025-03-17,Refrigerator,Home Appliances,1245,2,2490,Olivia Wilson,Seattle,Credit Card,Completed
SYN004619,2025-03-20,Smartwatch,Electronics,158,3,474,David Lee,Boston,Gift Card,Pending
SYN004620,2025-05-02,Smartphone,Electronics,513,5,2565,John Doe,Boston,Paypal,Completed
SYN004621,2025-03-14,Smartphone,Electronics,479,2,958,Chris White,Chicago,Paypal,Pending
SYN004622,2025-02-26,Running Shoes,Footwear,62,1,62,Emma Clark,Houston,Credit Card,Pending
SYN004623,2025-03-31,Laptop,Electronics,773,3,2319,Olivia Wilson,Chicago,Amazon Pay,Completed
SYN004624,2025-03-14,Book,Books,17,5,85,David Lee,San Francisco,Credit Card,Pending
SYN004625,2025-11-30,Running Shoes,Footwear,59,1,59,David Lee,San Francisco,Credit Card,Pending
SYN004626,2025-01-01,T-Shirt,Clothing,19,1,19,Emma Clark,New York,Amazon Pay,Completed
SYN004627,2025-04-01,Washing Machine,Home Appliances,616,4,2464,Chris White,Houston,Credit Card,Pending
SYN004628,2025-03-17,Smartwatch,Electronics,157,3,471,David Lee,Boston,Gift Card,Pending
SYN004629,2025-02-07,Laptop,Electronics,826,3,2478,Emma Clark,Denver,Amazon Pay,Completed
SYN004630,2025-09-29,T-Shirt,Clothing,22,1,22,Olivia Wilson,Miami,Credit Card,Pending
SYN004631,2025-03-18,Laptop,Electronics,844,5,4220,Michael Brown,Miami,Debit Card,Pending
SYN004632,2025-06-07,Running Shoes,Footwear,67,2,134,David Lee,Houston,Debit Card,Cancelled
SYN004633,2025-03-26,Headphones,Electronics,98,4,392,Emily Johnson,San Francisco,Debit Card,Pending
SYN004634,2025-03-01,Jeans,Clothing,39,2,78,Michael Brown,Los Angeles,Gift Card,Cancelled
SYN004635,2025-03-18,Laptop,Electronics,859,3,2577,John Doe,New York,Paypal,Pending
SYN004636,2025-03-04,Refrigerator,Home Appliances,1225,1,1225,Olivia Wilson,Seattle,Paypal,Completed
SYN004637,2025-04-01,Headphones,Electronics,96,4,384,Jane Smith,San Francisco,Amazon Pay,Pending
SYN004638,2025-06-02,Smartphone,Electronics,500,4,2000,Emma Clark,Houston,Credit Card,Completed
SYN004639,2025-03-22,Washing Machine,Home Appliances,518,1,518,John Doe,Miami,Credit Card,Completed
SYN004640,2025-09-29,Book,Books,15,1,15,Emma Clark,Seattle,Gift Card,Pending
SYN004641,2025-03-19,T-Shirt,Clothing,21,2,42,Chris White,Miami,Gift Card,Cancelled
SYN004642,2025-09-06,T-Shirt,Clothing,20,4,80,Emma Clark,Houston,Debit Card,Completed
SYN004643,2025-03-28,Running Shoes,Footwear,58,3,174,Emma Clark,San Francisco,Credit Card,Pending
SYN004644,2025-06-01,Washing Machine,Home Appliances,555,2,1110,David Lee,Dallas,Gift Card,Cancelled
SYN004645,2025-03-17,Smartwatch,Electronics,148,2,296,Emma Clark,Los Angeles,Gift Card,Cancelled
SYN004646,2025-01-07,Laptop,Electronics,809,2,1618,Daniel Harris,San Francisco,Gift Card,Pending
SYN004647,2025-07-27,Book,Books,15,1,15,Jane Smith,Miami,Amazon Pay,Cancelled
SYN004648,2025-03-09,Jeans,Clothing,39,4,156,Michael Brown,Dallas,Credit Card,Completed
SYN004649,2025-03-22,Jeans,Clothing,38,5,190,Michael Brown,New York,Paypal,Completed
SYN004650,2025-05-06,T-Shirt,Clothing,20,2,40,Chris White,Denver,Debit Card,Cancelled
SYN004651,2025-03-17,Refrigerator,Home Appliances,1190,3,3570,Chris White,Dallas,Credit Card,Cancelled
SYN004652,2025-05-02,T-Shirt,Clothing,20,2,40,Chris White,Denver,Debit Card,Cancelled
SYN004653,2025-02-20,Smartphone,Electronics,495,1,495,John Doe,Dallas,Gift Card,Pending
SYN004654,2025-03-09,Smartwatch,Electronics,152,3,456,David Lee,Boston,Gift Card,Pending
SYN004655,2025-02-18,Refrigerator,Home Appliances,1251,4,5004,David Lee,Boston,Gift Card,Pending
SYN004656,2025-03-15,Refrigerator,Home Appliances,1192,3,3576,Daniel Harris,New York,Credit Card,Pending
SYN004657,2025-03-09,Smartwatch,Electronics,156,4,624,Olivia Wilson,Miami,Paypal,Cancelled
SYN004658,2025-09-25,Smartphone,Electronics,469,2,938,Michael Brown,Los Angeles,Amazon Pay,Completed
SYN004659,2025-03-11,Book,Books,14,3,42,Emma Clark,San Francisco,Amazon Pay,Pending
SYN004660,2025-03-24,Book,Books,15,5,75,David Lee,San Francisco,Debit Card,Pending
SYN004661,2025-02-27,Book,Books,15,1,15,Jane Smith,Miami,Credit Card,Cancelled
SYN004662,2025-03-25,Jeans,Clothing,44,5,220,Daniel Harris,Dallas,Paypal,Completed
SYN004663,2025-10-05,Laptop,Electronics,813,5,4065,Olivia Wilson,San Francisco,Paypal,Completed
SYN004664,2025-03-22,Smartphone,Electronics,473,1,473,Jane Smith,Los Angeles,Debit Card,Cancelled
SYN004665,2025-03-21,Laptop,Electronics,848,2,1696,Michael Brown,Denver,Paypal,Cancelled
SYN004666,2025-09-26,Smartwatch,Electronics,145,3,435,Emma Clark,New York,Debit Card,Pending
SYN004667,2025-12-02,Washing Machine,Home Appliances,584,5,2920,Emma Clark,Miami,Amazon Pay,Pending
SYN004668,2025-03-31,Refrigerator,Home Appliances,1122,5,5610,Olivia Wilson,Chicago,Gift Card,Pending
SYN004669,2025-02-06,Laptop,Electronics,818,2,1636,Olivia Wilson,San Francisco,Paypal,Completed
SYN004670,2025-03-15,Running Shoes,Footwear,58,3,174,Olivia Wilson,Houston,Credit Card,Completed
SYN004671,2025-03-21,Refrigerator,Home Appliances,1245,1,1245,Jane Smith,Miami,Paypal,Completed
SYN004672,2025-02-16,Smartwatch,Electronics,153,5,765,Sophia Miller,San Francisco,Paypal,Pending
SYN004673,2025-03-24,Headphones,Electronics,99,5,495,Jane Smith,San Francisco,Amazon Pay,Pending
SYN004674,2025-02-21,Smartwatch,Electronics,156,5,780,Michael Brown,Boston,Debit Card,Pending
SYN004675,2025-04-08,Laptop,Electronics,831,1,831,Michael Brown,Los Angeles,Credit Card,Cancelled
SYN004676,2025-03-19,T-Shirt,Clothing,19,2,38,Michael Brown,Chicago,Paypal,Pending
SYN004677,2025-02-17,Laptop,Electronics,823,4,3292,Jane Smith,Seattle,Amazon Pay,Pending
SYN004678,2025-02-23,Book,Books,14,4,56,Michael Brown,San Francisco,Credit Card,Completed
SYN004679,2025-02-15,T-Shirt,Clothing,19,3,57,Emma Clark,Dallas,Debit Card,Completed
SYN004680,2025-03-06,Headphones,Electronics,97,2,194,David Lee,Houston,Paypal,Completed
SYN004681,2025-02-15,Washing Machine,Home Appliances,601,1,601,Olivia Wilson,Boston,Debit Card,Cancelled
SYN004682,2025-01-28,Laptop,Electronics,777,2,1554,Olivia Wilson,San Francisco,Paypal,Completed
SYN004683,2025-02-21,Smartwatch,Electronics,145,4,580,Chris White,New York,Debit Card,Cancelled
SYN004684,2025-02-27,Smartphone,Electronics,457,3,1371,Jane Smith,Seattle,Debit Card,Cancelled
SYN004685,2025-07-08,Smartphone,Electronics,565,4,2260,David Lee,Chicago,Gift Card,Pending
SYN004686,2025-03-20,Laptop,Electronics,795,5,3975,Michael Brown,Miami,Debit Card,Pending
SYN004687,2025-03-20,Running Shoes,Footwear,63,2,126,Emma Clark,Boston,Gift Card,Pending
SYN004688,2025-03-15,Smartwatch,Electronics,148,2,296,David Lee,Chicago,Debit Card,Pending
SYN004689,2025-11-08,Jeans,Clothing,40,1,40,Sophia Miller,New York,Gift Card,Cancelled
SYN004690,2025-02-21,T-Shirt,Clothing,19,2,38,David Lee,Dallas,Gift Card,Cancelled
SYN004691,2025-03-16,Jeans,Clothing,40,2,80,Sophia Miller,Dallas,Paypal,Completed
SYN004692,2025-06-30,Smartphone,Electronics,508,2,1016,Olivia Wilson,Chicago,Debit Card,Pending
SYN004693,2025-09-28,T-Shirt,Clothing,19,1,19,Olivia Wilson,Miami,Credit Card,Pending
SYN004694,2025-02-15,Book,Books,16,1,16,Jane Smith,Miami,Credit Card,Cancelled
SYN004695,2025-02-24,Laptop,Electronics,766,4,3064,Daniel Harris,Houston,Gift Card,Pending
SYN004696,2025-02-11,Washing Machine,Home Appliances,629,1,629,Olivia Wilson,Boston,Debit Card,Cancelled
SYN004697,2025-03-26,Jeans,Clothing,39,3,117,Olivia Wilson,Dallas,Credit Card,Cancelled
SYN004698,2025-03-18,Jeans,Clothing,42,5,210,Michael Brown,New York,Paypal,Completed
SYN004699,2025-03-15,Smartwatch,Electronics,150,2,300,Michael Brown,Denver,Paypal,Pending
SYN004700,2025-03-20,Smartwatch,Electronics,142,1,142,Emily Johnson,Seattle,Gift Card,Pending
SYN004701,2025-03-29,Smartwatch,Electronics,154,3,462,Jane Smith,New York,Amazon Pay,Completed
SYN004702,2025-03-30,Smartphone,Electronics,518,1,518,John Doe,Houston,Gift Card,Pending
SYN004703,2025-05-10,T-Shirt,Clothing,21,2,42,Chris White,Denver,Debit Card,Cancelled
SYN004704,2025-11-08,T-Shirt,Clothing,19,5,95,Jane Smith,Denver,Amazon Pay,Completed
SYN004705,2025-01-02,Laptop,Electronics,709,2,1418,Daniel Harris,San Francisco,Gift Card,Pending
SYN004706,2025-03-31,Smartphone,Electronics,477,4,1908,Olivia Wilson,New York,Credit Card,Pending
SYN004707,2025-02-05,Smartphone,Electronics,500,1,500,Sophia Miller,Miami,Paypal,Completed
SYN004708,2025-10-10,Book,Books,15,1,15,Emily Johnson,Boston,Credit Card,Completed
SYN004709,2025-06-07,Refrigerator,Home Appliances,1082,2,2164,John Doe,Denver,Paypal,Completed
SYN004710,2025-05-06,Running Shoes,Footwear,56,4,224,Jane Smith,Dallas,Paypal,Pending
SYN004711,2025-03-28,Smartphone,Electronics,555,4,2220,Olivia Wilson,New York,Credit Card,Pending
SYN004712,2025-11-08,Refrigerator,Home Appliances,1244,1,1244,Jane Smith,New York,Paypal,Cancelled
SYN004713,2025-09-26,Smartwatch,Electronics,151,3,453,Emma Clark,New York,Debit Card,Pending
SYN004714,2025-08-26,Smartwatch,Electronics,167,1,167,John Doe,Denver,Gift Card,Pending
SYN004715,2025-03-10,T-Shirt,Clothing,21,1,21,John Doe,Dallas,Credit Card,Pending
SYN004716,2025-08-09,Running Shoes,Footwear,62,5,310,Jane Smith,Miami,Gift Card,Pending
SYN004717,2025-02-08,T-Shirt,Clothing,19,5,95,Olivia Wilson,Boston,Paypal,Completed
SYN004718,2025-09-06,Smartphone,Electronics,508,2,1016,Olivia Wilson,Chicago,Credit Card,Completed
SYN004719,2025-04-01,Jeans,Clothing,42,5,210,Daniel Harris,Dallas,Paypal,Completed
SYN004720,2025-08-07,Smartwatch,Electronics,156,3,468,Emily Johnson,New York,Debit Card,Cancelled
SYN004721,2025-03-21,Refrigerator,Home Appliances,1254,3,3762,Chris White,Dallas,Credit Card,Cancelled
SYN004722,2025-03-14,Smartwatch,Electronics,150,2,300,Michael Brown,Denver,Paypal,Pending
SYN004723,2025-02-25,Smartwatch,Electronics,145,4,580,John Doe,Seattle,Credit Card,Completed
SYN004724,2025-03-01,Headphones,Electronics,100,1,100,Jane Smith,Chicago,Amazon Pay,Completed
SYN004725,2025-11-30,Book,Books,15,5,75,Jane Smith,Dallas,Credit Card,Pending
SYN004726,2025-10-10,Book,Books,15,1,15,Emily Johnson,Boston,Credit Card,Completed
SYN004727,2025-02-22,Laptop,Electronics,789,4,3156,Jane Smith,Seattle,Amazon Pay,Pending
SYN004728,2025-01-07,Headphones,Electronics,101,2,202,John Doe,Denver,Debit Card,Completed
SYN004729,2025-03-28,Jeans,Clothing,42,5,210,David Lee,New York,Debit Card,Cancelled
SYN004730,2025-12-09,Smartphone,Electronics,461,1,461,Sophia Miller,Denver,Credit Card,Cancelled
SYN004731,2025-02-05,Laptop,Electronics,736,3,2208,Emma Clark,Denver,Amazon Pay,Completed
SYN004732,2025-03-22,Smartphone,Electronics,517,1,517,John Doe,Houston,Gift Card,Pending
SYN004733,2025-06-10,Refrigerator,Home Appliances,1276,5,6380,David Lee,Denver,Paypal,Cancelled
SYN004734,2025-02-18,Smartphone,Electronics,501,2,1002,Daniel Harris,Miami,Credit Card,Cancelled
SYN004735,2025-03-21,Refrigerator,Home Appliances,1189,1,1189,Daniel Harris,Dallas,Paypal,Completed
SYN004736,2025-03-28,Washing Machine,Home Appliances,560,3,1680,Michael Brown,Miami,Credit Card,Cancelled
SYN004737,2025-03-13,Jeans,Clothing,39,1,39,Jane Smith,Boston,Debit Card,Pending
SYN004738,2025-08-08,Smartphone,Electronics,475,4,1900,Chris White,Boston,Gift Card,Pending
SYN004739,2025-05-31,Refrigerator,Home Appliances,1253,5,6265,David Lee,Denver,Paypal,Cancelled
SYN004740,2025-03-31,Jeans,Clothing,39,2,78,David Lee,Denver,Amazon Pay,Cancelled
SYN004741,2025-03-15,Headphones,Electronics,98,4,392,Emily Johnson,San Francisco,Debit Card,Pending
SYN004742,2025-03-31,Refrigerator,Home Appliances,1209,5,6045,Olivia Wilson,Chicago,Gift Card,Pending
SYN004743,2025-03-11,Smartphone,Electronics,500,1,500,Jane Smith,Los Angeles,Debit Card,Cancelled
SYN004744,2025-07-02,Headphones,Electronics,91,4,364,Olivia Wilson,Seattle,Debit Card,Pending
SYN004745,2025-03-27,Running Shoes,Footwear,58,5,290,Emma Clark,Los Angeles,Credit Card,Cancelled
SYN004746,2025-02-22,Laptop,Electronics,776,1,776,Emma Clark,San Francisco,Gift Card,Pending
SYN004747,2025-03-12,Headphones,Electronics,106,3,318,Jane Smith,Chicago,Amazon Pay,Cancelled
SYN004748,2025-02-27,Smartwatch,Electronics,158,5,790,Michael Brown,Boston,Debit Card,Pending
SYN004749,2025-12-09,Book,Books,16,5,80,Jane Smith,Dallas,Credit Card,Pending
SYN004750,2025-03-09,Smartphone,Electronics,489,3,1467,Sophia Miller,Miami,Gift Card,Completed
SYN004751,2025-03-29,Refrigerator,Home Appliances,1234,4,4936,Jane Smith,Dallas,Gift Card,Cancelled
SYN004752,2025-03-03,Jeans,Clothing,38,5,190,Emily Johnson,New York,Debit Card,Pending
SYN004753,2025-02-21,Smartphone,Electronics,506,3,1518,Chris White,Dallas,Credit Card,Completed
SYN004754,2025-02-23,Smartwatch,Electronics,155,4,620,John Doe,Seattle,Credit Card,Completed
SYN004755,2025-03-11,Smartphone,Electronics,489,2,978,Olivia Wilson,Boston,Paypal,Cancelled
SYN004756,2025-03-18,Smartphone,Electronics,473,2,946,Chris White,Chicago,Paypal,Pending
SYN004757,2025-07-30,Smartwatch,Electronics,152,2,304,Michael Brown,Seattle,Debit Card,Cancelled
SYN004758,2025-03-30,Jeans,Clothing,39,1,39,Sophia Miller,Dallas,Debit Card,Cancelled
SYN004759,2025-09-26,Smartwatch,Electronics,157,5,785,David Lee,Boston,Paypal,Completed
SYN004760,2025-08-03,Book,Books,16,1,16,Jane Smith,Miami,Amazon Pay,Cancelled
SYN004761,2025-05-10,T-Shirt,Clothing,21,2,42,Chris White,Denver,Debit Card,Cancelled
SYN004762,2025-02-17,Book,Books,15,1,15,Emma Clark,Houston,Gift Card,Cancelled
SYN004763,2025-02-25,Smartphone,Electronics,543,4,2172,Emily Johnson,Seattle,Amazon Pay,Completed
SYN004764,2025-03-14,Smartwatch,Electronics,146,4,584,Olivia Wilson,Miami,Paypal,Cancelled
SYN004765,2025-06-06,Refrigerator,Home Appliances,1247,2,2494,Chris White,Seattle,Debit Card,Pending
SYN004766,2025-04-03,Jeans,Clothing,43,1,43,Sophia Miller,Dallas,Debit Card,Cancelled
SYN004767,2025-06-04,Laptop,Electronics,754,1,754,Jane Smith,Los Angeles,Amazon Pay,Cancelled
SYN004768,2025-02-23,T-Shirt,Clothing,20,2,40,David Lee,Dallas,Gift Card,Cancelled
SYN004769,2025-03-23,Refrigerator,Home Appliances,1244,1,1244,Jane Smith,Miami,Paypal,Completed
SYN004770,2025-03-24,Smartwatch,Electronics,159,4,636,Emma Clark,Houston,Paypal,Completed
SYN004771,2025-03-30,Headphones,Electronics,95,4,380,Jane Smith,San Francisco,Amazon Pay,Pending
SYN004772,2025-04-06,Book,Books,14,5,70,David Lee,Chicago,Amazon Pay,Pending
SYN004773,2025-04-03,Washing Machine,Home Appliances,557,4,2228,Chris White,Houston,Credit Card,Pending
SYN004774,2025-02-28,Headphones,Electronics,101,1,101,Jane Smith,Chicago,Amazon Pay,Completed
SYN004775,2025-02-12,Running Shoes,Footwear,56,1,56,Jane Smith,Houston,Gift Card,Cancelled
SYN004776,2025-03-26,Smartwatch,Electronics,157,3,471,Jane Smith,New York,Amazon Pay,Completed
SYN004777,2025-02-10,T-Shirt,Clothing,21,5,105,Jane Smith,New York,Credit Card,Pending
SYN004778,2025-11-30,Running Shoes,Footwear,60,1,60,David Lee,San Francisco,Credit Card,Pending
SYN004779,2025-09-01,Smartwatch,Electronics,150,1,150,John Doe,Denver,Gift Card,Pending
SYN004780,2025-04-01,Laptop,Electronics,823,1,823,Michael Brown,Los Angeles,Credit Card,Cancelled
SYN004781,2025-02-05,T-Shirt,Clothing,20,5,100,Emma Clark,Denver,Paypal,Completed
SYN004782,2025-02-01,Headphones,Electronics,95,5,475,Emma Clark,Miami,Amazon Pay,Cancelled
SYN004783,2025-02-10,T-Shirt,Clothing,19,5,95,Emma Clark,Denver,Paypal,Completed
SYN004784,2025-06-05,Smartphone,Electronics,506,3,1518,Emily Johnson,Chicago,Paypal,Completed
SYN004785,2025-02-23,Smartphone,Electronics,523,4,2092,Emma Clark,Chicago,Debit Card,Completed
SYN004786,2025-03-09,Smartwatch,Electronics,151,3,453,David Lee,Boston,Gift Card,Pending
SYN004787,2025-02-26,Headphones,Electronics,108,2,216,David Lee,Houston,Paypal,Completed
SYN004788,2025-06-29,Running Shoes,Footwear,59,1,59,Emma Clark,Houston,Paypal,Completed
SYN004789,2025-03-22,T-Shirt,Clothing,22,2,44,Chris White,Miami,Gift Card,Cancelled
SYN004790,2025-01-01,Laptop,Electronics,778,2,1556,Daniel Harris,San Francisco,Gift Card,Pending
SYN004791,2025-03-27,Washing Machine,Home Appliances,584,1,584,John Doe,Miami,Credit Card,Completed
SYN004792,2025-04-01,Laptop,Electronics,853,1,853,Michael Brown,Los Angeles,Credit Card,Cancelled
SYN004793,2025-03-14,Refrigerator,Home Appliances,1169,2,2338,Olivia Wilson,Seattle,Credit Card,Completed
SYN004794,2025-03-20,Refrigerator,Home Appliances,1175,3,3525,Emma Clark,Los Angeles,Credit Card,Completed
SYN004795,2025-07-07,T-Shirt,Clothing,19,1,19,Daniel Harris,New York,Amazon Pay,Pending
SYN004796,2025-05-03,Refrigerator,Home Appliances,1222,4,4888,Sophia Miller,Seattle,Credit Card,Pending
SYN004797,2025-02-09,T-Shirt,Clothing,21,2,42,David Lee,Dallas,Gift Card,Cancelled
SYN004798,2025-03-20,Jeans,Clothing,40,5,200,Daniel Harris,Seattle,Credit Card,Cancelled
SYN004799,2025-07-31,T-Shirt,Clothing,18,4,72,Jane Smith,Denver,Credit Card,Pending
SYN004800,2025-03-15,Smartphone,Electronics,476,2,952,Chris White,Chicago,Paypal,Pending
SYN004801,2025-03-10,Running Shoes,Footwear,56,5,280,Emma Clark,Miami,Debit Card,Completed
SYN004802,2025-09-07,Smartwatch,Electronics,147,1,147,John Doe,Denver,Gift Card,Pending
SYN004803,2025-02-24,Headphones,Electronics,105,2,210,Daniel Harris,Boston,Paypal,Pending
SYN004804,2025-02-22,Smartphone,Electronics,509,5,2545,Olivia Wilson,Dallas,Amazon Pay,Pending
SYN004805,2025-03-24,Smartwatch,Electronics,143,1,143,Chris White,Houston,Debit Card,Pending
SYN004806,2025-03-08,Smartwatch,Electronics,155,2,310,David Lee,Chicago,Debit Card,Pending
SYN004807,2025-02-28,Laptop,Electronics,786,1,786,Emma Clark,San Francisco,Gift Card,Pending
SYN004808,2025-09-01,Refrigerator,Home Appliances,1293,2,2586,Sophia Miller,Boston,Paypal,Cancelled
SYN004809,2025-03-21,Laptop,Electronics,818,2,1636,Michael Brown,Denver,Paypal,Cancelled
SYN004810,2025-02-28,Laptop,Electronics,841,4,3364,Daniel Harris,Houston,Gift Card,Pending
SYN004811,2025-09-26,Smartphone,Electronics,502,4,2008,Michael Brown,Seattle,Paypal,Pending
SYN004812,2025-03-29,Smartwatch,Electronics,149,5,745,Daniel Harris,Houston,Amazon Pay,Completed
SYN004813,2025-02-26,Running Shoes,Footwear,66,2,132,David Lee,Los Angeles,Debit Card,Cancelled
SYN004814,2025-03-23,Jeans,Clothing,36,1,36,Olivia Wilson,Seattle,Paypal,Cancelled
SYN004815,2025-02-17,T-Shirt,Clothing,20,5,100,Olivia Wilson,Boston,Paypal,Completed
SYN004816,2025-03-18,Running Shoes,Footwear,56,4,224,Emily Johnson,Los Angeles,Paypal,Completed
SYN004817,2025-04-01,Washing Machine,Home Appliances,618,1,618,Emma Clark,Seattle,Debit Card,Pending
SYN004818,2025-02-24,Headphones,Electronics,105,2,210,Daniel Harris,Boston,Paypal,Pending
SYN004819,2025-02-17,Laptop,Electronics,770,3,2310,Chris White,Miami,Debit Card,Pending
SYN004820,2025-02-07,Book,Books,16,5,80,Sophia Miller,Seattle,Amazon Pay,Completed
SYN004821,2025-03-25,Book,Books,15,5,75,David Lee,San Francisco,Debit Card,Pending
SYN004822,2025-02-21,Running Shoes,Footwear,61,2,122,Chris White,Houston,Paypal,Completed
SYN004823,2025-03-21,Refrigerator,Home Appliances,1093,1,1093,Jane Smith,Miami,Paypal,Completed
SYN004824,2025-07-29,Smartphone,Electronics,485,3,1455,Sophia Miller,Denver,Credit Card,Pending
SYN004825,2025-10-03,Smartwatch,Electronics,148,3,444,Emma Clark,New York,Debit Card,Pending
SYN004826,2025-03-22,Laptop,Electronics,722,3,2166,John Doe,Miami,Credit Card,Cancelled
SYN004827,2025-10-28,Refrigerator,Home Appliances,1094,1,1094,Jane Smith,New York,Paypal,Cancelled
SYN004828,2025-03-20,Running Shoes,Footwear,64,4,256,Emily Johnson,Los Angeles,Paypal,Completed
SYN004829,2025-03-26,Refrigerator,Home Appliances,1201,1,1201,Daniel Harris,Dallas,Paypal,Completed
SYN004830,2025-04-04,Jeans,Clothing,37,1,37,Sophia Miller,Dallas,Debit Card,Cancelled
SYN004831,2025-08-05,Book,Books,15,1,15,Jane Smith,Miami,Amazon Pay,Cancelled
SYN004832,2025-02-17,Book,Books,15,1,15,Emma Clark,Houston,Gift Card,Cancelled
SYN004833,2025-03-23,Smartwatch,Electronics,160,3,480,Jane Smith,New York,Amazon Pay,Completed
SYN004834,2025-03-24,Headphones,Electronics,99,2,198,Daniel Harris,Houston,Credit Card,Completed
SYN004835,2025-07-09,Laptop,Electronics,841,3,2523,Daniel Harris,Houston,Credit Card,Pending
SYN004836,2025-03-06,Smartwatch,Electronics,139,2,278,David Lee,Chicago,Debit Card,Pending
SYN004837,2025-03-15,Running Shoes,Footwear,58,5,290,Emma Clark,Miami,Debit Card,Completed
SYN004838,2025-02-24,Refrigerator,Home Appliances,1252,1,1252,John Doe,Boston,Credit Card,Cancelled
SYN004839,2025-08-01,T-Shirt,Clothing,20,4,80,Jane Smith,Denver,Credit Card,Pending
SYN004840,2025-05-06,Headphones,Electronics,102,3,306,Chris White,Miami,Debit Card,Cancelled
SYN004841,2025-02-27,Smartwatch,Electronics,156,2,312,Daniel Harris,Houston,Paypal,Completed
SYN004842,2025-05-04,Smartphone,Electronics,507,5,2535,John Doe,Boston,Paypal,Completed
SYN004843,2025-04-04,Headphones,Electronics,101,4,404,Jane Smith,San Francisco,Amazon Pay,Pending
SYN004844,2025-03-29,Laptop,Electronics,785,3,2355,Olivia Wilson,Chicago,Amazon Pay,Completed
SYN004845,2025-02-27,T-Shirt,Clothing,21,1,21,Daniel Harris,New York,Credit Card,Completed
SYN004846,2025-11-05,Smartwatch,Electronics,151,5,755,John Doe,Los Angeles,Credit Card,Cancelled
SYN004847,2025-03-28,Washing Machine,Home Appliances,634,4,2536,Chris White,Houston,Credit Card,Pending
SYN004848,2025-02-17,Running Shoes,Footwear,60,3,180,Olivia Wilson,Dallas,Credit Card,Pending
SYN004849,2025-03-08,T-Shirt,Clothing,20,1,20,John Doe,Dallas,Credit Card,Pending
SYN004850,2025-02-16,Laptop,Electronics,793,5,3965,Emily Johnson,Denver,Paypal,Completed
SYN004851,2025-01-28,T-Shirt,Clothing,21,5,105,Emma Clark,Denver,Paypal,Completed
SYN004852,2025-05-29,Smartphone,Electronics,451,4,1804,Emma Clark,Houston,Credit Card,Completed
SYN004853,2025-09-25,T-Shirt,Clothing,19,1,19,Olivia Wilson,Miami,Credit Card,Pending
SYN004854,2025-02-22,Refrigerator,Home Appliances,1152,1,1152,Olivia Wilson,Seattle,Paypal,Completed
SYN004855,2025-05-02,Smartphone,Electronics,519,5,2595,John Doe,Boston,Paypal,Completed
SYN004856,2025-02-13,Washing Machine,Home Appliances,489,1,489,Olivia Wilson,Boston,Debit Card,Cancelled
SYN004857,2025-04-08,Book,Books,15,1,15,Olivia Wilson,New York,Debit Card,Cancelled
SYN004858,2025-02-25,Book,Books,14,3,42,Chris White,Boston,Gift Card,Cancelled
SYN004859,2025-04-01,Smartwatch,Electronics,138,2,276,Emma Clark,Boston,Debit Card,Completed
SYN004860,2025-03-20,Smartwatch,Electronics,150,2,300,Emma Clark,Los Angeles,Gift Card,Cancelled
SYN004861,2025-02-11,Washing Machine,Home Appliances,595,5,2975,Michael Brown,Seattle,Debit Card,Completed
SYN004862,2025-03-30,Jeans,Clothing,39,2,78,David Lee,Denver,Amazon Pay,Cancelled
SYN004863,2025-03-13,Smartwatch,Electronics,155,3,465,Sophia Miller,San Francisco,Debit Card,Completed
SYN004864,2025-04-28,Running Shoes,Footwear,58,5,290,Jane Smith,Dallas,Paypal,Pending
SYN004865,2025-03-11,Headphones,Electronics,103,1,103,Olivia Wilson,Denver,Paypal,Completed
SYN004866,2025-02-18,Smartwatch,Electronics,145,5,725,Sophia Miller,San Francisco,Paypal,Pending
SYN004867,2025-03-11,Smartphone,Electronics,495,2,990,Chris White,Chicago,Paypal,Pending
SYN004868,2025-03-15,Laptop,Electronics,796,4,3184,Emma Clark,Los Angeles,Amazon Pay,Completed
SYN004869,2025-02-16,Running Shoes,Footwear,61,2,122,John Doe,Denver,Amazon Pay,Cancelled
SYN004870,2025-11-26,Running Shoes,Footwear,59,2,118,Michael Brown,Denver,Gift Card,Completed
SYN004871,2025-03-23,Smartwatch,Electronics,137,5,685,Daniel Harris,Houston,Amazon Pay,Completed
SYN004872,2025-02-25,Smartphone,Electronics,546,1,546,John Doe,Dallas,Gift Card,Pending
SYN004873,2025-02-22,Smartphone,Electronics,501,1,501,Emily Johnson,Denver,Amazon Pay,Completed
SYN004874,2025-03-03,Refrigerator,Home Appliances,1238,4,4952,David Lee,Boston,Gift Card,Pending
SYN004875,2025-03-29,Laptop,Electronics,800,5,4000,Michael Brown,Miami,Debit Card,Pending
SYN004876,2025-08-09,Book,Books,15,1,15,Jane Smith,Miami,Amazon Pay,Cancelled
SYN004877,2025-02-25,T-Shirt,Clothing,19,1,19,Daniel Harris,New York,Credit Card,Completed
SYN004878,2025-02-26,Laptop,Electronics,846,3,2538,Chris White,Miami,Debit Card,Pending
SYN004879,2025-03-22,Smartwatch,Electronics,142,2,284,Olivia Wilson,Miami,Debit Card,Completed
SYN004880,2025-02-14,Running Shoes,Footwear,60,2,120,Chris White,Houston,Paypal,Completed
SYN004881,2025-09-28,Smartphone,Electronics,538,3,1614,Olivia Wilson,Denver,Gift Card,Cancelled
SYN004882,2025-06-05,Headphones,Electronics,106,4,424,Emily Johnson,Los Angeles,Amazon Pay,Cancelled
SYN004883,2025-03-24,Refrigerator,Home Appliances,1134,2,2268,Olivia Wilson,Seattle,Credit Card,Completed
SYN004884,2025-03-17,Laptop,Electronics,814,6,4884,Michael Brown,Miami,Debit Card,Pending
SYN004885,2025-03-21,Running Shoes,Footwear,53,3,159,Olivia Wilson,Miami,Amazon Pay,Completed
SYN004886,2025-05-03,Running Shoes,Footwear,58,4,232,Chris White,Chicago,Amazon Pay,Completed
SYN004887,2025-02-24,Refrigerator,Home Appliances,1157,4,4628,David Lee,Boston,Gift Card,Pending
SYN004888,2025-03-18,Smartphone,Electronics,453,1,453,Jane Smith,Chicago,Paypal,Cancelled
SYN004889,2025-07-27,Running Shoes,Footwear,54,5,270,Jane Smith,Miami,Gift Card,Pending
SYN004890,2025-08-07,T-Shirt,Clothing,20,3,60,Sophia Miller,Boston,Paypal,Completed
SYN004891,2025-03-20,Headphones,Electronics,108,1,108,Olivia Wilson,Denver,Paypal,Completed
SYN004892,2025-02-13,T-Shirt,Clothing,20,5,100,Olivia Wilson,Boston,Paypal,Completed
SYN004893,2025-02-19,Smartphone,Electronics,540,1,540,Emily Johnson,Denver,Amazon Pay,Completed
SYN004894,2025-03-18,Smartwatch,Electronics,147,4,588,Olivia Wilson,Miami,Paypal,Cancelled
SYN004895,2025-03-15,T-Shirt,Clothing,21,1,21,John Doe,Dallas,Credit Card,Pending
SYN004896,2025-02-18,Headphones,Electronics,104,1,104,Emily Johnson,Los Angeles,Credit Card,Completed
SYN004897,2025-02-21,Smartphone,Electronics,479,4,1916,Emily Johnson,Seattle,Amazon Pay,Completed
SYN004898,2025-09-30,Book,Books,15,2,30,Chris White,Los Angeles,Debit Card,Completed
SYN004899,2025-10-30,Jeans,Clothing,40,1,40,Sophia Miller,New York,Gift Card,Cancelled
SYN004900,2025-05-28,Smartphone,Electronics,496,3,1488,Emily Johnson,Chicago,Paypal,Completed
SYN004901,2025-02-18,Smartphone,Electronics,466,2,932,Daniel Harris,Miami,Credit Card,Cancelled
SYN004902,2025-03-21,Smartwatch,Electronics,152,3,456,Sophia Miller,San Francisco,Debit Card,Completed
SYN004903,2025-03-29,Refrigerator,Home Appliances,1111,3,3333,David Lee,Boston,Gift Card,Completed
SYN004904,2025-06-09,Washing Machine,Home Appliances,609,2,1218,David Lee,Dallas,Gift Card,Cancelled
SYN004905,2025-05-05,Smartphone,Electronics,519,5,2595,John Doe,Boston,Paypal,Completed
SYN004906,2025-03-17,Refrigerator,Home Appliances,1165,1,1165,Daniel Harris,Dallas,Paypal,Completed
SYN004907,2025-03-31,Refrigerator,Home Appliances,1220,3,3660,David Lee,Boston,Gift Card,Completed
SYN004908,2025-02-14,Washing Machine,Home Appliances,648,5,3240,Michael Brown,Seattle,Debit Card,Completed
SYN004909,2025-01-06,T-Shirt,Clothing,21,1,21,Emma Clark,New York,Amazon Pay,Completed
SYN004910,2025-03-20,Smartwatch,Electronics,133,5,665,Daniel Harris,Houston,Amazon Pay,Completed
SYN004911,2025-03-12,Smartphone,Electronics,498,1,498,David Lee,Miami,Gift Card,Pending
SYN004912,2025-02-08,Laptop,Electronics,793,2,1586,Olivia Wilson,San Francisco,Paypal,Completed
SYN004913,2025-03-24,Washing Machine,Home Appliances,594,1,594,John Doe,Miami,Credit Card,Completed
SYN004914,2025-05-09,Running Shoes,Footwear,59,2,118,Chris White,Houston,Amazon Pay,Completed
SYN004915,2025-03-20,T-Shirt,Clothing,21,3,63,Olivia Wilson,Chicago,Paypal,Pending
SYN004916,2025-11-02,Smartwatch,Electronics,147,5,735,John Doe,Los Angeles,Credit Card,Cancelled
SYN004917,2025-01-29,Headphones,Electronics,105,5,525,Emma Clark,Miami,Amazon Pay,Cancelled
SYN004918,2025-02-22,Headphones,Electronics,98,1,98,David Lee,Houston,Debit Card,Cancelled
SYN004919,2025-03-20,Smartphone,Electronics,512,2,1024,Olivia Wilson,Boston,Paypal,Cancelled
SYN004920,2025-02-15,Headphones,Electronics,102,3,306,David Lee,Houston,Paypal,Cancelled
SYN004921,2025-04-06,Headphones,Electronics,98,4,392,Jane Smith,San Francisco,Amazon Pay,Pending
SYN004922,2025-12-02,Running Shoes,Footwear,57,2,114,Michael Brown,Denver,Gift Card,Completed
SYN004923,2025-03-21,Smartphone,Electronics,524,2,1048,Olivia Wilson,Boston,Paypal,Cancelled
SYN004924,2025-08-08,Smartwatch,Electronics,138,3,414,Emily Johnson,New York,Debit Card,Cancelled
SYN004925,2025-03-18,T-Shirt,Clothing,19,3,57,Olivia Wilson,Chicago,Paypal,Pending
SYN004926,2025-03-24,Headphones,Electronics,103,3,309,Chris White,New York,Debit Card,Pending
SYN004927,2025-03-22,Smartwatch,Electronics,149,3,447,David Lee,Boston,Gift Card,Pending
SYN004928,2025-09-30,Headphones,Electronics,97,5,485,John Doe,Houston,Amazon Pay,Completed
SYN004929,2025-03-09,Jeans,Clothing,40,2,80,Sophia Miller,Dallas,Paypal,Completed
SYN004930,2025-02-17,Smartphone,Electronics,471,3,1413,Jane Smith,Seattle,Debit Card,Cancelled
SYN004931,2025-03-31,Book,Books,16,5,80,Olivia Wilson,Chicago,Amazon Pay,Pending
SYN004932,2025-11-01,Headphones,Electronics,101,3,303,Michael Brown,Houston,Debit Card,Cancelled
SYN004933,2025-03-26,Running Shoes,Footwear,61,4,244,Emily Johnson,Los Angeles,Paypal,Completed
SYN004934,2025-03-13,Jeans,Clothing,46,5,230,Michael Brown,New York,Paypal,Completed
SYN004935,2025-09-05,Smartwatch,Electronics,153,1,153,John Doe,Denver,Gift Card,Pending
SYN004936,2025-09-09,Smartphone,Electronics,499,2,998,Olivia Wilson,Chicago,Credit Card,Completed
SYN004937,2025-02-18,Book,Books,15,1,15,John Doe,Boston,Amazon Pay,Completed
SYN004938,2025-03-17,Book,Books,15,1,15,David Lee,New York,Amazon Pay,Pending
SYN004939,2025-03-14,Headphones,Electronics,100,2,200,Daniel Harris,Miami,Paypal,Pending
SYN004940,2025-09-25,Washing Machine,Home Appliances,671,3,2013,Emily Johnson,Dallas,Gift Card,Cancelled
SYN004941,2025-03-18,Smartwatch,Electronics,137,3,411,David Lee,Boston,Gift Card,Pending
SYN004942,2025-03-14,Headphones,Electronics,100,2,200,Daniel Harris,Houston,Credit Card,Completed
SYN004943,2025-03-12,Jeans,Clothing,38,2,76,Sophia Miller,Dallas,Paypal,Completed
SYN004944,2025-03-16,Smartwatch,Electronics,150,5,750,Daniel Harris,Houston,Amazon Pay,Completed
SYN004945,2025-03-19,Running Shoes,Footwear,60,4,240,Emily Johnson,Los Angeles,Paypal,Completed
SYN004946,2025-11-05,Refrigerator,Home Appliances,1275,1,1275,Jane Smith,New York,Paypal,Cancelled
SYN004947,2025-03-30,Jeans,Clothing,39,1,39,Olivia Wilson,Seattle,Paypal,Cancelled
SYN004948,2025-08-02,Smartwatch,Electronics,134,3,402,Emily Johnson,New York,Debit Card,Cancelled
SYN004949,2025-02-23,Smartwatch,Electronics,149,5,745,Michael Brown,Boston,Debit Card,Pending
SYN004950,2025-03-03,Washing Machine,Home Appliances,643,1,643,Jane Smith,Dallas,Amazon Pay,Completed
SYN004951,2025-03-24,Jeans,Clothing,40,5,200,Daniel Harris,Dallas,Paypal,Completed
SYN004952,2025-10-05,Laptop,Electronics,793,5,3965,Olivia Wilson,San Francisco,Paypal,Completed
SYN004953,2025-07-02,Smartphone,Electronics,456,5,2280,David Lee,Chicago,Gift Card,Pending
SYN004954,2025-03-25,Headphones,Electronics,100,4,400,Emily Johnson,San Francisco,Debit Card,Pending
SYN004955,2025-02-04,T-Shirt,Clothing,19,5,95,Jane Smith,New York,Credit Card,Pending
SYN004956,2025-03-16,Book,Books,16,1,16,David Lee,New York,Amazon Pay,Pending
SYN004957,2024-12-28,T-Shirt,Clothing,20,1,20,Emma Clark,New York,Amazon Pay,Completed
SYN004958,2025-09-09,Running Shoes,Footwear,58,2,116,Emily Johnson,Denver,Gift Card,Cancelled
SYN004959,2025-02-27,Running Shoes,Footwear,61,1,61,Emma Clark,Houston,Credit Card,Pending
SYN004960,2025-02-21,Refrigerator,Home Appliances,1192,4,4768,David Lee,Boston,Gift Card,Pending
SYN004961,2025-07-04,Smartphone,Electronics,534,2,1068,Olivia Wilson,Chicago,Debit Card,Pending
SYN004962,2025-09-05,Refrigerator,Home Appliances,1099,2,2198,Sophia Miller,Boston,Paypal,Cancelled
SYN004963,2025-02-21,Headphones,Electronics,111,4,444,Daniel Harris,New York,Gift Card,Cancelled
SYN004964,2025-03-25,Book,Books,14,1,14,Michael Brown,Boston,Amazon Pay,Completed
SYN004965,2025-08-29,Running Shoes,Footwear,59,2,118,Emily Johnson,Denver,Gift Card,Cancelled
SYN004966,2025-11-07,T-Shirt,Clothing,20,5,100,Jane Smith,Denver,Amazon Pay,Completed
SYN004967,2025-02-27,Washing Machine,Home Appliances,686,4,2744,Emma Clark,Houston,Gift Card,Cancelled
SYN004968,2025-05-07,T-Shirt,Clothing,21,2,42,Chris White,Denver,Debit Card,Cancelled
SYN004969,2025-02-22,Washing Machine,Home Appliances,660,1,660,Jane Smith,Dallas,Amazon Pay,Completed
SYN004970,2025-03-19,Laptop,Electronics,722,4,2888,Emma Clark,Los Angeles,Amazon Pay,Completed
SYN004971,2025-02-14,Headphones,Electronics,98,4,392,Daniel Harris,New York,Gift Card,Cancelled
SYN004972,2025-06-05,Running Shoes,Footwear,60,2,120,David Lee,Houston,Debit Card,Cancelled
SYN004973,2025-02-23,T-Shirt,Clothing,20,1,20,Daniel Harris,New York,Credit Card,Completed
SYN004974,2025-02-28,Headphones,Electronics,98,1,98,David Lee,Houston,Debit Card,Cancelled
SYN004975,2025-03-19,Headphones,Electronics,103,2,206,Daniel Harris,Miami,Paypal,Pending
SYN004976,2025-03-23,T-Shirt,Clothing,19,2,38,Daniel Harris,Miami,Debit Card,Cancelled
SYN004977,2025-06-03,Washing Machine,Home Appliances,558,2,1116,David Lee,Dallas,Gift Card,Cancelled
SYN004978,2025-02-24,Refrigerator,Home Appliances,1205,1,1205,John Doe,Boston,Credit Card,Cancelled
SYN004979,2025-03-26,Running Shoes,Footwear,59,3,177,Emma Clark,San Francisco,Credit Card,Pending
SYN004980,2025-10-02,Smartwatch,Electronics,144,3,432,Michael Brown,Denver,Debit Card,Completed
SYN004981,2025-06-05,Refrigerator,Home Appliances,1253,2,2506,Chris White,Seattle,Debit Card,Pending
SYN004982,2025-01-01,Laptop,Electronics,816,2,1632,Daniel Harris,San Francisco,Gift Card,Pending
SYN004983,2025-02-16,T-Shirt,Clothing,19,3,57,Emma Clark,Dallas,Debit Card,Completed
SYN004984,2025-03-17,Book,Books,15,1,15,David Lee,New York,Amazon Pay,Pending
SYN004985,2025-03-26,Book,Books,14,5,70,David Lee,San Francisco,Debit Card,Pending
SYN004986,2025-09-26,Smartphone,Electronics,530,2,1060,Michael Brown,Los Angeles,Amazon Pay,Completed
SYN004987,2025-06-06,Laptop,Electronics,827,1,827,Jane Smith,Los Angeles,Amazon Pay,Cancelled
SYN004988,2025-10-03,Smartwatch,Electronics,160,3,480,Michael Brown,Denver,Debit Card,Completed
SYN004989,2025-02-23,Smartphone,Electronics,511,5,2555,Emily Johnson,Miami,Credit Card,Cancelled
SYN004990,2025-04-30,Running Shoes,Footwear,57,4,228,Chris White,Chicago,Amazon Pay,Completed
SYN004991,2025-06-01,Washing Machine,Home Appliances,604,3,1812,Olivia Wilson,Denver,Gift Card,Cancelled
SYN004992,2025-03-17,Running Shoes,Footwear,62,2,124,Emma Clark,Boston,Gift Card,Pending
SYN004993,2025-02-07,Headphones,Electronics,95,5,475,Emma Clark,Miami,Amazon Pay,Cancelled
SYN004994,2025-03-30,Washing Machine,Home Appliances,647,4,2588,Chris White,Houston,Credit Card,Pending
SYN004995,2025-11-30,Smartphone,Electronics,467,1,467,Sophia Miller,Denver,Credit Card,Cancelled
SYN004996,2025-03-13,Smartwatch,Electronics,152,2,304,David Lee,Chicago,Debit Card,Pending
SYN004997,2025-02-22,Smartphone,Electronics,521,4,2084,Emily Johnson,Seattle,Amazon Pay,Completed
SYN004998,2025-03-16,T-Shirt,Clothing,19,3,57,Olivia Wilson,Chicago,Paypal,Pending
SYN004999,2025-08-02,T-Shirt,Clothing,21,3,63,Sophia Miller,Boston,Paypal,Completed
SYN005000,2025-03-16,Laptop,Electronics,776,2,1552,Michael Brown,Denver,Paypal,Cancelled
