region,country,item_type,sales_channel,order_priority,order_date,order_id,ship_date,units_sold,unit_price,unit_cost,total_revenue,total_cost,total_profit
Australia and Oceania,Tuvalu,Baby Food,Offline,H,2010-05-28,669165933,2010-06-27,9925,255.28,159.42,2533654.0,1582243.5,951410.5
Central America and the Caribbean,Grenada,Cereal,Online,C,2012-08-22,963881480,2012-09-15,2804,205.7,117.11,576782.8,328376.44,248406.36
Europe,Russia,Office Supplies,Offline,L,2014-05-02,341417157,2014-05-08,1779,651.21,524.96,1158502.59,933903.84,224598.75
Sub-Saharan Africa,Sao Tome and Principe,Fruits,Online,C,2014-06-20,514321792,2014-07-05,8102,9.33,6.92,75591.66,56065.84,19525.82
Sub-Saharan Africa,Rwanda,Office Supplies,Offline,L,2013-02-01,115456712,2013-02-06,5062,651.21,524.96,3296425.02,2657347.52,639077.5
Australia and Oceania,Solomon Islands,Baby Food,Online,C,2015-02-04,547995746,2015-02-21,2974,255.28,159.42,759202.72,474115.08,285087.64
Sub-Saharan Africa,Angola,Household,Offline,M,2011-04-23,135425221,2011-04-27,4187,668.27,502.54,2798046.49,2104134.98,693911.51
Sub-Saharan Africa,Burkina Faso,Vegetables,Online,H,2012-07-17,871543967,2012-07-27,8082,154.06,90.93,1245112.92,734896.26,510216.66
Sub-Saharan Africa,Republic of the Congo,Personal Care,Offline,M,2015-07-14,770463311,2015-08-25,6070,81.73,56.67,496101.1,343986.9,152114.2
Sub-Saharan Africa,Senegal,Cereal,Online,H,2014-04-18,616607081,2014-05-30,6593,205.7,117.11,1356180.1,772106.23,584073.87
Asia,Kyrgyzstan,Vegetables,Online,H,2011-06-24,814711606,2011-07-12,124,154.06,90.93,19103.44,11275.32,7828.12
Sub-Saharan Africa,Cape Verde,Clothes,Offline,H,2014-08-02,939825713,2014-08-19,4168,109.28,35.84,455479.04,149381.12,306097.92
Asia,Bangladesh,Clothes,Online,L,2017-01-13,187310731,2017-03-01,8263,109.28,35.84,902980.64,296145.92,606834.72
Central America and the Caribbean,Honduras,Household,Offline,H,2017-02-08,522840487,2017-02-13,8974,668.27,502.54,5997054.98,4509793.96,1487261.02
Asia,Mongolia,Personal Care,Offline,C,2014-02-19,832401311,2014-02-23,4901,81.73,56.67,400558.73,277739.67,122819.06
Europe,Bulgaria,Clothes,Online,M,2012-04-23,972292029,2012-06-03,1673,109.28,35.84,182825.44,59960.32,122865.12
Asia,Sri Lanka,Cosmetics,Offline,M,2016-11-19,419123971,2016-12-18,6952,437.2,263.33,3039414.4,1830670.16,1208744.24
Sub-Saharan Africa,Cameroon,Beverages,Offline,C,2015-04-01,519820964,2015-04-18,5430,47.45,31.79,257653.5,172619.7,85033.8
Asia,Turkmenistan,Household,Offline,L,2010-12-30,441619336,2011-01-20,3830,668.27,502.54,2559474.1,1924728.2,634745.9
Australia and Oceania,East Timor,Meat,Online,L,2012-07-31,322067916,2012-09-11,5908,421.89,364.69,2492526.12,2154588.52,337937.6
Europe,Norway,Baby Food,Online,L,2014-05-14,819028031,2014-06-28,7450,255.28,159.42,1901836.0,1187679.0,714157.0
Europe,Portugal,Baby Food,Online,H,2015-07-31,860673511,2015-09-03,1273,255.28,159.42,324971.44,202941.66,122029.78
Central America and the Caribbean,Honduras,Snacks,Online,L,2016-06-30,795490682,2016-07-26,2225,152.58,97.44,339490.5,216804.0,122686.5
Australia and Oceania,New Zealand,Fruits,Online,H,2014-09-08,142278373,2014-10-04,2187,9.33,6.92,20404.71,15134.04,5270.67
Europe,Moldova,Personal Care,Online,L,2016-05-07,740147912,2016-05-10,5070,81.73,56.67,414371.1,287316.9,127054.2
Europe,France,Cosmetics,Online,H,2017-05-22,898523128,2017-06-05,1815,437.2,263.33,793518.0,477943.95,315574.05
Australia and Oceania,Kiribati,Fruits,Online,M,2014-10-13,347140347,2014-11-10,5398,9.33,6.92,50363.34,37354.16,13009.18
Sub-Saharan Africa,Mali,Fruits,Online,L,2010-05-07,686048400,2010-05-10,5822,9.33,6.92,54319.26,40288.24,14031.02
Europe,Norway,Beverages,Offline,C,2014-07-18,435608613,2014-07-30,5124,47.45,31.79,243133.8,162891.96,80241.84
Sub-Saharan Africa,The Gambia,Household,Offline,L,2012-05-26,886494815,2012-06-09,2370,668.27,502.54,1583799.9,1191019.8,392780.1
Europe,Switzerland,Cosmetics,Offline,M,2012-09-17,249693334,2012-10-20,8661,437.2,263.33,3786589.2,2280701.13,1505888.07
Sub-Saharan Africa,South Sudan,Personal Care,Offline,C,2013-12-29,406502997,2014-01-28,2125,81.73,56.67,173676.25,120423.75,53252.5
Australia and Oceania,Australia,Office Supplies,Online,C,2015-10-27,158535134,2015-11-25,2924,651.21,524.96,1904138.04,1534983.04,369155.0
Asia,Myanmar,Household,Offline,H,2015-01-16,177713572,2015-03-01,8250,668.27,502.54,5513227.5,4145955.0,1367272.5
Sub-Saharan Africa,Djibouti,Snacks,Online,M,2017-02-25,756274640,2017-02-25,7327,152.58,97.44,1117953.66,713942.88,404010.78
Central America and the Caribbean,Costa Rica,Personal Care,Offline,L,2017-05-08,456767165,2017-05-21,6409,81.73,56.67,523807.57,363198.03,160609.54
Middle East and North Africa,Syria,Fruits,Online,L,2011-11-22,162052476,2011-12-03,3784,9.33,6.92,35304.72,26185.28,9119.44
Sub-Saharan Africa,The Gambia,Meat,Online,M,2017-01-14,825304400,2017-01-23,4767,421.89,364.69,2011149.63,1738477.23,272672.4
Asia,Brunei,Office Supplies,Online,L,2012-04-01,320009267,2012-05-08,6708,651.21,524.96,4368316.68,3521431.68,846885.0
Europe,Bulgaria,Office Supplies,Online,M,2012-02-16,189965903,2012-02-28,3987,651.21,524.96,2596374.27,2093015.52,503358.75
Sub-Saharan Africa,Niger,Personal Care,Online,H,2017-03-11,699285638,2017-03-28,3015,81.73,56.67,246415.95,170860.05,75555.9
Middle East and North Africa,Azerbaijan,Cosmetics,Online,M,2010-02-06,382392299,2010-02-25,7234,437.2,263.33,3162704.8,1904929.22,1257775.58
Sub-Saharan Africa,The Gambia,Cereal,Offline,H,2012-06-07,994022214,2012-06-08,2117,205.7,117.11,435466.9,247921.87,187545.03
Europe,Slovakia,Vegetables,Online,H,2012-10-06,759224212,2012-11-10,171,154.06,90.93,26344.26,15549.03,10795.23
Asia,Myanmar,Clothes,Online,H,2015-11-14,223359620,2015-11-18,5930,109.28,35.84,648030.4,212531.2,435499.2
Sub-Saharan Africa,Comoros,Cereal,Offline,H,2016-03-29,902102267,2016-04-29,962,205.7,117.11,197883.4,112659.82,85223.58
Europe,Iceland,Cosmetics,Online,C,2016-12-31,331438481,2016-12-31,8867,437.2,263.33,3876652.4,2334947.11,1541705.29
Europe,Switzerland,Personal Care,Online,M,2010-12-23,617667090,2011-01-31,273,81.73,56.67,22312.29,15470.91,6841.38
Europe,Macedonia,Clothes,Offline,C,2014-10-14,787399423,2014-11-14,7842,109.28,35.84,856973.76,281057.28,575916.48
Sub-Saharan Africa,Mauritania,Office Supplies,Offline,C,2012-01-11,837559306,2012-01-13,1266,651.21,524.96,824431.86,664599.36,159832.5
Europe,Albania,Clothes,Online,C,2010-02-02,385383069,2010-03-18,2269,109.28,35.84,247956.32,81320.96,166635.36
Sub-Saharan Africa,Lesotho,Fruits,Online,L,2013-08-18,918419539,2013-09-18,9606,9.33,6.92,89623.98,66473.52,23150.46
Middle East and North Africa,Saudi Arabia,Cereal,Online,M,2013-03-25,844530045,2013-03-28,4063,205.7,117.11,835759.1,475817.93,359941.17
Sub-Saharan Africa,Sierra Leone,Office Supplies,Offline,M,2011-11-26,441888415,2012-01-07,3457,651.21,524.96,2251232.97,1814786.72,436446.25
Sub-Saharan Africa,Sao Tome and Principe,Fruits,Offline,H,2013-09-17,508980977,2013-10-24,7637,9.33,6.92,71253.21,52848.04,18405.17
Sub-Saharan Africa,Cote d'Ivoire,Clothes,Online,C,2012-06-08,114606559,2012-06-27,3482,109.28,35.84,380512.96,124794.88,255718.08
Australia and Oceania,Fiji,Clothes,Offline,C,2010-06-30,647876489,2010-08-01,9905,109.28,35.84,1082418.4,354995.2,727423.2
Europe,Austria,Cosmetics,Offline,H,2015-02-23,868214595,2015-03-02,2847,437.2,263.33,1244708.4,749700.51,495007.89
Europe,United Kingdom,Household,Online,L,2012-01-05,955357205,2012-02-14,282,668.27,502.54,188452.14,141716.28,46735.86
Sub-Saharan Africa,Djibouti,Cosmetics,Offline,H,2014-04-07,259353148,2014-04-19,7215,437.2,263.33,3154398.0,1899925.95,1254472.05
Australia and Oceania,Australia,Cereal,Offline,H,2013-06-09,450563752,2013-07-02,682,205.7,117.11,140287.4,79869.02,60418.38
Europe,San Marino,Baby Food,Online,L,2013-06-26,569662845,2013-07-01,4750,255.28,159.42,1212580.0,757245.0,455335.0
Sub-Saharan Africa,Cameroon,Office Supplies,Online,M,2011-11-07,177636754,2011-11-15,5518,651.21,524.96,3593376.78,2896729.28,696647.5
Middle East and North Africa,Libya,Clothes,Offline,H,2010-10-30,705784308,2010-11-17,6116,109.28,35.84,668356.48,219197.44,449159.04
Central America and the Caribbean,Haiti,Cosmetics,Offline,H,2013-10-13,505716836,2013-11-16,1705,437.2,263.33,745426.0,448977.65,296448.35
Sub-Saharan Africa,Rwanda,Cosmetics,Offline,H,2013-10-11,699358165,2013-11-25,4477,437.2,263.33,1957344.4,1178928.41,778415.99
Sub-Saharan Africa,Gabon,Personal Care,Offline,L,2012-07-08,228944623,2012-07-09,8656,81.73,56.67,707454.88,490535.52,216919.36
Central America and the Caribbean,Belize,Clothes,Offline,M,2016-07-25,807025039,2016-09-07,5498,109.28,35.84,600821.44,197048.32,403773.12
Europe,Lithuania,Office Supplies,Offline,H,2010-10-24,166460740,2010-11-17,8287,651.21,524.96,5396577.27,4350343.52,1046233.75
Sub-Saharan Africa,Madagascar,Clothes,Offline,L,2015-04-25,610425555,2015-05-28,7342,109.28,35.84,802333.76,263137.28,539196.48
Asia,Turkmenistan,Office Supplies,Online,M,2013-04-23,462405812,2013-05-20,5010,651.21,524.96,3262562.1,2630049.6,632512.5
Middle East and North Africa,Libya,Fruits,Online,L,2015-08-14,816200339,2015-09-30,673,9.33,6.92,6279.09,4657.16,1621.93
Sub-Saharan Africa,Democratic Republic of the Congo,Beverages,Online,C,2011-05-26,585920464,2011-07-15,5741,47.45,31.79,272410.45,182506.39,89904.06
Sub-Saharan Africa,Djibouti,Cereal,Online,H,2017-05-20,555990016,2017-06-17,8656,205.7,117.11,1780539.2,1013704.16,766835.04
Middle East and North Africa,Pakistan,Cosmetics,Offline,L,2013-07-05,231145322,2013-08-16,9892,437.2,263.33,4324782.4,2604860.36,1719922.04
North America,Mexico,Household,Offline,C,2014-11-06,986435210,2014-12-12,6954,668.27,502.54,4647149.58,3494663.16,1152486.42
Australia and Oceania,Federated States of Micronesia,Beverages,Online,C,2014-10-28,217221009,2014-11-15,9379,47.45,31.79,445033.55,298158.41,146875.14
Asia,Laos,Vegetables,Offline,C,2011-09-15,789176547,2011-10-23,3732,154.06,90.93,574951.92,339350.76,235601.16
Europe,Monaco,Baby Food,Offline,H,2012-05-29,688288152,2012-06-02,8614,255.28,159.42,2198981.92,1373243.88,825738.04
Australia and Oceania,Samoa,Cosmetics,Online,H,2013-07-20,670854651,2013-08-07,9654,437.2,263.33,4220728.8,2542187.82,1678540.98
Europe,Spain,Household,Offline,L,2012-10-21,213487374,2012-11-30,4513,668.27,502.54,3015902.51,2267963.02,747939.49
Middle East and North Africa,Lebanon,Clothes,Online,L,2012-09-18,663110148,2012-10-08,7884,109.28,35.84,861563.52,282562.56,579000.96
Middle East and North Africa,Iran,Cosmetics,Online,H,2016-11-15,286959302,2016-12-08,6489,437.2,263.33,2836990.8,1708748.37,1128242.43
Sub-Saharan Africa,Zambia,Snacks,Online,L,2011-01-04,122583663,2011-01-05,4085,152.58,97.44,623289.3,398042.4,225246.9
Sub-Saharan Africa,Kenya,Vegetables,Online,L,2012-03-18,827844560,2012-04-07,6457,154.06,90.93,994765.42,587135.01,407630.41
North America,Mexico,Personal Care,Offline,L,2012-02-17,430915820,2012-03-20,6422,81.73,56.67,524870.06,363934.74,160935.32
Sub-Saharan Africa,Sao Tome and Principe,Beverages,Offline,C,2011-01-16,180283772,2011-01-21,8829,47.45,31.79,418936.05,280673.91,138262.14
Sub-Saharan Africa,The Gambia,Baby Food,Offline,M,2014-02-03,494747245,2014-03-20,5559,255.28,159.42,1419101.52,886215.78,532885.74
Middle East and North Africa,Kuwait,Fruits,Online,M,2012-04-30,513417565,2012-05-18,522,9.33,6.92,4870.26,3612.24,1258.02
Europe,Slovenia,Beverages,Offline,C,2016-10-23,345718562,2016-11-25,4660,47.45,31.79,221117.0,148141.4,72975.6
Sub-Saharan Africa,Sierra Leone,Office Supplies,Offline,H,2016-12-06,621386563,2016-12-14,948,651.21,524.96,617347.08,497662.08,119685.0
Australia and Oceania,Australia,Beverages,Offline,H,2014-07-07,240470397,2014-07-11,9389,47.45,31.79,445508.05,298476.31,147031.74
Middle East and North Africa,Azerbaijan,Office Supplies,Online,M,2012-06-13,423331391,2012-07-24,2021,651.21,524.96,1316095.41,1060944.16,255151.25
Europe,Romania,Cosmetics,Online,H,2010-11-26,660643374,2010-12-25,7910,437.2,263.33,3458252.0,2082940.3,1375311.7
Central America and the Caribbean,Nicaragua,Beverages,Offline,C,2011-02-08,963392674,2011-03-21,8156,47.45,31.79,387002.2,259279.24,127722.96
Sub-Saharan Africa,Mali,Clothes,Online,M,2011-07-26,512878119,2011-09-03,888,109.28,35.84,97040.64,31825.92,65214.72
Asia,Malaysia,Fruits,Offline,L,2011-11-11,810711038,2011-12-28,6267,9.33,6.92,58471.11,43367.64,15103.47
Sub-Saharan Africa,Sierra Leone,Vegetables,Offline,C,2016-06-01,728815257,2016-06-29,1485,154.06,90.93,228779.1,135031.05,93748.05
North America,Mexico,Personal Care,Offline,M,2015-07-30,559427106,2015-08-08,5767,81.73,56.67,471336.91,326815.89,144521.02
Sub-Saharan Africa,Mozambique,Household,Offline,L,2012-02-10,665095412,2012-02-15,5367,668.27,502.54,3586605.09,2697132.18,889472.91
Sub-Saharan Africa,Mauritania,Office Supplies,Offline,C,2012-01-16,SYN000101,2012-01-20,1291,683.08,583.78,881856.28,632124.45,167425.25
Sub-Saharan Africa,Sierra Leone,Office Supplies,Offline,M,2011-11-19,SYN000102,2012-01-04,3439,664.58,528.74,2285490.62,1883842.78,439101.48
Sub-Saharan Africa,Rwanda,Cosmetics,Offline,H,2013-10-11,SYN000103,2013-11-24,4552,469.86,260.63,2138802.72,1128582.52,679051.59
Asia,Brunei,Office Supplies,Online,L,2012-04-01,SYN000104,2012-05-06,6998,627.04,584.54,4388025.92,3529488.45,838959.0
Middle East and North Africa,Pakistan,Cosmetics,Offline,L,2013-07-12,SYN000105,2013-08-23,10619,440.59,268.31,4678625.21,2346875.45,1690002.95
Sub-Saharan Africa,Mali,Fruits,Online,L,2010-05-08,SYN000106,2010-05-05,6180,9.89,6.79,61120.200000000004,38176.02,13034.8
Middle East and North Africa,Syria,Fruits,Online,L,2011-11-17,SYN000107,2011-12-08,4153,9.09,6.77,37750.77,27203.22,8383.55
Asia,Bangladesh,Clothes,Online,L,2017-01-15,SYN000108,2017-03-06,7893,111.39,34.92,879201.27,295728.62,619831.05
Australia and Oceania,Australia,Office Supplies,Online,C,2015-11-03,SYN000109,2015-11-26,2968,630.56,515.44,1871502.0799999998,1507387.64,354146.0
Sub-Saharan Africa,Sierra Leone,Office Supplies,Offline,H,2016-12-11,SYN000110,2016-12-16,956,638.13,482.17,610052.28,475085.68,119996.0
Asia,Turkmenistan,Household,Offline,L,2010-12-27,SYN000111,2011-01-14,3855,706.34,471.51,2722940.7,1858824.54,607109.15
Europe,Romania,Cosmetics,Online,H,2010-11-20,SYN000112,2011-01-01,7787,438.43,247.99,3414054.41,2131437.65,1269671.0
Sub-Saharan Africa,The Gambia,Baby Food,Offline,M,2014-02-01,SYN000113,2014-03-20,6086,270.33,157.99,1645228.38,932939.37,522143.38
Middle East and North Africa,Libya,Fruits,Online,L,2015-08-08,SYN000114,2015-09-28,680,9.79,7.04,6657.2,4659.61,1766.76
Sub-Saharan Africa,Cote d'Ivoire,Clothes,Online,C,2012-06-06,SYN000115,2012-06-29,3552,119.57,33.42,424712.63999999996,130843.67,240718.64
Middle East and North Africa,Lebanon,Clothes,Online,L,2012-09-25,SYN000116,2012-10-04,7721,105.2,39.29,812249.2000000001,308947.67,605231.0
Asia,Turkmenistan,Office Supplies,Online,M,2013-04-23,SYN000117,2013-05-20,5488,642.48,546.02,3525930.24,2609665.39,651933.14
Sub-Saharan Africa,Gabon,Personal Care,Offline,L,2012-07-05,SYN000118,2012-07-02,8819,77.24,57.52,681179.5599999999,473500.01,215296.43
Asia,Turkmenistan,Office Supplies,Online,M,2013-04-30,SYN000119,2013-05-13,5473,673.1,535.66,3683876.3000000003,2700962.21,611186.31
Sub-Saharan Africa,Cape Verde,Clothes,Offline,H,2014-08-06,SYN000120,2014-08-25,4035,112.98,36.87,455874.3,152338.92,289368.73
Sub-Saharan Africa,Lesotho,Fruits,Online,L,2013-08-22,SYN000121,2013-09-24,9817,9.41,7.14,92377.97,69612.66,22093.85
North America,Mexico,Personal Care,Offline,L,2012-02-20,SYN000122,2012-03-13,5999,79.84,56.48,478960.16000000003,350382.63,154285.16
Europe,Monaco,Baby Food,Offline,H,2012-05-29,SYN000123,2012-06-08,8328,269.66,150.81,2245728.48,1343182.2,805175.82
Sub-Saharan Africa,The Gambia,Cereal,Offline,H,2012-06-03,SYN000124,2012-06-12,2217,206.6,109.93,458032.2,235523.11,173059.32
Middle East and North Africa,Azerbaijan,Cosmetics,Online,M,2010-02-10,SYN000125,2010-03-03,7349,457.33,267.53,3360918.17,1842921.34,1192733.31
Sub-Saharan Africa,Republic of the Congo,Personal Care,Offline,M,2015-07-10,SYN000126,2015-09-01,5826,78.91,55.38,459729.66,337898.44,141656.72
Sub-Saharan Africa,Democratic Republic of the Congo,Beverages,Online,C,2011-05-22,SYN000127,2011-07-11,5103,48.93,29.24,249689.79,182982.41,86579.57
Asia,Turkmenistan,Household,Offline,L,2011-01-04,SYN000128,2011-01-21,3582,677.19,501.55,2425694.58,1975086.47,629301.48
Europe,Austria,Cosmetics,Offline,H,2015-02-17,SYN000129,2015-02-24,2964,484.49,280.93,1436028.36,740727.38,522224.9
Sub-Saharan Africa,Niger,Personal Care,Online,H,2017-03-18,SYN000130,2017-03-29,3111,75.12,56.6,233698.32,173251.45,75185.11
Sub-Saharan Africa,Cameroon,Office Supplies,Online,M,2011-11-01,SYN000131,2011-11-12,5606,676.81,512.72,3794196.86,2837339.13,696054.64
Asia,Turkmenistan,Office Supplies,Online,M,2013-04-20,SYN000132,2013-05-24,5576,649.83,499.87,3623452.08,2569085.58,647739.65
Europe,Bulgaria,Clothes,Online,M,2012-04-24,SYN000133,2012-06-01,1678,110.14,36.26,184814.92,59247.03,114116.75
Sub-Saharan Africa,Madagascar,Clothes,Offline,L,2015-04-21,SYN000134,2015-06-02,7143,111.55,33.77,796801.65,282800.01,483390.05
Asia,Laos,Vegetables,Offline,C,2011-09-16,SYN000135,2011-10-25,3858,149.15,89.12,575420.7000000001,334297.98,231960.97
Middle East and North Africa,Syria,Fruits,Online,L,2011-11-22,SYN000136,2011-11-27,4002,9.83,6.64,39339.66,26867.49,8856.9
Australia and Oceania,Federated States of Micronesia,Beverages,Online,C,2014-11-02,SYN000137,2014-11-14,9229,49.09,32.89,453051.61000000004,277535.33,135250.43
Sub-Saharan Africa,Niger,Personal Care,Online,H,2017-03-13,SYN000138,2017-03-24,2836,79.66,54.98,225915.75999999998,154318.41,76269.07
Sub-Saharan Africa,The Gambia,Meat,Online,M,2017-01-09,SYN000139,2017-01-19,4788,415.33,366.47,1988600.04,1497472.76,299338.57
Australia and Oceania,New Zealand,Fruits,Online,H,2014-09-01,SYN000140,2014-10-06,2116,9.15,7.09,19361.4,13597.42,5814.73
Sub-Saharan Africa,Kenya,Vegetables,Online,L,2012-03-15,SYN000141,2012-04-07,6786,148.73,97.92,1009281.7799999999,605008.69,386326.56
Sub-Saharan Africa,Republic of the Congo,Personal Care,Offline,M,2015-07-08,SYN000142,2015-08-28,6279,87.05,54.89,546586.95,383612.76,144052.03
Asia,Malaysia,Fruits,Offline,L,2011-11-06,SYN000143,2012-01-04,6623,9.38,7.12,62123.740000000005,44170.06,14116.82
Australia and Oceania,East Timor,Meat,Online,L,2012-08-07,SYN000144,2012-09-04,5873,407.54,376.84,2393482.42,2010849.62,315182.28
Asia,Kyrgyzstan,Vegetables,Online,H,2011-07-01,SYN000145,2011-07-16,123,153.03,95.83,18822.69,10863.39,7677.48
Sub-Saharan Africa,Madagascar,Clothes,Offline,L,2015-04-28,SYN000146,2015-05-27,7327,107.71,35.73,789191.1699999999,253669.54,517278.33
Sub-Saharan Africa,Sierra Leone,Office Supplies,Offline,H,2016-12-07,SYN000147,2016-12-11,906,613.53,516.76,555858.1799999999,553816.37,115468.0
Sub-Saharan Africa,Gabon,Personal Care,Offline,L,2012-07-13,SYN000148,2012-07-05,8979,76.87,58.86,690215.7300000001,425314.6,223495.48
Sub-Saharan Africa,Mali,Fruits,Online,L,2010-05-14,SYN000149,2010-05-13,5953,9.01,7.49,53636.53,39374.93,13548.47
North America,Mexico,Household,Offline,C,2014-11-12,SYN000150,2014-12-11,6801,658.9,493.38,4481178.899999999,3595750.05,1172635.02
Middle East and North Africa,Pakistan,Cosmetics,Offline,L,2013-07-02,SYN000151,2013-08-16,9181,467.03,254.25,4287802.43,2536979.09,1561425.24
Middle East and North Africa,Libya,Clothes,Offline,H,2010-11-02,SYN000152,2010-11-20,5969,112.67,37.09,672527.23,229410.38,456793.96
Europe,Slovenia,Beverages,Offline,C,2016-10-30,SYN000153,2016-11-30,4697,47.0,31.16,220759.0,139786.14,73998.87
Sub-Saharan Africa,Comoros,Cereal,Offline,H,2016-03-23,SYN000154,2016-04-27,1002,203.13,117.4,203536.26,116283.6,78530.87
Europe,Monaco,Baby Food,Offline,H,2012-05-23,SYN000155,2012-06-02,8993,233.61,162.51,2100854.73,1303036.32,827332.98
North America,Mexico,Household,Offline,C,2014-11-09,SYN000156,2014-12-10,6611,619.09,543.95,4092803.99,3593787.58,1139654.92
Europe,Moldova,Personal Care,Online,L,2016-05-03,SYN000157,2016-05-03,4660,80.54,54.51,375316.4,303709.79,136370.95
Europe,Romania,Cosmetics,Online,H,2010-11-23,SYN000158,2010-12-19,7673,412.81,273.42,3167491.13,1898752.3,1399756.61
Sub-Saharan Africa,Sierra Leone,Office Supplies,Offline,H,2016-12-02,SYN000159,2016-12-12,951,645.18,503.76,613566.1799999999,517575.98,117835.0
Europe,Portugal,Baby Food,Online,H,2015-07-29,SYN000160,2015-09-02,1383,264.02,162.38,365139.66,218365.17,132521.84
Sub-Saharan Africa,Burkina Faso,Vegetables,Online,H,2012-07-11,SYN000161,2012-08-01,8317,137.93,91.49,1147163.81,738348.55,534274.55
Asia,Turkmenistan,Household,Offline,L,2011-01-05,SYN000162,2011-01-24,3721,677.29,490.81,2520196.09,2008354.13,643533.07
Europe,Norway,Beverages,Offline,C,2014-07-11,SYN000163,2014-08-05,5205,49.4,31.8,257127.0,163529.36,78656.14
Sub-Saharan Africa,Djibouti,Cereal,Online,H,2017-05-23,SYN000164,2017-06-24,8619,207.7,122.24,1790166.2999999998,1036888.37,729850.13
Europe,Lithuania,Office Supplies,Offline,H,2010-10-26,SYN000165,2010-11-20,8241,616.87,546.49,5083625.67,4411051.64,1063962.4
Sub-Saharan Africa,Senegal,Cereal,Online,H,2014-04-11,SYN000166,2014-05-24,6438,183.06,118.28,1178540.28,752127.25,555488.42
Middle East and North Africa,Lebanon,Clothes,Online,L,2012-09-14,SYN000167,2012-10-10,7955,106.53,40.16,847446.15,271357.3,512745.3
Sub-Saharan Africa,Djibouti,Cereal,Online,H,2017-05-14,SYN000168,2017-06-16,7783,200.15,115.5,1557767.45,1101839.28,804961.86
Sub-Saharan Africa,Cape Verde,Clothes,Offline,H,2014-07-31,SYN000169,2014-08-25,3984,115.45,36.73,459952.8,157070.06,292189.39
Asia,Mongolia,Personal Care,Offline,C,2014-02-12,SYN000170,2014-02-25,5112,70.88,60.96,362338.56,277104.98,124173.19
Europe,Russia,Office Supplies,Offline,L,2014-04-28,SYN000171,2014-05-03,1748,687.04,559.03,1200945.92,930451.91,217203.24
Australia and Oceania,Australia,Beverages,Offline,H,2014-07-01,SYN000172,2014-07-11,8911,47.27,32.4,421222.97000000003,314837.99,145309.88
Australia and Oceania,Kiribati,Fruits,Online,M,2014-10-17,SYN000173,2014-11-15,5241,8.57,6.38,44915.37,39784.85,13591.51
Sub-Saharan Africa,Burkina Faso,Vegetables,Online,H,2012-07-24,SYN000174,2012-07-30,7544,138.9,87.93,1047861.6000000001,753220.54,536951.3
Europe,Russia,Office Supplies,Offline,L,2014-05-03,SYN000175,2014-05-07,1934,643.96,500.99,1245418.6400000001,892393.15,227317.72
Australia and Oceania,Samoa,Cosmetics,Online,H,2013-07-14,SYN000176,2013-08-13,10106,468.07,232.13,4730315.42,2257513.11,1712237.61
Asia,Myanmar,Household,Offline,H,2015-01-10,SYN000177,2015-02-25,8277,625.51,487.83,5177346.27,4108176.0,1353401.74
Sub-Saharan Africa,Senegal,Cereal,Online,H,2014-04-21,SYN000178,2014-05-27,6663,193.27,115.69,1287758.01,757256.87,571112.22
Asia,Myanmar,Clothes,Online,H,2015-11-13,SYN000179,2015-11-13,5171,115.74,34.71,598491.5399999999,213554.76,456021.41
Sub-Saharan Africa,Burkina Faso,Vegetables,Online,H,2012-07-18,SYN000180,2012-07-27,7808,164.06,80.18,1280980.48,685366.99,490788.29
Australia and Oceania,Solomon Islands,Baby Food,Online,C,2015-02-06,SYN000181,2015-02-15,2967,257.77,145.22,764803.59,478774.62,290144.49
Europe,Slovenia,Beverages,Offline,C,2016-10-22,SYN000182,2016-11-21,4662,48.7,32.51,227039.40000000002,148415.5,75777.51
Asia,Myanmar,Household,Offline,H,2015-01-14,SYN000183,2015-03-08,8100,641.35,474.44,5194935.0,4380840.0,1233840.1
Europe,Romania,Cosmetics,Online,H,2010-11-26,SYN000184,2010-12-31,7459,454.36,256.03,3389071.24,2060345.65,1405939.43
Sub-Saharan Africa,Democratic Republic of the Congo,Beverages,Online,C,2011-05-21,SYN000185,2011-07-19,4867,48.74,32.49,237217.58000000002,172614.21,91485.38
Sub-Saharan Africa,Sao Tome and Principe,Beverages,Offline,C,2011-01-12,SYN000186,2011-01-26,8622,46.94,30.31,404716.68,258915.66,141147.11
Sub-Saharan Africa,Burkina Faso,Vegetables,Online,H,2012-07-22,SYN000187,2012-07-30,8178,143.23,88.25,1171334.94,673874.16,513154.18
Europe,Norway,Baby Food,Online,L,2014-05-20,SYN000188,2014-06-23,6801,238.65,164.24,1623058.6500000001,1179846.0,728610.0
Europe,Slovakia,Vegetables,Online,H,2012-10-07,SYN000189,2012-11-07,174,163.97,84.08,28530.78,15252.04,10674.18
Europe,Bulgaria,Clothes,Online,M,2012-04-25,SYN000190,2012-06-10,1642,102.58,36.17,168436.36,59792.03,122856.61
Australia and Oceania,Fiji,Clothes,Offline,C,2010-07-03,SYN000191,2010-07-27,9847,111.83,35.18,1101190.01,362153.05,694034.3
Central America and the Caribbean,Grenada,Cereal,Online,C,2012-08-22,SYN000192,2012-09-18,2919,219.69,116.58,641275.11,345360.23,236033.08
Middle East and North Africa,Saudi Arabia,Cereal,Online,M,2013-04-01,SYN000193,2013-03-30,4001,216.28,116.69,865336.28,512747.19,365104.61
Sub-Saharan Africa,Rwanda,Cosmetics,Offline,H,2013-10-18,SYN000194,2013-11-22,4548,448.57,266.3,2040096.3599999999,1174962.75,727102.97
Sub-Saharan Africa,Zambia,Snacks,Online,L,2011-01-02,SYN000195,2011-01-04,3892,145.46,91.29,566130.3200000001,399990.74,220199.51
Sub-Saharan Africa,Kenya,Vegetables,Online,L,2012-03-15,SYN000196,2012-04-02,6449,162.37,81.82,1047124.13,571114.68,369219.68
Middle East and North Africa,Libya,Fruits,Online,L,2015-08-18,SYN000197,2015-09-23,642,9.43,7.06,6054.0599999999995,4893.98,1737.33
Europe,United Kingdom,Household,Online,L,2012-01-09,SYN000198,2012-02-08,274,705.84,521.52,193400.16,137064.7,40112.09
Sub-Saharan Africa,The Gambia,Cereal,Offline,H,2012-06-11,SYN000199,2012-06-01,1946,205.33,131.05,399572.18000000005,259688.82,173456.68
Sub-Saharan Africa,Madagascar,Clothes,Offline,L,2015-04-22,SYN000200,2015-05-23,7146,115.24,35.22,823505.0399999999,265741.91,568365.26
Europe,Switzerland,Cosmetics,Offline,M,2012-09-22,SYN000201,2012-10-20,8137,419.96,277.74,3417214.52,2523841.36,1576397.19
Sub-Saharan Africa,Comoros,Cereal,Offline,H,2016-03-31,SYN000202,2016-04-26,1023,207.88,112.98,212661.24,108737.42,83986.15
Sub-Saharan Africa,Sao Tome and Principe,Beverages,Offline,C,2011-01-14,SYN000203,2011-01-23,8784,45.54,31.05,400023.36,272919.72,135587.66
Middle East and North Africa,Lebanon,Clothes,Online,L,2012-09-24,SYN000204,2012-10-10,7957,107.17,32.97,852751.6900000001,269384.0,614995.12
Asia,Sri Lanka,Cosmetics,Offline,M,2016-11-23,SYN000205,2016-12-15,7156,426.15,252.59,3049529.4,1734387.88,1359668.07
Sub-Saharan Africa,Mauritania,Office Supplies,Offline,C,2012-01-15,SYN000206,2012-01-12,1302,609.38,522.22,793412.76,625466.79,150720.48
Sub-Saharan Africa,Zambia,Snacks,Online,L,2010-12-29,SYN000207,2010-12-29,4058,146.74,100.15,595470.92,412372.6,204701.49
Australia and Oceania,Federated States of Micronesia,Beverages,Online,C,2014-10-24,SYN000208,2014-11-19,9741,43.51,32.5,423830.91,297936.91,152907.35
Sub-Saharan Africa,The Gambia,Cereal,Offline,H,2012-06-02,SYN000209,2012-06-04,2042,206.11,107.93,420876.62000000005,251215.36,194325.73
Europe,Norway,Beverages,Offline,C,2014-07-21,SYN000210,2014-07-30,5308,44.83,31.63,237957.63999999998,177956.14,79382.58
Europe,Macedonia,Clothes,Offline,C,2014-10-18,SYN000211,2014-11-21,7850,104.26,36.19,818441.0,255884.0,574229.43
Sub-Saharan Africa,Sao Tome and Principe,Beverages,Offline,C,2011-01-18,SYN000212,2011-01-27,8108,47.29,34.16,383427.32,289261.51,128988.23
Sub-Saharan Africa,Sierra Leone,Office Supplies,Offline,M,2011-11-19,SYN000213,2012-01-06,3483,668.44,536.05,2328176.52,1811030.04,419907.76
Europe,Slovenia,Beverages,Offline,C,2016-10-25,SYN000214,2016-11-24,4451,50.56,30.42,225042.56,148693.87,69045.5
North America,Mexico,Personal Care,Offline,M,2015-08-02,SYN000215,2015-08-12,5528,87.5,58.9,483700.0,320423.09,151320.14
Australia and Oceania,Solomon Islands,Baby Food,Online,C,2015-01-30,SYN000216,2015-02-21,3048,254.95,145.96,777087.6,461492.0,294282.5
Sub-Saharan Africa,Republic of the Congo,Personal Care,Offline,M,2015-07-11,SYN000217,2015-08-29,5870,83.64,61.59,490966.8,372914.85,145629.68
Europe,Norway,Baby Food,Online,L,2014-05-14,SYN000218,2014-06-29,7446,255.43,152.74,1901931.78,1148027.0,725832.0
Sub-Saharan Africa,Cameroon,Office Supplies,Online,M,2011-11-14,SYN000219,2011-11-16,6132,695.85,511.58,4266952.2,3041148.32,697713.43
Asia,Laos,Vegetables,Offline,C,2011-09-20,SYN000220,2011-10-16,3742,160.74,87.07,601489.0800000001,347332.85,239270.02
Sub-Saharan Africa,Rwanda,Office Supplies,Offline,L,2013-02-01,SYN000221,2013-02-04,4968,682.88,580.97,3392547.84,2631680.64,663226.33
Europe,Bulgaria,Office Supplies,Online,M,2012-02-22,SYN000222,2012-02-28,3838,652.28,457.17,2503450.6399999997,2056601.04,469296.74
Sub-Saharan Africa,Angola,Household,Offline,M,2011-04-28,SYN000223,2011-05-03,4096,613.37,492.34,2512363.52,2106807.78,733956.59
Sub-Saharan Africa,Sierra Leone,Office Supplies,Offline,M,2011-11-22,SYN000224,2012-01-08,3461,654.45,530.93,2265051.45,1804372.08,443183.92
Middle East and North Africa,Lebanon,Clothes,Online,L,2012-09-12,SYN000225,2012-10-14,8225,115.19,34.71,947437.75,270155.37,599248.06
Middle East and North Africa,Azerbaijan,Office Supplies,Online,M,2012-06-08,SYN000226,2012-07-17,1999,623.24,526.3,1245856.76,1131309.25,242845.22
Sub-Saharan Africa,Lesotho,Fruits,Online,L,2013-08-21,SYN000227,2013-09-17,9504,8.97,6.61,85250.88,64726.46,23464.35
Sub-Saharan Africa,Niger,Personal Care,Online,H,2017-03-04,SYN000228,2017-03-24,2917,83.66,59.31,244036.22,158712.58,83103.77
Central America and the Caribbean,Grenada,Cereal,Online,C,2012-08-26,SYN000229,2012-09-20,2588,232.38,114.74,601399.44,317155.16,252971.38
Australia and Oceania,Tuvalu,Baby Food,Offline,H,2010-06-03,SYN000230,2010-06-30,9502,278.55,155.26,2646782.1,1658246.04,1014634.72
Central America and the Caribbean,Belize,Clothes,Offline,M,2016-07-27,SYN000231,2016-09-01,5113,114.91,32.17,587534.83,206580.0,402655.63
Europe,Moldova,Personal Care,Online,L,2016-05-01,SYN000232,2016-05-12,5159,81.11,52.99,418446.49,306351.85,128358.62
Sub-Saharan Africa,Zambia,Snacks,Online,L,2010-12-31,SYN000233,2011-01-11,4563,150.47,96.18,686594.61,427324.83,243185.23
Asia,Brunei,Office Supplies,Online,L,2012-03-29,SYN000234,2012-05-12,6811,606.34,516.77,4129781.74,3344157.22,918090.0
Australia and Oceania,New Zealand,Fruits,Online,H,2014-09-02,SYN000235,2014-10-04,2129,9.5,7.37,20225.5,17222.05,5250.99
Europe,Albania,Clothes,Online,C,2010-02-05,SYN000236,2010-03-12,2300,117.12,36.75,269376.0,77468.43,168672.01
Europe,Russia,Office Supplies,Offline,L,2014-04-29,SYN000237,2014-05-15,1742,668.43,531.42,1164405.0599999998,896325.71,250951.45
Europe,Austria,Cosmetics,Offline,H,2015-02-28,SYN000238,2015-03-07,2795,457.71,267.24,1279299.45,731104.1,493156.44
Asia,Mongolia,Personal Care,Offline,C,2014-02-25,SYN000239,2014-02-20,5286,84.55,58.93,446931.3,291194.53,124204.35
Sub-Saharan Africa,Cameroon,Beverages,Offline,C,2015-04-04,SYN000240,2015-04-19,5977,46.72,31.14,279245.44,171380.47,83409.55
Sub-Saharan Africa,Zambia,Snacks,Online,L,2011-01-07,SYN000241,2011-01-03,4055,149.82,102.63,607520.1,406662.17,220675.04
Asia,Mongolia,Personal Care,Offline,C,2014-02-25,SYN000242,2014-02-18,5240,80.49,57.92,421767.6,266638.1,124297.72
Central America and the Caribbean,Costa Rica,Personal Care,Offline,L,2017-05-14,SYN000243,2017-05-14,6541,80.92,56.94,529297.72,356694.71,165074.19
Australia and Oceania,Solomon Islands,Baby Food,Online,C,2015-01-28,SYN000244,2015-02-17,2911,256.62,161.24,747020.8200000001,486934.53,259172.07
Sub-Saharan Africa,The Gambia,Baby Food,Offline,M,2014-01-31,SYN000245,2014-03-21,5625,242.51,172.76,1364118.75,955491.48,511822.82
Sub-Saharan Africa,Niger,Personal Care,Online,H,2017-03-09,SYN000246,2017-03-30,3049,74.87,57.28,228278.63,179536.88,78204.29
Australia and Oceania,Solomon Islands,Baby Food,Online,C,2015-02-10,SYN000247,2015-02-25,2811,277.14,153.11,779040.5399999999,448397.75,301014.14
Europe,Slovenia,Beverages,Offline,C,2016-10-25,SYN000248,2016-11-28,4484,47.78,31.46,214245.52000000002,153726.27,76862.7
Middle East and North Africa,Libya,Clothes,Offline,H,2010-11-03,SYN000249,2010-11-20,6351,111.48,32.66,708009.48,222507.2,462816.99
Europe,United Kingdom,Household,Online,L,2012-01-08,SYN000250,2012-02-13,302,682.25,513.48,206039.5,141950.75,44739.86
Europe,Switzerland,Personal Care,Online,M,2010-12-29,SYN000251,2011-02-01,261,81.09,59.64,21164.49,15617.5,6380.13
Central America and the Caribbean,Honduras,Snacks,Online,L,2016-06-26,SYN000252,2016-07-25,2192,147.54,98.46,323407.68,219216.0,122144.38
North America,Mexico,Household,Offline,C,2014-11-03,SYN000253,2014-12-05,7087,670.53,502.95,4752046.109999999,3567247.42,1093047.94
Sub-Saharan Africa,Cameroon,Beverages,Offline,C,2015-03-27,SYN000254,2015-04-15,5413,44.05,31.93,238442.65,177859.67,80577.3
Sub-Saharan Africa,The Gambia,Cereal,Offline,H,2012-06-05,SYN000255,2012-06-13,2152,201.57,115.26,433778.64,235683.37,183782.55
Europe,Switzerland,Personal Care,Online,M,2010-12-27,SYN000256,2011-01-25,259,78.23,58.59,20261.57,14790.84,6762.33
Europe,Slovakia,Vegetables,Online,H,2012-10-11,SYN000257,2012-11-12,165,170.62,90.52,28152.3,15498.12,10983.16
Sub-Saharan Africa,Rwanda,Office Supplies,Offline,L,2013-01-25,SYN000258,2013-02-03,4782,650.2,566.4,3109256.4000000004,2582086.14,629245.57
Europe,Norway,Baby Food,Online,L,2014-05-09,SYN000259,2014-06-30,7646,271.46,163.4,2075583.16,1262453.0,739299.0
Sub-Saharan Africa,The Gambia,Meat,Online,M,2017-01-12,SYN000260,2017-01-22,5369,459.23,361.62,2465605.87,1853595.61,270324.68
Asia,Turkmenistan,Office Supplies,Online,M,2013-04-18,SYN000261,2013-05-17,5287,618.17,509.15,3268264.7899999996,2690647.85,661728.14
Asia,Mongolia,Personal Care,Offline,C,2014-02-19,SYN000262,2014-02-27,4830,73.56,53.42,355294.8,289190.28,126081.0
Europe,Switzerland,Cosmetics,Offline,M,2012-09-24,SYN000263,2012-10-13,8543,441.95,264.36,3775578.85,2297400.51,1394358.54
Europe,Bulgaria,Office Supplies,Online,M,2012-02-11,SYN000264,2012-03-05,4290,613.08,545.03,2630113.2,2075250.18,499982.9
Sub-Saharan Africa,Gabon,Personal Care,Offline,L,2012-07-12,SYN000265,2012-07-03,8573,81.59,52.33,699471.0700000001,503560.28,219513.13
Asia,Brunei,Office Supplies,Online,L,2012-03-31,SYN000266,2012-05-14,6727,660.94,568.23,4446143.380000001,3441173.79,907275.0
Sub-Saharan Africa,The Gambia,Cereal,Offline,H,2012-06-04,SYN000267,2012-06-07,2189,214.26,119.03,469015.13999999996,252604.61,189794.32
Central America and the Caribbean,Honduras,Household,Offline,H,2017-02-02,SYN000268,2017-02-14,9061,629.61,521.9,5704896.21,4920617.05,1481635.42
Europe,San Marino,Baby Food,Online,L,2013-06-26,SYN000269,2013-06-29,4809,247.3,167.33,1189265.7,756686.0,448494.0
Europe,Slovakia,Vegetables,Online,H,2012-09-30,SYN000270,2012-11-10,155,152.69,92.07,23666.95,16295.42,10570.42
Asia,Mongolia,Personal Care,Offline,C,2014-02-23,SYN000271,2014-02-23,5176,81.02,55.22,419359.51999999996,292148.61,122934.46
Sub-Saharan Africa,Sao Tome and Principe,Fruits,Offline,H,2013-09-10,SYN000272,2013-10-21,6869,9.61,6.61,66011.09,57035.77,19001.47
Sub-Saharan Africa,The Gambia,Cereal,Offline,H,2012-06-11,SYN000273,2012-06-11,1988,214.66,111.97,426744.08,255563.56,192576.83
Australia and Oceania,East Timor,Meat,Online,L,2012-08-07,SYN000274,2012-09-06,5965,440.46,356.41,2627343.9,2235595.29,347450.37
Europe,Spain,Household,Offline,L,2012-10-23,SYN000275,2012-11-29,4400,676.72,492.29,2977568.0,2223380.17,741873.01
Middle East and North Africa,Lebanon,Clothes,Online,L,2012-09-12,SYN000276,2012-10-02,8014,108.49,34.48,869438.86,297243.05,592870.79
Asia,Kyrgyzstan,Vegetables,Online,H,2011-06-20,SYN000277,2011-07-16,135,142.92,83.73,19294.199999999997,11402.64,7613.04
Europe,Norway,Beverages,Offline,C,2014-07-11,SYN000278,2014-07-29,5719,47.73,32.64,272967.87,166433.3,82408.75
Central America and the Caribbean,Grenada,Cereal,Online,C,2012-08-16,SYN000279,2012-09-14,2751,202.7,106.92,557627.7,332827.79,261385.88
Middle East and North Africa,Libya,Fruits,Online,L,2015-08-15,SYN000280,2015-09-27,662,8.74,5.96,5785.88,4519.95,1585.56
Europe,Austria,Cosmetics,Offline,H,2015-03-02,SYN000281,2015-03-02,2647,429.55,289.97,1137018.85,763166.97,455840.53
Middle East and North Africa,Pakistan,Cosmetics,Offline,L,2013-07-09,SYN000282,2013-08-19,9188,479.22,235.48,4403073.36,2815600.63,1649026.07
Sub-Saharan Africa,Mali,Fruits,Online,L,2010-05-06,SYN000283,2010-05-04,5981,8.95,6.42,53529.95,41378.05,13971.31
Europe,Switzerland,Personal Care,Online,M,2010-12-19,SYN000284,2011-01-28,286,83.81,54.53,23969.66,15875.68,6657.49
Middle East and North Africa,Pakistan,Cosmetics,Offline,L,2013-07-10,SYN000285,2013-08-11,10672,448.18,251.98,4782976.96,2480785.01,1858248.68
Sub-Saharan Africa,Cote d'Ivoire,Clothes,Online,C,2012-06-04,SYN000286,2012-06-25,3518,110.96,36.13,390357.27999999997,115769.58,249934.37
Asia,Mongolia,Personal Care,Offline,C,2014-02-13,SYN000287,2014-03-01,4867,77.82,52.85,378749.93999999994,271233.95,125968.36
Europe,Slovenia,Beverages,Offline,C,2016-10-16,SYN000288,2016-12-02,4800,46.04,31.38,220992.0,142346.35,75256.52
Central America and the Caribbean,Belize,Clothes,Offline,M,2016-07-25,SYN000289,2016-09-12,5355,108.88,33.52,583052.4,190040.23,395936.81
Sub-Saharan Africa,Sao Tome and Principe,Beverages,Offline,C,2011-01-12,SYN000290,2011-01-15,8476,46.93,33.87,397778.68,296746.17,140657.49
Middle East and North Africa,Libya,Clothes,Offline,H,2010-10-29,SYN000291,2010-11-14,5879,109.85,36.08,645808.15,210179.35,415690.73
Australia and Oceania,Kiribati,Fruits,Online,M,2014-10-16,SYN000292,2014-11-03,5136,9.96,6.76,51154.560000000005,38516.84,12598.62
Sub-Saharan Africa,Mali,Fruits,Online,L,2010-05-09,SYN000293,2010-05-05,5725,9.55,6.59,54673.75000000001,41271.22,13385.84
Central America and the Caribbean,Honduras,Household,Offline,H,2017-02-04,SYN000294,2017-02-13,9216,744.8,542.75,6864076.8,4416830.93,1457258.56
Europe,Macedonia,Clothes,Offline,C,2014-10-12,SYN000295,2014-11-15,7569,110.63,38.57,837358.47,293452.7,539847.02
Australia and Oceania,East Timor,Meat,Online,L,2012-07-25,SYN000296,2012-09-13,5773,429.73,373.03,2480831.29,2237630.34,342046.38
Sub-Saharan Africa,Cameroon,Office Supplies,Online,M,2011-11-02,SYN000297,2011-11-17,5956,634.57,545.3,3779498.9200000004,2956305.48,679814.77
Sub-Saharan Africa,Lesotho,Fruits,Online,L,2013-08-21,SYN000298,2013-09-21,10106,9.41,7.23,95097.46,67766.74,24505.97
Sub-Saharan Africa,Sao Tome and Principe,Fruits,Offline,H,2013-09-24,SYN000299,2013-10-25,7634,9.09,7.28,69393.06,51507.72,18547.51
Middle East and North Africa,Libya,Clothes,Offline,H,2010-11-02,SYN000300,2010-11-24,6104,104.1,36.08,635426.4,227623.07,439696.89
Middle East and North Africa,Azerbaijan,Cosmetics,Online,M,2010-02-12,SYN000301,2010-02-25,7551,407.36,288.97,3075975.3600000003,1855091.42,1321999.16
Middle East and North Africa,Libya,Clothes,Offline,H,2010-11-02,SYN000302,2010-11-20,6866,108.13,35.62,742420.58,215557.64,432957.17
Europe,France,Cosmetics,Online,H,2017-05-23,SYN000303,2017-06-07,1657,473.5,244.68,784589.5,449543.94,306046.25
Europe,Norway,Beverages,Offline,C,2014-07-11,SYN000304,2014-07-28,5405,47.12,31.83,254683.59999999998,165221.42,84167.94
Sub-Saharan Africa,Sierra Leone,Office Supplies,Offline,H,2016-12-10,SYN000305,2016-12-21,922,672.89,458.43,620404.58,510128.32,116811.0
Sub-Saharan Africa,Niger,Personal Care,Online,H,2017-03-17,SYN000306,2017-03-26,3137,76.83,57.82,241015.71,172119.58,71863.24
Sub-Saharan Africa,Rwanda,Office Supplies,Offline,L,2013-02-02,SYN000307,2013-02-01,5223,668.88,543.75,3493560.2399999998,2774395.38,696854.32
Australia and Oceania,Australia,Office Supplies,Online,C,2015-10-29,SYN000308,2015-11-30,2952,673.89,533.84,1989323.28,1535095.94,355003.0
Australia and Oceania,East Timor,Meat,Online,L,2012-08-06,SYN000309,2012-09-10,5613,392.93,345.22,2205516.09,2235826.81,327376.59
Middle East and North Africa,Pakistan,Cosmetics,Offline,L,2013-07-02,SYN000310,2013-08-20,9948,422.87,264.22,4206710.76,2600205.12,1748818.08
Sub-Saharan Africa,Sierra Leone,Office Supplies,Offline,H,2016-12-11,SYN000311,2016-12-14,935,660.48,516.84,617548.8,489581.78,116520.0
Sub-Saharan Africa,Republic of the Congo,Personal Care,Offline,M,2015-07-19,SYN000312,2015-08-19,6242,82.33,58.08,513903.86,323283.44,155286.11
Sub-Saharan Africa,Gabon,Personal Care,Offline,L,2012-07-14,SYN000313,2012-07-16,8678,87.24,59.24,757068.72,485610.33,206085.88
Australia and Oceania,Solomon Islands,Baby Food,Online,C,2015-01-29,SYN000314,2015-02-17,2890,261.36,142.22,755330.4,468442.37,281569.75
Asia,Sri Lanka,Cosmetics,Offline,M,2016-11-12,SYN000315,2016-12-15,6912,437.49,261.72,3023930.88,1776699.07,1154603.63
Central America and the Caribbean,Grenada,Cereal,Online,C,2012-08-27,SYN000316,2012-09-21,2818,207.73,123.31,585383.14,314334.4,264021.43
Europe,Austria,Cosmetics,Offline,H,2015-02-21,SYN000317,2015-03-08,2661,455.08,266.47,1210967.88,746264.65,495781.77
Europe,Norway,Baby Food,Online,L,2014-05-19,SYN000318,2014-06-23,7955,250.2,158.13,1990341.0,1189313.0,793858.0
Sub-Saharan Africa,Zambia,Snacks,Online,L,2011-01-04,SYN000319,2011-01-03,4364,139.95,98.19,610741.7999999999,414848.83,211587.16
Central America and the Caribbean,Haiti,Cosmetics,Offline,H,2013-10-12,SYN000320,2013-11-23,1681,411.88,242.01,692370.28,488052.84,292098.19
Central America and the Caribbean,Belize,Clothes,Offline,M,2016-07-26,SYN000321,2016-08-31,5482,114.07,32.57,625331.74,206402.26,400477.22
Sub-Saharan Africa,Djibouti,Cereal,Online,H,2017-05-14,SYN000322,2017-06-20,8470,217.52,118.85,1842394.4000000001,1046297.51,789388.61
Sub-Saharan Africa,Gabon,Personal Care,Offline,L,2012-07-13,SYN000323,2012-07-11,9326,81.48,57.46,759882.48,494217.36,234140.17
Sub-Saharan Africa,Senegal,Cereal,Online,H,2014-04-22,SYN000324,2014-05-29,6219,215.95,116.24,1342993.0499999998,770364.62,586384.52
Asia,Malaysia,Fruits,Offline,L,2011-11-07,SYN000325,2011-12-25,6004,8.86,6.95,53195.439999999995,40390.34,16513.14
Europe,Lithuania,Office Supplies,Offline,H,2010-10-31,SYN000326,2010-11-19,8283,691.52,497.65,5727860.16,4485955.39,1092826.29
Sub-Saharan Africa,Sierra Leone,Office Supplies,Offline,M,2011-12-02,SYN000327,2012-01-07,3018,619.69,537.48,1870224.4200000002,2045285.65,456665.89
Sub-Saharan Africa,Mauritania,Office Supplies,Offline,C,2012-01-13,SYN000328,2012-01-15,1195,650.06,531.29,776821.7,693879.32,168087.76
Sub-Saharan Africa,The Gambia,Household,Offline,L,2012-06-01,SYN000329,2012-06-15,2537,622.14,489.07,1578369.18,1182093.61,373022.54
Europe,Russia,Office Supplies,Offline,L,2014-05-05,SYN000330,2014-05-15,1641,668.53,558.05,1097057.73,915209.48,208064.66
Australia and Oceania,Tuvalu,Baby Food,Offline,H,2010-06-01,SYN000331,2010-06-22,11022,232.34,150.94,2560851.48,1537599.08,962225.47
Asia,Brunei,Office Supplies,Online,L,2012-04-02,SYN000332,2012-05-10,7046,668.39,505.96,4709475.9399999995,3381142.19,912437.0
Australia and Oceania,Australia,Office Supplies,Online,C,2015-10-25,SYN000333,2015-11-19,2859,645.23,546.6,1844712.57,1643573.43,372043.0
Middle East and North Africa,Libya,Clothes,Offline,H,2010-11-05,SYN000334,2010-11-14,6251,110.47,35.22,690547.97,209674.82,463900.23
Asia,Brunei,Office Supplies,Online,L,2012-04-06,SYN000335,2012-05-07,6387,656.61,559.85,4193768.0700000003,3414362.33,863988.0
Sub-Saharan Africa,Mauritania,Office Supplies,Offline,C,2012-01-16,SYN000336,2012-01-12,1174,663.65,530.34,779125.1,697527.24,158340.39
Sub-Saharan Africa,Burkina Faso,Vegetables,Online,H,2012-07-12,SYN000337,2012-07-30,8408,147.63,86.63,1241273.04,701427.23,546004.4
Asia,Sri Lanka,Cosmetics,Offline,M,2016-11-15,SYN000338,2016-12-15,7063,443.92,241.76,3135406.96,1850400.49,1243073.02
Europe,Romania,Cosmetics,Online,H,2010-12-02,SYN000339,2010-12-23,7585,437.61,262.25,3319271.85,2188542.47,1256328.25
Sub-Saharan Africa,Burkina Faso,Vegetables,Online,H,2012-07-10,SYN000340,2012-07-27,8237,161.84,86.36,1333076.08,814675.31,527106.73
Sub-Saharan Africa,Sierra Leone,Office Supplies,Offline,M,2011-11-21,SYN000341,2012-01-07,3550,654.02,582.47,2321771.0,1807018.08,441952.71
Asia,Laos,Vegetables,Offline,C,2011-09-19,SYN000342,2011-10-17,3958,143.23,83.63,566904.34,375883.9,241117.82
Sub-Saharan Africa,Sao Tome and Principe,Beverages,Offline,C,2011-01-20,SYN000343,2011-01-16,9119,45.91,32.06,418653.29,289466.92,127491.53
Sub-Saharan Africa,Comoros,Cereal,Offline,H,2016-03-28,SYN000344,2016-04-22,1003,198.75,111.29,199346.25,112874.54,82756.71
Europe,Monaco,Baby Food,Offline,H,2012-05-29,SYN000345,2012-06-01,8928,264.2,157.04,2358777.6,1371558.26,791228.13
Europe,United Kingdom,Household,Online,L,2011-12-29,SYN000346,2012-02-08,281,633.14,508.74,177912.34,135766.8,43538.55
Australia and Oceania,Australia,Cereal,Offline,H,2013-06-14,SYN000347,2013-06-27,650,198.91,118.36,129291.5,78845.43,61810.4
Europe,Russia,Office Supplies,Offline,L,2014-04-25,SYN000348,2014-05-10,1693,697.65,590.28,1181121.45,940525.53,245188.11
Australia and Oceania,Samoa,Cosmetics,Online,H,2013-07-15,SYN000349,2013-08-10,9424,447.4,262.09,4216297.6,2428002.66,1745854.82
Middle East and North Africa,Azerbaijan,Cosmetics,Online,M,2010-01-31,SYN000350,2010-03-01,7453,401.58,235.4,2992975.7399999998,2092256.53,1245434.67
Asia,Turkmenistan,Office Supplies,Online,M,2013-04-26,SYN000351,2013-05-18,5366,681.63,488.44,3657626.58,2654269.89,621706.72
Europe,Moldova,Personal Care,Online,L,2016-05-06,SYN000352,2016-05-15,5394,78.11,57.81,421325.34,261499.11,121957.72
Sub-Saharan Africa,Mozambique,Household,Offline,L,2012-02-15,SYN000353,2012-02-15,5715,701.73,517.55,4010386.95,2940037.79,899045.44
Asia,Mongolia,Personal Care,Offline,C,2014-02-26,SYN000354,2014-02-16,4856,85.39,56.69,414653.84,293066.65,125278.7
Europe,Monaco,Baby Food,Offline,H,2012-06-02,SYN000355,2012-06-02,8672,255.86,174.24,2218817.92,1363986.67,801622.63
Europe,Monaco,Baby Food,Offline,H,2012-06-01,SYN000356,2012-06-09,7564,269.51,159.53,2038573.64,1348449.06,850880.21
Europe,Slovakia,Vegetables,Online,H,2012-10-09,SYN000357,2012-11-04,171,145.91,88.4,24950.61,15691.65,10541.14
Sub-Saharan Africa,The Gambia,Baby Food,Offline,M,2014-02-07,SYN000358,2014-03-22,5786,251.72,170.83,1456451.92,867219.65,515890.93
Sub-Saharan Africa,The Gambia,Meat,Online,M,2017-01-19,SYN000359,2017-01-29,4737,414.22,378.9,1962160.1400000001,1714365.3,285879.89
Asia,Sri Lanka,Cosmetics,Offline,M,2016-11-26,SYN000360,2016-12-17,6687,405.57,297.83,2712046.59,1711644.85,1160161.76
Sub-Saharan Africa,The Gambia,Meat,Online,M,2017-01-21,SYN000361,2017-01-27,4703,439.3,359.25,2066027.9000000001,1612321.28,272970.39
Sub-Saharan Africa,The Gambia,Baby Food,Offline,M,2014-02-08,SYN000362,2014-03-14,5985,256.46,158.63,1534913.0999999999,872658.78,521202.9
Sub-Saharan Africa,Gabon,Personal Care,Offline,L,2012-07-14,SYN000363,2012-07-14,8241,83.93,56.27,691667.13,448495.49,222273.41
Europe,Moldova,Personal Care,Online,L,2016-04-30,SYN000364,2016-05-15,4857,85.78,52.8,416633.46,283420.78,118686.57
Europe,Albania,Clothes,Online,C,2010-02-02,SYN000365,2010-03-16,2462,109.65,35.01,269958.3,81750.82,166866.67
Asia,Malaysia,Fruits,Offline,L,2011-11-07,SYN000366,2011-12-28,6713,9.54,6.74,64042.02,41761.16,14644.1
Sub-Saharan Africa,Comoros,Cereal,Offline,H,2016-04-03,SYN000367,2016-05-02,907,213.69,115.41,193816.83,108885.01,84966.36
Sub-Saharan Africa,Senegal,Cereal,Online,H,2014-04-11,SYN000368,2014-06-06,6830,203.15,112.83,1387514.5,782748.42,563386.41
Australia and Oceania,Solomon Islands,Baby Food,Online,C,2015-02-04,SYN000369,2015-02-18,2901,267.46,163.76,775901.46,459509.46,291734.32
Sub-Saharan Africa,Sao Tome and Principe,Fruits,Online,C,2014-06-21,SYN000370,2014-07-08,7765,9.41,6.35,73068.65,54950.38,20289.84
Sub-Saharan Africa,Democratic Republic of the Congo,Beverages,Online,C,2011-05-28,SYN000371,2011-07-22,6257,46.6,32.66,291576.2,180175.14,97482.04
Sub-Saharan Africa,Mali,Fruits,Online,L,2010-05-03,SYN000372,2010-05-04,5909,9.75,6.91,57612.75,40000.81,13169.77
Sub-Saharan Africa,Mozambique,Household,Offline,L,2012-02-16,SYN000373,2012-02-22,5505,670.56,495.7,3691432.8,2659467.18,945409.38
Europe,Spain,Household,Offline,L,2012-10-26,SYN000374,2012-12-01,4522,657.32,539.12,2972401.04,2436350.84,668512.43
Europe,Slovenia,Beverages,Offline,C,2016-10-24,SYN000375,2016-11-24,4725,50.75,29.18,239793.75,148630.71,71166.55
Central America and the Caribbean,Haiti,Cosmetics,Offline,H,2013-10-10,SYN000376,2013-11-10,1676,481.68,277.21,807295.68,461533.29,280681.81
Asia,Turkmenistan,Household,Offline,L,2010-12-29,SYN000377,2011-01-27,3940,690.91,535.39,2722185.4,1841950.13,662011.54
Sub-Saharan Africa,Democratic Republic of the Congo,Beverages,Online,C,2011-05-25,SYN000378,2011-07-22,5992,50.3,32.52,301397.6,182881.28,92571.81
Asia,Kyrgyzstan,Vegetables,Online,H,2011-07-01,SYN000379,2011-07-06,138,146.43,86.37,20207.34,10942.93,6975.27
Sub-Saharan Africa,Sierra Leone,Office Supplies,Offline,M,2011-11-20,SYN000380,2012-01-01,3344,653.77,535.93,2186206.88,1896457.04,475775.34
Sub-Saharan Africa,Sierra Leone,Office Supplies,Offline,M,2011-12-01,SYN000381,2012-01-02,3729,657.69,577.16,2452526.0100000002,1672879.05,436852.74
Europe,Romania,Cosmetics,Online,H,2010-11-19,SYN000382,2010-12-30,7922,436.39,280.05,3457081.58,2084764.5,1397566.02
Europe,Austria,Cosmetics,Offline,H,2015-02-22,SYN000383,2015-03-05,2844,454.14,269.03,1291574.16,708312.39,475477.3
Sub-Saharan Africa,Sierra Leone,Office Supplies,Offline,M,2011-11-19,SYN000384,2012-01-07,3429,624.12,509.26,2140107.48,1852702.49,435572.95
Middle East and North Africa,Azerbaijan,Cosmetics,Online,M,2010-02-10,SYN000385,2010-02-22,7244,466.55,253.59,3379688.2,1874121.04,1270216.75
Asia,Kyrgyzstan,Vegetables,Online,H,2011-06-22,SYN000386,2011-07-06,133,155.28,85.74,20652.24,10411.11,7158.04
Europe,Bulgaria,Clothes,Online,M,2012-04-21,SYN000387,2012-06-07,1593,108.84,34.58,173382.12,58518.74,127187.43
Sub-Saharan Africa,Sao Tome and Principe,Fruits,Online,C,2014-06-18,SYN000388,2014-07-03,8252,8.87,7.14,73195.23999999999,56835.76,18936.51
Central America and the Caribbean,Honduras,Snacks,Online,L,2016-06-23,SYN000389,2016-08-01,2272,128.8,100.58,292633.60000000003,223997.0,121741.37
Sub-Saharan Africa,The Gambia,Household,Offline,L,2012-06-01,SYN000390,2012-06-07,2358,638.65,498.84,1505936.7,1192582.81,390534.67
Sub-Saharan Africa,Senegal,Cereal,Online,H,2014-04-20,SYN000391,2014-06-06,6662,205.64,125.11,1369973.68,795783.88,575722.81
Asia,Turkmenistan,Household,Offline,L,2010-12-26,SYN000392,2011-01-13,4057,692.29,471.98,2808620.53,1853159.86,629699.28
Australia and Oceania,Kiribati,Fruits,Online,M,2014-10-16,SYN000393,2014-11-13,5425,9.11,7.36,49421.75,38717.93,11800.96
Europe,Romania,Cosmetics,Online,H,2010-12-03,SYN000394,2010-12-19,7559,456.4,264.47,3449927.5999999996,1976889.55,1330299.8
Sub-Saharan Africa,Mali,Clothes,Online,M,2011-07-19,SYN000395,2011-08-31,914,125.28,36.24,114505.92,29348.38,60878.29
Europe,Switzerland,Personal Care,Online,M,2010-12-27,SYN000396,2011-01-24,257,87.8,55.51,22564.6,16621.0,6856.01
Asia,Laos,Vegetables,Offline,C,2011-09-11,SYN000397,2011-10-29,3722,158.21,93.13,588857.62,347918.86,255906.4
Asia,Turkmenistan,Household,Offline,L,2010-12-25,SYN000398,2011-01-20,3892,672.44,477.09,2617136.48,1955846.87,591285.13
Asia,Mongolia,Personal Care,Offline,C,2014-02-19,SYN000399,2014-02-21,5215,89.55,51.95,467003.25,274803.43,122726.91
Sub-Saharan Africa,Sierra Leone,Office Supplies,Offline,H,2016-12-03,SYN000400,2016-12-09,999,598.86,536.93,598261.14,511865.07,128917.0
Sub-Saharan Africa,Sao Tome and Principe,Fruits,Online,C,2014-06-16,SYN000401,2014-07-03,8254,9.52,6.64,78578.08,60849.57,20210.96
Sub-Saharan Africa,The Gambia,Cereal,Offline,H,2012-06-07,SYN000402,2012-06-05,2068,199.26,127.13,412069.68,247132.72,172729.62
Sub-Saharan Africa,The Gambia,Meat,Online,M,2017-01-21,SYN000403,2017-01-30,4509,419.13,390.23,1889857.17,1782357.74,290439.47
Asia,Turkmenistan,Office Supplies,Online,M,2013-04-26,SYN000404,2013-05-18,4974,608.6,493.4,3027176.4,2603629.76,636387.63
Australia and Oceania,New Zealand,Fruits,Online,H,2014-09-10,SYN000405,2014-09-28,2260,8.96,6.8,20249.600000000002,14528.84,5196.47
Central America and the Caribbean,Honduras,Household,Offline,H,2017-02-09,SYN000406,2017-02-15,9174,702.43,490.02,6444092.819999999,4446886.48,1526661.08
Europe,Bulgaria,Office Supplies,Online,M,2012-02-11,SYN000407,2012-02-27,3912,573.97,488.69,2245370.64,2186977.7,510785.2
Asia,Turkmenistan,Household,Offline,L,2010-12-25,SYN000408,2011-01-25,3562,674.11,461.01,2401179.82,1930877.34,583733.91
Europe,Norway,Beverages,Offline,C,2014-07-16,SYN000409,2014-07-31,4938,45.62,29.42,225271.56,157317.78,77388.1
Sub-Saharan Africa,South Sudan,Personal Care,Offline,C,2013-12-25,SYN000410,2014-02-02,2136,77.67,55.72,165903.12,118617.35,55583.65
Australia and Oceania,New Zealand,Fruits,Online,H,2014-09-05,SYN000411,2014-10-02,2437,9.51,6.6,23175.87,15951.23,5559.02
Sub-Saharan Africa,Sierra Leone,Office Supplies,Offline,M,2011-11-29,SYN000412,2011-12-31,3431,688.06,480.74,2360733.86,1685307.34,416095.41
Asia,Sri Lanka,Cosmetics,Offline,M,2016-11-21,SYN000413,2016-12-11,7387,432.07,251.96,3191701.09,1843637.45,1208071.23
Europe,Albania,Clothes,Online,C,2010-01-27,SYN000414,2010-03-22,2326,101.46,34.71,235995.96,78795.61,181087.41
Sub-Saharan Africa,Senegal,Cereal,Online,H,2014-04-13,SYN000415,2014-05-29,6782,196.84,114.13,1334968.8800000001,767200.76,607829.68
Asia,Brunei,Office Supplies,Online,L,2012-04-02,SYN000416,2012-05-07,6961,622.29,519.14,4331760.6899999995,3371934.07,915885.0
Central America and the Caribbean,Nicaragua,Beverages,Offline,C,2011-02-15,SYN000417,2011-03-16,8034,45.06,28.38,362012.04000000004,256630.2,124862.51
North America,Mexico,Household,Offline,C,2014-11-05,SYN000418,2014-12-09,7448,636.02,519.62,4737076.96,3390404.98,1185162.76
Middle East and North Africa,Lebanon,Clothes,Online,L,2012-09-16,SYN000419,2012-10-02,7681,105.08,33.74,807119.48,274435.27,525468.54
Sub-Saharan Africa,South Sudan,Personal Care,Offline,C,2013-12-29,SYN000420,2014-01-31,1979,84.92,57.19,168056.68,116905.12,54225.93
Europe,Switzerland,Personal Care,Online,M,2010-12-26,SYN000421,2011-02-01,281,88.09,59.17,24753.29,14709.58,6777.14
Sub-Saharan Africa,Burkina Faso,Vegetables,Online,H,2012-07-16,SYN000422,2012-07-26,8039,150.26,93.64,1207940.14,726360.66,528812.27
Central America and the Caribbean,Grenada,Cereal,Online,C,2012-08-21,SYN000423,2012-09-19,2673,202.4,114.25,541015.2000000001,345021.03,254699.35
Middle East and North Africa,Azerbaijan,Cosmetics,Online,M,2010-02-06,SYN000424,2010-02-21,6683,449.38,239.13,3003206.54,1886980.11,1183828.75
Europe,Switzerland,Personal Care,Online,M,2010-12-20,SYN000425,2011-01-31,273,81.58,56.43,22271.34,16186.0,7011.26
Sub-Saharan Africa,Cape Verde,Clothes,Offline,H,2014-07-28,SYN000426,2014-08-24,4159,118.12,36.86,491261.08,141210.76,309247.62
Central America and the Caribbean,Honduras,Household,Offline,H,2017-02-05,SYN000427,2017-02-07,8537,676.26,487.27,5773231.62,4502020.19,1492665.57
Middle East and North Africa,Libya,Fruits,Online,L,2015-08-16,SYN000428,2015-10-04,660,9.73,7.04,6421.8,5231.0,1637.65
Australia and Oceania,East Timor,Meat,Online,L,2012-08-05,SYN000429,2012-09-15,5742,393.14,350.25,2257409.88,2101089.2,360518.36
Europe,Austria,Cosmetics,Offline,H,2015-03-02,SYN000430,2015-03-01,2913,436.18,257.62,1270592.34,813951.77,476000.86
Australia and Oceania,New Zealand,Fruits,Online,H,2014-09-13,SYN000431,2014-10-03,2075,9.12,6.92,18924.0,16256.33,5257.47
Sub-Saharan Africa,Cote d'Ivoire,Clothes,Online,C,2012-06-03,SYN000432,2012-06-23,3595,107.29,36.27,385707.55000000005,112668.21,262217.14
Europe,United Kingdom,Household,Online,L,2012-01-03,SYN000433,2012-02-21,295,728.43,472.51,214886.84999999998,144616.47,45756.55
Sub-Saharan Africa,Gabon,Personal Care,Offline,L,2012-07-03,SYN000434,2012-07-07,8872,76.75,57.37,680926.0,474547.58,197670.53
Sub-Saharan Africa,Djibouti,Cosmetics,Offline,H,2014-04-10,SYN000435,2014-04-22,7142,449.22,263.34,3208329.24,1981826.82,1247033.87
Sub-Saharan Africa,Cape Verde,Clothes,Offline,H,2014-08-02,SYN000436,2014-08-24,4369,117.05,39.35,511391.45,151704.93,289593.72
Australia and Oceania,Kiribati,Fruits,Online,M,2014-10-10,SYN000437,2014-11-03,5078,8.49,7.21,43112.22,38806.5,13274.62
Europe,Slovenia,Beverages,Offline,C,2016-10-23,SYN000438,2016-11-27,4026,44.85,31.82,180566.1,143306.35,67652.25
Sub-Saharan Africa,Djibouti,Cosmetics,Offline,H,2014-03-31,SYN000439,2014-04-15,7248,426.68,281.72,3092576.64,1953624.24,1141583.92
Asia,Brunei,Office Supplies,Online,L,2012-03-26,SYN000440,2012-05-13,6845,630.74,512.17,4317415.3,3611382.22,902532.0
Europe,Spain,Household,Offline,L,2012-10-18,SYN000441,2012-12-01,4823,649.75,540.22,3133744.25,2170382.81,686936.82
Asia,Laos,Vegetables,Offline,C,2011-09-10,SYN000442,2011-10-22,3684,160.67,90.43,591908.2799999999,357625.43,232952.69
Sub-Saharan Africa,Sierra Leone,Office Supplies,Offline,H,2016-12-11,SYN000443,2016-12-14,975,635.26,542.25,619378.5,492114.16,120596.0
Sub-Saharan Africa,Cape Verde,Clothes,Offline,H,2014-08-05,SYN000444,2014-08-19,4165,113.74,36.58,473727.1,144635.05,319150.39
Sub-Saharan Africa,Sierra Leone,Vegetables,Offline,C,2016-05-28,SYN000445,2016-06-30,1560,148.46,90.15,231597.6,130920.6,92688.12
Sub-Saharan Africa,Sierra Leone,Vegetables,Offline,C,2016-05-31,SYN000446,2016-06-26,1630,163.61,95.2,266684.30000000005,138491.64,92064.73
Europe,Spain,Household,Offline,L,2012-10-14,SYN000447,2012-11-24,4398,672.13,488.79,2956027.7399999998,2357779.06,753328.64
Sub-Saharan Africa,Djibouti,Snacks,Online,M,2017-03-04,SYN000448,2017-02-28,7368,147.43,90.76,1086264.24,695843.12,363391.89
Australia and Oceania,Solomon Islands,Baby Food,Online,C,2015-01-28,SYN000449,2015-02-18,2812,264.2,163.58,742930.4,458349.77,295515.46
Europe,Albania,Clothes,Online,C,2010-02-03,SYN000450,2010-03-25,2223,106.8,37.44,237416.4,82555.64,175250.05
Middle East and North Africa,Pakistan,Cosmetics,Offline,L,2013-07-09,SYN000451,2013-08-15,10715,456.89,243.5,4895576.35,2533475.83,1862086.48
Australia and Oceania,Fiji,Clothes,Offline,C,2010-06-24,SYN000452,2010-08-05,10096,109.83,34.16,1108843.68,362064.86,681749.21
Australia and Oceania,Australia,Office Supplies,Online,C,2015-10-25,SYN000453,2015-11-22,2619,631.97,550.47,1655129.4300000002,1561865.65,345227.0
Asia,Malaysia,Fruits,Offline,L,2011-11-14,SYN000454,2012-01-04,5542,8.94,6.39,49545.479999999996,42467.26,14594.74
Europe,France,Cosmetics,Online,H,2017-05-24,SYN000455,2017-05-30,1735,451.07,284.78,782606.45,457448.04,295861.11
Sub-Saharan Africa,Rwanda,Office Supplies,Offline,L,2013-01-26,SYN000456,2013-02-11,5240,656.28,549.55,3438907.1999999997,2676056.66,654207.28
Asia,Myanmar,Household,Offline,H,2015-01-13,SYN000457,2015-03-02,8834,658.15,527.41,5814097.1,4381526.0,1413186.64
Europe,Slovakia,Vegetables,Online,H,2012-09-30,SYN000458,2012-11-11,157,158.47,99.58,24879.79,15402.8,10236.17
Sub-Saharan Africa,South Sudan,Personal Care,Offline,C,2014-01-05,SYN000459,2014-02-04,1880,72.48,57.73,136262.4,117535.85,52450.8
Sub-Saharan Africa,Sierra Leone,Vegetables,Offline,C,2016-05-27,SYN000460,2016-06-23,1454,145.61,86.71,211716.94000000003,131488.23,87254.7
Sub-Saharan Africa,Sierra Leone,Office Supplies,Offline,M,2011-12-02,SYN000461,2012-01-04,3544,694.48,530.68,2461237.12,1857797.88,452314.89
Middle East and North Africa,Syria,Fruits,Online,L,2011-11-23,SYN000462,2011-11-28,3776,9.45,6.9,35683.2,24847.33,8594.87
Sub-Saharan Africa,Djibouti,Cereal,Online,H,2017-05-21,SYN000463,2017-06-20,8934,208.36,123.2,1861488.2400000002,955738.46,810719.23
Australia and Oceania,Kiribati,Fruits,Online,M,2014-10-14,SYN000464,2014-11-04,5744,9.61,7.68,55199.84,39036.45,13588.98
Middle East and North Africa,Saudi Arabia,Cereal,Online,M,2013-03-28,SYN000465,2013-03-29,4028,190.67,108.04,768018.7599999999,494684.28,371423.73
Sub-Saharan Africa,Lesotho,Fruits,Online,L,2013-08-22,SYN000466,2013-09-23,10021,9.05,6.83,90690.05,67913.07,22907.16
Central America and the Caribbean,Costa Rica,Personal Care,Offline,L,2017-05-05,SYN000467,2017-05-21,5995,79.61,55.87,477261.95,363241.34,150479.16
Europe,Switzerland,Personal Care,Online,M,2010-12-25,SYN000468,2011-02-03,288,84.75,58.42,24408.0,14774.81,7006.28
Sub-Saharan Africa,Cameroon,Beverages,Offline,C,2015-03-27,SYN000469,2015-04-12,5572,44.45,31.69,247675.40000000002,155757.53,86291.36
Europe,Slovenia,Beverages,Offline,C,2016-10-17,SYN000470,2016-11-24,4717,47.37,29.31,223444.28999999998,147815.16,80125.61
Sub-Saharan Africa,Lesotho,Fruits,Online,L,2013-08-20,SYN000471,2013-09-18,8643,9.68,6.44,83664.23999999999,65640.09,23041.58
Sub-Saharan Africa,Cameroon,Beverages,Offline,C,2015-04-02,SYN000472,2015-04-21,5152,44.72,32.74,230397.44,174124.71,75706.94
Asia,Brunei,Office Supplies,Online,L,2012-03-30,SYN000473,2012-05-11,6409,621.23,549.16,3981463.0700000003,3329003.64,832869.0
Australia and Oceania,Australia,Cereal,Offline,H,2013-06-13,SYN000474,2013-07-01,652,218.39,125.6,142390.28,78890.3,58066.06
Sub-Saharan Africa,Mali,Fruits,Online,L,2010-05-07,SYN000475,2010-05-10,5910,9.67,7.62,57149.7,42979.97,14972.75
Middle East and North Africa,Kuwait,Fruits,Online,M,2012-05-01,SYN000476,2012-05-16,538,9.74,7.6,5240.12,3601.38,1203.54
Middle East and North Africa,Libya,Clothes,Offline,H,2010-11-02,SYN000477,2010-11-10,6429,110.62,34.44,711175.98,217781.93,455104.53
Australia and Oceania,Fiji,Clothes,Offline,C,2010-06-27,SYN000478,2010-07-27,10178,112.53,36.64,1145330.34,322940.26,726720.41
Sub-Saharan Africa,Mali,Clothes,Online,M,2011-07-26,SYN000479,2011-08-27,850,98.41,33.08,83648.5,32419.28,68104.69
Australia and Oceania,Samoa,Cosmetics,Online,H,2013-07-16,SYN000480,2013-07-31,8930,419.31,274.11,3744438.3,2624787.27,1715031.52
Sub-Saharan Africa,Comoros,Cereal,Offline,H,2016-03-29,SYN000481,2016-04-28,954,224.8,119.54,214459.2,115225.2,86173.42
Central America and the Caribbean,Grenada,Cereal,Online,C,2012-08-28,SYN000482,2012-09-16,2895,224.43,112.54,649724.85,324158.94,252051.37
Sub-Saharan Africa,Republic of the Congo,Personal Care,Offline,M,2015-07-17,SYN000483,2015-08-31,5851,86.81,53.23,507925.31,333778.74,157149.22
Asia,Kyrgyzstan,Vegetables,Online,H,2011-06-27,SYN000484,2011-07-16,115,152.39,87.36,17524.85,11081.82,7855.82
North America,Mexico,Personal Care,Offline,L,2012-02-16,SYN000485,2012-03-13,6561,80.98,57.59,531309.78,365704.39,164265.99
Europe,Iceland,Cosmetics,Online,C,2016-12-24,SYN000486,2016-12-25,9164,453.35,280.5,4154499.4000000004,2111515.94,1365526.96
Australia and Oceania,Samoa,Cosmetics,Online,H,2013-07-13,SYN000487,2013-08-04,9636,433.76,266.97,4179711.36,2448572.88,1725124.52
Middle East and North Africa,Lebanon,Clothes,Online,L,2012-09-22,SYN000488,2012-10-05,7783,109.07,36.56,848891.8099999999,266400.25,558169.26
Europe,Romania,Cosmetics,Online,H,2010-12-03,SYN000489,2010-12-21,7710,454.96,270.52,3507741.5999999996,2136291.35,1381214.75
Asia,Turkmenistan,Household,Offline,L,2011-01-04,SYN000490,2011-01-22,3561,662.43,519.62,2358913.23,1886606.73,706290.77
Middle East and North Africa,Syria,Fruits,Online,L,2011-11-18,SYN000491,2011-11-27,3833,8.99,6.69,34458.67,28283.85,9331.74
Sub-Saharan Africa,Cote d'Ivoire,Clothes,Online,C,2012-06-08,SYN000492,2012-07-01,3687,107.68,38.88,397016.16000000003,118534.76,257950.88
Sub-Saharan Africa,The Gambia,Cereal,Offline,H,2012-06-06,SYN000493,2012-06-03,2227,207.34,111.32,461746.18,222903.06,178982.46
Sub-Saharan Africa,The Gambia,Cereal,Offline,H,2012-06-06,SYN000494,2012-06-11,2158,202.21,116.78,436369.18,257231.65,179113.82
Sub-Saharan Africa,The Gambia,Baby Food,Offline,M,2014-02-02,SYN000495,2014-03-15,6104,261.31,155.22,1595036.24,939824.62,502868.57
Europe,Austria,Cosmetics,Offline,H,2015-03-02,SYN000496,2015-03-06,2681,409.25,249.57,1097199.25,791019.6,477755.06
Asia,Turkmenistan,Household,Offline,L,2010-12-31,SYN000497,2011-01-18,3975,671.63,478.55,2669729.25,2021968.12,650493.29
Asia,Sri Lanka,Cosmetics,Offline,M,2016-11-15,SYN000498,2016-12-25,6567,442.34,271.61,2904846.78,1762475.57,1269922.44
Australia and Oceania,New Zealand,Fruits,Online,H,2014-09-08,SYN000499,2014-10-02,2289,9.83,7.46,22500.87,14377.77,5479.88
Sub-Saharan Africa,Mauritania,Office Supplies,Offline,C,2012-01-10,SYN000500,2012-01-18,1269,640.87,501.28,813264.03,618342.72,164565.19
Sub-Saharan Africa,Cameroon,Office Supplies,Online,M,2011-11-06,SYN000501,2011-11-19,5040,649.58,536.29,3273883.2,3015256.74,614664.61
Europe,Norway,Beverages,Offline,C,2014-07-23,SYN000502,2014-07-26,5151,51.05,33.04,262958.55,158616.54,81342.83
Australia and Oceania,Fiji,Clothes,Offline,C,2010-06-26,SYN000503,2010-08-03,9705,105.26,34.7,1021548.3,355043.44,728231.1
Sub-Saharan Africa,Sierra Leone,Office Supplies,Offline,H,2016-11-29,SYN000504,2016-12-21,955,640.01,511.24,611209.55,486488.64,122623.0
Sub-Saharan Africa,Mauritania,Office Supplies,Offline,C,2012-01-04,SYN000505,2012-01-09,1347,625.24,537.28,842198.28,676999.94,168484.81
Middle East and North Africa,Lebanon,Clothes,Online,L,2012-09-12,SYN000506,2012-10-14,8307,103.06,34.25,856119.42,297004.48,566916.36
Australia and Oceania,New Zealand,Fruits,Online,H,2014-09-06,SYN000507,2014-09-27,2079,9.42,7.35,19584.18,15661.2,5216.13
Sub-Saharan Africa,Mali,Clothes,Online,M,2011-07-29,SYN000508,2011-09-06,918,109.11,35.53,100162.98,31511.18,62482.95
Central America and the Caribbean,Honduras,Snacks,Online,L,2016-06-26,SYN000509,2016-07-28,2234,144.67,92.02,323192.77999999997,242142.0,120276.81
Asia,Brunei,Office Supplies,Online,L,2012-04-03,SYN000510,2012-05-02,7219,649.34,486.94,4687585.46,3737412.35,875101.0
Sub-Saharan Africa,Sierra Leone,Office Supplies,Offline,H,2016-12-12,SYN000511,2016-12-15,945,627.55,519.26,593034.75,476802.3,123045.0
Asia,Malaysia,Fruits,Offline,L,2011-11-08,SYN000512,2012-01-02,6163,9.23,6.68,56884.490000000005,44338.79,14532.75
Sub-Saharan Africa,Comoros,Cereal,Offline,H,2016-03-28,SYN000513,2016-04-29,946,200.13,117.65,189322.97999999998,109486.15,89547.56
Sub-Saharan Africa,Angola,Household,Offline,M,2011-04-26,SYN000514,2011-05-01,4394,722.61,535.02,3175148.34,2272920.94,701130.6
Sub-Saharan Africa,Gabon,Personal Care,Offline,L,2012-07-11,SYN000515,2012-07-12,7677,76.32,55.4,585908.6399999999,486787.96,206065.14
Asia,Turkmenistan,Office Supplies,Online,M,2013-04-30,SYN000516,2013-05-24,4977,645.04,503.76,3210364.0799999996,2506416.68,619972.19
Sub-Saharan Africa,Cote d'Ivoire,Clothes,Online,C,2012-06-10,SYN000517,2012-06-27,3701,110.6,34.1,409330.6,117430.2,268659.57
Sub-Saharan Africa,Cameroon,Office Supplies,Online,M,2011-11-04,SYN000518,2011-11-19,5863,613.94,522.56,3599530.22,2978129.27,661539.61
Australia and Oceania,Australia,Cereal,Offline,H,2013-06-05,SYN000519,2013-06-30,668,207.28,121.17,138463.04,82520.53,62901.81
Sub-Saharan Africa,Djibouti,Snacks,Online,M,2017-02-18,SYN000520,2017-02-18,6871,143.64,100.32,986950.44,652806.9,416392.75
Sub-Saharan Africa,Angola,Household,Offline,M,2011-04-18,SYN000521,2011-04-25,3893,707.68,523.56,2754998.2399999998,1970067.98,645256.85
Australia and Oceania,Tuvalu,Baby Food,Offline,H,2010-05-25,SYN000522,2010-06-30,9074,260.45,148.17,2363323.3,1559448.79,985270.5
Australia and Oceania,Tuvalu,Baby Food,Offline,H,2010-05-23,SYN000523,2010-06-21,10061,237.48,165.76,2389286.28,1621471.32,888592.42
Sub-Saharan Africa,Sao Tome and Principe,Fruits,Offline,H,2013-09-20,SYN000524,2013-10-20,7754,9.5,7.03,73663.0,56128.05,18261.7
Asia,Laos,Vegetables,Offline,C,2011-09-14,SYN000525,2011-10-24,3721,146.74,88.82,546019.54,332910.66,237950.07
Europe,Norway,Beverages,Offline,C,2014-07-18,SYN000526,2014-07-26,5270,49.99,30.99,263447.3,159811.85,83663.71
Europe,Slovakia,Vegetables,Online,H,2012-10-08,SYN000527,2012-11-04,162,154.85,89.91,25085.7,15897.08,10437.8
Asia,Laos,Vegetables,Offline,C,2011-09-22,SYN000528,2011-10-17,3668,144.02,93.05,528265.36,344780.91,260093.98
Sub-Saharan Africa,Niger,Personal Care,Online,H,2017-03-09,SYN000529,2017-03-29,2986,76.78,56.44,229265.08000000002,175718.65,75123.39
Europe,United Kingdom,Household,Online,L,2012-01-12,SYN000530,2012-02-12,265,655.11,504.68,173604.15,130870.62,47501.45
Australia and Oceania,Australia,Office Supplies,Online,C,2015-10-20,SYN000531,2015-11-26,2869,651.35,486.02,1868723.1500000001,1545320.17,356830.0
Australia and Oceania,Solomon Islands,Baby Food,Online,C,2015-01-31,SYN000532,2015-02-19,3099,253.06,137.02,784232.9400000001,462711.57,281742.22
Asia,Kyrgyzstan,Vegetables,Online,H,2011-06-20,SYN000533,2011-07-18,114,155.94,98.07,17777.16,11541.6,8206.34
Central America and the Caribbean,Belize,Clothes,Offline,M,2016-07-23,SYN000534,2016-09-03,5310,105.4,37.17,559674.0,189299.71,380021.71
Europe,France,Cosmetics,Online,H,2017-05-19,SYN000535,2017-06-08,1966,435.71,294.41,856605.86,488447.3,320406.63
Europe,Romania,Cosmetics,Online,H,2010-11-30,SYN000536,2010-12-22,7528,484.42,262.01,3646713.7600000002,2114451.13,1450427.02
Europe,Bulgaria,Office Supplies,Online,M,2012-02-17,SYN000537,2012-03-05,4100,627.88,511.67,2574308.0,2172920.73,475445.68
Sub-Saharan Africa,Mauritania,Office Supplies,Offline,C,2012-01-08,SYN000538,2012-01-13,1244,623.62,493.11,775783.28,610308.37,166994.33
Asia,Myanmar,Clothes,Online,H,2015-11-20,SYN000539,2015-11-22,5977,115.72,33.65,691658.44,215237.95,395779.94
Europe,Switzerland,Cosmetics,Offline,M,2012-09-10,SYN000540,2012-10-17,8260,444.4,257.72,3670744.0,2387653.63,1441643.99
Asia,Turkmenistan,Office Supplies,Online,M,2013-04-17,SYN000541,2013-05-13,4923,758.87,485.32,3735917.0100000002,2355941.6,632293.1
Europe,United Kingdom,Household,Online,L,2012-01-05,SYN000542,2012-02-18,276,705.18,500.88,194629.68,139933.09,45364.39
Australia and Oceania,Fiji,Clothes,Offline,C,2010-06-23,SYN000543,2010-08-08,9246,117.51,35.14,1086497.46,339436.97,768049.44
Middle East and North Africa,Saudi Arabia,Cereal,Online,M,2013-03-25,SYN000544,2013-03-28,4045,186.89,119.43,755970.0499999999,455141.8,351694.39
Australia and Oceania,Fiji,Clothes,Offline,C,2010-06-24,SYN000545,2010-07-26,9969,109.63,37.1,1092901.47,340573.24,735604.82
Asia,Kyrgyzstan,Vegetables,Online,H,2011-06-20,SYN000546,2011-07-06,117,153.08,108.21,17910.36,11354.15,8508.72
Sub-Saharan Africa,Sierra Leone,Vegetables,Offline,C,2016-05-27,SYN000547,2016-06-28,1481,139.04,86.56,205918.24,135756.97,93813.6
Sub-Saharan Africa,Mali,Fruits,Online,L,2010-05-07,SYN000548,2010-05-12,5651,9.25,6.44,52271.75,39520.17,13154.82
Sub-Saharan Africa,Senegal,Cereal,Online,H,2014-04-24,SYN000549,2014-05-29,6318,218.41,115.68,1379914.38,788630.39,600339.4
Middle East and North Africa,Libya,Fruits,Online,L,2015-08-19,SYN000550,2015-10-07,660,8.91,6.87,5880.6,4693.73,1542.42
Europe,Albania,Clothes,Online,C,2010-01-26,SYN000551,2010-03-13,2202,115.2,36.5,253670.4,80156.78,163429.98
Sub-Saharan Africa,South Sudan,Personal Care,Offline,C,2013-12-29,SYN000552,2014-01-24,2208,81.79,59.9,180592.32,110400.29,54398.44
Asia,Sri Lanka,Cosmetics,Offline,M,2016-11-25,SYN000553,2016-12-24,7087,461.6,251.21,3271359.2,1931923.75,1148398.61
Central America and the Caribbean,Costa Rica,Personal Care,Offline,L,2017-05-15,SYN000554,2017-05-19,6475,78.93,52.16,511071.75000000006,349006.35,165410.64
Sub-Saharan Africa,Niger,Personal Care,Online,H,2017-03-10,SYN000555,2017-03-22,2911,80.87,59.65,235412.57,161520.62,86132.62
Middle East and North Africa,Libya,Fruits,Online,L,2015-08-21,SYN000556,2015-09-27,634,9.74,6.79,6175.16,4854.49,1605.81
Europe,Monaco,Baby Food,Offline,H,2012-05-30,SYN000557,2012-06-07,8980,239.59,166.5,2151518.2,1367522.51,831148.87
Europe,France,Cosmetics,Online,H,2017-05-26,SYN000558,2017-06-02,1694,445.24,245.05,754236.56,457963.37,320798.26
Sub-Saharan Africa,Mozambique,Household,Offline,L,2012-02-10,SYN000559,2012-02-16,5707,674.41,483.28,3848857.8699999996,2503405.08,937762.27
Asia,Laos,Vegetables,Offline,C,2011-09-15,SYN000560,2011-10-24,3560,152.83,90.94,544074.8,323986.05,238723.35
Middle East and North Africa,Lebanon,Clothes,Online,L,2012-09-15,SYN000561,2012-10-05,8022,109.14,33.04,875521.08,289930.3,610294.42
Sub-Saharan Africa,The Gambia,Household,Offline,L,2012-05-19,SYN000562,2012-06-03,2386,708.52,574.94,1690528.72,1145575.5,422601.59
Europe,Monaco,Baby Food,Offline,H,2012-06-03,SYN000563,2012-06-06,8662,260.29,154.2,2254631.98,1319883.23,877179.3
Asia,Bangladesh,Clothes,Online,L,2017-01-08,SYN000564,2017-03-05,8469,106.23,35.21,899661.87,308643.11,617241.22
Sub-Saharan Africa,Sierra Leone,Office Supplies,Offline,M,2011-11-22,SYN000565,2012-01-03,3729,693.87,527.36,2587441.23,1978249.03,457116.87
Middle East and North Africa,Syria,Fruits,Online,L,2011-11-29,SYN000566,2011-12-07,3729,9.24,7.33,34455.96,24072.88,9331.3
Sub-Saharan Africa,Kenya,Vegetables,Online,L,2012-03-11,SYN000567,2012-04-11,5971,154.04,82.85,919772.84,525978.01,393735.4
Europe,Lithuania,Office Supplies,Offline,H,2010-10-25,SYN000568,2010-11-16,7993,698.47,539.02,5582870.71,4147383.06,1033742.96
Sub-Saharan Africa,Angola,Household,Offline,M,2011-04-17,SYN000569,2011-04-26,4391,734.99,529.0,3227341.09,2086709.71,679856.11
Middle East and North Africa,Iran,Cosmetics,Online,H,2016-11-12,SYN000570,2016-12-02,6302,471.33,248.43,2970321.6599999997,1562303.8,1137225.17
Central America and the Caribbean,Nicaragua,Beverages,Offline,C,2011-02-10,SYN000571,2011-03-19,8835,48.43,32.64,427879.05,245115.58,128515.6
Sub-Saharan Africa,The Gambia,Household,Offline,L,2012-05-29,SYN000572,2012-06-13,2371,634.29,456.0,1503901.5899999999,1086077.32,409090.63
Sub-Saharan Africa,Sierra Leone,Office Supplies,Offline,H,2016-12-07,SYN000573,2016-12-17,906,671.2,509.83,608107.2000000001,506917.49,117028.0
Middle East and North Africa,Syria,Fruits,Online,L,2011-11-18,SYN000574,2011-12-07,3465,9.38,6.91,32501.700000000004,23815.92,8271.55
Europe,Switzerland,Cosmetics,Offline,M,2012-09-11,SYN000575,2012-10-21,8715,443.19,245.87,3862400.85,2392779.48,1448140.05
Europe,Bulgaria,Office Supplies,Online,M,2012-02-19,SYN000576,2012-02-26,3937,593.38,482.11,2336137.06,2082126.73,525537.36
Sub-Saharan Africa,The Gambia,Household,Offline,L,2012-05-24,SYN000577,2012-06-12,2402,739.22,537.64,1775606.4400000002,1213349.56,402490.52
Europe,San Marino,Baby Food,Online,L,2013-06-23,SYN000578,2013-07-03,4767,248.98,159.39,1186887.66,820981.0,483582.0
Europe,Portugal,Baby Food,Online,H,2015-07-26,SYN000579,2015-09-08,1300,253.17,168.93,329121.0,208711.4,127345.79
Central America and the Caribbean,Grenada,Cereal,Online,C,2012-08-23,SYN000580,2012-09-16,2969,211.16,118.0,626934.04,302570.14,248060.47
Middle East and North Africa,Azerbaijan,Cosmetics,Online,M,2010-02-04,SYN000581,2010-02-27,7256,462.13,265.61,3353215.28,1823671.74,1167836.12
Middle East and North Africa,Lebanon,Clothes,Online,L,2012-09-11,SYN000582,2012-10-13,7184,104.17,31.69,748357.28,277726.72,567296.62
Asia,Sri Lanka,Cosmetics,Offline,M,2016-11-26,SYN000583,2016-12-17,6667,417.23,287.26,2781672.41,1913751.34,1158172.13
Australia and Oceania,East Timor,Meat,Online,L,2012-07-26,SYN000584,2012-09-12,6355,426.76,344.64,2712059.8,2159684.61,341986.5
Sub-Saharan Africa,Senegal,Cereal,Online,H,2014-04-13,SYN000585,2014-06-04,6091,207.37,117.05,1263090.67,811746.19,540993.74
Australia and Oceania,Kiribati,Fruits,Online,M,2014-10-18,SYN000586,2014-11-17,5197,9.15,6.63,47552.55,33794.65,12639.66
Sub-Saharan Africa,Mozambique,Household,Offline,L,2012-02-10,SYN000587,2012-02-17,5706,673.31,520.02,3841906.86,2555681.03,929819.62
North America,Mexico,Personal Care,Offline,M,2015-08-03,SYN000588,2015-08-04,5615,82.47,59.35,463069.05,351499.06,140391.49
Europe,Switzerland,Cosmetics,Offline,M,2012-09-21,SYN000589,2012-10-15,8663,471.01,266.15,4080359.63,2404809.5,1499747.92
Sub-Saharan Africa,The Gambia,Household,Offline,L,2012-05-31,SYN000590,2012-06-08,2515,657.2,517.62,1652858.0,1141227.42,428338.12
Sub-Saharan Africa,Comoros,Cereal,Offline,H,2016-03-31,SYN000591,2016-05-01,934,188.13,126.65,175713.41999999998,113999.23,89378.82
Asia,Sri Lanka,Cosmetics,Offline,M,2016-11-22,SYN000592,2016-12-18,6764,435.2,242.94,2943692.8,1828983.28,1189205.58
Central America and the Caribbean,Honduras,Household,Offline,H,2017-02-10,SYN000593,2017-02-19,8636,669.78,588.66,5784220.08,4885980.92,1460855.96
Sub-Saharan Africa,Sao Tome and Principe,Fruits,Online,C,2014-06-21,SYN000594,2014-07-07,8227,8.7,6.12,71574.9,57863.7,20339.9
Sub-Saharan Africa,Comoros,Cereal,Offline,H,2016-03-29,SYN000595,2016-04-29,1057,204.8,113.87,216473.6,112394.14,88768.36
Europe,Bulgaria,Office Supplies,Online,M,2012-02-09,SYN000596,2012-02-24,4211,725.93,520.41,3056891.23,1927054.82,529314.92
Middle East and North Africa,Libya,Fruits,Online,L,2015-08-17,SYN000597,2015-09-25,666,9.25,6.87,6160.5,4703.42,1607.8
Sub-Saharan Africa,Kenya,Vegetables,Online,L,2012-03-25,SYN000598,2012-04-07,6592,149.38,95.69,984712.96,590864.02,365863.95
Central America and the Caribbean,Nicaragua,Beverages,Offline,C,2011-02-08,SYN000599,2011-03-22,8539,45.71,30.94,390317.69,276958.75,130112.26
Sub-Saharan Africa,Niger,Personal Care,Online,H,2017-03-15,SYN000600,2017-04-03,2975,82.6,53.26,245734.99999999997,171788.23,75722.61
Asia,Kyrgyzstan,Vegetables,Online,H,2011-06-21,SYN000601,2011-07-07,133,152.41,98.49,20270.53,11513.33,8614.54
Asia,Laos,Vegetables,Offline,C,2011-09-14,SYN000602,2011-10-27,3778,160.82,90.3,607577.96,321433.73,242444.58
Europe,Moldova,Personal Care,Online,L,2016-05-13,SYN000603,2016-05-08,5269,86.41,56.87,455294.29,265497.07,129070.1
Sub-Saharan Africa,The Gambia,Meat,Online,M,2017-01-13,SYN000604,2017-01-16,4628,435.47,331.58,2015355.1600000001,1764579.1,301447.63
Australia and Oceania,Kiribati,Fruits,Online,M,2014-10-06,SYN000605,2014-11-08,5805,9.71,7.14,56366.55,36728.31,14197.39
Middle East and North Africa,Azerbaijan,Office Supplies,Online,M,2012-06-17,SYN000606,2012-07-20,1975,605.0,563.04,1194875.0,1142877.4,249872.65
Europe,Slovakia,Vegetables,Online,H,2012-10-12,SYN000607,2012-11-10,182,161.29,78.58,29354.78,16015.63,10908.48
North America,Mexico,Personal Care,Offline,L,2012-02-21,SYN000608,2012-03-23,6431,80.1,57.27,515123.1,352617.68,162253.14
Sub-Saharan Africa,Kenya,Vegetables,Online,L,2012-03-14,SYN000609,2012-04-04,6550,149.8,92.46,981190.0000000001,633970.89,432242.17
Asia,Myanmar,Clothes,Online,H,2015-11-17,SYN000610,2015-11-13,5631,101.82,35.48,573348.4199999999,204191.64,431794.79
Europe,Bulgaria,Office Supplies,Online,M,2012-02-09,SYN000611,2012-02-26,3922,607.97,531.04,2384458.3400000003,2035652.51,521624.52
Sub-Saharan Africa,Djibouti,Cereal,Online,H,2017-05-21,SYN000612,2017-06-10,8616,212.4,118.26,1830038.4000000001,926594.03,726309.47
Europe,Romania,Cosmetics,Online,H,2010-11-29,SYN000613,2010-12-20,8261,440.05,241.41,3635253.0500000003,2000174.03,1402060.96
Sub-Saharan Africa,Comoros,Cereal,Offline,H,2016-03-22,SYN000614,2016-04-29,929,216.86,124.93,201462.94,115053.29,77206.24
Europe,Spain,Household,Offline,L,2012-10-14,SYN000615,2012-11-23,4782,685.87,505.08,3279830.34,2194618.0,741242.35
Europe,Switzerland,Cosmetics,Offline,M,2012-09-10,SYN000616,2012-10-13,9358,449.53,261.98,4206701.739999999,2272679.95,1565957.56
Europe,Norway,Beverages,Offline,C,2014-07-21,SYN000617,2014-07-28,4892,45.14,35.09,220824.88,168662.57,79685.58
Sub-Saharan Africa,Republic of the Congo,Personal Care,Offline,M,2015-07-20,SYN000618,2015-08-18,5684,87.99,56.57,500135.16,355101.42,151113.51
Asia,Myanmar,Clothes,Online,H,2015-11-17,SYN000619,2015-11-17,6292,114.89,32.66,722887.88,202476.13,416042.28
Sub-Saharan Africa,Cameroon,Beverages,Offline,C,2015-04-08,SYN000620,2015-04-25,5504,46.35,33.71,255110.4,172372.14,92191.34
Sub-Saharan Africa,Mali,Fruits,Online,L,2010-05-07,SYN000621,2010-05-09,5695,9.36,7.25,53305.2,39868.04,14239.67
Asia,Turkmenistan,Household,Offline,L,2010-12-28,SYN000622,2011-01-17,3759,684.6,509.88,2573411.4,2134677.42,648696.03
Central America and the Caribbean,Honduras,Snacks,Online,L,2016-07-03,SYN000623,2016-07-24,2161,160.43,97.94,346689.23000000004,212078.0,115063.95
Europe,Romania,Cosmetics,Online,H,2010-12-01,SYN000624,2010-12-29,7979,390.89,259.26,3118911.31,2044534.68,1331973.86
Middle East and North Africa,Saudi Arabia,Cereal,Online,M,2013-03-24,SYN000625,2013-03-21,4217,199.7,111.12,842134.8999999999,464580.94,361896.5
Middle East and North Africa,Saudi Arabia,Cereal,Online,M,2013-04-01,SYN000626,2013-03-25,3869,200.77,109.23,776779.13,479524.41,387296.76
Europe,Lithuania,Office Supplies,Offline,H,2010-10-25,SYN000627,2010-11-22,8077,654.35,494.12,5285184.95,4257309.41,1001626.83
Central America and the Caribbean,Nicaragua,Beverages,Offline,C,2011-02-11,SYN000628,2011-03-25,9216,51.4,31.68,473702.39999999997,270463.35,123587.69
Sub-Saharan Africa,Djibouti,Cosmetics,Offline,H,2014-04-12,SYN000629,2014-04-12,6695,419.6,266.47,2809222.0,2066784.92,1295119.48
Sub-Saharan Africa,Democratic Republic of the Congo,Beverages,Online,C,2011-06-02,SYN000630,2011-07-09,5606,47.89,30.11,268471.34,169956.32,92704.62
Middle East and North Africa,Saudi Arabia,Cereal,Online,M,2013-03-24,SYN000631,2013-03-23,4147,195.29,118.54,809867.63,464940.33,365653.43
Australia and Oceania,Tuvalu,Baby Food,Offline,H,2010-05-29,SYN000632,2010-06-22,10303,260.79,151.34,2686919.37,1586470.66,929374.13
Australia and Oceania,Samoa,Cosmetics,Online,H,2013-07-26,SYN000633,2013-08-10,9753,422.41,269.84,4119764.7300000004,2413891.1,1639133.34
Sub-Saharan Africa,Rwanda,Cosmetics,Offline,H,2013-10-17,SYN000634,2013-11-29,4732,411.27,249.31,1946129.64,1152970.63,804887.81
Europe,Slovenia,Beverages,Offline,C,2016-10-18,SYN000635,2016-11-19,4743,46.02,32.91,218272.86000000002,133914.6,68494.55
Sub-Saharan Africa,The Gambia,Cereal,Offline,H,2012-06-03,SYN000636,2012-06-14,2151,191.56,121.91,412045.56,242529.15,193712.28
Central America and the Caribbean,Honduras,Snacks,Online,L,2016-06-26,SYN000637,2016-07-19,2333,161.55,91.96,376896.15,213139.0,122057.55
Europe,Portugal,Baby Food,Online,H,2015-08-04,SYN000638,2015-09-08,1188,279.41,156.95,331939.08,192699.19,115703.35
Sub-Saharan Africa,The Gambia,Baby Food,Offline,M,2014-02-04,SYN000639,2014-03-15,5705,266.49,168.22,1520325.45,866532.79,552784.06
Australia and Oceania,Australia,Beverages,Offline,H,2014-07-01,SYN000640,2014-07-10,9798,48.34,33.63,473635.32,282739.96,140667.96
Australia and Oceania,Federated States of Micronesia,Beverages,Online,C,2014-10-22,SYN000641,2014-11-17,10273,44.31,31.83,455196.63,275412.24,150386.37
Europe,Spain,Household,Offline,L,2012-10-21,SYN000642,2012-12-04,4040,722.46,480.85,2918738.4000000004,2315606.3,768787.81
Australia and Oceania,East Timor,Meat,Online,L,2012-08-02,SYN000643,2012-09-13,5794,421.66,351.36,2443098.04,2270842.65,336201.23
Australia and Oceania,Solomon Islands,Baby Food,Online,C,2015-02-01,SYN000644,2015-02-19,2677,253.0,152.7,677281.0,468917.73,278723.56
Central America and the Caribbean,Nicaragua,Beverages,Offline,C,2011-02-12,SYN000645,2011-03-20,8338,50.12,29.68,417900.56,258757.04,125126.1
Sub-Saharan Africa,Sao Tome and Principe,Fruits,Online,C,2014-06-23,SYN000646,2014-07-12,7623,9.0,6.35,68607.0,58011.82,19316.69
Sub-Saharan Africa,Rwanda,Office Supplies,Offline,L,2013-02-01,SYN000647,2013-01-31,4911,655.09,493.11,3217146.99,2633614.67,665587.39
Sub-Saharan Africa,Comoros,Cereal,Offline,H,2016-03-26,SYN000648,2016-05-02,934,192.01,118.02,179337.34,111783.87,87998.89
Australia and Oceania,East Timor,Meat,Online,L,2012-07-31,SYN000649,2012-09-07,6019,425.06,337.94,2558436.14,2281262.41,318739.96
Central America and the Caribbean,Haiti,Cosmetics,Offline,H,2013-10-11,SYN000650,2013-11-11,1649,420.87,263.27,694014.63,472727.61,305419.19
Central America and the Caribbean,Nicaragua,Beverages,Offline,C,2011-02-13,SYN000651,2011-03-20,9198,49.52,28.06,455484.96,252943.82,130341.17
Europe,Slovakia,Vegetables,Online,H,2012-10-03,SYN000652,2012-11-15,163,168.12,91.84,27403.56,16599.7,10396.8
Middle East and North Africa,Libya,Clothes,Offline,H,2010-10-29,SYN000653,2010-11-10,6459,116.89,33.37,754992.51,216616.35,464695.1
Europe,Bulgaria,Office Supplies,Online,M,2012-02-17,SYN000654,2012-03-06,3793,623.08,470.27,2363342.44,1937873.26,504370.26
Middle East and North Africa,Syria,Fruits,Online,L,2011-11-23,SYN000655,2011-12-03,3779,9.49,7.19,35862.71,25680.12,8452.2
Sub-Saharan Africa,Rwanda,Office Supplies,Offline,L,2013-02-06,SYN000656,2013-02-07,5078,622.83,534.46,3162730.74,2739967.31,613410.89
Sub-Saharan Africa,Djibouti,Cereal,Online,H,2017-05-21,SYN000657,2017-06-14,9424,206.0,120.35,1941344.0,994582.43,792990.61
Sub-Saharan Africa,The Gambia,Baby Food,Offline,M,2014-01-27,SYN000658,2014-03-20,5358,245.03,159.24,1312870.74,884880.55,531161.1
Europe,Albania,Clothes,Online,C,2010-02-06,SYN000659,2010-03-12,2429,112.39,37.17,272995.31,79858.22,150005.34
Sub-Saharan Africa,Lesotho,Fruits,Online,L,2013-08-16,SYN000660,2013-09-18,9710,8.56,7.0,83117.6,63078.19,22606.4
Sub-Saharan Africa,Angola,Household,Offline,M,2011-04-16,SYN000661,2011-04-24,4372,603.55,498.78,2638720.5999999996,2077002.7,697686.92
Central America and the Caribbean,Nicaragua,Beverages,Offline,C,2011-02-01,SYN000662,2011-03-18,7960,51.79,30.54,412248.39999999997,261216.99,132759.26
Sub-Saharan Africa,The Gambia,Baby Food,Offline,M,2014-02-06,SYN000663,2014-03-22,5415,258.12,163.76,1397719.8,861968.79,578520.07
Europe,Slovenia,Beverages,Offline,C,2016-10-28,SYN000664,2016-12-02,4825,47.4,30.86,228705.0,143798.29,71345.07
Sub-Saharan Africa,The Gambia,Meat,Online,M,2017-01-17,SYN000665,2017-01-28,4933,407.05,353.48,2007977.6500000001,1729092.76,253286.71
Australia and Oceania,Kiribati,Fruits,Online,M,2014-10-18,SYN000666,2014-11-11,5345,9.06,7.18,48425.700000000004,35547.85,12351.86
Sub-Saharan Africa,Gabon,Personal Care,Offline,L,2012-07-06,SYN000667,2012-07-08,8865,74.9,58.43,663988.5,449060.8,209430.96
Australia and Oceania,Australia,Office Supplies,Online,C,2015-10-23,SYN000668,2015-11-19,3071,652.02,538.12,2002353.42,1573572.28,346622.0
Sub-Saharan Africa,Democratic Republic of the Congo,Beverages,Online,C,2011-05-24,SYN000669,2011-07-20,5491,49.81,32.83,273506.71,196567.9,83314.48
Sub-Saharan Africa,South Sudan,Personal Care,Offline,C,2013-12-31,SYN000670,2014-01-31,2332,85.72,57.17,199899.04,121066.33,50824.5
Middle East and North Africa,Azerbaijan,Office Supplies,Online,M,2012-06-14,SYN000671,2012-07-27,2079,653.34,504.66,1358293.86,1034214.21,277854.09
Sub-Saharan Africa,Comoros,Cereal,Offline,H,2016-03-24,SYN000672,2016-05-06,1038,197.34,120.7,204838.92,114186.87,90066.19
Australia and Oceania,East Timor,Meat,Online,L,2012-07-29,SYN000673,2012-09-17,6117,422.53,378.64,2584616.01,1911523.99,330442.1
Sub-Saharan Africa,Mali,Clothes,Online,M,2011-08-01,SYN000674,2011-08-27,895,98.68,33.89,88318.6,32107.41,61666.99
Middle East and North Africa,Pakistan,Cosmetics,Offline,L,2013-07-11,SYN000675,2013-08-09,10435,396.99,260.55,4142590.65,2629213.12,1763245.11
Sub-Saharan Africa,Democratic Republic of the Congo,Beverages,Online,C,2011-05-21,SYN000676,2011-07-13,5900,46.06,33.79,271754.0,186486.74,96968.11
Europe,Iceland,Cosmetics,Online,C,2016-12-28,SYN000677,2017-01-03,9227,388.42,262.0,3583951.3400000003,2489621.98,1606506.9
Sub-Saharan Africa,The Gambia,Meat,Online,M,2017-01-12,SYN000678,2017-01-23,4956,408.19,376.26,2022989.64,1592166.39,277362.99
Sub-Saharan Africa,Lesotho,Fruits,Online,L,2013-08-20,SYN000679,2013-09-17,10179,9.58,7.27,97514.82,65232.42,22985.5
Europe,Portugal,Baby Food,Online,H,2015-07-24,SYN000680,2015-09-08,1267,247.91,165.29,314101.97,204211.82,122476.12
Asia,Turkmenistan,Household,Offline,L,2011-01-01,SYN000681,2011-01-13,3649,715.02,496.86,2609107.98,2001842.53,634640.17
Australia and Oceania,Fiji,Clothes,Offline,C,2010-06-25,SYN000682,2010-07-30,9858,111.44,35.74,1098575.52,329805.0,738460.1
Central America and the Caribbean,Grenada,Cereal,Online,C,2012-08-26,SYN000683,2012-09-15,2961,195.89,112.14,580030.2899999999,305996.31,238810.44
North America,Mexico,Personal Care,Offline,L,2012-02-23,SYN000684,2012-03-23,5675,71.74,54.64,407124.5,340270.98,160321.04
Sub-Saharan Africa,Mozambique,Household,Offline,L,2012-02-07,SYN000685,2012-02-19,5012,653.62,483.87,3275943.44,2759688.49,916942.54
Europe,Monaco,Baby Food,Offline,H,2012-05-25,SYN000686,2012-05-27,9316,254.02,157.81,2366450.3200000003,1255545.57,823688.49
Asia,Turkmenistan,Office Supplies,Online,M,2013-04-30,SYN000687,2013-05-19,5167,625.43,509.66,3231596.8099999996,2907540.02,656510.96
Central America and the Caribbean,Costa Rica,Personal Care,Offline,L,2017-05-14,SYN000688,2017-05-16,6457,87.14,54.04,562662.98,344453.84,159185.24
Central America and the Caribbean,Belize,Clothes,Offline,M,2016-07-20,SYN000689,2016-09-01,4800,114.8,35.99,551040.0,180884.43,426896.43
Sub-Saharan Africa,Kenya,Vegetables,Online,L,2012-03-21,SYN000690,2012-04-02,6919,158.96,90.63,1099844.24,570839.85,409623.44
Middle East and North Africa,Pakistan,Cosmetics,Offline,L,2013-06-29,SYN000691,2013-08-17,10306,433.63,274.17,4468990.78,2628403.43,1607011.88
Europe,Spain,Household,Offline,L,2012-10-26,SYN000692,2012-12-01,4083,627.95,520.89,2563919.85,2267599.14,736629.4
Asia,Laos,Vegetables,Offline,C,2011-09-14,SYN000693,2011-10-28,3636,161.5,93.1,587214.0,342724.8,237249.93
Sub-Saharan Africa,Cote d'Ivoire,Clothes,Online,C,2012-06-05,SYN000694,2012-06-24,3176,105.0,37.58,333480.0,139680.55,240644.21
Middle East and North Africa,Syria,Fruits,Online,L,2011-11-15,SYN000695,2011-12-02,3890,9.74,7.17,37888.6,27380.91,8775.34
Sub-Saharan Africa,Mozambique,Household,Offline,L,2012-02-16,SYN000696,2012-02-19,5490,718.71,496.81,3945717.9000000004,2860277.92,833222.64
Central America and the Caribbean,Costa Rica,Personal Care,Offline,L,2017-05-05,SYN000697,2017-05-22,6094,84.35,59.3,514028.89999999997,367320.38,161007.29
Central America and the Caribbean,Belize,Clothes,Offline,M,2016-07-26,SYN000698,2016-09-05,5283,113.24,37.03,598246.9199999999,200466.9,408861.29
Europe,Slovakia,Vegetables,Online,H,2012-10-02,SYN000699,2012-11-14,167,150.06,86.73,25060.02,15840.53,10415.05
Sub-Saharan Africa,Cote d'Ivoire,Clothes,Online,C,2012-06-13,SYN000700,2012-06-22,3373,117.66,36.59,396867.18,117616.5,259926.1
Australia and Oceania,Tuvalu,Baby Food,Offline,H,2010-06-02,SYN000701,2010-06-28,10239,248.76,147.83,2547053.64,1593302.37,963012.59
Australia and Oceania,East Timor,Meat,Online,L,2012-08-05,SYN000702,2012-09-14,5630,371.65,373.35,2092389.4999999998,2103195.52,340820.18
Europe,Slovenia,Beverages,Offline,C,2016-10-30,SYN000703,2016-11-30,4169,43.43,31.86,181059.67,145256.21,75945.48
Sub-Saharan Africa,Democratic Republic of the Congo,Beverages,Online,C,2011-05-25,SYN000704,2011-07-13,5725,49.34,32.0,282471.5,174610.23,89488.13
Sub-Saharan Africa,Djibouti,Cosmetics,Offline,H,2014-03-31,SYN000705,2014-04-20,6648,455.98,267.06,3031355.04,1898180.51,1241674.21
Middle East and North Africa,Saudi Arabia,Cereal,Online,M,2013-03-28,SYN000706,2013-03-30,3953,192.78,104.98,762059.34,500667.27,389336.65
Sub-Saharan Africa,Sierra Leone,Vegetables,Offline,C,2016-05-28,SYN000707,2016-07-06,1644,165.82,97.4,272608.08,131234.98,84662.19
Europe,Russia,Office Supplies,Offline,L,2014-04-30,SYN000708,2014-05-09,1744,656.48,503.06,1144901.12,949929.07,211750.32
Europe,Norway,Baby Food,Online,L,2014-05-17,SYN000709,2014-06-24,7556,280.92,160.18,2122631.52,1168898.0,713042.0
Europe,Spain,Household,Offline,L,2012-10-19,SYN000710,2012-12-03,4097,657.19,485.12,2692507.43,2508476.24,716814.34
Europe,Slovenia,Beverages,Offline,C,2016-10-23,SYN000711,2016-11-18,4930,49.07,31.79,241915.1,144808.81,70981.69
Europe,Romania,Cosmetics,Online,H,2010-11-30,SYN000712,2010-12-21,8018,432.61,260.18,3468666.98,2009542.85,1425879.5
Sub-Saharan Africa,Djibouti,Cereal,Online,H,2017-05-27,SYN000713,2017-06-13,7967,191.03,114.23,1521936.01,1046233.24,757606.67
Central America and the Caribbean,Costa Rica,Personal Care,Offline,L,2017-05-03,SYN000714,2017-05-26,6433,80.66,59.09,518885.77999999997,381648.99,158145.2
Sub-Saharan Africa,Sierra Leone,Office Supplies,Offline,M,2011-11-20,SYN000715,2012-01-09,3089,657.56,534.44,2031202.8399999999,1794617.84,464919.42
Europe,Austria,Cosmetics,Offline,H,2015-02-19,SYN000716,2015-03-06,2827,431.93,276.95,1221066.11,718424.9,492316.07
Australia and Oceania,Australia,Beverages,Offline,H,2014-07-07,SYN000717,2014-07-17,9248,48.91,31.35,452319.68,290106.42,138089.97
Sub-Saharan Africa,Rwanda,Cosmetics,Offline,H,2013-10-18,SYN000718,2013-11-30,4638,471.66,269.15,2187559.08,1222873.24,796087.17
Sub-Saharan Africa,Sierra Leone,Office Supplies,Offline,H,2016-11-30,SYN000719,2016-12-10,1047,690.76,514.65,723225.72,526475.23,116647.0
Europe,Portugal,Baby Food,Online,H,2015-07-31,SYN000720,2015-09-10,1313,268.95,161.2,353131.35,206385.23,120125.82
Sub-Saharan Africa,Republic of the Congo,Personal Care,Offline,M,2015-07-21,SYN000721,2015-08-24,6077,86.31,53.47,524505.87,360820.42,159219.18
Middle East and North Africa,Lebanon,Clothes,Online,L,2012-09-17,SYN000722,2012-10-05,7785,107.19,35.84,834474.15,278079.01,573849.95
Australia and Oceania,Australia,Office Supplies,Online,C,2015-10-26,SYN000723,2015-12-02,2963,597.43,537.73,1770185.0899999999,1617296.57,351696.0
Asia,Malaysia,Fruits,Offline,L,2011-11-16,SYN000724,2011-12-26,6984,9.22,7.17,64392.48,45601.71,16274.53
Europe,Monaco,Baby Food,Offline,H,2012-05-27,SYN000725,2012-05-27,8715,260.28,163.92,2268340.1999999997,1383967.2,771553.35
Europe,Bulgaria,Office Supplies,Online,M,2012-02-09,SYN000726,2012-02-28,4063,612.83,544.88,2489928.29,2149216.6,496139.7
Central America and the Caribbean,Grenada,Cereal,Online,C,2012-08-27,SYN000727,2012-09-12,2884,197.58,108.08,569820.7200000001,289470.02,245170.12
Europe,France,Cosmetics,Online,H,2017-05-27,SYN000728,2017-06-04,1705,425.28,283.78,725102.3999999999,514634.36,312655.76
Sub-Saharan Africa,Mauritania,Office Supplies,Offline,C,2012-01-10,SYN000729,2012-01-18,1127,674.96,553.85,760679.92,654287.96,166329.98
Middle East and North Africa,Lebanon,Clothes,Online,L,2012-09-21,SYN000730,2012-10-11,7576,111.01,34.75,841011.76,269560.31,622701.32
Sub-Saharan Africa,Mauritania,Office Supplies,Offline,C,2012-01-15,SYN000731,2012-01-20,1270,622.76,497.2,790905.2,617007.29,170544.72
Sub-Saharan Africa,Rwanda,Office Supplies,Offline,L,2013-02-03,SYN000732,2013-02-06,5333,707.83,559.26,3774857.39,2602732.33,663020.52
Sub-Saharan Africa,Comoros,Cereal,Offline,H,2016-04-04,SYN000733,2016-05-01,949,200.4,123.43,190179.6,111110.14,83361.41
Asia,Sri Lanka,Cosmetics,Offline,M,2016-11-21,SYN000734,2016-12-22,6731,450.4,286.2,3031642.4,1832913.94,1328995.74
Central America and the Caribbean,Costa Rica,Personal Care,Offline,L,2017-05-06,SYN000735,2017-05-27,6454,77.88,54.68,502637.51999999996,416320.27,165200.98
Sub-Saharan Africa,Sao Tome and Principe,Fruits,Online,C,2014-06-19,SYN000736,2014-07-05,7674,8.48,7.0,65075.520000000004,57473.07,20201.73
Sub-Saharan Africa,Gabon,Personal Care,Offline,L,2012-07-03,SYN000737,2012-07-02,8638,84.27,55.52,727924.26,482240.97,225259.56
Asia,Kyrgyzstan,Vegetables,Online,H,2011-06-26,SYN000738,2011-07-18,124,156.54,98.24,19410.96,10567.76,7823.02
Asia,Myanmar,Clothes,Online,H,2015-11-12,SYN000739,2015-11-11,5866,114.21,30.45,669955.86,206497.4,493580.03
Sub-Saharan Africa,Republic of the Congo,Personal Care,Offline,M,2015-07-10,SYN000740,2015-08-29,5390,80.26,58.42,432601.4,352080.03,150320.74
Asia,Mongolia,Personal Care,Offline,C,2014-02-22,SYN000741,2014-02-24,5184,79.46,56.32,411920.63999999996,254054.83,115099.29
Australia and Oceania,Australia,Cereal,Offline,H,2013-06-02,SYN000742,2013-06-30,685,202.64,115.12,138808.4,81942.7,58386.56
Sub-Saharan Africa,Sao Tome and Principe,Fruits,Online,C,2014-06-18,SYN000743,2014-07-04,7457,9.32,6.89,69499.24,54678.25,20569.21
Asia,Sri Lanka,Cosmetics,Offline,M,2016-11-24,SYN000744,2016-12-21,6917,433.94,272.52,3001562.98,1775316.11,1123594.8
Central America and the Caribbean,Costa Rica,Personal Care,Offline,L,2017-05-07,SYN000745,2017-05-24,6462,81.66,57.07,527686.9199999999,377648.6,159192.65
Asia,Turkmenistan,Household,Offline,L,2011-01-01,SYN000746,2011-01-15,3860,686.56,506.15,2650121.5999999996,1946590.41,601303.39
Sub-Saharan Africa,Lesotho,Fruits,Online,L,2013-08-24,SYN000747,2013-09-15,9449,10.01,6.73,94584.49,67271.8,23266.58
Sub-Saharan Africa,Rwanda,Cosmetics,Offline,H,2013-10-04,SYN000748,2013-11-20,4747,446.36,262.14,2118870.92,1184149.9,864423.39
Asia,Sri Lanka,Cosmetics,Offline,M,2016-11-26,SYN000749,2016-12-13,6837,466.89,264.13,3192126.9299999997,1838144.64,1203957.05
Europe,San Marino,Baby Food,Online,L,2013-06-30,SYN000750,2013-07-04,4845,275.06,161.75,1332665.7,738561.0,473222.0
Australia and Oceania,Australia,Beverages,Offline,H,2014-07-12,SYN000751,2014-07-15,8840,45.21,31.05,399656.4,314193.66,142788.08
Australia and Oceania,Solomon Islands,Baby Food,Online,C,2015-02-08,SYN000752,2015-02-27,2730,288.91,146.77,788724.3,468957.18,273893.46
Sub-Saharan Africa,Gabon,Personal Care,Offline,L,2012-07-01,SYN000753,2012-07-15,9114,81.03,60.1,738507.42,464444.43,216060.49
Middle East and North Africa,Libya,Fruits,Online,L,2015-08-18,SYN000754,2015-10-04,688,9.14,6.89,6288.320000000001,4906.17,1593.09
Europe,Slovenia,Beverages,Offline,C,2016-10-26,SYN000755,2016-11-24,5273,44.1,32.6,232539.30000000002,150426.65,73661.98
Australia and Oceania,New Zealand,Fruits,Online,H,2014-09-06,SYN000756,2014-10-09,2038,8.93,6.64,18199.34,14416.65,5648.87
Middle East and North Africa,Pakistan,Cosmetics,Offline,L,2013-07-11,SYN000757,2013-08-10,10550,415.58,257.65,4384369.0,2449811.81,1694887.44
Asia,Kyrgyzstan,Vegetables,Online,H,2011-06-25,SYN000758,2011-07-07,135,154.89,89.72,20910.149999999998,11290.47,7403.17
Asia,Myanmar,Household,Offline,H,2015-01-12,SYN000759,2015-03-06,8827,711.83,509.0,6283323.41,4486506.0,1337074.53
Asia,Myanmar,Household,Offline,H,2015-01-14,SYN000760,2015-03-05,8341,640.64,513.76,5343578.24,4167153.0,1348888.57
Sub-Saharan Africa,Sierra Leone,Office Supplies,Offline,H,2016-12-03,SYN000761,2016-12-19,884,634.24,574.39,560668.16,499357.72,115678.0
Asia,Myanmar,Household,Offline,H,2015-01-17,SYN000762,2015-03-08,8407,652.38,496.27,5484558.66,4207261.0,1444558.76
Europe,United Kingdom,Household,Online,L,2012-01-12,SYN000763,2012-02-09,293,695.15,508.94,203678.94999999998,142418.26,46987.8
Asia,Malaysia,Fruits,Offline,L,2011-11-18,SYN000764,2011-12-28,6182,9.23,6.28,57059.86,42668.87,13994.22
Asia,Turkmenistan,Office Supplies,Online,M,2013-04-18,SYN000765,2013-05-13,4766,679.2,505.5,3237067.2,2879762.42,582067.65
Europe,Spain,Household,Offline,L,2012-10-23,SYN000766,2012-11-25,4729,677.62,509.62,3204464.98,2178507.73,699957.42
Middle East and North Africa,Iran,Cosmetics,Online,H,2016-11-16,SYN000767,2016-12-01,6922,420.5,243.12,2910701.0,1664988.91,1102912.89
Asia,Malaysia,Fruits,Offline,L,2011-11-09,SYN000768,2012-01-03,6433,9.59,6.73,61692.47,39264.84,15532.45
Sub-Saharan Africa,Senegal,Cereal,Online,H,2014-04-14,SYN000769,2014-06-02,6726,211.96,117.97,1425642.96,763110.56,592665.26
Europe,United Kingdom,Household,Online,L,2012-01-07,SYN000770,2012-02-10,265,671.99,505.01,178077.35,137808.94,45917.81
Europe,United Kingdom,Household,Online,L,2012-01-06,SYN000771,2012-02-09,284,662.67,462.53,188198.28,145466.09,51872.39
Sub-Saharan Africa,Sierra Leone,Office Supplies,Offline,H,2016-12-04,SYN000772,2016-12-21,992,681.61,477.38,676157.12,493440.78,116932.0
Sub-Saharan Africa,Zambia,Snacks,Online,L,2010-12-30,SYN000773,2011-01-05,4417,145.53,96.68,642806.01,382527.67,201409.74
North America,Mexico,Personal Care,Offline,M,2015-07-31,SYN000774,2015-08-01,5449,73.81,59.23,402190.69,335458.97,147526.8
Sub-Saharan Africa,Madagascar,Clothes,Offline,L,2015-04-19,SYN000775,2015-06-03,7314,111.73,35.6,817193.22,279947.17,559382.96
Sub-Saharan Africa,Gabon,Personal Care,Offline,L,2012-07-06,SYN000776,2012-07-02,8302,75.82,60.47,629457.6399999999,523813.14,238763.29
Sub-Saharan Africa,Mozambique,Household,Offline,L,2012-02-04,SYN000777,2012-02-09,5137,612.09,498.76,3144306.33,2435391.36,893916.05
Sub-Saharan Africa,Sao Tome and Principe,Fruits,Offline,H,2013-09-19,SYN000778,2013-10-22,7267,9.91,7.16,72015.97,50052.8,17973.36
Sub-Saharan Africa,Democratic Republic of the Congo,Beverages,Online,C,2011-05-26,SYN000779,2011-07-13,5629,48.8,31.35,274695.2,188800.31,97317.77
Europe,Macedonia,Clothes,Offline,C,2014-10-15,SYN000780,2014-11-12,8473,110.06,35.84,932538.38,277928.81,561763.76
Middle East and North Africa,Lebanon,Clothes,Online,L,2012-09-12,SYN000781,2012-10-03,8285,109.55,32.97,907621.75,307592.75,610139.73
Sub-Saharan Africa,Niger,Personal Care,Online,H,2017-03-18,SYN000782,2017-03-21,2794,80.65,53.75,225336.1,169007.29,72815.93
Australia and Oceania,New Zealand,Fruits,Online,H,2014-09-12,SYN000783,2014-09-29,2268,9.45,7.11,21432.6,15968.64,5708.99
Europe,Russia,Office Supplies,Offline,L,2014-04-30,SYN000784,2014-05-15,1820,637.78,491.11,1160759.5999999999,920266.01,247031.97
Asia,Laos,Vegetables,Offline,C,2011-09-11,SYN000785,2011-10-16,3784,156.25,84.23,591250.0,305642.03,238834.83
Middle East and North Africa,Saudi Arabia,Cereal,Online,M,2013-03-28,SYN000786,2013-03-21,4214,198.24,110.91,835383.36,485649.66,340450.46
Europe,Slovenia,Beverages,Offline,C,2016-10-20,SYN000787,2016-11-30,4774,49.4,31.22,235835.6,157241.0,70421.57
Sub-Saharan Africa,Mauritania,Office Supplies,Offline,C,2012-01-18,SYN000788,2012-01-06,1393,661.11,549.72,920926.23,698059.74,163705.88
Australia and Oceania,Federated States of Micronesia,Beverages,Online,C,2014-11-02,SYN000789,2014-11-20,9266,46.91,32.84,434668.05999999994,297908.88,147465.91
Australia and Oceania,Australia,Beverages,Offline,H,2014-07-02,SYN000790,2014-07-09,10123,45.25,33.5,458065.75,293476.06,145941.55
Sub-Saharan Africa,Senegal,Cereal,Online,H,2014-04-17,SYN000791,2014-05-23,6384,204.3,113.62,1304251.2000000002,740289.77,579189.48
Australia and Oceania,Fiji,Clothes,Offline,C,2010-06-28,SYN000792,2010-08-03,10525,101.94,36.58,1072918.5,379981.61,733856.79
Australia and Oceania,Samoa,Cosmetics,Online,H,2013-07-25,SYN000793,2013-08-04,9195,425.14,256.23,3909162.3,2273487.22,1758148.55
Sub-Saharan Africa,Sao Tome and Principe,Beverages,Offline,C,2011-01-13,SYN000794,2011-01-23,8702,50.44,32.7,438928.88,270976.21,134755.18
Europe,United Kingdom,Household,Online,L,2012-01-04,SYN000795,2012-02-09,295,690.72,486.95,203762.4,137371.23,50433.3
Sub-Saharan Africa,Sao Tome and Principe,Fruits,Online,C,2014-06-20,SYN000796,2014-07-10,8075,9.2,6.5,74290.0,58369.79,19359.12
Asia,Myanmar,Household,Offline,H,2015-01-12,SYN000797,2015-02-28,8164,644.51,503.86,5261779.64,4000803.0,1356641.44
Sub-Saharan Africa,Republic of the Congo,Personal Care,Offline,M,2015-07-12,SYN000798,2015-08-19,5637,83.17,55.84,468829.29000000004,320840.48,151790.97
Europe,Bulgaria,Clothes,Online,M,2012-04-16,SYN000799,2012-06-01,1714,102.84,35.23,176267.76,63536.38,132126.79
Europe,Russia,Office Supplies,Offline,L,2014-04-27,SYN000800,2014-05-07,1875,605.65,538.31,1135593.75,931968.67,240050.49
Europe,Monaco,Baby Food,Offline,H,2012-06-02,SYN000801,2012-06-05,8883,276.67,157.11,2457659.6100000003,1477929.45,841806.69
Central America and the Caribbean,Grenada,Cereal,Online,C,2012-08-20,SYN000802,2012-09-15,2808,236.35,103.24,663670.7999999999,320024.59,254969.74
Asia,Turkmenistan,Office Supplies,Online,M,2013-04-27,SYN000803,2013-05-26,4672,600.48,502.13,2805442.56,2408796.53,653267.12
Middle East and North Africa,Kuwait,Fruits,Online,M,2012-04-30,SYN000804,2012-05-18,530,9.43,6.46,4997.9,3619.77,1306.68
Asia,Kyrgyzstan,Vegetables,Online,H,2011-06-30,SYN000805,2011-07-05,134,158.87,91.18,21288.58,12185.69,7387.07
Europe,Lithuania,Office Supplies,Offline,H,2010-10-30,SYN000806,2010-11-16,8142,629.37,499.85,5124330.54,4250987.24,1078201.21
Asia,Myanmar,Household,Offline,H,2015-01-09,SYN000807,2015-03-04,7729,708.3,547.73,5474450.699999999,4254389.0,1486004.19
Sub-Saharan Africa,Gabon,Personal Care,Offline,L,2012-07-02,SYN000808,2012-07-15,9160,84.64,60.41,775302.4,497867.37,223521.0
Asia,Kyrgyzstan,Vegetables,Online,H,2011-06-22,SYN000809,2011-07-10,119,164.54,97.39,19580.26,10738.62,8298.89
Asia,Bangladesh,Clothes,Online,L,2017-01-13,SYN000810,2017-02-22,7780,112.67,37.44,876572.6,291561.86,591069.03
Australia and Oceania,East Timor,Meat,Online,L,2012-08-07,SYN000811,2012-09-12,6357,426.38,393.25,2710497.66,2338966.25,307171.49
Europe,Spain,Household,Offline,L,2012-10-26,SYN000812,2012-11-27,4330,648.04,469.18,2806013.1999999997,2484426.87,726864.6
Sub-Saharan Africa,Rwanda,Office Supplies,Offline,L,2013-01-25,SYN000813,2013-02-05,4568,730.7,524.51,3337837.6,2822057.69,620756.19
Europe,Slovakia,Vegetables,Online,H,2012-10-01,SYN000814,2012-11-11,169,148.79,83.94,25145.51,16129.53,11296.77
Europe,Slovenia,Beverages,Offline,C,2016-10-18,SYN000815,2016-11-20,4757,48.18,30.62,229192.26,143976.74,67139.34
Central America and the Caribbean,Honduras,Snacks,Online,L,2016-07-05,SYN000816,2016-08-02,2502,160.3,96.07,401070.60000000003,229313.0,119000.29
Europe,Norway,Baby Food,Online,L,2014-05-17,SYN000817,2014-07-01,6642,241.03,154.88,1600921.26,1142093.0,736242.0
Sub-Saharan Africa,South Sudan,Personal Care,Offline,C,2014-01-05,SYN000818,2014-02-04,2323,77.33,50.95,179637.59,119529.22,56317.58
Australia and Oceania,Samoa,Cosmetics,Online,H,2013-07-18,SYN000819,2013-07-31,9972,436.12,266.46,4348988.64,2787810.24,1719029.24
Europe,San Marino,Baby Food,Online,L,2013-07-03,SYN000820,2013-07-04,4284,262.08,158.55,1122750.72,811530.0,442389.0
Sub-Saharan Africa,Sao Tome and Principe,Beverages,Offline,C,2011-01-15,SYN000821,2011-01-14,9149,48.89,29.74,447294.61,308192.78,135942.52
Europe,Norway,Beverages,Offline,C,2014-07-14,SYN000822,2014-08-02,4938,49.47,33.2,244282.86,172159.24,85359.46
Middle East and North Africa,Syria,Fruits,Online,L,2011-11-20,SYN000823,2011-11-28,3370,9.7,6.36,32688.999999999996,27513.23,9556.36
Europe,Switzerland,Cosmetics,Offline,M,2012-09-15,SYN000824,2012-10-16,8346,453.43,262.25,3784326.7800000003,2230733.36,1505482.11
Europe,Norway,Baby Food,Online,L,2014-05-21,SYN000825,2014-06-27,8085,265.63,160.61,2147618.55,1169094.0,690825.0
Sub-Saharan Africa,Djibouti,Cosmetics,Offline,H,2014-04-05,SYN000826,2014-04-26,7269,461.32,260.83,3353335.08,1916894.21,1303501.91
Sub-Saharan Africa,Democratic Republic of the Congo,Beverages,Online,C,2011-05-21,SYN000827,2011-07-14,5345,49.69,29.63,265593.05,181630.73,85874.53
Sub-Saharan Africa,Democratic Republic of the Congo,Beverages,Online,C,2011-05-31,SYN000828,2011-07-08,6027,48.82,32.49,294238.14,173530.93,87377.78
Europe,Norway,Baby Food,Online,L,2014-05-21,SYN000829,2014-06-30,7559,273.57,156.36,2067915.63,1156042.0,697332.0
Australia and Oceania,Tuvalu,Baby Food,Offline,H,2010-05-31,SYN000830,2010-06-26,9199,269.81,159.38,2481982.19,1606162.37,913057.44
Australia and Oceania,Australia,Beverages,Offline,H,2014-07-12,SYN000831,2014-07-06,8644,49.32,32.01,426322.08,275992.53,142794.21
Australia and Oceania,East Timor,Meat,Online,L,2012-07-24,SYN000832,2012-09-04,5948,399.68,402.11,2377296.64,2114422.67,312824.85
Middle East and North Africa,Azerbaijan,Cosmetics,Online,M,2010-02-07,SYN000833,2010-02-18,6525,460.39,273.75,3004044.75,1851909.85,1308436.54
Sub-Saharan Africa,Rwanda,Office Supplies,Offline,L,2013-01-25,SYN000834,2013-02-11,4952,627.32,560.35,3106488.64,2713855.73,636264.29
Asia,Mongolia,Personal Care,Offline,C,2014-02-21,SYN000835,2014-02-25,5172,73.44,59.5,379831.68,275134.02,119548.75
Asia,Turkmenistan,Household,Offline,L,2011-01-04,SYN000836,2011-01-15,3908,722.12,497.91,2822044.96,1890680.22,638044.39
Sub-Saharan Africa,Sao Tome and Principe,Beverages,Offline,C,2011-01-21,SYN000837,2011-01-20,9339,50.7,28.73,473487.30000000005,266376.61,142835.96
Sub-Saharan Africa,Sao Tome and Principe,Fruits,Online,C,2014-06-19,SYN000838,2014-07-04,8326,9.97,7.19,83010.22,52702.16,16921.02
Sub-Saharan Africa,Democratic Republic of the Congo,Beverages,Online,C,2011-06-02,SYN000839,2011-07-18,5381,47.55,32.16,255866.55,191115.15,85247.18
Sub-Saharan Africa,The Gambia,Cereal,Offline,H,2012-06-11,SYN000840,2012-06-04,1992,206.2,113.22,410750.39999999997,239943.82,189292.7
Sub-Saharan Africa,Cameroon,Beverages,Offline,C,2015-03-30,SYN000841,2015-04-19,5671,47.46,29.47,269145.66000000003,176417.12,79595.31
Sub-Saharan Africa,Mali,Fruits,Online,L,2010-05-08,SYN000842,2010-05-09,5631,9.45,6.8,53212.95,38756.73,14827.39
Sub-Saharan Africa,Senegal,Cereal,Online,H,2014-04-13,SYN000843,2014-05-29,6809,205.12,129.83,1396662.08,763176.08,570279.62
Sub-Saharan Africa,Democratic Republic of the Congo,Beverages,Online,C,2011-05-29,SYN000844,2011-07-13,5966,42.51,29.91,253614.65999999997,175427.3,84835.35
Asia,Bangladesh,Clothes,Online,L,2017-01-12,SYN000845,2017-03-08,7954,110.88,33.7,881939.52,276734.59,604287.63
Sub-Saharan Africa,Cote d'Ivoire,Clothes,Online,C,2012-06-04,SYN000846,2012-06-27,3525,108.95,35.83,384048.75,132942.01,254114.74
Europe,Macedonia,Clothes,Offline,C,2014-10-10,SYN000847,2014-11-21,7555,109.27,35.61,825534.85,272813.84,555997.76
Europe,Albania,Clothes,Online,C,2010-01-29,SYN000848,2010-03-21,2267,97.79,34.3,221689.93000000002,80285.85,164622.19
Europe,San Marino,Baby Food,Online,L,2013-06-25,SYN000849,2013-07-08,4878,277.48,164.45,1353547.4400000002,759329.0,472959.0
Middle East and North Africa,Pakistan,Cosmetics,Offline,L,2013-06-29,SYN000850,2013-08-22,9446,451.84,286.6,4268080.64,2606333.44,1640335.87
Australia and Oceania,Australia,Office Supplies,Online,C,2015-10-24,SYN000851,2015-12-02,2926,676.87,517.12,1980521.62,1604656.12,362397.0
Central America and the Caribbean,Belize,Clothes,Offline,M,2016-07-23,SYN000852,2016-09-08,5462,109.79,37.76,599672.98,183292.23,397104.18
Europe,Russia,Office Supplies,Offline,L,2014-05-04,SYN000853,2014-05-10,1757,637.23,568.73,1119613.11,970666.87,221124.93
Sub-Saharan Africa,Mozambique,Household,Offline,L,2012-02-10,SYN000854,2012-02-22,5230,691.12,507.39,3614557.6,2975458.91,894716.15
Europe,Switzerland,Cosmetics,Offline,M,2012-09-14,SYN000855,2012-10-13,9224,457.24,255.96,4217581.76,2370851.22,1540699.78
Europe,Monaco,Baby Food,Offline,H,2012-05-27,SYN000856,2012-06-08,7852,251.15,159.0,1972029.8,1348783.25,854701.1
Europe,Albania,Clothes,Online,C,2010-02-05,SYN000857,2010-03-12,2077,105.86,34.88,219871.22,76332.89,164047.2
Europe,Lithuania,Office Supplies,Offline,H,2010-10-31,SYN000858,2010-11-23,8610,644.91,539.33,5552675.1,4070927.34,1044017.85
Sub-Saharan Africa,Angola,Household,Offline,M,2011-04-18,SYN000859,2011-05-01,3850,699.94,505.02,2694769.0,2164462.23,728726.94
Europe,Albania,Clothes,Online,C,2010-01-26,SYN000860,2010-03-23,2304,119.24,34.76,274728.95999999996,87996.55,155593.32
Sub-Saharan Africa,Sierra Leone,Office Supplies,Offline,M,2011-11-30,SYN000861,2012-01-13,3469,693.32,555.65,2405127.08,1667850.4,466498.97
Europe,Albania,Clothes,Online,C,2010-02-01,SYN000862,2010-03-25,2060,116.45,33.86,239887.0,78937.92,164920.35
Central America and the Caribbean,Honduras,Household,Offline,H,2017-02-12,SYN000863,2017-02-13,8880,619.75,510.22,5503380.0,4632540.53,1394138.42
Asia,Laos,Vegetables,Offline,C,2011-09-15,SYN000864,2011-10-18,3800,169.57,82.12,644366.0,317965.96,241239.25
Europe,Portugal,Baby Food,Online,H,2015-07-29,SYN000865,2015-09-03,1322,273.36,156.73,361381.92000000004,212116.07,118801.23
Middle East and North Africa,Saudi Arabia,Cereal,Online,M,2013-03-20,SYN000866,2013-03-30,4233,194.63,108.18,823868.79,496676.03,332856.19
Middle East and North Africa,Syria,Fruits,Online,L,2011-11-27,SYN000867,2011-12-04,3715,9.25,7.28,34363.75,25065.75,9113.85
Asia,Mongolia,Personal Care,Offline,C,2014-02-26,SYN000868,2014-02-21,4832,86.55,54.81,418209.6,281217.71,126742.59
Asia,Myanmar,Clothes,Online,H,2015-11-09,SYN000869,2015-11-21,5565,109.87,40.18,611426.55,194867.52,414777.16
Sub-Saharan Africa,Comoros,Cereal,Offline,H,2016-04-03,SYN000870,2016-04-29,988,198.54,129.78,196157.52,114533.6,90579.66
Europe,Spain,Household,Offline,L,2012-10-22,SYN000871,2012-12-05,4069,655.1,486.48,2665601.9,2280893.66,773837.16
Sub-Saharan Africa,Angola,Household,Offline,M,2011-04-19,SYN000872,2011-05-04,4027,665.68,517.0,2680693.36,2167289.9,732408.27
Australia and Oceania,Australia,Office Supplies,Online,C,2015-10-22,SYN000873,2015-11-29,3088,662.1,529.1,2044564.8,1510519.64,355011.0
Middle East and North Africa,Pakistan,Cosmetics,Offline,L,2013-07-03,SYN000874,2013-08-13,9870,461.36,268.58,4553623.2,2641461.64,1773636.0
Europe,Macedonia,Clothes,Offline,C,2014-10-17,SYN000875,2014-11-07,8086,115.79,38.48,936277.9400000001,269186.02,579491.32
Sub-Saharan Africa,The Gambia,Meat,Online,M,2017-01-15,SYN000876,2017-01-22,4657,411.86,363.72,1918032.02,1919617.28,276046.93
Sub-Saharan Africa,Rwanda,Office Supplies,Offline,L,2013-02-04,SYN000877,2013-02-05,5059,676.22,515.63,3420996.98,2562128.99,661213.31
Sub-Saharan Africa,Djibouti,Snacks,Online,M,2017-02-24,SYN000878,2017-03-01,7218,154.26,99.56,1113448.68,697029.91,376551.78
Australia and Oceania,Kiribati,Fruits,Online,M,2014-10-11,SYN000879,2014-11-05,5157,9.02,6.68,46516.14,38214.46,12830.37
Asia,Sri Lanka,Cosmetics,Offline,M,2016-11-13,SYN000880,2016-12-20,6679,472.87,259.7,3158298.73,1759527.25,1128460.75
Sub-Saharan Africa,Comoros,Cereal,Offline,H,2016-03-24,SYN000881,2016-04-22,984,230.2,110.03,226516.8,108236.11,76000.04
Sub-Saharan Africa,Cote d'Ivoire,Clothes,Online,C,2012-06-10,SYN000882,2012-06-26,3317,113.46,38.2,376346.82,118216.26,220442.7
Sub-Saharan Africa,Djibouti,Cosmetics,Offline,H,2014-04-01,SYN000883,2014-04-22,7988,427.34,269.45,3413591.92,1842288.32,1350850.56
Sub-Saharan Africa,Sierra Leone,Office Supplies,Offline,H,2016-12-10,SYN000884,2016-12-17,949,655.39,528.21,621965.11,493434.28,129971.0
Sub-Saharan Africa,Senegal,Cereal,Online,H,2014-04-23,SYN000885,2014-05-29,6408,207.69,124.49,1330877.52,868464.88,593853.38
Sub-Saharan Africa,Madagascar,Clothes,Offline,L,2015-04-29,SYN000886,2015-05-29,6945,100.15,37.68,695541.75,253075.15,554401.86
Sub-Saharan Africa,Cameroon,Beverages,Offline,C,2015-03-27,SYN000887,2015-04-13,5622,48.02,30.8,269968.44,159876.05,86902.97
Australia and Oceania,Kiribati,Fruits,Online,M,2014-10-08,SYN000888,2014-11-06,5388,9.91,6.93,53395.08,39196.52,12979.55
Sub-Saharan Africa,Sao Tome and Principe,Fruits,Online,C,2014-06-21,SYN000889,2014-06-30,7800,9.19,6.58,71682.0,56523.78,18915.67
Middle East and North Africa,Libya,Clothes,Offline,H,2010-10-28,SYN000890,2010-11-24,6158,103.49,35.69,637291.4199999999,239344.6,430382.59
Australia and Oceania,Samoa,Cosmetics,Online,H,2013-07-24,SYN000891,2013-08-04,9387,440.58,251.77,4135724.46,2380010.33,1607431.64
Australia and Oceania,Australia,Beverages,Offline,H,2014-07-12,SYN000892,2014-07-09,9805,48.39,33.32,474463.95,308099.82,150006.72
Sub-Saharan Africa,The Gambia,Baby Food,Offline,M,2014-01-28,SYN000893,2014-03-25,4881,253.16,166.77,1235673.96,966757.67,554909.36
Middle East and North Africa,Saudi Arabia,Cereal,Online,M,2013-03-30,SYN000894,2013-04-03,4421,184.09,122.72,813861.89,503952.37,377551.64
Asia,Myanmar,Household,Offline,H,2015-01-23,SYN000895,2015-02-24,7844,635.05,506.79,4981332.199999999,3948118.0,1325392.5
Europe,Slovakia,Vegetables,Online,H,2012-10-09,SYN000896,2012-11-11,164,162.14,87.38,26590.96,14754.92,10686.78
Sub-Saharan Africa,The Gambia,Cereal,Offline,H,2012-06-08,SYN000897,2012-06-12,2015,198.14,118.56,399252.1,240890.0,183636.85
Asia,Turkmenistan,Household,Offline,L,2011-01-06,SYN000898,2011-01-19,3669,723.85,455.21,2655805.65,1910409.68,623441.85
Central America and the Caribbean,Nicaragua,Beverages,Offline,C,2011-02-12,SYN000899,2011-03-22,8409,43.48,32.62,365623.31999999995,252291.74,119559.0
Europe,Bulgaria,Office Supplies,Online,M,2012-02-12,SYN000900,2012-03-06,3518,671.31,528.58,2361668.5799999996,1967317.39,488348.21
Europe,Macedonia,Clothes,Offline,C,2014-10-12,SYN000901,2014-11-13,7934,115.29,36.6,914710.8600000001,283009.74,616401.79
Australia and Oceania,Australia,Cereal,Offline,H,2013-06-10,SYN000902,2013-06-29,660,205.84,116.89,135854.4,83380.88,61588.27
Middle East and North Africa,Saudi Arabia,Cereal,Online,M,2013-03-24,SYN000903,2013-04-03,4501,199.84,120.56,899479.84,462956.07,353619.55
Asia,Bangladesh,Clothes,Online,L,2017-01-16,SYN000904,2017-02-24,8307,110.31,33.26,916345.17,280891.86,586317.75
Asia,Turkmenistan,Household,Offline,L,2010-12-23,SYN000905,2011-01-22,3740,718.84,535.01,2688461.6,1931699.08,629002.58
Australia and Oceania,Federated States of Micronesia,Beverages,Online,C,2014-10-31,SYN000906,2014-11-19,9599,46.85,29.94,449713.15,300795.2,141924.55
Sub-Saharan Africa,Gabon,Personal Care,Offline,L,2012-07-02,SYN000907,2012-07-13,8303,84.19,57.12,699029.57,508308.21,240689.75
Sub-Saharan Africa,Mozambique,Household,Offline,L,2012-02-13,SYN000908,2012-02-19,5525,704.56,500.19,3892693.9999999995,2866323.94,890025.14
Australia and Oceania,Kiribati,Fruits,Online,M,2014-10-15,SYN000909,2014-11-13,4926,8.97,6.52,44186.22,37874.14,12522.1
Asia,Laos,Vegetables,Offline,C,2011-09-16,SYN000910,2011-10-17,3678,174.32,88.64,641148.96,322263.91,241950.59
Sub-Saharan Africa,Djibouti,Snacks,Online,M,2017-03-01,SYN000911,2017-03-01,6851,136.94,96.05,938175.94,715342.42,375403.61
Europe,Monaco,Baby Food,Offline,H,2012-05-24,SYN000912,2012-06-01,8797,265.26,162.98,2333492.2199999997,1385639.05,792683.11
Asia,Kyrgyzstan,Vegetables,Online,H,2011-06-29,SYN000913,2011-07-05,110,156.28,89.21,17190.8,11301.45,7532.51
Central America and the Caribbean,Grenada,Cereal,Online,C,2012-08-16,SYN000914,2012-09-22,2621,224.7,115.76,588938.7,318045.44,253866.56
Europe,Iceland,Cosmetics,Online,C,2017-01-06,SYN000915,2017-01-04,9721,405.03,257.89,3937296.63,2191225.28,1531794.78
Europe,San Marino,Baby Food,Online,L,2013-06-24,SYN000916,2013-06-25,4577,255.12,163.04,1167684.24,737633.0,400413.0
Sub-Saharan Africa,Sao Tome and Principe,Beverages,Offline,C,2011-01-16,SYN000917,2011-01-19,9743,45.22,30.12,440578.45999999996,280773.99,133512.49
Middle East and North Africa,Pakistan,Cosmetics,Offline,L,2013-07-09,SYN000918,2013-08-13,9811,445.34,269.15,4369230.739999999,2695471.29,1700995.28
North America,Mexico,Personal Care,Offline,L,2012-02-17,SYN000919,2012-03-25,6758,81.62,55.65,551587.9600000001,373556.53,162407.22
Sub-Saharan Africa,Mozambique,Household,Offline,L,2012-02-06,SYN000920,2012-02-22,4877,706.04,500.42,3443357.0799999996,2885575.5,950395.02
Europe,Norway,Baby Food,Online,L,2014-05-15,SYN000921,2014-06-29,7828,258.66,167.64,2024790.4800000002,1128844.0,723324.0
Sub-Saharan Africa,Senegal,Cereal,Online,H,2014-04-23,SYN000922,2014-06-05,6465,220.2,130.17,1423593.0,808876.5,589044.61
Sub-Saharan Africa,Rwanda,Cosmetics,Offline,H,2013-10-18,SYN000923,2013-12-02,4596,410.12,280.31,1884911.52,1102251.04,825050.39
Europe,Portugal,Baby Food,Online,H,2015-07-24,SYN000924,2015-09-09,1327,262.22,151.74,347965.94000000006,220773.51,126261.74
Middle East and North Africa,Iran,Cosmetics,Online,H,2016-11-21,SYN000925,2016-12-03,6431,464.39,285.88,2986492.09,1685796.43,1133490.91
Sub-Saharan Africa,Gabon,Personal Care,Offline,L,2012-07-07,SYN000926,2012-07-11,7505,77.84,57.47,584189.2000000001,496832.31,213650.11
Sub-Saharan Africa,Kenya,Vegetables,Online,L,2012-03-14,SYN000927,2012-04-07,6497,155.71,86.8,1011647.87,594660.85,396608.56
Sub-Saharan Africa,Sierra Leone,Office Supplies,Offline,H,2016-12-09,SYN000928,2016-12-13,988,660.75,500.51,652821.0,526565.07,114797.0
Asia,Myanmar,Household,Offline,H,2015-01-09,SYN000929,2015-03-03,7989,687.84,519.58,5495153.760000001,4293625.0,1279432.38
Sub-Saharan Africa,Cameroon,Beverages,Offline,C,2015-04-08,SYN000930,2015-04-17,4911,49.44,33.4,242799.84,169166.58,86455.38
Europe,Portugal,Baby Food,Online,H,2015-08-07,SYN000931,2015-09-03,1370,230.87,165.34,316291.9,199380.22,125876.02
Sub-Saharan Africa,Democratic Republic of the Congo,Beverages,Online,C,2011-05-19,SYN000932,2011-07-22,5497,48.69,32.43,267648.93,184780.61,93429.01
Europe,Macedonia,Clothes,Offline,C,2014-10-21,SYN000933,2014-11-19,7664,103.97,35.75,796826.08,256810.21,567018.52
Sub-Saharan Africa,Cape Verde,Clothes,Offline,H,2014-08-05,SYN000934,2014-08-21,4063,116.86,37.85,474802.18,147112.47,304484.65
Sub-Saharan Africa,Lesotho,Fruits,Online,L,2013-08-16,SYN000935,2013-09-14,9675,8.95,7.18,86591.25,70039.24,25154.46
Central America and the Caribbean,Haiti,Cosmetics,Offline,H,2013-10-19,SYN000936,2013-11-16,1780,436.58,249.67,777112.4,429226.88,329277.33
Australia and Oceania,Solomon Islands,Baby Food,Online,C,2015-02-04,SYN000937,2015-02-23,2983,255.36,162.69,761738.88,466334.01,302369.13
Central America and the Caribbean,Honduras,Household,Offline,H,2017-02-05,SYN000938,2017-02-19,8668,638.65,499.86,5535818.2,4463006.0,1508916.72
Central America and the Caribbean,Haiti,Cosmetics,Offline,H,2013-10-13,SYN000939,2013-11-17,1773,433.48,266.34,768560.04,478660.0,299138.7
Middle East and North Africa,Iran,Cosmetics,Online,H,2016-11-14,SYN000940,2016-12-08,6376,417.37,276.34,2661151.12,1650848.01,1099727.9
Asia,Myanmar,Household,Offline,H,2015-01-11,SYN000941,2015-02-25,7646,686.06,482.44,5245614.76,3929377.0,1371618.43
Sub-Saharan Africa,Madagascar,Clothes,Offline,L,2015-04-23,SYN000942,2015-05-23,6921,110.06,34.68,761725.26,268872.65,515260.14
Asia,Brunei,Office Supplies,Online,L,2012-04-07,SYN000943,2012-05-10,6511,676.85,522.93,4406970.350000001,3552091.47,816611.0
Asia,Turkmenistan,Household,Offline,L,2010-12-30,SYN000944,2011-01-14,3835,673.86,492.94,2584253.1,1801386.89,625550.79
Sub-Saharan Africa,Republic of the Congo,Personal Care,Offline,M,2015-07-14,SYN000945,2015-08-24,6083,83.26,56.7,506470.58,320749.77,161150.93
Sub-Saharan Africa,Democratic Republic of the Congo,Beverages,Online,C,2011-05-25,SYN000946,2011-07-16,5741,42.96,32.51,246633.36000000002,184616.72,83549.22
Sub-Saharan Africa,Cape Verde,Clothes,Offline,H,2014-07-30,SYN000947,2014-08-19,4146,116.8,35.08,484252.8,151492.9,328982.62
Sub-Saharan Africa,The Gambia,Household,Offline,L,2012-06-01,SYN000948,2012-06-03,2282,679.04,467.15,1549569.28,1181796.61,387718.13
Sub-Saharan Africa,The Gambia,Meat,Online,M,2017-01-09,SYN000949,2017-01-21,4606,411.0,351.15,1893066.0,1744523.55,266045.91
Asia,Bangladesh,Clothes,Online,L,2017-01-08,SYN000950,2017-03-04,8458,118.91,37.45,1005740.78,280592.26,614576.92
Sub-Saharan Africa,Burkina Faso,Vegetables,Online,H,2012-07-23,SYN000951,2012-07-30,8348,151.64,96.47,1265890.72,733002.47,515475.2
Sub-Saharan Africa,Cameroon,Beverages,Offline,C,2015-04-03,SYN000952,2015-04-19,5808,54.15,33.43,314503.2,163210.83,83712.94
Europe,France,Cosmetics,Online,H,2017-05-15,SYN000953,2017-05-29,1773,408.04,270.12,723454.92,485191.58,354279.15
Sub-Saharan Africa,Lesotho,Fruits,Online,L,2013-08-19,SYN000954,2013-09-22,9573,9.36,6.92,89603.28,67250.72,21831.81
Asia,Malaysia,Fruits,Offline,L,2011-11-13,SYN000955,2011-12-28,6104,8.82,6.8,53837.28,37732.18,15253.16
Australia and Oceania,Australia,Beverages,Offline,H,2014-07-11,SYN000956,2014-07-05,9486,49.24,33.95,467090.64,308657.36,146949.3
Australia and Oceania,Australia,Cereal,Offline,H,2013-06-10,SYN000957,2013-06-30,654,201.5,109.32,131781.0,77721.0,61606.94
Sub-Saharan Africa,Mozambique,Household,Offline,L,2012-02-08,SYN000958,2012-02-21,5915,637.55,505.42,3771108.2499999995,2881282.51,877836.9
Asia,Bangladesh,Clothes,Online,L,2017-01-16,SYN000959,2017-02-22,7579,109.48,38.12,829748.92,307921.5,604647.92
Europe,Switzerland,Cosmetics,Offline,M,2012-09-13,SYN000960,2012-10-20,9192,388.99,256.34,3575596.08,2170218.71,1529203.28
Europe,Bulgaria,Office Supplies,Online,M,2012-02-13,SYN000961,2012-02-24,3954,640.76,514.37,2533565.04,2080845.95,492878.71
Central America and the Caribbean,Grenada,Cereal,Online,C,2012-08-22,SYN000962,2012-09-13,3170,197.3,118.45,625441.0,361465.45,236189.8
Sub-Saharan Africa,Rwanda,Cosmetics,Offline,H,2013-10-18,SYN000963,2013-11-23,4318,442.71,276.63,1911621.78,1165539.32,811205.49
Sub-Saharan Africa,Cape Verde,Clothes,Offline,H,2014-07-27,SYN000964,2014-08-16,4180,104.96,38.55,438732.8,147278.65,301527.11
Sub-Saharan Africa,Djibouti,Cereal,Online,H,2017-05-19,SYN000965,2017-06-13,9161,203.8,117.15,1867011.8,1023627.45,796941.6
Central America and the Caribbean,Nicaragua,Beverages,Offline,C,2011-02-06,SYN000966,2011-03-20,7896,46.91,31.71,370401.36,230162.31,122623.55
Sub-Saharan Africa,Sierra Leone,Vegetables,Offline,C,2016-05-27,SYN000967,2016-06-25,1503,157.43,92.3,236617.29,128871.53,86887.36
Middle East and North Africa,Syria,Fruits,Online,L,2011-11-29,SYN000968,2011-11-29,3504,10.24,7.02,35880.96,26694.97,8908.85
Sub-Saharan Africa,Mali,Clothes,Online,M,2011-07-31,SYN000969,2011-09-03,882,104.7,36.64,92345.40000000001,30050.31,64472.07
Sub-Saharan Africa,Kenya,Vegetables,Online,L,2012-03-25,SYN000970,2012-04-12,6298,164.53,95.86,1036209.9400000001,582043.72,426794.83
Sub-Saharan Africa,Comoros,Cereal,Offline,H,2016-03-26,SYN000971,2016-04-28,999,220.12,124.32,219899.88,107150.46,88112.47
Europe,Monaco,Baby Food,Offline,H,2012-05-24,SYN000972,2012-06-08,8159,253.49,147.99,2068224.9100000001,1364795.5,847958.46
Sub-Saharan Africa,Mozambique,Household,Offline,L,2012-02-04,SYN000973,2012-02-14,4991,623.91,451.12,3113934.81,2604494.99,864478.13
Sub-Saharan Africa,Comoros,Cereal,Offline,H,2016-03-30,SYN000974,2016-05-05,962,212.74,104.46,204655.88,105716.97,92432.81
Australia and Oceania,Australia,Cereal,Offline,H,2013-06-05,SYN000975,2013-07-05,694,228.04,116.25,158259.75999999998,74033.78,61026.83
Sub-Saharan Africa,Sierra Leone,Office Supplies,Offline,H,2016-12-04,SYN000976,2016-12-17,972,626.73,499.35,609181.56,508701.16,124838.0
Sub-Saharan Africa,Comoros,Cereal,Offline,H,2016-03-28,SYN000977,2016-04-26,923,208.19,113.09,192159.37,110345.4,81461.94
Sub-Saharan Africa,Comoros,Cereal,Offline,H,2016-03-28,SYN000978,2016-05-04,981,193.04,121.02,189372.24,113120.71,84669.77
North America,Mexico,Personal Care,Offline,M,2015-08-03,SYN000979,2015-08-05,5718,85.18,63.62,487059.24000000005,357007.07,145225.23
Central America and the Caribbean,Honduras,Household,Offline,H,2017-02-08,SYN000980,2017-02-20,8710,631.11,478.2,5496968.100000001,4574225.03,1404204.7
Sub-Saharan Africa,The Gambia,Meat,Online,M,2017-01-08,SYN000981,2017-01-23,4320,466.75,366.65,2016360.0,1737687.0,270500.96
Australia and Oceania,East Timor,Meat,Online,L,2012-07-29,SYN000982,2012-09-18,6250,412.24,365.44,2576500.0,2159585.59,355130.73
Sub-Saharan Africa,South Sudan,Personal Care,Offline,C,2014-01-02,SYN000983,2014-01-23,2077,88.17,61.03,183129.09,113712.84,51625.2
Europe,Slovakia,Vegetables,Online,H,2012-10-06,SYN000984,2012-11-06,169,149.65,90.78,25290.850000000002,15427.76,10217.88
Asia,Mongolia,Personal Care,Offline,C,2014-02-22,SYN000985,2014-02-22,4836,87.38,60.32,422569.68,282785.17,106779.65
Sub-Saharan Africa,Mauritania,Office Supplies,Offline,C,2012-01-11,SYN000986,2012-01-14,1337,639.18,507.94,854583.6599999999,666085.07,154296.91
Sub-Saharan Africa,Djibouti,Cosmetics,Offline,H,2014-04-14,SYN000987,2014-04-21,6979,442.66,247.47,3089324.14,2002737.23,1257142.17
Australia and Oceania,Samoa,Cosmetics,Online,H,2013-07-16,SYN000988,2013-08-10,8714,429.75,258.66,3744841.5,2710254.25,1576269.92
Sub-Saharan Africa,Lesotho,Fruits,Online,L,2013-08-19,SYN000989,2013-09-15,9141,9.87,6.77,90221.67,71621.33,21178.42
Sub-Saharan Africa,Cameroon,Office Supplies,Online,M,2011-11-03,SYN000990,2011-11-13,5953,676.58,581.81,4027680.74,3053907.33,721672.48
Sub-Saharan Africa,Gabon,Personal Care,Offline,L,2012-07-11,SYN000991,2012-07-02,8218,82.64,62.15,679135.52,502514.79,211562.35
Sub-Saharan Africa,Cape Verde,Clothes,Offline,H,2014-08-02,SYN000992,2014-08-17,4127,104.31,35.2,430487.37,158532.51,322737.06
Europe,Albania,Clothes,Online,C,2010-02-09,SYN000993,2010-03-14,2209,111.68,32.75,246701.12000000002,76850.98,177751.08
Sub-Saharan Africa,Cote d'Ivoire,Clothes,Online,C,2012-06-01,SYN000994,2012-06-29,3871,107.84,35.63,417448.64,116421.98,258513.08
North America,Mexico,Personal Care,Offline,M,2015-07-23,SYN000995,2015-08-07,5962,83.77,57.31,499436.74,329160.75,128661.53
Sub-Saharan Africa,Cape Verde,Clothes,Offline,H,2014-07-30,SYN000996,2014-08-15,3968,112.9,35.48,447987.2,143305.4,300869.5
Middle East and North Africa,Azerbaijan,Office Supplies,Online,M,2012-06-11,SYN000997,2012-07-19,2111,652.43,513.34,1377279.73,996698.71,249309.27
Asia,Mongolia,Personal Care,Offline,C,2014-02-14,SYN000998,2014-02-28,5164,90.87,54.59,469252.68000000005,270701.04,118808.08
Europe,Slovenia,Beverages,Offline,C,2016-10-21,SYN000999,2016-11-18,4774,47.91,31.67,228722.34,139268.15,68974.53
Sub-Saharan Africa,The Gambia,Household,Offline,L,2012-05-19,SYN001000,2012-06-02,2358,669.97,560.78,1579789.26,1229327.03,377739.26
Europe,Macedonia,Clothes,Offline,C,2014-10-15,SYN001001,2014-11-07,7159,104.64,37.18,749117.76,272427.99,582372.95
Asia,Sri Lanka,Cosmetics,Offline,M,2016-11-13,SYN001002,2016-12-24,7026,444.05,270.81,3119895.3000000003,1783412.64,1196302.95
Asia,Laos,Vegetables,Offline,C,2011-09-17,SYN001003,2011-10-30,3616,148.5,87.66,536976.0,319978.78,244976.63
Europe,France,Cosmetics,Online,H,2017-05-16,SYN001004,2017-06-09,1770,427.69,267.46,757011.3,499705.21,282762.46
Sub-Saharan Africa,Djibouti,Cosmetics,Offline,H,2014-04-03,SYN001005,2014-04-25,7369,392.19,264.47,2890048.11,1786483.89,1250357.6
Australia and Oceania,Tuvalu,Baby Food,Offline,H,2010-05-29,SYN001006,2010-07-04,10356,264.27,159.31,2736780.1199999996,1577567.6,942930.42
Australia and Oceania,Samoa,Cosmetics,Online,H,2013-07-26,SYN001007,2013-08-06,8950,418.8,256.85,3748260.0,2625915.61,1731226.97
Sub-Saharan Africa,Republic of the Congo,Personal Care,Offline,M,2015-07-15,SYN001008,2015-08-20,5758,82.55,58.53,475322.89999999997,360480.24,134453.23
Sub-Saharan Africa,The Gambia,Household,Offline,L,2012-05-22,SYN001009,2012-06-16,2323,694.46,523.72,1613230.58,1314898.09,356205.4
Sub-Saharan Africa,Sierra Leone,Office Supplies,Offline,M,2011-11-25,SYN001010,2012-01-07,3577,636.09,500.32,2275293.93,1802939.74,441079.32
Australia and Oceania,Tuvalu,Baby Food,Offline,H,2010-05-27,SYN001011,2010-06-23,9528,257.87,156.11,2456985.36,1666745.98,977050.28
Europe,Macedonia,Clothes,Offline,C,2014-10-19,SYN001012,2014-11-07,7874,116.96,31.22,920943.0399999999,260622.29,582897.02
Europe,Monaco,Baby Food,Offline,H,2012-05-26,SYN001013,2012-05-26,8247,274.77,162.36,2266028.19,1428694.52,842056.39
Middle East and North Africa,Pakistan,Cosmetics,Offline,L,2013-07-03,SYN001014,2013-08-20,9534,436.48,257.12,4161400.3200000003,2309478.66,1749388.95
Europe,Switzerland,Personal Care,Online,M,2010-12-29,SYN001015,2011-01-29,270,81.34,50.45,21961.8,15493.44,7680.49
Sub-Saharan Africa,Sao Tome and Principe,Beverages,Offline,C,2011-01-16,SYN001016,2011-01-24,8923,44.87,30.38,400375.00999999995,307648.34,132547.09
Sub-Saharan Africa,Cameroon,Beverages,Offline,C,2015-04-03,SYN001017,2015-04-19,5680,49.52,31.63,281273.60000000003,174992.69,79619.18
Sub-Saharan Africa,Cape Verde,Clothes,Offline,H,2014-07-30,SYN001018,2014-08-13,3706,107.41,38.47,398061.45999999996,142471.55,306005.0
Australia and Oceania,Australia,Beverages,Offline,H,2014-07-01,SYN001019,2014-07-08,10088,48.12,31.24,485434.56,275460.19,137786.89
Sub-Saharan Africa,Sao Tome and Principe,Fruits,Online,C,2014-06-24,SYN001020,2014-06-30,8625,9.21,7.04,79436.25000000001,61013.49,20353.28
Australia and Oceania,Samoa,Cosmetics,Online,H,2013-07-25,SYN001021,2013-08-10,10462,432.02,258.65,4519793.24,2485899.34,1734893.28
Sub-Saharan Africa,Cameroon,Beverages,Offline,C,2015-03-31,SYN001022,2015-04-14,5505,47.18,33.36,259725.9,167208.01,84412.81
Sub-Saharan Africa,Djibouti,Cereal,Online,H,2017-05-23,SYN001023,2017-06-15,8180,177.34,121.54,1450641.2,1059870.73,792156.45
Europe,France,Cosmetics,Online,H,2017-05-21,SYN001024,2017-06-06,1981,451.98,258.7,895372.38,451937.45,275699.12
Central America and the Caribbean,Haiti,Cosmetics,Offline,H,2013-10-07,SYN001025,2013-11-17,1786,446.75,259.75,797895.5,431511.92,278863.5
Central America and the Caribbean,Honduras,Household,Offline,H,2017-02-12,SYN001026,2017-02-20,8644,634.01,498.42,5480382.4399999995,4438256.39,1418777.01
Australia and Oceania,Australia,Cereal,Offline,H,2013-06-03,SYN001027,2013-07-03,674,211.43,121.67,142503.82,77613.47,61951.06
Europe,Austria,Cosmetics,Offline,H,2015-02-23,SYN001028,2015-02-25,2704,437.24,234.24,1182296.96,746353.34,488156.79
Europe,United Kingdom,Household,Online,L,2012-01-06,SYN001029,2012-02-12,289,650.66,481.02,188040.74,139300.24,48890.47
Asia,Sri Lanka,Cosmetics,Offline,M,2016-11-18,SYN001030,2016-12-15,7338,418.53,256.3,3071173.1399999997,1865330.02,1306807.48
Europe,Macedonia,Clothes,Offline,C,2014-10-08,SYN001031,2014-11-16,7463,113.14,36.23,844363.82,262618.67,542360.12
Central America and the Caribbean,Haiti,Cosmetics,Offline,H,2013-10-11,SYN001032,2013-11-22,1663,450.55,282.62,749264.65,449054.2,289627.66
Sub-Saharan Africa,The Gambia,Household,Offline,L,2012-05-26,SYN001033,2012-06-05,2351,655.87,533.17,1541950.37,1126295.57,352228.09
Asia,Myanmar,Clothes,Online,H,2015-11-14,SYN001034,2015-11-23,5340,114.17,37.29,609667.8,220635.41,450086.31
Middle East and North Africa,Saudi Arabia,Cereal,Online,M,2013-03-18,SYN001035,2013-03-28,4099,209.79,115.81,859929.21,418582.73,373304.7
Middle East and North Africa,Azerbaijan,Office Supplies,Online,M,2012-06-20,SYN001036,2012-07-17,2204,606.12,529.89,1335888.48,980450.13,271025.96
Asia,Turkmenistan,Office Supplies,Online,M,2013-04-22,SYN001037,2013-05-25,5197,591.43,496.19,3073661.71,2567273.99,565422.23
Sub-Saharan Africa,Mozambique,Household,Offline,L,2012-02-10,SYN001038,2012-02-11,5322,655.24,509.82,3487187.2800000003,2515240.1,885335.8
Sub-Saharan Africa,Sao Tome and Principe,Fruits,Offline,H,2013-09-13,SYN001039,2013-10-21,7487,9.4,7.94,70377.8,51932.66,17467.64
Europe,San Marino,Baby Food,Online,L,2013-06-26,SYN001040,2013-06-26,4717,251.95,165.93,1188448.15,779895.0,458742.0
Sub-Saharan Africa,The Gambia,Household,Offline,L,2012-05-26,SYN001041,2012-06-06,2179,719.16,442.61,1567049.64,1126424.92,396384.7
Europe,Iceland,Cosmetics,Online,C,2017-01-03,SYN001042,2016-12-31,9044,456.7,279.54,4130394.8,2247596.46,1553175.21
Australia and Oceania,Federated States of Micronesia,Beverages,Online,C,2014-11-04,SYN001043,2014-11-22,9559,51.13,30.64,488751.67000000004,279004.9,162327.77
Australia and Oceania,East Timor,Meat,Online,L,2012-08-06,SYN001044,2012-09-12,5574,415.96,351.21,2318561.04,2027828.95,354347.87
Sub-Saharan Africa,The Gambia,Baby Food,Offline,M,2014-01-28,SYN001045,2014-03-16,5748,265.24,166.84,1524599.52,844023.63,504724.38
Asia,Brunei,Office Supplies,Online,L,2012-04-08,SYN001046,2012-05-09,7141,678.67,497.89,4846382.47,3511382.96,864238.0
Europe,Spain,Household,Offline,L,2012-10-24,SYN001047,2012-11-24,4476,664.5,468.35,2974302.0,2256406.02,788543.09
Sub-Saharan Africa,Burkina Faso,Vegetables,Online,H,2012-07-12,SYN001048,2012-07-25,8289,155.62,94.48,1289934.18,742021.35,503937.98
Sub-Saharan Africa,Rwanda,Office Supplies,Offline,L,2013-01-30,SYN001049,2013-02-12,5341,665.6,494.03,3554969.6,2607409.08,642801.9
Australia and Oceania,Samoa,Cosmetics,Online,H,2013-07-25,SYN001050,2013-08-02,10123,440.92,248.19,4463433.16,2851388.51,1848918.22
North America,Mexico,Personal Care,Offline,M,2015-08-06,SYN001051,2015-08-08,6067,87.44,52.74,530498.48,323403.9,144821.71
Sub-Saharan Africa,Mauritania,Office Supplies,Offline,C,2012-01-14,SYN001052,2012-01-09,1178,652.28,479.55,768385.84,703341.09,166104.95
Middle East and North Africa,Saudi Arabia,Cereal,Online,M,2013-03-25,SYN001053,2013-03-24,4341,199.46,111.79,865855.86,492193.34,371862.36
Europe,Portugal,Baby Food,Online,H,2015-07-30,SYN001054,2015-08-27,1308,246.01,153.94,321781.08,207898.46,127652.43
North America,Mexico,Personal Care,Offline,M,2015-07-28,SYN001055,2015-08-15,6300,76.31,62.14,480753.0,332157.85,146738.78
Sub-Saharan Africa,Sierra Leone,Vegetables,Offline,C,2016-06-04,SYN001056,2016-07-05,1424,150.6,92.78,214454.4,141009.16,86997.49
Sub-Saharan Africa,Gabon,Personal Care,Offline,L,2012-07-04,SYN001057,2012-07-13,9063,81.84,53.75,741715.92,461322.98,235959.62
Middle East and North Africa,Azerbaijan,Cosmetics,Online,M,2010-02-01,SYN001058,2010-02-26,7228,429.72,255.4,3106016.16,1935105.77,1339466.25
Sub-Saharan Africa,Madagascar,Clothes,Offline,L,2015-04-29,SYN001059,2015-06-03,7474,115.55,37.32,863620.7,258907.53,543239.02
Australia and Oceania,Federated States of Micronesia,Beverages,Online,C,2014-10-30,SYN001060,2014-11-14,9963,47.18,28.79,470054.34,285510.35,153600.5
Australia and Oceania,East Timor,Meat,Online,L,2012-08-03,SYN001061,2012-09-15,5708,423.4,362.97,2416767.1999999997,2317682.78,319937.71
Australia and Oceania,Samoa,Cosmetics,Online,H,2013-07-20,SYN001062,2013-08-14,8822,441.89,262.33,3898353.58,2305877.71,1679081.86
Sub-Saharan Africa,Kenya,Vegetables,Online,L,2012-03-20,SYN001063,2012-04-14,6599,147.67,92.96,974474.33,520066.1,413881.71
Sub-Saharan Africa,Mali,Fruits,Online,L,2010-05-09,SYN001064,2010-05-10,6093,9.67,6.91,58919.31,38612.8,13041.23
Sub-Saharan Africa,Rwanda,Office Supplies,Offline,L,2013-01-28,SYN001065,2013-02-06,4885,670.97,547.28,3277688.45,2715592.19,659043.76
Asia,Laos,Vegetables,Offline,C,2011-09-21,SYN001066,2011-10-21,3803,146.64,90.45,557671.9199999999,318695.86,252929.75
Middle East and North Africa,Libya,Fruits,Online,L,2015-08-18,SYN001067,2015-09-26,674,8.9,6.73,5998.6,4867.1,1672.56
Australia and Oceania,Tuvalu,Baby Food,Offline,H,2010-05-21,SYN001068,2010-06-20,10341,246.9,174.0,2553192.9,1398878.64,923541.13
Sub-Saharan Africa,Cameroon,Beverages,Offline,C,2015-03-28,SYN001069,2015-04-18,5897,47.35,31.79,279222.95,182721.93,76296.34
Sub-Saharan Africa,Sao Tome and Principe,Beverages,Offline,C,2011-01-18,SYN001070,2011-01-17,8253,47.2,31.26,389541.60000000003,322163.11,127306.53
Sub-Saharan Africa,Kenya,Vegetables,Online,L,2012-03-21,SYN001071,2012-04-01,6866,152.66,88.03,1048163.5599999999,576756.77,399672.15
Asia,Malaysia,Fruits,Offline,L,2011-11-12,SYN001072,2011-12-27,6112,9.63,6.52,58858.560000000005,42494.9,15664.31
Middle East and North Africa,Iran,Cosmetics,Online,H,2016-11-18,SYN001073,2016-12-05,6955,430.5,268.17,2994127.5,1714340.48,1175322.23
Sub-Saharan Africa,The Gambia,Baby Food,Offline,M,2014-02-01,SYN001074,2014-03-20,5795,258.33,155.72,1497022.3499999999,885384.92,547239.45
Sub-Saharan Africa,The Gambia,Baby Food,Offline,M,2014-01-30,SYN001075,2014-03-15,5534,268.92,168.07,1488203.28,878196.87,522429.7
Europe,Switzerland,Personal Care,Online,M,2010-12-24,SYN001076,2011-02-06,272,84.54,53.72,22994.88,17753.48,6182.87
Sub-Saharan Africa,Comoros,Cereal,Offline,H,2016-04-02,SYN001077,2016-04-29,905,207.62,122.73,187896.1,120846.49,87639.94
Europe,Albania,Clothes,Online,C,2010-02-02,SYN001078,2010-03-21,2284,104.0,36.48,237536.0,82163.34,173714.34
Sub-Saharan Africa,Niger,Personal Care,Online,H,2017-03-17,SYN001079,2017-03-28,3033,78.65,59.15,238545.45,173750.49,71063.61
Sub-Saharan Africa,Republic of the Congo,Personal Care,Offline,M,2015-07-09,SYN001080,2015-08-21,6179,86.15,57.91,532320.8500000001,340668.21,151770.86
Asia,Malaysia,Fruits,Offline,L,2011-11-05,SYN001081,2012-01-02,6351,9.58,7.11,60842.58,46181.78,14929.09
Australia and Oceania,East Timor,Meat,Online,L,2012-08-07,SYN001082,2012-09-10,5981,406.31,370.72,2430140.11,2151293.85,353842.52
Sub-Saharan Africa,Djibouti,Cosmetics,Offline,H,2014-04-11,SYN001083,2014-04-20,6861,441.73,254.71,3030709.5300000003,1974975.1,1168609.46
Australia and Oceania,Kiribati,Fruits,Online,M,2014-10-20,SYN001084,2014-11-08,5529,9.44,6.42,52193.759999999995,35940.14,12700.21
Sub-Saharan Africa,Sierra Leone,Office Supplies,Offline,H,2016-11-29,SYN001085,2016-12-07,1009,668.47,513.81,674486.23,531925.79,122163.0
Sub-Saharan Africa,Lesotho,Fruits,Online,L,2013-08-14,SYN001086,2013-09-12,9210,9.45,6.67,87034.5,64403.23,22988.29
Middle East and North Africa,Saudi Arabia,Cereal,Online,M,2013-03-27,SYN001087,2013-03-30,3785,193.73,119.63,733268.0499999999,456507.55,350433.71
Middle East and North Africa,Saudi Arabia,Cereal,Online,M,2013-03-26,SYN001088,2013-03-24,4330,214.27,115.93,927789.1000000001,451789.78,367446.89
Middle East and North Africa,Lebanon,Clothes,Online,L,2012-09-11,SYN001089,2012-10-11,7805,106.65,35.93,832403.25,288489.14,620632.69
Sub-Saharan Africa,Cameroon,Beverages,Offline,C,2015-04-02,SYN001090,2015-04-21,5468,49.46,31.54,270447.28,177455.74,87680.89
Sub-Saharan Africa,Cameroon,Office Supplies,Online,M,2011-11-04,SYN001091,2011-11-14,5961,603.79,520.78,3599192.19,2730032.3,737966.85
Sub-Saharan Africa,Madagascar,Clothes,Offline,L,2015-04-26,SYN001092,2015-05-22,6796,116.32,34.94,790510.72,281707.09,504019.24
Asia,Kyrgyzstan,Vegetables,Online,H,2011-06-26,SYN001093,2011-07-16,125,149.14,88.86,18642.5,12345.41,8335.08
Middle East and North Africa,Libya,Clothes,Offline,H,2010-11-04,SYN001094,2010-11-10,6106,109.51,35.95,668668.06,221084.22,454377.69
Australia and Oceania,Kiribati,Fruits,Online,M,2014-10-12,SYN001095,2014-11-12,5712,10.3,6.38,58833.600000000006,34496.31,12396.93
Asia,Malaysia,Fruits,Offline,L,2011-11-09,SYN001096,2011-12-25,6217,9.09,6.86,56512.53,44993.82,14286.39
Asia,Kyrgyzstan,Vegetables,Online,H,2011-06-28,SYN001097,2011-07-05,119,150.62,87.67,17923.78,11070.64,7321.16
North America,Mexico,Personal Care,Offline,M,2015-08-04,SYN001098,2015-08-04,5970,87.04,56.05,519628.80000000005,342052.21,136045.07
Europe,Monaco,Baby Food,Offline,H,2012-06-04,SYN001099,2012-05-26,8765,262.11,164.08,2297394.15,1387279.69,779110.22
North America,Mexico,Household,Offline,C,2014-11-12,SYN001100,2014-12-13,6752,709.63,509.81,4791421.76,3314245.52,1100562.77
Europe,Switzerland,Personal Care,Online,M,2010-12-18,SYN001101,2011-01-31,279,73.36,53.87,20467.44,16634.19,6753.05
Asia,Myanmar,Household,Offline,H,2015-01-10,SYN001102,2015-03-03,7567,665.14,475.15,5033114.38,4595574.0,1407434.91
Europe,Austria,Cosmetics,Offline,H,2015-02-20,SYN001103,2015-03-09,2939,418.3,259.13,1229383.7,796456.55,497610.68
Europe,Norway,Beverages,Offline,C,2014-07-17,SYN001104,2014-07-29,5141,48.92,31.63,251497.72,151213.26,77187.09
Sub-Saharan Africa,Mali,Clothes,Online,M,2011-07-27,SYN001105,2011-09-10,857,103.93,36.73,89068.01000000001,31767.98,63470.01
Europe,Slovakia,Vegetables,Online,H,2012-10-02,SYN001106,2012-11-16,172,143.98,85.98,24764.559999999998,15004.6,10754.25
North America,Mexico,Household,Offline,C,2014-11-03,SYN001107,2014-12-19,6663,721.13,499.34,4804889.19,3524264.44,1185474.32
Sub-Saharan Africa,Cape Verde,Clothes,Offline,H,2014-07-26,SYN001108,2014-08-14,4464,103.94,35.09,463988.16,141439.06,312084.93
Sub-Saharan Africa,Niger,Personal Care,Online,H,2017-03-14,SYN001109,2017-03-30,2864,83.14,59.43,238112.96,184551.02,76453.56
Sub-Saharan Africa,Democratic Republic of the Congo,Beverages,Online,C,2011-05-26,SYN001110,2011-07-09,5854,41.3,33.02,241770.19999999998,178338.33,91419.64
Central America and the Caribbean,Belize,Clothes,Offline,M,2016-07-25,SYN001111,2016-09-06,5206,109.79,32.99,571566.74,196029.01,397610.71
Sub-Saharan Africa,Niger,Personal Care,Online,H,2017-03-10,SYN001112,2017-04-01,2960,81.33,57.45,240736.8,167709.5,78376.27
Sub-Saharan Africa,Sao Tome and Principe,Fruits,Online,C,2014-06-14,SYN001113,2014-07-04,8163,9.64,6.78,78691.32,54513.41,20222.22
Asia,Laos,Vegetables,Offline,C,2011-09-18,SYN001114,2011-10-30,3733,146.47,90.12,546772.51,351474.81,223570.73
Sub-Saharan Africa,Cameroon,Beverages,Offline,C,2015-04-06,SYN001115,2015-04-13,5388,46.5,27.56,250542.0,184610.59,84730.43
Sub-Saharan Africa,Sao Tome and Principe,Fruits,Online,C,2014-06-14,SYN001116,2014-07-09,8063,9.52,7.14,76759.76,59379.28,19973.65
Sub-Saharan Africa,Cote d'Ivoire,Clothes,Online,C,2012-06-04,SYN001117,2012-06-20,3745,109.38,33.67,409628.1,118579.82,258045.3
Europe,Spain,Household,Offline,L,2012-10-18,SYN001118,2012-11-27,4511,709.05,518.12,3198524.55,2261184.12,706347.88
Sub-Saharan Africa,Mauritania,Office Supplies,Offline,C,2012-01-05,SYN001119,2012-01-11,1281,603.81,530.33,773480.61,657665.72,153290.55
Sub-Saharan Africa,The Gambia,Meat,Online,M,2017-01-12,SYN001120,2017-01-25,4637,394.65,387.32,1829992.0499999998,1719229.84,279610.51
Middle East and North Africa,Lebanon,Clothes,Online,L,2012-09-14,SYN001121,2012-10-12,7595,108.94,34.2,827399.2999999999,291199.9,582604.42
Sub-Saharan Africa,Madagascar,Clothes,Offline,L,2015-04-26,SYN001122,2015-05-21,7043,108.04,35.4,760925.7200000001,258403.1,534379.56
Europe,Slovakia,Vegetables,Online,H,2012-10-07,SYN001123,2012-11-11,175,152.23,89.91,26640.25,15542.19,10733.78
Central America and the Caribbean,Grenada,Cereal,Online,C,2012-08-17,SYN001124,2012-09-22,2882,193.39,124.58,557349.98,315773.22,223093.48
Middle East and North Africa,Libya,Clothes,Offline,H,2010-11-05,SYN001125,2010-11-10,6669,112.95,35.1,753263.55,226051.93,442825.17
Middle East and North Africa,Lebanon,Clothes,Online,L,2012-09-24,SYN001126,2012-10-05,7680,103.32,36.07,793497.6,260557.83,591302.18
Sub-Saharan Africa,The Gambia,Cereal,Offline,H,2012-06-02,SYN001127,2012-06-06,2256,197.82,116.28,446281.92,254639.81,186978.97
Asia,Bangladesh,Clothes,Online,L,2017-01-15,SYN001128,2017-03-02,8087,104.53,36.44,845334.11,298898.86,609127.34
Sub-Saharan Africa,Sierra Leone,Office Supplies,Offline,M,2011-12-01,SYN001129,2012-01-12,3471,645.08,490.54,2239072.68,1952054.48,448965.89
Sub-Saharan Africa,Republic of the Congo,Personal Care,Offline,M,2015-07-11,SYN001130,2015-08-27,6101,85.79,56.72,523404.79000000004,331755.12,160509.7
Central America and the Caribbean,Honduras,Household,Offline,H,2017-02-09,SYN001131,2017-02-07,8664,647.68,480.54,5611499.52,4179618.54,1391289.98
North America,Mexico,Household,Offline,C,2014-11-01,SYN001132,2014-12-12,6322,599.46,462.91,3789786.12,3954735.99,1102131.21
Sub-Saharan Africa,Rwanda,Office Supplies,Offline,L,2013-02-02,SYN001133,2013-02-12,5207,632.43,515.03,3293063.01,2683485.18,650649.7
Europe,Norway,Beverages,Offline,C,2014-07-16,SYN001134,2014-07-24,5412,52.74,31.38,285428.88,165862.46,78242.66
Middle East and North Africa,Libya,Fruits,Online,L,2015-08-20,SYN001135,2015-10-04,696,10.01,6.98,6966.96,4673.73,1604.45
Sub-Saharan Africa,Mali,Fruits,Online,L,2010-05-02,SYN001136,2010-05-14,5796,9.39,6.94,54424.44,38175.57,14149.96
Sub-Saharan Africa,Kenya,Vegetables,Online,L,2012-03-14,SYN001137,2012-04-06,6366,144.45,91.51,919568.7,566657.39,411003.31
Europe,France,Cosmetics,Online,H,2017-05-24,SYN001138,2017-06-09,1800,422.45,254.63,760410.0,483212.3,292692.13
Sub-Saharan Africa,Mali,Clothes,Online,M,2011-07-26,SYN001139,2011-09-01,924,105.03,38.16,97047.72,31368.82,64933.22
Europe,Norway,Baby Food,Online,L,2014-05-11,SYN001140,2014-07-02,7562,267.25,155.7,2020944.5,1169345.0,641768.0
Asia,Myanmar,Clothes,Online,H,2015-11-15,SYN001141,2015-11-24,5974,127.27,34.94,760310.98,217019.63,409051.0
Europe,France,Cosmetics,Online,H,2017-05-18,SYN001142,2017-06-05,1723,455.04,228.54,784033.92,461591.18,293821.21
Sub-Saharan Africa,Niger,Personal Care,Online,H,2017-03-06,SYN001143,2017-03-25,2939,87.06,53.35,255869.34,166700.66,72004.89
Middle East and North Africa,Libya,Fruits,Online,L,2015-08-17,SYN001144,2015-10-05,669,10.09,6.49,6750.21,4840.53,1707.48
North America,Mexico,Personal Care,Offline,M,2015-07-23,SYN001145,2015-08-02,5669,78.6,58.91,445583.39999999997,299258.16,157492.55
Sub-Saharan Africa,Kenya,Vegetables,Online,L,2012-03-24,SYN001146,2012-04-05,6904,150.3,95.27,1037671.2000000001,623964.99,427627.45
Europe,Bulgaria,Office Supplies,Online,M,2012-02-22,SYN001147,2012-03-03,4084,598.07,472.92,2442517.8800000004,2127621.16,493593.91
Middle East and North Africa,Azerbaijan,Cosmetics,Online,M,2010-01-30,SYN001148,2010-02-19,6596,430.66,259.62,2840633.3600000003,1915045.44,1296203.39
Europe,Monaco,Baby Food,Offline,H,2012-05-22,SYN001149,2012-05-30,8963,254.64,151.2,2282338.32,1431229.0,809845.0
Asia,Mongolia,Personal Care,Offline,C,2014-02-14,SYN001150,2014-02-27,5056,83.03,56.7,419799.68,302763.82,116707.34
Central America and the Caribbean,Costa Rica,Personal Care,Offline,L,2017-05-04,SYN001151,2017-05-22,6356,88.99,55.72,565620.44,361725.41,146739.65
Asia,Turkmenistan,Office Supplies,Online,M,2013-04-21,SYN001152,2013-05-26,4833,668.55,537.0,3231102.15,2483177.3,619213.01
Europe,Austria,Cosmetics,Offline,H,2015-02-17,SYN001153,2015-03-01,2977,437.63,250.61,1302824.51,708119.26,524693.44
Central America and the Caribbean,Haiti,Cosmetics,Offline,H,2013-10-14,SYN001154,2013-11-22,1677,422.87,277.03,709152.99,448526.2,311987.03
Middle East and North Africa,Saudi Arabia,Cereal,Online,M,2013-03-19,SYN001155,2013-03-22,4121,209.34,120.03,862690.14,472552.37,369362.0
North America,Mexico,Household,Offline,C,2014-11-06,SYN001156,2014-12-10,7121,768.61,498.74,5473271.8100000005,3501441.02,1145581.95
Central America and the Caribbean,Honduras,Snacks,Online,L,2016-06-27,SYN001157,2016-07-22,2113,147.49,97.68,311646.37,219062.0,110914.36
Europe,Spain,Household,Offline,L,2012-10-20,SYN001158,2012-12-03,4940,682.55,469.16,3371797.0,2114164.21,734216.19
Europe,Slovenia,Beverages,Offline,C,2016-10-20,SYN001159,2016-11-18,4982,44.92,31.36,223791.44,152588.97,77759.75
Europe,Russia,Office Supplies,Offline,L,2014-05-08,SYN001160,2014-05-01,1768,636.72,496.14,1125720.96,921108.22,223398.64
Middle East and North Africa,Lebanon,Clothes,Online,L,2012-09-24,SYN001161,2012-10-05,6709,102.97,35.78,690825.73,276864.52,554651.72
Sub-Saharan Africa,Senegal,Cereal,Online,H,2014-04-24,SYN001162,2014-06-02,6726,207.39,114.19,1394905.14,651418.25,592089.76
Sub-Saharan Africa,Niger,Personal Care,Online,H,2017-03-09,SYN001163,2017-03-29,3129,78.8,52.76,246565.19999999998,171576.62,72211.27
Sub-Saharan Africa,Zambia,Snacks,Online,L,2011-01-01,SYN001164,2010-12-29,4052,154.62,90.56,626520.24,372915.94,242177.53
Sub-Saharan Africa,Sierra Leone,Office Supplies,Offline,H,2016-12-02,SYN001165,2016-12-20,926,642.7,574.06,595140.2000000001,487987.26,113457.0
Middle East and North Africa,Kuwait,Fruits,Online,M,2012-05-01,SYN001166,2012-05-13,534,9.13,7.62,4875.42,3555.41,1254.68
Asia,Myanmar,Household,Offline,H,2015-01-18,SYN001167,2015-02-22,7881,659.18,532.05,5194997.579999999,3833929.0,1271750.57
Sub-Saharan Africa,Mauritania,Office Supplies,Offline,C,2012-01-10,SYN001168,2012-01-10,1263,643.54,491.48,812791.0199999999,657991.63,166783.77
Middle East and North Africa,Pakistan,Cosmetics,Offline,L,2013-07-01,SYN001169,2013-08-13,9305,409.51,284.22,3810490.55,2581795.0,1669577.17
Sub-Saharan Africa,Niger,Personal Care,Online,H,2017-03-18,SYN001170,2017-04-02,3018,87.17,61.16,263079.06,190860.26,73238.01
Europe,Lithuania,Office Supplies,Offline,H,2010-10-24,SYN001171,2010-11-24,8194,680.23,528.77,5573804.62,4432480.76,1152410.73
Europe,Austria,Cosmetics,Offline,H,2015-02-27,SYN001172,2015-02-24,2898,447.03,259.3,1295492.94,767966.23,487487.46
Sub-Saharan Africa,Sao Tome and Principe,Fruits,Offline,H,2013-09-15,SYN001173,2013-10-19,7285,9.65,6.8,70300.25,51841.08,16834.86
Sub-Saharan Africa,Gabon,Personal Care,Offline,L,2012-07-01,SYN001174,2012-07-05,7956,84.25,63.49,670293.0,521458.62,220509.41
Sub-Saharan Africa,Sierra Leone,Office Supplies,Offline,H,2016-12-11,SYN001175,2016-12-14,974,626.32,482.88,610035.68,502350.69,113071.0
Sub-Saharan Africa,Mauritania,Office Supplies,Offline,C,2012-01-04,SYN001176,2012-01-09,1173,726.32,527.62,851973.3600000001,662996.71,165910.07
Asia,Kyrgyzstan,Vegetables,Online,H,2011-06-21,SYN001177,2011-07-06,117,157.05,89.94,18374.850000000002,11207.45,7671.22
Australia and Oceania,New Zealand,Fruits,Online,H,2014-09-15,SYN001178,2014-09-29,2088,8.66,6.49,18082.08,14787.1,4806.21
Australia and Oceania,Fiji,Clothes,Offline,C,2010-06-23,SYN001179,2010-08-08,9998,118.39,38.5,1183663.22,347892.85,702317.59
Asia,Malaysia,Fruits,Offline,L,2011-11-09,SYN001180,2011-12-29,6443,9.23,6.96,59468.89,42173.94,15814.74
Middle East and North Africa,Saudi Arabia,Cereal,Online,M,2013-03-19,SYN001181,2013-03-29,4380,200.94,115.05,880117.2,443796.35,334803.27
Sub-Saharan Africa,South Sudan,Personal Care,Offline,C,2013-12-29,SYN001182,2014-01-25,2252,78.22,57.37,176151.44,110382.71,54109.61
Sub-Saharan Africa,Djibouti,Snacks,Online,M,2017-02-24,SYN001183,2017-02-24,7652,163.14,87.39,1248347.2799999998,654042.99,461897.48
Australia and Oceania,Australia,Cereal,Offline,H,2013-06-13,SYN001184,2013-07-09,641,187.97,117.04,120488.77,82508.35,60068.85
Sub-Saharan Africa,Burkina Faso,Vegetables,Online,H,2012-07-12,SYN001185,2012-07-31,7693,159.29,92.8,1225417.97,666538.08,503577.0
Central America and the Caribbean,Belize,Clothes,Offline,M,2016-07-23,SYN001186,2016-09-03,5722,103.25,35.79,590796.5,204368.95,405646.09
Sub-Saharan Africa,South Sudan,Personal Care,Offline,C,2013-12-24,SYN001187,2014-01-24,2281,90.35,58.12,206088.34999999998,115630.21,53667.3
Asia,Brunei,Office Supplies,Online,L,2012-04-06,SYN001188,2012-05-03,7273,647.9,524.25,4712176.7,3462457.92,865117.0
Australia and Oceania,New Zealand,Fruits,Online,H,2014-09-09,SYN001189,2014-10-01,2245,9.55,7.14,21439.75,16055.99,5247.7
Sub-Saharan Africa,Madagascar,Clothes,Offline,L,2015-04-18,SYN001190,2015-05-23,7362,102.21,34.72,752470.0199999999,274204.29,509033.26
Sub-Saharan Africa,The Gambia,Household,Offline,L,2012-06-01,SYN001191,2012-06-15,2662,711.89,489.78,1895051.18,1066266.27,362616.54
Middle East and North Africa,Azerbaijan,Office Supplies,Online,M,2012-06-12,SYN001192,2012-07-31,1898,649.55,508.5,1232845.9,967043.24,256772.89
Sub-Saharan Africa,Sierra Leone,Office Supplies,Offline,H,2016-12-01,SYN001193,2016-12-10,958,646.59,537.33,619433.2200000001,503506.87,121277.0
Sub-Saharan Africa,Sierra Leone,Vegetables,Offline,C,2016-06-02,SYN001194,2016-06-24,1482,150.89,92.02,223618.97999999998,136014.17,94584.17
Middle East and North Africa,Pakistan,Cosmetics,Offline,L,2013-07-08,SYN001195,2013-08-11,9933,442.05,259.91,4390882.65,2389862.26,1772509.49
Sub-Saharan Africa,Mali,Clothes,Online,M,2011-07-22,SYN001196,2011-09-04,893,113.37,36.66,101239.41,34114.77,60649.07
Sub-Saharan Africa,Mozambique,Household,Offline,L,2012-02-07,SYN001197,2012-02-20,5163,672.26,521.04,3470878.38,2690104.65,895788.83
Sub-Saharan Africa,Sierra Leone,Office Supplies,Offline,H,2016-12-10,SYN001198,2016-12-07,947,656.82,551.69,622008.54,492205.69,123786.0
Middle East and North Africa,Azerbaijan,Office Supplies,Online,M,2012-06-13,SYN001199,2012-07-29,2028,633.9,518.12,1285549.2,1113253.6,259233.34
Europe,France,Cosmetics,Online,H,2017-05-15,SYN001200,2017-06-04,1952,396.25,252.06,773480.0,499977.13,301545.31
Europe,Portugal,Baby Food,Online,H,2015-07-30,SYN001201,2015-09-04,1309,265.71,157.55,347814.38999999996,197393.03,122791.03
Sub-Saharan Africa,Mauritania,Office Supplies,Offline,C,2012-01-07,SYN001202,2012-01-12,1250,652.53,538.0,815662.5,647579.61,162059.63
Europe,Lithuania,Office Supplies,Offline,H,2010-10-25,SYN001203,2010-11-17,9005,646.8,549.65,5824434.0,4799549.32,1107699.38
Central America and the Caribbean,Honduras,Household,Offline,H,2017-02-03,SYN001204,2017-02-19,9124,659.05,479.83,6013172.199999999,4896400.65,1486893.19
Sub-Saharan Africa,Cape Verde,Clothes,Offline,H,2014-08-03,SYN001205,2014-08-12,4354,100.75,37.99,438665.5,150985.29,315344.38
Asia,Kyrgyzstan,Vegetables,Online,H,2011-06-17,SYN001206,2011-07-16,127,156.82,100.46,19916.14,10360.91,7722.32
Sub-Saharan Africa,South Sudan,Personal Care,Offline,C,2014-01-02,SYN001207,2014-01-27,2199,82.43,56.17,181263.57,125623.65,50576.83
Europe,Austria,Cosmetics,Offline,H,2015-02-26,SYN001208,2015-02-27,2738,443.93,259.0,1215480.34,782630.71,491773.86
Middle East and North Africa,Saudi Arabia,Cereal,Online,M,2013-03-23,SYN001209,2013-03-31,3776,209.13,123.86,789674.88,459303.65,362005.64
Europe,Albania,Clothes,Online,C,2010-01-30,SYN001210,2010-03-22,2073,122.02,38.8,252947.46,73426.51,156714.4
Sub-Saharan Africa,Senegal,Cereal,Online,H,2014-04-25,SYN001211,2014-06-04,6732,206.05,126.02,1387128.6,780769.25,605341.84
Europe,Norway,Baby Food,Online,L,2014-05-16,SYN001212,2014-06-24,6923,259.32,166.42,1795272.3599999999,1220772.0,767734.0
Central America and the Caribbean,Nicaragua,Beverages,Offline,C,2011-02-04,SYN001213,2011-03-27,7914,44.62,32.87,353122.68,258907.86,133399.6
Australia and Oceania,Solomon Islands,Baby Food,Online,C,2015-02-09,SYN001214,2015-02-27,2953,258.54,165.52,763468.6200000001,468191.88,263693.91
Sub-Saharan Africa,Angola,Household,Offline,M,2011-04-24,SYN001215,2011-05-02,4325,672.71,517.46,2909470.75,1931201.0,747139.68
Sub-Saharan Africa,Republic of the Congo,Personal Care,Offline,M,2015-07-18,SYN001216,2015-08-25,5742,80.55,50.18,462518.1,350980.4,156789.56
Sub-Saharan Africa,South Sudan,Personal Care,Offline,C,2013-12-29,SYN001217,2014-02-01,2047,83.61,55.46,171149.67,119763.14,50147.12
Sub-Saharan Africa,Mozambique,Household,Offline,L,2012-02-17,SYN001218,2012-02-20,4966,660.31,470.6,3279099.4599999995,2791210.37,906930.64
Sub-Saharan Africa,Kenya,Vegetables,Online,L,2012-03-13,SYN001219,2012-04-09,6342,163.79,91.38,1038756.1799999999,549098.83,424320.76
Europe,Spain,Household,Offline,L,2012-10-28,SYN001220,2012-12-01,4785,665.75,508.15,3185613.75,2242308.1,777877.74
Sub-Saharan Africa,The Gambia,Meat,Online,M,2017-01-07,SYN001221,2017-01-25,4770,401.71,375.83,1916156.7,1692177.99,277553.69
Asia,Turkmenistan,Household,Offline,L,2010-12-28,SYN001222,2011-01-23,4103,649.35,484.3,2664283.0500000003,1882804.53,631427.68
Sub-Saharan Africa,Comoros,Cereal,Offline,H,2016-03-27,SYN001223,2016-05-05,952,211.29,113.96,201148.08,114155.23,84603.87
Asia,Brunei,Office Supplies,Online,L,2012-04-02,SYN001224,2012-05-11,6660,650.75,510.75,4333995.0,3656674.26,851189.0
Middle East and North Africa,Kuwait,Fruits,Online,M,2012-04-27,SYN001225,2012-05-13,522,9.22,7.36,4812.84,3805.43,1307.84
Europe,Russia,Office Supplies,Offline,L,2014-05-02,SYN001226,2014-05-13,1835,641.03,534.56,1176290.05,927647.9,227996.22
Europe,Romania,Cosmetics,Online,H,2010-12-03,SYN001227,2010-12-31,7982,430.31,250.07,3434734.42,1904152.95,1364501.38
Europe,France,Cosmetics,Online,H,2017-05-24,SYN001228,2017-06-04,1725,411.88,280.68,710493.0,482242.94,326396.01
Europe,Slovakia,Vegetables,Online,H,2012-10-06,SYN001229,2012-11-07,166,162.14,80.67,26915.239999999998,15460.49,10841.41
Australia and Oceania,Fiji,Clothes,Offline,C,2010-06-25,SYN001230,2010-08-01,9284,101.14,36.07,938983.76,345786.3,698881.8
Sub-Saharan Africa,The Gambia,Meat,Online,M,2017-01-19,SYN001231,2017-01-27,4750,389.47,348.62,1849982.5000000002,1799673.96,289019.93
Sub-Saharan Africa,The Gambia,Cereal,Offline,H,2012-06-05,SYN001232,2012-06-14,2257,203.92,116.38,460247.43999999994,225480.58,191272.86
Middle East and North Africa,Lebanon,Clothes,Online,L,2012-09-20,SYN001233,2012-10-07,8564,102.02,36.18,873699.2799999999,284591.64,569423.43
Europe,Albania,Clothes,Online,C,2010-02-04,SYN001234,2010-03-17,2201,104.34,37.35,229652.34,79706.08,164986.82
Europe,Slovenia,Beverages,Offline,C,2016-10-30,SYN001235,2016-11-26,4558,45.85,30.89,208984.30000000002,134016.08,74649.8
Asia,Brunei,Office Supplies,Online,L,2012-04-04,SYN001236,2012-05-14,6887,660.19,552.96,4546728.53,3332580.12,886535.0
Asia,Malaysia,Fruits,Offline,L,2011-11-13,SYN001237,2012-01-03,6154,9.05,7.17,55693.700000000004,45365.73,16004.9
Europe,Switzerland,Cosmetics,Offline,M,2012-09-13,SYN001238,2012-10-19,9090,459.6,273.63,4177764.0,2266962.96,1485964.91
Sub-Saharan Africa,Mali,Fruits,Online,L,2010-05-04,SYN001239,2010-05-11,5456,8.92,7.23,48667.52,39592.15,13955.0
Europe,Portugal,Baby Food,Online,H,2015-08-01,SYN001240,2015-08-29,1221,244.59,169.9,298644.39,223170.59,131699.9
Australia and Oceania,Federated States of Micronesia,Beverages,Online,C,2014-10-29,SYN001241,2014-11-20,8182,44.5,32.11,364099.0,280334.7,135287.4
Europe,Lithuania,Office Supplies,Offline,H,2010-10-29,SYN001242,2010-11-24,8423,651.16,524.03,5484720.68,4770260.04,1032494.36
Central America and the Caribbean,Haiti,Cosmetics,Offline,H,2013-10-19,SYN001243,2013-11-22,1650,419.08,260.66,691482.0,450567.36,311238.82
Middle East and North Africa,Iran,Cosmetics,Online,H,2016-11-15,SYN001244,2016-12-15,6789,469.47,238.59,3187231.83,1588947.59,1046146.67
Europe,Slovakia,Vegetables,Online,H,2012-10-03,SYN001245,2012-11-09,172,156.31,94.96,26885.32,15526.11,10945.42
Asia,Brunei,Office Supplies,Online,L,2012-04-01,SYN001246,2012-05-15,6228,605.55,519.85,3771365.4,3627827.64,786938.0
Sub-Saharan Africa,Zambia,Snacks,Online,L,2011-01-05,SYN001247,2010-12-29,4296,163.67,98.58,703126.32,413203.21,231916.08
Europe,Romania,Cosmetics,Online,H,2010-11-22,SYN001248,2010-12-22,7551,420.52,252.77,3175346.52,1921488.19,1363869.56
Europe,United Kingdom,Household,Online,L,2012-01-09,SYN001249,2012-02-08,278,656.88,491.53,182612.63999999998,139593.96,41827.37
Europe,Russia,Office Supplies,Offline,L,2014-04-28,SYN001250,2014-05-10,1809,663.04,533.18,1199439.3599999999,942439.85,229139.64
Central America and the Caribbean,Honduras,Household,Offline,H,2017-02-14,SYN001251,2017-02-10,8804,663.27,481.57,5839429.08,4783755.99,1543822.8
Australia and Oceania,Tuvalu,Baby Food,Offline,H,2010-06-03,SYN001252,2010-07-03,9842,256.85,155.16,2527917.7,1621750.5,922332.47
Sub-Saharan Africa,Mali,Fruits,Online,L,2010-05-14,SYN001253,2010-05-05,5454,8.83,7.04,48158.82,41863.2,13696.83
Australia and Oceania,Samoa,Cosmetics,Online,H,2013-07-15,SYN001254,2013-08-14,9984,447.1,231.11,4463846.4,2466903.33,1666728.74
Sub-Saharan Africa,Kenya,Vegetables,Online,L,2012-03-16,SYN001255,2012-04-09,6369,156.64,95.04,997640.1599999999,575678.85,382849.39
Sub-Saharan Africa,Djibouti,Snacks,Online,M,2017-02-18,SYN001256,2017-02-28,7226,159.26,92.53,1150812.76,707281.85,361812.94
Sub-Saharan Africa,Kenya,Vegetables,Online,L,2012-03-11,SYN001257,2012-03-31,6022,151.25,96.29,910827.5,636646.18,385715.58
Asia,Laos,Vegetables,Offline,C,2011-09-22,SYN001258,2011-10-30,3788,149.48,97.22,566230.24,313822.66,228393.37
Europe,Portugal,Baby Food,Online,H,2015-08-06,SYN001259,2015-09-09,1343,267.82,158.88,359682.26,185214.86,118394.04
Europe,Bulgaria,Office Supplies,Online,M,2012-02-22,SYN001260,2012-02-24,4143,655.49,560.04,2715695.07,2138327.63,522876.22
Europe,Albania,Clothes,Online,C,2010-02-08,SYN001261,2010-03-18,2213,125.78,36.92,278351.14,83463.41,165371.88
Central America and the Caribbean,Nicaragua,Beverages,Offline,C,2011-02-06,SYN001262,2011-03-27,7942,48.09,30.38,381930.78,256727.07,128305.36
Sub-Saharan Africa,Comoros,Cereal,Offline,H,2016-03-23,SYN001263,2016-05-01,872,204.92,112.54,178690.24,112840.28,82212.17
Sub-Saharan Africa,Cote d'Ivoire,Clothes,Online,C,2012-06-13,SYN001264,2012-06-21,3278,112.26,33.51,367988.28,124264.49,246464.89
Europe,Slovenia,Beverages,Offline,C,2016-10-16,SYN001265,2016-11-30,4718,42.41,34.45,200090.37999999998,144179.9,74280.39
Central America and the Caribbean,Honduras,Snacks,Online,L,2016-06-23,SYN001266,2016-07-28,2447,154.09,90.31,377058.23,226181.0,114671.52
Europe,Lithuania,Office Supplies,Offline,H,2010-10-21,SYN001267,2010-11-15,8992,658.38,482.5,5920152.96,4425642.48,1140003.37
Central America and the Caribbean,Nicaragua,Beverages,Offline,C,2011-02-04,SYN001268,2011-03-27,8164,46.86,30.23,382565.04,241114.28,112776.91
Sub-Saharan Africa,Mauritania,Office Supplies,Offline,C,2012-01-07,SYN001269,2012-01-11,1254,650.43,492.48,815639.22,712666.37,154813.17
Australia and Oceania,New Zealand,Fruits,Online,H,2014-09-13,SYN001270,2014-09-29,2262,10.19,7.47,23049.78,14629.47,5446.2
Middle East and North Africa,Libya,Clothes,Offline,H,2010-11-02,SYN001271,2010-11-12,5795,106.39,32.29,616530.05,213128.87,452702.05
Europe,Monaco,Baby Food,Offline,H,2012-05-31,SYN001272,2012-06-03,8809,269.78,162.71,2376492.0199999996,1474378.25,823583.3
Middle East and North Africa,Saudi Arabia,Cereal,Online,M,2013-03-27,SYN001273,2013-03-31,4017,200.37,110.98,804886.29,473452.07,391289.69
Sub-Saharan Africa,The Gambia,Household,Offline,L,2012-06-02,SYN001274,2012-06-02,2555,632.84,544.42,1616906.2000000002,1077529.28,399757.31
Sub-Saharan Africa,Angola,Household,Offline,M,2011-04-22,SYN001275,2011-05-04,4214,699.3,499.79,2946850.1999999997,2110663.53,726321.67
Asia,Laos,Vegetables,Offline,C,2011-09-08,SYN001276,2011-10-26,3697,158.26,96.36,585087.22,339084.91,236564.99
Middle East and North Africa,Iran,Cosmetics,Online,H,2016-11-18,SYN001277,2016-12-15,6321,416.45,256.73,2632380.4499999997,1649654.32,1168216.49
Sub-Saharan Africa,Cameroon,Beverages,Offline,C,2015-04-02,SYN001278,2015-04-12,5271,47.21,31.15,248843.91,171656.26,87402.51
Sub-Saharan Africa,Sierra Leone,Office Supplies,Offline,M,2011-11-23,SYN001279,2012-01-05,3477,611.27,532.43,2125385.79,1732806.19,444773.79
Middle East and North Africa,Lebanon,Clothes,Online,L,2012-09-25,SYN001280,2012-10-11,8420,110.59,34.93,931167.8,296830.57,565446.41
Australia and Oceania,Samoa,Cosmetics,Online,H,2013-07-16,SYN001281,2013-08-11,9764,444.41,280.63,4339219.24,2755182.71,1639943.31
Sub-Saharan Africa,Burkina Faso,Vegetables,Online,H,2012-07-15,SYN001282,2012-07-22,8446,149.34,93.48,1261325.6400000001,760065.71,505449.24
Sub-Saharan Africa,Niger,Personal Care,Online,H,2017-03-14,SYN001283,2017-04-01,2797,81.52,63.03,228011.44,177308.84,80034.87
Central America and the Caribbean,Costa Rica,Personal Care,Offline,L,2017-05-08,SYN001284,2017-05-21,6277,83.51,60.24,524192.27,375996.88,164468.87
Asia,Laos,Vegetables,Offline,C,2011-09-22,SYN001285,2011-10-21,3535,161.92,95.14,572387.2,332865.73,218146.11
Sub-Saharan Africa,Djibouti,Snacks,Online,M,2017-03-04,SYN001286,2017-02-28,6750,145.85,105.84,984487.5,711585.92,380412.81
Sub-Saharan Africa,Senegal,Cereal,Online,H,2014-04-18,SYN001287,2014-06-04,6848,208.38,130.01,1426986.24,772236.47,580647.51
Asia,Malaysia,Fruits,Offline,L,2011-11-06,SYN001288,2012-01-04,6369,9.26,6.5,58976.939999999995,41939.01,14933.7
Central America and the Caribbean,Honduras,Household,Offline,H,2017-02-09,SYN001289,2017-02-10,8470,632.67,514.15,5358714.899999999,4588205.06,1507009.69
Middle East and North Africa,Libya,Fruits,Online,L,2015-08-18,SYN001290,2015-09-29,630,9.48,6.62,5972.400000000001,4800.47,1675.26
Asia,Laos,Vegetables,Offline,C,2011-09-15,SYN001291,2011-10-22,3307,143.28,94.4,473826.96,357291.32,220973.71
North America,Mexico,Personal Care,Offline,L,2012-02-12,SYN001292,2012-03-22,6557,83.94,57.07,550394.58,357029.61,165726.34
Sub-Saharan Africa,Sierra Leone,Office Supplies,Offline,M,2011-12-01,SYN001293,2012-01-02,3674,686.08,560.87,2520657.92,1691218.82,441135.64
Sub-Saharan Africa,The Gambia,Baby Food,Offline,M,2014-02-06,SYN001294,2014-03-26,5400,243.38,148.69,1314252.0,899873.23,536251.07
Sub-Saharan Africa,Mozambique,Household,Offline,L,2012-02-15,SYN001295,2012-02-09,5372,663.15,516.18,3562441.8,2841810.96,930442.07
Middle East and North Africa,Pakistan,Cosmetics,Offline,L,2013-07-10,SYN001296,2013-08-10,10011,431.95,265.98,4324251.45,2505335.71,1628845.17
Australia and Oceania,New Zealand,Fruits,Online,H,2014-09-12,SYN001297,2014-10-04,1889,9.34,6.93,17643.26,15451.48,5041.82
Sub-Saharan Africa,The Gambia,Meat,Online,M,2017-01-17,SYN001298,2017-01-27,4648,408.96,348.29,1900846.0799999998,1760630.47,306249.03
Asia,Bangladesh,Clothes,Online,L,2017-01-16,SYN001299,2017-03-06,8828,97.89,37.73,864172.92,306535.77,561801.22
Sub-Saharan Africa,Sao Tome and Principe,Fruits,Offline,H,2013-09-14,SYN001300,2013-10-21,7356,8.8,7.2,64732.8,53592.71,18972.37
Asia,Mongolia,Personal Care,Offline,C,2014-02-22,SYN001301,2014-02-21,4470,81.35,52.32,363634.5,273831.91,134566.34
Sub-Saharan Africa,Rwanda,Cosmetics,Offline,H,2013-10-17,SYN001302,2013-11-26,4537,426.8,262.56,1936391.6,1169864.5,766461.17
Sub-Saharan Africa,Senegal,Cereal,Online,H,2014-04-11,SYN001303,2014-05-23,6203,186.73,109.4,1158286.19,746859.55,573382.85
Asia,Laos,Vegetables,Offline,C,2011-09-08,SYN001304,2011-10-28,3623,151.81,82.53,550007.63,326603.52,227174.87
Sub-Saharan Africa,Cameroon,Beverages,Offline,C,2015-04-08,SYN001305,2015-04-12,5599,43.42,30.44,243108.58000000002,180588.9,83354.36
Middle East and North Africa,Saudi Arabia,Cereal,Online,M,2013-03-24,SYN001306,2013-04-02,4054,199.02,115.24,806827.0800000001,477533.9,365182.02
Europe,San Marino,Baby Food,Online,L,2013-07-03,SYN001307,2013-06-24,4894,263.84,165.23,1291232.96,724201.0,451190.0
Sub-Saharan Africa,Niger,Personal Care,Online,H,2017-03-14,SYN001308,2017-04-03,3096,76.65,54.83,237308.40000000002,171726.89,75359.08
Sub-Saharan Africa,Cameroon,Beverages,Offline,C,2015-03-26,SYN001309,2015-04-22,4621,45.81,28.28,211688.01,166772.38,85740.66
Europe,Albania,Clothes,Online,C,2010-02-05,SYN001310,2010-03-20,2181,111.48,32.55,243137.88,73146.25,159395.7
Sub-Saharan Africa,Mali,Clothes,Online,M,2011-07-22,SYN001311,2011-08-27,828,109.61,32.67,90757.08,30216.28,71421.63
Australia and Oceania,Kiribati,Fruits,Online,M,2014-10-12,SYN001312,2014-11-17,5266,9.68,7.32,50974.88,38489.88,12664.38
Sub-Saharan Africa,Sao Tome and Principe,Fruits,Online,C,2014-06-13,SYN001313,2014-07-07,8532,9.31,6.82,79432.92,56805.02,20762.82
Sub-Saharan Africa,Lesotho,Fruits,Online,L,2013-08-13,SYN001314,2013-09-19,9894,9.64,6.59,95378.16,67791.48,24568.11
Europe,Romania,Cosmetics,Online,H,2010-11-30,SYN001315,2010-12-22,7548,482.16,265.71,3639343.68,2079987.32,1408649.58
Middle East and North Africa,Saudi Arabia,Cereal,Online,M,2013-03-24,SYN001316,2013-04-04,4245,197.86,125.53,839915.7000000001,459999.88,368780.12
Sub-Saharan Africa,Madagascar,Clothes,Offline,L,2015-04-18,SYN001317,2015-06-01,8254,116.11,34.29,958371.94,229827.2,557442.92
Europe,Austria,Cosmetics,Offline,H,2015-03-02,SYN001318,2015-03-03,2847,430.8,240.77,1226487.6,732142.07,469731.86
Asia,Turkmenistan,Household,Offline,L,2010-12-31,SYN001319,2011-01-27,3724,650.64,504.89,2422983.36,1942431.86,668845.58
Asia,Sri Lanka,Cosmetics,Offline,M,2016-11-22,SYN001320,2016-12-14,6958,414.13,264.04,2881516.54,1817518.35,1241554.79
North America,Mexico,Household,Offline,C,2014-11-01,SYN001321,2014-12-18,7270,645.88,506.22,4695547.6,3440989.58,1168063.32
Sub-Saharan Africa,Cape Verde,Clothes,Offline,H,2014-08-04,SYN001322,2014-08-19,4159,116.12,34.79,482943.08,146481.25,322958.0
Middle East and North Africa,Syria,Fruits,Online,L,2011-11-19,SYN001323,2011-11-30,3661,10.01,6.99,36646.61,26723.39,9219.81
Sub-Saharan Africa,Mali,Fruits,Online,L,2010-05-06,SYN001324,2010-05-13,5801,9.23,6.85,53543.23,39987.64,14175.88
Central America and the Caribbean,Grenada,Cereal,Online,C,2012-08-28,SYN001325,2012-09-18,2992,216.33,114.81,647259.36,327555.48,251863.48
Sub-Saharan Africa,Angola,Household,Offline,M,2011-04-24,SYN001326,2011-05-02,4272,611.91,474.09,2614079.52,1932799.5,691317.97
Sub-Saharan Africa,Mozambique,Household,Offline,L,2012-02-04,SYN001327,2012-02-22,5232,667.71,519.17,3493458.72,2706719.4,884877.37
Central America and the Caribbean,Grenada,Cereal,Online,C,2012-08-25,SYN001328,2012-09-12,2875,223.66,111.61,643022.5,304719.44,274066.68
Australia and Oceania,East Timor,Meat,Online,L,2012-08-05,SYN001329,2012-09-06,6216,387.36,349.53,2407829.7600000002,2000236.7,365821.19
Sub-Saharan Africa,Sierra Leone,Vegetables,Offline,C,2016-06-02,SYN001330,2016-06-24,1650,156.43,83.09,258109.5,136910.03,98146.25
Asia,Mongolia,Personal Care,Offline,C,2014-02-17,SYN001331,2014-02-16,4620,79.09,54.34,365395.8,297356.14,124541.1
Central America and the Caribbean,Nicaragua,Beverages,Offline,C,2011-02-14,SYN001332,2011-03-19,7983,49.02,31.74,391326.66000000003,248756.95,128835.32
Asia,Turkmenistan,Household,Offline,L,2010-12-28,SYN001333,2011-01-22,3788,649.51,480.36,2460343.88,2033994.24,661839.68
Asia,Malaysia,Fruits,Offline,L,2011-11-05,SYN001334,2011-12-22,6328,9.91,7.42,62710.48,42221.37,14679.54
Europe,Switzerland,Personal Care,Online,M,2010-12-19,SYN001335,2011-01-28,279,78.29,49.86,21842.910000000003,13765.45,6598.35
Europe,Austria,Cosmetics,Offline,H,2015-02-21,SYN001336,2015-03-05,2916,458.41,263.58,1336723.56,829395.14,504475.92
Sub-Saharan Africa,Cameroon,Office Supplies,Online,M,2011-11-07,SYN001337,2011-11-16,5861,653.95,525.64,3832800.95,2926727.25,679640.25
Central America and the Caribbean,Belize,Clothes,Offline,M,2016-07-19,SYN001338,2016-09-01,5243,115.32,35.4,604622.76,183953.81,398467.45
Sub-Saharan Africa,Niger,Personal Care,Online,H,2017-03-11,SYN001339,2017-03-27,3103,78.95,55.51,244981.85,166323.2,74601.71
Sub-Saharan Africa,Mozambique,Household,Offline,L,2012-02-09,SYN001340,2012-02-16,5202,639.05,473.85,3324338.0999999996,3014554.2,949030.23
Europe,San Marino,Baby Food,Online,L,2013-06-27,SYN001341,2013-06-30,4991,247.11,155.63,1233326.01,755684.0,447380.0
Sub-Saharan Africa,Gabon,Personal Care,Offline,L,2012-07-02,SYN001342,2012-07-16,8082,86.2,57.76,696668.4,488766.07,222048.94
Europe,Norway,Beverages,Offline,C,2014-07-13,SYN001343,2014-08-02,5333,45.68,32.36,243611.44,158524.45,80465.21
Sub-Saharan Africa,Lesotho,Fruits,Online,L,2013-08-24,SYN001344,2013-09-24,8924,9.87,7.18,88079.87999999999,68046.79,21953.06
Sub-Saharan Africa,Rwanda,Cosmetics,Offline,H,2013-10-09,SYN001345,2013-11-20,4310,475.82,276.86,2050784.2,1062570.12,735159.24
Sub-Saharan Africa,Senegal,Cereal,Online,H,2014-04-13,SYN001346,2014-05-25,6477,201.88,105.97,1307576.76,778613.69,585323.11
Sub-Saharan Africa,Rwanda,Office Supplies,Offline,L,2013-01-31,SYN001347,2013-02-09,5195,624.62,508.34,3244900.9,2861644.53,689693.55
Sub-Saharan Africa,Democratic Republic of the Congo,Beverages,Online,C,2011-05-20,SYN001348,2011-07-18,5760,48.35,33.22,278496.0,181538.55,94173.49
Sub-Saharan Africa,Republic of the Congo,Personal Care,Offline,M,2015-07-15,SYN001349,2015-08-22,6427,78.31,55.23,503298.37,345263.48,156239.52
Sub-Saharan Africa,Democratic Republic of the Congo,Beverages,Online,C,2011-05-23,SYN001350,2011-07-13,5855,47.91,31.72,280513.05,186224.97,94104.56
North America,Mexico,Personal Care,Offline,L,2012-02-23,SYN001351,2012-03-24,6293,79.52,57.72,500419.36,386216.7,146763.08
Europe,San Marino,Baby Food,Online,L,2013-06-25,SYN001352,2013-07-03,4773,243.35,143.23,1161509.55,741361.0,471536.0
Sub-Saharan Africa,Niger,Personal Care,Online,H,2017-03-15,SYN001353,2017-03-31,2975,83.45,53.52,248263.75,169530.25,82536.24
Australia and Oceania,Samoa,Cosmetics,Online,H,2013-07-20,SYN001354,2013-08-08,9873,448.92,239.2,4432187.16,2614297.06,1646545.56
Asia,Myanmar,Clothes,Online,H,2015-11-10,SYN001355,2015-11-23,5710,96.71,30.43,552214.1,216434.87,427269.28
Central America and the Caribbean,Haiti,Cosmetics,Offline,H,2013-10-06,SYN001356,2013-11-20,1770,461.95,265.59,817651.5,472259.67,308265.67
Sub-Saharan Africa,Mauritania,Office Supplies,Offline,C,2012-01-16,SYN001357,2012-01-11,1252,627.73,557.48,785917.9600000001,676802.47,157535.82
Europe,Slovakia,Vegetables,Online,H,2012-10-11,SYN001358,2012-11-11,168,154.61,95.39,25974.480000000003,14163.78,10209.67
Australia and Oceania,Tuvalu,Baby Food,Offline,H,2010-05-24,SYN001359,2010-06-29,9718,275.86,157.79,2680807.48,1609577.96,926115.47
Sub-Saharan Africa,Senegal,Cereal,Online,H,2014-04-18,SYN001360,2014-05-24,6455,214.46,118.76,1384339.3,732419.76,612562.67
Europe,Switzerland,Personal Care,Online,M,2010-12-22,SYN001361,2011-02-05,265,76.04,60.03,20150.600000000002,15815.93,6409.98
Australia and Oceania,Samoa,Cosmetics,Online,H,2013-07-16,SYN001362,2013-08-08,9189,446.26,261.02,4100683.14,2331945.71,1675609.61
Sub-Saharan Africa,Sao Tome and Principe,Fruits,Online,C,2014-06-21,SYN001363,2014-07-06,7939,9.0,6.89,71451.0,56196.5,20538.14
Asia,Mongolia,Personal Care,Offline,C,2014-02-12,SYN001364,2014-02-25,4748,82.7,62.44,392659.60000000003,297219.72,127316.26
Sub-Saharan Africa,Comoros,Cereal,Offline,H,2016-03-22,SYN001365,2016-04-27,1028,204.87,120.23,210606.36000000002,102346.27,82907.82
Australia and Oceania,New Zealand,Fruits,Online,H,2014-09-06,SYN001366,2014-10-01,2277,9.08,6.49,20675.16,15985.95,5313.36
Sub-Saharan Africa,Cameroon,Office Supplies,Online,M,2011-11-07,SYN001367,2011-11-20,5492,626.12,518.0,3438651.04,2748346.78,748444.67
Sub-Saharan Africa,Sierra Leone,Office Supplies,Offline,M,2011-11-19,SYN001368,2012-01-12,3021,678.52,492.63,2049808.92,1755068.23,431963.93
Middle East and North Africa,Iran,Cosmetics,Online,H,2016-11-20,SYN001369,2016-12-04,5987,436.83,264.61,2615301.21,1652941.8,1190881.26
Sub-Saharan Africa,Zambia,Snacks,Online,L,2011-01-07,SYN001370,2011-01-05,4374,157.66,101.25,689604.84,415213.75,220878.7
Sub-Saharan Africa,Mali,Clothes,Online,M,2011-07-30,SYN001371,2011-09-10,889,109.54,37.42,97381.06000000001,34985.21,65891.44
Asia,Myanmar,Clothes,Online,H,2015-11-17,SYN001372,2015-11-23,6465,106.38,33.72,687746.7,208605.83,434723.68
Middle East and North Africa,Azerbaijan,Office Supplies,Online,M,2012-06-08,SYN001373,2012-07-31,2019,615.95,483.57,1243603.05,1132440.48,253193.05
Australia and Oceania,Solomon Islands,Baby Food,Online,C,2015-02-09,SYN001374,2015-02-25,2868,252.42,162.24,723940.5599999999,452150.86,287489.86
Europe,San Marino,Baby Food,Online,L,2013-06-27,SYN001375,2013-07-04,4616,256.62,158.75,1184557.92,710384.0,427327.0
Europe,Portugal,Baby Food,Online,H,2015-08-06,SYN001376,2015-09-02,1270,259.71,153.12,329831.69999999995,193147.22,116566.79
Europe,Slovenia,Beverages,Offline,C,2016-10-20,SYN001377,2016-11-28,4775,46.6,33.26,222515.0,139912.91,75215.94
Middle East and North Africa,Pakistan,Cosmetics,Offline,L,2013-07-05,SYN001378,2013-08-12,9767,420.67,251.02,4108683.89,2675979.23,1802510.51
Sub-Saharan Africa,Sao Tome and Principe,Fruits,Online,C,2014-06-24,SYN001379,2014-07-05,7900,9.14,7.12,72206.0,53581.22,19573.76
Australia and Oceania,Samoa,Cosmetics,Online,H,2013-07-22,SYN001380,2013-08-13,9789,415.98,281.62,4072028.22,2513681.0,1840770.33
North America,Mexico,Personal Care,Offline,L,2012-02-12,SYN001381,2012-03-22,6428,87.05,60.56,559557.4,344835.83,143466.67
Australia and Oceania,Fiji,Clothes,Offline,C,2010-06-28,SYN001382,2010-08-03,9458,101.62,39.5,961121.9600000001,354852.0,668438.03
Middle East and North Africa,Azerbaijan,Cosmetics,Online,M,2010-02-05,SYN001383,2010-02-27,7251,457.17,262.73,3314939.67,1851913.69,1247700.01
North America,Mexico,Personal Care,Offline,M,2015-08-05,SYN001384,2015-08-14,5091,78.08,54.88,397505.27999999997,314796.79,144654.89
Europe,Spain,Household,Offline,L,2012-10-16,SYN001385,2012-12-01,4921,627.6,465.48,3088419.6,2498757.11,765066.94
Sub-Saharan Africa,Sao Tome and Principe,Fruits,Offline,H,2013-09-16,SYN001386,2013-10-20,7709,8.95,6.55,68995.54999999999,56592.53,18813.52
Europe,Switzerland,Personal Care,Online,M,2010-12-22,SYN001387,2011-01-28,258,79.94,61.41,20624.52,16772.42,6791.06
Europe,Switzerland,Cosmetics,Offline,M,2012-09-13,SYN001388,2012-10-17,8720,432.39,230.4,3770440.8,2363531.2,1596713.04
Europe,Switzerland,Cosmetics,Offline,M,2012-09-18,SYN001389,2012-10-22,8555,406.82,262.29,3480345.1,2257080.77,1468637.91
Europe,Switzerland,Personal Care,Online,M,2010-12-23,SYN001390,2011-01-27,276,78.98,56.06,21798.48,14505.7,6780.77
Australia and Oceania,Federated States of Micronesia,Beverages,Online,C,2014-10-26,SYN001391,2014-11-17,9941,43.67,30.53,434123.47000000003,273414.82,150070.0
Middle East and North Africa,Lebanon,Clothes,Online,L,2012-09-13,SYN001392,2012-10-06,7638,111.12,37.76,848734.56,278399.77,569992.12
Sub-Saharan Africa,South Sudan,Personal Care,Offline,C,2013-12-24,SYN001393,2014-02-03,2279,78.02,54.19,177807.58,104980.91,53901.51
Sub-Saharan Africa,Sierra Leone,Vegetables,Offline,C,2016-05-29,SYN001394,2016-06-30,1567,148.3,100.46,232386.1,126271.59,99183.62
Central America and the Caribbean,Honduras,Snacks,Online,L,2016-07-01,SYN001395,2016-07-30,2225,153.97,98.36,342583.25,209600.0,121868.6
Sub-Saharan Africa,Sierra Leone,Office Supplies,Offline,H,2016-12-08,SYN001396,2016-12-08,968,560.81,531.94,542864.08,532527.17,128994.0
Europe,Austria,Cosmetics,Offline,H,2015-02-23,SYN001397,2015-02-26,2976,444.22,255.43,1321998.72,726617.09,536903.05
Middle East and North Africa,Kuwait,Fruits,Online,M,2012-04-25,SYN001398,2012-05-20,512,9.19,7.0,4705.28,3736.91,1168.89
Sub-Saharan Africa,Comoros,Cereal,Offline,H,2016-03-31,SYN001399,2016-04-25,866,210.25,121.04,182076.5,110985.26,89957.22
Sub-Saharan Africa,Sierra Leone,Office Supplies,Offline,H,2016-12-11,SYN001400,2016-12-08,921,690.21,455.98,635683.41,532899.15,124276.0
Sub-Saharan Africa,Madagascar,Clothes,Offline,L,2015-04-25,SYN001401,2015-06-04,7641,100.39,36.38,767079.99,274048.22,526123.85
Australia and Oceania,Kiribati,Fruits,Online,M,2014-10-10,SYN001402,2014-11-09,5240,9.0,6.52,47160.0,35599.32,12197.07
Sub-Saharan Africa,Djibouti,Snacks,Online,M,2017-02-26,SYN001403,2017-02-21,6970,145.57,98.2,1014622.8999999999,751675.83,402437.78
Sub-Saharan Africa,Comoros,Cereal,Offline,H,2016-04-04,SYN001404,2016-04-28,949,202.51,106.83,192181.99,119884.66,82966.58
Sub-Saharan Africa,Niger,Personal Care,Online,H,2017-03-15,SYN001405,2017-03-21,3038,78.22,57.99,237632.36,164390.1,82010.57
Australia and Oceania,Solomon Islands,Baby Food,Online,C,2015-01-31,SYN001406,2015-02-17,3015,255.67,164.64,770845.0499999999,467655.25,301688.75
Asia,Laos,Vegetables,Offline,C,2011-09-21,SYN001407,2011-10-18,3854,159.83,98.02,615984.8200000001,328654.15,243047.54
Middle East and North Africa,Libya,Fruits,Online,L,2015-08-14,SYN001408,2015-09-24,645,9.23,6.68,5953.35,5062.35,1526.67
Australia and Oceania,Australia,Office Supplies,Online,C,2015-10-28,SYN001409,2015-11-22,2871,667.01,481.18,1914985.71,1572395.33,367890.0
Middle East and North Africa,Kuwait,Fruits,Online,M,2012-04-30,SYN001410,2012-05-17,527,9.81,6.78,5169.87,3530.41,1226.28
Sub-Saharan Africa,Niger,Personal Care,Online,H,2017-03-17,SYN001411,2017-03-31,2957,74.27,53.55,219616.38999999998,168943.24,68799.24
Sub-Saharan Africa,Mali,Clothes,Online,M,2011-08-02,SYN001412,2011-09-07,826,113.77,36.53,93974.01999999999,29907.96,64714.73
Europe,Slovenia,Beverages,Offline,C,2016-10-22,SYN001413,2016-11-18,4850,44.91,33.12,217813.49999999997,149946.36,72848.21
Asia,Mongolia,Personal Care,Offline,C,2014-02-26,SYN001414,2014-02-16,5173,91.94,48.63,475605.62,292444.7,128705.54
Sub-Saharan Africa,The Gambia,Cereal,Offline,H,2012-06-02,SYN001415,2012-06-13,1850,221.82,115.92,410367.0,247131.48,192537.75
Sub-Saharan Africa,Djibouti,Snacks,Online,M,2017-02-27,SYN001416,2017-03-01,7197,135.46,100.23,974905.6200000001,743692.18,401395.22
Middle East and North Africa,Libya,Fruits,Online,L,2015-08-14,SYN001417,2015-09-27,685,9.17,6.45,6281.45,4837.01,1616.67
Asia,Turkmenistan,Office Supplies,Online,M,2013-04-30,SYN001418,2013-05-19,5432,688.33,484.91,3739008.56,2472782.49,583474.06
Europe,San Marino,Baby Food,Online,L,2013-06-24,SYN001419,2013-06-27,4606,241.6,158.47,1112809.5999999999,719517.0,452665.0
Sub-Saharan Africa,Sao Tome and Principe,Beverages,Offline,C,2011-01-10,SYN001420,2011-01-25,8079,47.45,30.2,383348.55000000005,270813.42,134581.28
Asia,Kyrgyzstan,Vegetables,Online,H,2011-06-29,SYN001421,2011-07-15,116,149.95,81.09,17394.199999999997,10350.44,7691.6
Sub-Saharan Africa,Cape Verde,Clothes,Offline,H,2014-08-03,SYN001422,2014-08-12,4229,108.48,33.09,458761.92000000004,149481.4,272776.18
Sub-Saharan Africa,Kenya,Vegetables,Online,L,2012-03-20,SYN001423,2012-04-08,6739,162.65,90.52,1096098.35,602012.59,392972.23
Sub-Saharan Africa,The Gambia,Cereal,Offline,H,2012-06-11,SYN001424,2012-06-14,2105,200.99,127.01,423083.95,243611.33,187529.87
Australia and Oceania,Federated States of Micronesia,Beverages,Online,C,2014-10-22,SYN001425,2014-11-22,9760,47.83,31.22,466820.8,289551.07,152969.05
Sub-Saharan Africa,Democratic Republic of the Congo,Beverages,Online,C,2011-05-22,SYN001426,2011-07-08,5534,47.31,31.25,261813.54,176934.97,92229.3
Australia and Oceania,Solomon Islands,Baby Food,Online,C,2015-02-09,SYN001427,2015-02-15,3069,258.33,171.59,792814.7699999999,457996.75,277466.83
Europe,Romania,Cosmetics,Online,H,2010-11-23,SYN001428,2010-12-19,7616,446.27,263.43,3398792.32,1956950.44,1352853.85
North America,Mexico,Household,Offline,C,2014-11-12,SYN001429,2014-12-11,7566,635.81,541.11,4810538.46,3710977.96,1179678.4
Sub-Saharan Africa,Sierra Leone,Office Supplies,Offline,H,2016-12-01,SYN001430,2016-12-19,887,599.84,536.44,532058.0800000001,513775.71,122362.0
Sub-Saharan Africa,Djibouti,Cereal,Online,H,2017-05-27,SYN001431,2017-06-24,8993,198.7,122.74,1786909.0999999999,1075413.38,777942.66
Europe,Monaco,Baby Food,Offline,H,2012-05-30,SYN001432,2012-06-08,7950,256.33,172.07,2037823.4999999998,1423303.84,864010.25
Europe,France,Cosmetics,Online,H,2017-05-19,SYN001433,2017-06-02,1701,462.93,238.05,787443.93,451807.7,311109.21
Europe,Norway,Baby Food,Online,L,2014-05-21,SYN001434,2014-06-23,7916,257.64,162.82,2039478.24,1093899.0,700131.0
North America,Mexico,Household,Offline,C,2014-11-02,SYN001435,2014-12-07,6814,683.94,464.81,4660367.16,3335702.94,1194565.25
Asia,Sri Lanka,Cosmetics,Offline,M,2016-11-26,SYN001436,2016-12-14,7150,421.94,287.93,3016871.0,2080942.75,1268971.96
Asia,Myanmar,Household,Offline,H,2015-01-16,SYN001437,2015-03-06,8468,614.99,515.39,5207735.32,3749683.0,1406895.14
Asia,Brunei,Office Supplies,Online,L,2012-03-27,SYN001438,2012-05-12,6401,632.2,521.1,4046712.2,3500064.27,873575.0
Europe,Monaco,Baby Food,Offline,H,2012-05-26,SYN001439,2012-05-29,9063,250.86,167.97,2273544.18,1329723.85,751987.69
Asia,Kyrgyzstan,Vegetables,Online,H,2011-06-19,SYN001440,2011-07-19,127,143.47,90.24,18220.69,10850.54,7513.36
Sub-Saharan Africa,Kenya,Vegetables,Online,L,2012-03-17,SYN001441,2012-04-02,6367,164.46,95.08,1047116.8200000001,583666.95,418285.64
Europe,France,Cosmetics,Online,H,2017-05-28,SYN001442,2017-06-07,1684,425.72,257.13,716912.4800000001,476450.18,319836.36
Europe,Russia,Office Supplies,Offline,L,2014-04-30,SYN001443,2014-05-09,1955,670.39,543.55,1310612.45,913627.82,233976.37
Sub-Saharan Africa,Kenya,Vegetables,Online,L,2012-03-18,SYN001444,2012-04-10,7168,144.11,98.43,1032980.4800000001,566813.06,370276.44
Asia,Sri Lanka,Cosmetics,Offline,M,2016-11-24,SYN001445,2016-12-24,6959,434.86,240.09,3026190.74,1754400.17,1227344.0
Central America and the Caribbean,Nicaragua,Beverages,Offline,C,2011-02-05,SYN001446,2011-03-15,8378,49.69,32.16,416302.82,267127.29,124375.57
Middle East and North Africa,Azerbaijan,Office Supplies,Online,M,2012-06-17,SYN001447,2012-07-26,1969,663.24,593.07,1305919.56,1133813.93,251359.22
Middle East and North Africa,Kuwait,Fruits,Online,M,2012-05-06,SYN001448,2012-05-15,531,8.87,7.6,4709.969999999999,3728.41,1271.21
Australia and Oceania,Federated States of Micronesia,Beverages,Online,C,2014-11-01,SYN001449,2014-11-11,9384,45.46,32.8,426596.64,278634.9,150970.51
Australia and Oceania,Tuvalu,Baby Food,Offline,H,2010-06-04,SYN001450,2010-06-22,9924,264.47,168.93,2624600.2800000003,1581750.55,838779.2
Australia and Oceania,Kiribati,Fruits,Online,M,2014-10-17,SYN001451,2014-11-12,5244,9.72,6.99,50971.68,37141.46,13073.72
Sub-Saharan Africa,Sao Tome and Principe,Beverages,Offline,C,2011-01-09,SYN001452,2011-01-20,8015,46.86,33.16,375582.9,289850.87,142094.8
Asia,Sri Lanka,Cosmetics,Offline,M,2016-11-14,SYN001453,2016-12-18,6686,450.1,273.75,3009368.6,1901937.23,1145645.39
Europe,Lithuania,Office Supplies,Offline,H,2010-10-17,SYN001454,2010-11-18,8909,650.91,544.8,5798957.1899999995,4138564.89,1034322.72
Sub-Saharan Africa,Niger,Personal Care,Online,H,2017-03-07,SYN001455,2017-03-31,2965,78.42,55.67,232515.30000000002,176715.74,76713.49
Central America and the Caribbean,Honduras,Snacks,Online,L,2016-06-30,SYN001456,2016-07-24,2518,154.4,92.9,388779.2,207351.0,127028.2
North America,Mexico,Personal Care,Offline,L,2012-02-24,SYN001457,2012-03-20,6392,84.37,55.38,539293.04,368459.76,156149.25
Sub-Saharan Africa,The Gambia,Household,Offline,L,2012-05-29,SYN001458,2012-06-12,2217,680.03,495.58,1507626.51,1236968.23,386583.56
Europe,Romania,Cosmetics,Online,H,2010-11-23,SYN001459,2010-12-28,7879,451.51,243.23,3557447.29,2060384.03,1454282.24
Sub-Saharan Africa,Sierra Leone,Office Supplies,Offline,H,2016-12-02,SYN001460,2016-12-08,913,649.76,488.64,593230.88,467759.48,116877.0
Asia,Myanmar,Clothes,Online,H,2015-11-14,SYN001461,2015-11-15,6074,111.42,36.77,676765.08,231443.86,474744.67
Sub-Saharan Africa,Comoros,Cereal,Offline,H,2016-03-30,SYN001462,2016-05-01,1041,193.36,110.44,201287.76,118580.81,83662.33
Middle East and North Africa,Syria,Fruits,Online,L,2011-11-18,SYN001463,2011-11-30,3460,9.26,6.34,32039.6,24436.68,9020.73
Asia,Turkmenistan,Office Supplies,Online,M,2013-04-22,SYN001464,2013-05-14,4816,631.77,485.24,3042604.32,2495384.65,646427.1
Central America and the Caribbean,Honduras,Snacks,Online,L,2016-06-29,SYN001465,2016-07-20,2379,159.49,105.94,379426.71,225333.0,122689.31
North America,Mexico,Household,Offline,C,2014-11-13,SYN001466,2014-12-15,7432,657.18,545.01,4884161.76,3792936.74,1173205.23
Asia,Bangladesh,Clothes,Online,L,2017-01-14,SYN001467,2017-03-07,8530,123.22,34.21,1051066.6,263632.62,546206.97
Sub-Saharan Africa,Cameroon,Beverages,Offline,C,2015-04-05,SYN001468,2015-04-24,5226,45.05,30.59,235431.3,161941.46,84736.65
Europe,United Kingdom,Household,Online,L,2011-12-31,SYN001469,2012-02-13,288,686.47,493.6,197703.36000000002,136746.39,45152.65
Asia,Myanmar,Household,Offline,H,2015-01-23,SYN001470,2015-03-05,8670,636.78,465.74,5520882.6,4034448.0,1529912.74
Europe,Lithuania,Office Supplies,Offline,H,2010-10-20,SYN001471,2010-11-22,8184,594.71,523.67,4867106.640000001,4510483.23,1086844.99
Central America and the Caribbean,Honduras,Snacks,Online,L,2016-07-04,SYN001472,2016-07-20,2364,154.29,100.44,364741.56,217846.0,121814.75
Asia,Myanmar,Household,Offline,H,2015-01-16,SYN001473,2015-02-27,8595,694.14,506.97,5966133.3,4078425.0,1404675.54
Europe,Macedonia,Clothes,Offline,C,2014-10-15,SYN001474,2014-11-07,7250,107.42,37.81,778795.0,277857.23,563530.8
Asia,Myanmar,Clothes,Online,H,2015-11-20,SYN001475,2015-11-24,6167,117.09,36.62,722094.03,214238.76,442545.06
Sub-Saharan Africa,Mauritania,Office Supplies,Offline,C,2012-01-15,SYN001476,2012-01-17,1275,637.46,496.49,812761.5,619183.72,172442.42
Sub-Saharan Africa,Mauritania,Office Supplies,Offline,C,2012-01-12,SYN001477,2012-01-08,1286,678.72,555.52,872833.92,677688.01,157259.56
North America,Mexico,Personal Care,Offline,M,2015-08-03,SYN001478,2015-08-12,5425,80.64,60.01,437472.0,329316.6,140812.89
Sub-Saharan Africa,Madagascar,Clothes,Offline,L,2015-04-27,SYN001479,2015-05-23,7276,107.18,36.68,779841.68,271637.22,485597.06
Sub-Saharan Africa,Zambia,Snacks,Online,L,2010-12-28,SYN001480,2011-01-02,4093,143.0,103.27,585299.0,376041.43,213991.07
Europe,Monaco,Baby Food,Offline,H,2012-05-29,SYN001481,2012-06-03,8840,270.43,152.55,2390601.2,1340288.74,747418.04
Sub-Saharan Africa,Sierra Leone,Vegetables,Offline,C,2016-06-03,SYN001482,2016-06-28,1487,139.29,86.43,207124.22999999998,138403.67,92043.85
Australia and Oceania,Kiribati,Fruits,Online,M,2014-10-13,SYN001483,2014-11-06,5849,9.28,7.28,54278.719999999994,35181.63,13128.32
Europe,Albania,Clothes,Online,C,2010-01-27,SYN001484,2010-03-12,2292,117.89,38.41,270203.88,81726.77,168403.56
Europe,Lithuania,Office Supplies,Offline,H,2010-10-23,SYN001485,2010-11-11,8193,662.66,545.28,5429173.38,4018869.42,967316.95
Central America and the Caribbean,Haiti,Cosmetics,Offline,H,2013-10-16,SYN001486,2013-11-16,1674,439.89,251.55,736375.86,447737.49,298384.8
Sub-Saharan Africa,Mali,Clothes,Online,M,2011-07-29,SYN001487,2011-08-29,995,103.97,34.91,103450.15,33922.95,65554.48
Sub-Saharan Africa,Rwanda,Office Supplies,Offline,L,2013-01-28,SYN001488,2013-02-02,5042,671.35,558.73,3384946.7,2722678.53,603711.59
Europe,Switzerland,Cosmetics,Offline,M,2012-09-11,SYN001489,2012-10-22,8583,426.93,267.94,3664340.19,2302913.57,1573402.37
Europe,Macedonia,Clothes,Offline,C,2014-10-13,SYN001490,2014-11-08,7481,113.25,37.39,847223.25,283526.65,552191.8
Asia,Turkmenistan,Office Supplies,Online,M,2013-04-19,SYN001491,2013-05-21,4976,609.33,540.31,3032026.08,2408852.33,601411.74
Europe,France,Cosmetics,Online,H,2017-05-18,SYN001492,2017-06-05,1702,401.94,253.6,684101.88,468016.35,287991.72
Sub-Saharan Africa,Cape Verde,Clothes,Offline,H,2014-07-29,SYN001493,2014-08-26,4001,112.81,36.16,451352.81,149298.55,283941.94
Asia,Bangladesh,Clothes,Online,L,2017-01-14,SYN001494,2017-02-24,8784,107.99,32.82,948584.1599999999,272051.05,629976.08
Asia,Laos,Vegetables,Offline,C,2011-09-11,SYN001495,2011-10-24,3547,160.96,97.7,570925.12,337416.11,232777.03
Sub-Saharan Africa,Djibouti,Cereal,Online,H,2017-05-21,SYN001496,2017-06-20,9076,183.7,110.45,1667261.2,951108.07,729111.59
Australia and Oceania,Samoa,Cosmetics,Online,H,2013-07-19,SYN001497,2013-08-09,10011,417.5,261.77,4179592.5,2672272.37,1719914.72
Europe,Albania,Clothes,Online,C,2010-02-08,SYN001498,2010-03-21,2172,103.86,37.38,225583.92,82621.39,164610.04
Asia,Myanmar,Household,Offline,H,2015-01-19,SYN001499,2015-03-06,8052,618.6,539.11,4980967.2,4394717.0,1281431.83
Australia and Oceania,Australia,Cereal,Offline,H,2013-06-12,SYN001500,2013-07-05,707,201.8,114.34,142672.6,76199.24,62421.98
Asia,Laos,Vegetables,Offline,C,2011-09-20,SYN001501,2011-10-16,3440,140.59,85.83,483629.60000000003,337856.04,233035.15
Asia,Myanmar,Clothes,Online,H,2015-11-12,SYN001502,2015-11-23,5288,117.9,35.9,623455.2000000001,220399.13,451309.61
Australia and Oceania,Kiribati,Fruits,Online,M,2014-10-17,SYN001503,2014-11-13,5575,9.19,6.44,51234.25,35689.23,11989.24
Sub-Saharan Africa,Rwanda,Office Supplies,Offline,L,2013-01-28,SYN001504,2013-02-06,5032,660.43,530.45,3323283.76,2799614.72,675227.27
Sub-Saharan Africa,Mali,Fruits,Online,L,2010-05-08,SYN001505,2010-05-13,6165,8.66,6.75,53388.9,41076.21,14178.31
Sub-Saharan Africa,Mali,Fruits,Online,L,2010-05-13,SYN001506,2010-05-03,5980,8.78,7.34,52504.399999999994,42843.88,14100.07
Asia,Turkmenistan,Household,Offline,L,2010-12-26,SYN001507,2011-01-20,4137,679.29,479.13,2810222.73,2076101.89,657792.11
Australia and Oceania,Australia,Cereal,Offline,H,2013-06-03,SYN001508,2013-07-04,759,201.53,127.54,152961.27,78583.7,59801.0
Central America and the Caribbean,Costa Rica,Personal Care,Offline,L,2017-05-14,SYN001509,2017-05-24,5941,75.59,54.21,449080.19,387443.42,173709.46
Sub-Saharan Africa,The Gambia,Meat,Online,M,2017-01-13,SYN001510,2017-01-21,4663,393.09,338.23,1832978.67,1809258.45,250728.85
Central America and the Caribbean,Nicaragua,Beverages,Offline,C,2011-02-12,SYN001511,2011-03-28,8001,48.82,30.13,390608.82,258542.17,135550.21
North America,Mexico,Personal Care,Offline,L,2012-02-24,SYN001512,2012-03-24,6557,79.39,55.92,520560.23,359151.68,154724.45
Asia,Brunei,Office Supplies,Online,L,2012-04-08,SYN001513,2012-05-11,7104,666.59,563.3,4735455.36,3593549.57,824422.0
Sub-Saharan Africa,Cape Verde,Clothes,Offline,H,2014-08-04,SYN001514,2014-08-13,3815,107.23,36.46,409082.45,147946.31,307182.24
Middle East and North Africa,Libya,Clothes,Offline,H,2010-10-28,SYN001515,2010-11-19,6413,104.18,40.97,668106.3400000001,225169.85,504168.65
Australia and Oceania,Samoa,Cosmetics,Online,H,2013-07-23,SYN001516,2013-08-01,8980,450.13,273.74,4042167.4,2680843.33,1754992.61
Sub-Saharan Africa,The Gambia,Household,Offline,L,2012-06-01,SYN001517,2012-06-04,2480,698.11,516.05,1731312.8,1120281.98,383074.75
Middle East and North Africa,Saudi Arabia,Cereal,Online,M,2013-04-01,SYN001518,2013-04-04,4278,210.96,120.15,902486.88,470730.87,368019.22
Europe,Switzerland,Cosmetics,Offline,M,2012-09-23,SYN001519,2012-10-13,8495,453.11,279.05,3849169.45,2165194.27,1463322.95
Sub-Saharan Africa,Cameroon,Office Supplies,Online,M,2011-11-04,SYN001520,2011-11-10,5594,675.35,526.58,3777907.9,3265933.7,734933.74
Sub-Saharan Africa,Gabon,Personal Care,Offline,L,2012-07-14,SYN001521,2012-07-12,8948,79.71,51.57,713245.08,490622.27,216857.18
Europe,Switzerland,Personal Care,Online,M,2010-12-27,SYN001522,2011-02-03,253,83.49,54.91,21122.969999999998,15602.76,7521.04
Asia,Turkmenistan,Household,Offline,L,2010-12-24,SYN001523,2011-01-21,4062,652.99,525.74,2652445.38,1832998.89,613223.89
Middle East and North Africa,Azerbaijan,Cosmetics,Online,M,2010-02-04,SYN001524,2010-02-28,6961,428.71,255.08,2984250.31,1901262.63,1266804.36
Middle East and North Africa,Azerbaijan,Office Supplies,Online,M,2012-06-07,SYN001525,2012-07-22,2011,603.9,500.08,1214442.9,1044737.32,247431.04
Europe,Moldova,Personal Care,Online,L,2016-05-03,SYN001526,2016-05-07,4807,84.88,55.31,408018.16,285754.39,129941.35
Sub-Saharan Africa,Gabon,Personal Care,Offline,L,2012-07-12,SYN001527,2012-07-08,8458,78.23,54.48,661669.3400000001,490988.62,215790.51
Sub-Saharan Africa,Zambia,Snacks,Online,L,2011-01-08,SYN001528,2011-01-09,4034,145.24,99.84,585898.16,417623.86,204870.15
Europe,Macedonia,Clothes,Offline,C,2014-10-13,SYN001529,2014-11-07,8045,109.1,38.17,877709.5,269348.0,625836.93
Asia,Turkmenistan,Household,Offline,L,2010-12-30,SYN001530,2011-01-14,3796,632.02,526.97,2399147.92,1901143.25,614965.51
Middle East and North Africa,Syria,Fruits,Online,L,2011-11-25,SYN001531,2011-12-06,3527,9.95,6.92,35093.649999999994,28193.3,8766.94
Australia and Oceania,East Timor,Meat,Online,L,2012-08-01,SYN001532,2012-09-07,5874,443.23,392.28,2603533.02,2233111.75,347265.22
Asia,Laos,Vegetables,Offline,C,2011-09-15,SYN001533,2011-10-21,3658,148.57,96.84,543469.0599999999,374488.79,231290.74
Australia and Oceania,East Timor,Meat,Online,L,2012-08-02,SYN001534,2012-09-06,6335,425.54,369.84,2695795.9,2132897.4,326436.13
Sub-Saharan Africa,Djibouti,Cereal,Online,H,2017-05-19,SYN001535,2017-06-14,8508,200.84,113.06,1708746.72,982300.61,800174.19
Central America and the Caribbean,Nicaragua,Beverages,Offline,C,2011-02-04,SYN001536,2011-03-15,8290,44.22,33.07,366583.8,269376.22,137348.93
Europe,Norway,Baby Food,Online,L,2014-05-09,SYN001537,2014-06-28,7693,259.77,155.56,1998410.6099999999,1179664.0,750055.0
Europe,Lithuania,Office Supplies,Offline,H,2010-10-23,SYN001538,2010-11-24,7543,683.21,546.03,5153453.03,4042723.57,987645.0
Central America and the Caribbean,Honduras,Snacks,Online,L,2016-07-06,SYN001539,2016-07-19,2233,161.91,94.2,361545.02999999997,211333.0,124695.94
Asia,Brunei,Office Supplies,Online,L,2012-04-06,SYN001540,2012-05-08,6958,709.53,523.06,4936909.74,3533957.94,768642.0
Sub-Saharan Africa,Djibouti,Cereal,Online,H,2017-05-14,SYN001541,2017-06-20,8552,204.08,120.19,1745292.1600000001,1061084.97,799270.1
Europe,Iceland,Cosmetics,Online,C,2017-01-03,SYN001542,2017-01-07,9090,432.87,273.41,3934788.3,2357992.01,1647608.74
Asia,Bangladesh,Clothes,Online,L,2017-01-07,SYN001543,2017-03-01,7854,95.75,37.22,752020.5,283446.18,626228.36
Sub-Saharan Africa,South Sudan,Personal Care,Offline,C,2013-12-30,SYN001544,2014-01-21,2150,85.29,58.58,183373.5,124949.86,51153.44
Sub-Saharan Africa,Sao Tome and Principe,Fruits,Online,C,2014-06-26,SYN001545,2014-07-09,7546,9.14,7.28,68970.44,54709.61,20126.31
Sub-Saharan Africa,The Gambia,Baby Food,Offline,M,2014-02-08,SYN001546,2014-03-22,5594,262.62,176.21,1469096.28,851336.5,495657.82
Sub-Saharan Africa,Cape Verde,Clothes,Offline,H,2014-08-02,SYN001547,2014-08-25,4334,107.01,37.11,463781.34,136650.45,315032.21
Asia,Myanmar,Household,Offline,H,2015-01-20,SYN001548,2015-03-03,8549,699.9,515.27,5983445.1,4252322.0,1389559.69
Australia and Oceania,Australia,Office Supplies,Online,C,2015-10-31,SYN001549,2015-11-26,2948,713.54,542.95,2103515.92,1438157.6,370325.0
Europe,Macedonia,Clothes,Offline,C,2014-10-09,SYN001550,2014-11-10,8119,108.47,36.42,880667.9299999999,285915.72,562431.96
Europe,Spain,Household,Offline,L,2012-10-15,SYN001551,2012-12-03,4618,672.45,516.61,3105374.1,2222087.27,772967.2
Middle East and North Africa,Pakistan,Cosmetics,Offline,L,2013-07-09,SYN001552,2013-08-21,10496,439.47,272.51,4612677.12,2436728.23,1736679.35
Sub-Saharan Africa,Gabon,Personal Care,Offline,L,2012-07-03,SYN001553,2012-07-09,8364,73.57,63.49,615339.48,499789.43,233757.76
Sub-Saharan Africa,Zambia,Snacks,Online,L,2011-01-11,SYN001554,2011-01-08,4159,152.46,103.28,634081.14,364305.07,234494.12
Sub-Saharan Africa,South Sudan,Personal Care,Offline,C,2013-12-22,SYN001555,2014-01-24,2012,84.71,59.95,170436.52,118048.3,47966.26
Asia,Turkmenistan,Household,Offline,L,2011-01-03,SYN001556,2011-01-22,3650,657.57,479.36,2400130.5,2084815.13,554562.67
Sub-Saharan Africa,Sao Tome and Principe,Beverages,Offline,C,2011-01-21,SYN001557,2011-01-27,9059,46.55,30.08,421696.44999999995,283196.44,140114.32
Asia,Turkmenistan,Household,Offline,L,2011-01-05,SYN001558,2011-01-23,4083,654.04,504.88,2670445.32,1919647.31,627062.66
Australia and Oceania,East Timor,Meat,Online,L,2012-08-06,SYN001559,2012-09-16,5973,427.11,366.35,2551128.0300000003,2226146.33,307542.75
North America,Mexico,Household,Offline,C,2014-11-08,SYN001560,2014-12-07,7304,653.53,509.15,4773383.12,3711306.87,1161305.33
Sub-Saharan Africa,Republic of the Congo,Personal Care,Offline,M,2015-07-08,SYN001561,2015-08-22,5616,75.02,55.56,421312.31999999995,330648.47,162995.09
Asia,Bangladesh,Clothes,Online,L,2017-01-10,SYN001562,2017-03-03,8435,106.57,36.66,898917.95,310365.85,657489.88
Sub-Saharan Africa,Djibouti,Cosmetics,Offline,H,2014-04-09,SYN001563,2014-04-24,6805,410.24,260.34,2791683.2,1811407.84,1206759.65
Asia,Myanmar,Household,Offline,H,2015-01-18,SYN001564,2015-02-28,8341,666.17,486.71,5556523.97,4146174.0,1297697.38
Australia and Oceania,Solomon Islands,Baby Food,Online,C,2015-02-08,SYN001565,2015-02-15,2731,277.03,154.15,756568.9299999999,466211.8,294748.71
Asia,Turkmenistan,Household,Offline,L,2011-01-05,SYN001566,2011-01-20,3613,665.25,487.77,2403548.25,2065442.08,642529.07
Sub-Saharan Africa,Burkina Faso,Vegetables,Online,H,2012-07-15,SYN001567,2012-07-25,7998,154.77,88.46,1237850.4600000002,749073.24,525238.85
Australia and Oceania,Australia,Office Supplies,Online,C,2015-10-30,SYN001568,2015-11-24,2815,643.28,521.52,1810833.2,1575351.22,371225.0
Sub-Saharan Africa,Mauritania,Office Supplies,Offline,C,2012-01-18,SYN001569,2012-01-06,1319,685.36,567.35,903989.84,589126.02,153932.88
Sub-Saharan Africa,The Gambia,Meat,Online,M,2017-01-17,SYN001570,2017-01-19,4811,394.34,351.81,1897169.74,1782274.23,264133.6
Sub-Saharan Africa,Mali,Fruits,Online,L,2010-05-12,SYN001571,2010-05-04,5614,9.56,6.89,53669.840000000004,39395.06,13271.89
North America,Mexico,Household,Offline,C,2014-11-10,SYN001572,2014-12-07,6799,731.42,536.14,4972924.58,3474939.47,1025050.46
Sub-Saharan Africa,South Sudan,Personal Care,Offline,C,2014-01-04,SYN001573,2014-01-29,2126,79.46,61.93,168931.96,121840.18,55538.25
Sub-Saharan Africa,Mali,Fruits,Online,L,2010-05-07,SYN001574,2010-05-08,6295,10.39,6.86,65405.05,39886.82,13648.4
Central America and the Caribbean,Grenada,Cereal,Online,C,2012-08-27,SYN001575,2012-09-12,2967,223.05,128.12,661789.35,322703.23,247256.12
Sub-Saharan Africa,Sierra Leone,Office Supplies,Offline,M,2011-11-28,SYN001576,2012-01-08,3071,650.79,571.71,1998576.0899999999,1799745.72,429981.31
Asia,Turkmenistan,Office Supplies,Online,M,2013-04-18,SYN001577,2013-05-24,4940,626.28,540.4,3093823.1999999997,2794320.89,651390.11
Sub-Saharan Africa,The Gambia,Cereal,Offline,H,2012-06-11,SYN001578,2012-06-10,2247,188.57,121.48,423716.79,235160.17,184687.77
Sub-Saharan Africa,Zambia,Snacks,Online,L,2011-01-05,SYN001579,2011-01-04,3973,150.84,95.53,599287.3200000001,388989.22,222967.23
Europe,France,Cosmetics,Online,H,2017-05-19,SYN001580,2017-05-30,1884,449.19,255.38,846273.96,472352.63,304035.59
Australia and Oceania,Fiji,Clothes,Offline,C,2010-07-03,SYN001581,2010-08-04,8960,106.74,39.09,956390.3999999999,334925.01,719689.45
Sub-Saharan Africa,Djibouti,Snacks,Online,M,2017-02-21,SYN001582,2017-03-02,7704,145.46,102.16,1120623.84,666982.24,423533.91
Middle East and North Africa,Iran,Cosmetics,Online,H,2016-11-12,SYN001583,2016-12-15,6443,431.13,265.88,2777770.59,1616243.78,1093422.77
Sub-Saharan Africa,Mozambique,Household,Offline,L,2012-02-07,SYN001584,2012-02-09,5803,640.74,519.06,3718214.22,2597389.33,891046.12
Europe,Switzerland,Personal Care,Online,M,2010-12-18,SYN001585,2011-01-31,272,79.58,59.05,21645.76,15366.26,7476.9
Sub-Saharan Africa,Sao Tome and Principe,Fruits,Online,C,2014-06-19,SYN001586,2014-07-08,8637,9.32,7.11,80496.84,57433.97,20070.03
Europe,Austria,Cosmetics,Offline,H,2015-02-16,SYN001587,2015-03-05,2761,413.87,256.72,1142695.07,746254.82,471189.1
Sub-Saharan Africa,Mozambique,Household,Offline,L,2012-02-15,SYN001588,2012-02-12,5347,671.39,533.4,3589922.33,2633473.8,899320.0
Sub-Saharan Africa,Rwanda,Cosmetics,Offline,H,2013-10-13,SYN001589,2013-11-30,4573,460.54,241.95,2106049.42,1113713.19,824705.6
Sub-Saharan Africa,Sao Tome and Principe,Fruits,Offline,H,2013-09-17,SYN001590,2013-10-26,7924,9.43,7.03,74723.31999999999,55396.47,20365.64
Sub-Saharan Africa,Democratic Republic of the Congo,Beverages,Online,C,2011-05-30,SYN001591,2011-07-16,6256,46.62,31.18,291654.72,172555.36,91018.77
Europe,Moldova,Personal Care,Online,L,2016-05-02,SYN001592,2016-05-16,5184,85.63,60.8,443905.92,281982.13,133513.77
Australia and Oceania,Tuvalu,Baby Food,Offline,H,2010-05-25,SYN001593,2010-06-21,10461,250.25,158.61,2617865.25,1554363.61,900453.18
Sub-Saharan Africa,Mauritania,Office Supplies,Offline,C,2012-01-15,SYN001594,2012-01-10,1158,628.83,526.6,728185.14,679116.76,152261.2
Europe,France,Cosmetics,Online,H,2017-05-22,SYN001595,2017-06-12,1920,448.11,266.33,860371.2000000001,434350.56,314878.18
Australia and Oceania,Australia,Cereal,Offline,H,2013-06-06,SYN001596,2013-07-03,714,204.12,117.36,145741.68,84388.8,57748.23
Sub-Saharan Africa,Lesotho,Fruits,Online,L,2013-08-13,SYN001597,2013-09-20,10010,9.27,7.18,92792.7,61280.47,22761.52
Middle East and North Africa,Libya,Clothes,Offline,H,2010-10-27,SYN001598,2010-11-23,6300,110.25,37.14,694575.0,215228.79,464305.76
Central America and the Caribbean,Honduras,Snacks,Online,L,2016-07-04,SYN001599,2016-07-19,2199,155.69,98.82,342362.31,221286.0,121876.69
Australia and Oceania,Kiribati,Fruits,Online,M,2014-10-11,SYN001600,2014-11-07,5177,10.01,7.3,51821.77,34255.73,13736.3
Sub-Saharan Africa,Sierra Leone,Office Supplies,Offline,H,2016-12-10,SYN001601,2016-12-20,930,644.76,488.24,599626.8,494805.62,117392.0
Central America and the Caribbean,Honduras,Household,Offline,H,2017-02-11,SYN001602,2017-02-06,8602,716.82,461.05,6166085.640000001,4256066.94,1513084.04
Sub-Saharan Africa,Cote d'Ivoire,Clothes,Online,C,2012-06-05,SYN001603,2012-06-25,3344,119.92,36.48,401012.48,123044.82,261612.67
Australia and Oceania,Samoa,Cosmetics,Online,H,2013-07-24,SYN001604,2013-08-14,9396,438.39,240.07,4119112.44,2795782.43,1810078.65
Europe,Moldova,Personal Care,Online,L,2016-05-05,SYN001605,2016-05-09,4920,76.79,54.76,377806.80000000005,290773.63,121561.07
Sub-Saharan Africa,Mozambique,Household,Offline,L,2012-02-17,SYN001606,2012-02-10,5847,680.89,542.0,3981163.83,2810749.67,836042.46
Middle East and North Africa,Iran,Cosmetics,Online,H,2016-11-09,SYN001607,2016-12-04,6240,423.33,285.13,2641579.1999999997,1750677.35,1175898.74
Sub-Saharan Africa,Comoros,Cereal,Offline,H,2016-04-03,SYN001608,2016-05-03,892,212.22,113.85,189300.24,113280.61,83049.79
Australia and Oceania,Australia,Cereal,Offline,H,2013-06-09,SYN001609,2013-06-27,707,206.58,117.41,146052.06,82985.86,62055.65
Sub-Saharan Africa,The Gambia,Baby Food,Offline,M,2014-02-09,SYN001610,2014-03-18,6136,223.55,156.05,1371702.8,852866.1,535044.35
Sub-Saharan Africa,Sao Tome and Principe,Fruits,Offline,H,2013-09-23,SYN001611,2013-10-23,7479,9.39,6.74,70227.81,53014.99,18643.09
Middle East and North Africa,Saudi Arabia,Cereal,Online,M,2013-03-23,SYN001612,2013-03-30,3964,206.1,114.66,816980.4,452057.88,345201.88
Central America and the Caribbean,Honduras,Household,Offline,H,2017-02-02,SYN001613,2017-02-14,8731,616.62,491.62,5383709.22,4455744.55,1366405.04
Europe,Austria,Cosmetics,Offline,H,2015-02-18,SYN001614,2015-02-24,2511,442.71,260.33,1111644.81,785280.38,494936.47
Central America and the Caribbean,Grenada,Cereal,Online,C,2012-08-27,SYN001615,2012-09-16,2751,198.28,122.74,545468.28,321097.08,264530.17
Europe,Slovenia,Beverages,Offline,C,2016-10-22,SYN001616,2016-11-28,4968,47.42,28.36,235582.56,156062.22,71195.74
Europe,San Marino,Baby Food,Online,L,2013-06-22,SYN001617,2013-06-30,4629,247.84,173.98,1147251.36,849568.0,425947.0
Middle East and North Africa,Lebanon,Clothes,Online,L,2012-09-22,SYN001618,2012-10-02,7462,111.22,39.91,829923.64,295661.35,591142.91
Sub-Saharan Africa,Sierra Leone,Office Supplies,Offline,M,2011-11-19,SYN001619,2012-01-10,3505,653.17,517.82,2289360.8499999996,1716627.22,442770.4
Sub-Saharan Africa,The Gambia,Meat,Online,M,2017-01-16,SYN001620,2017-01-18,4635,423.13,368.47,1961207.55,1821606.62,271111.65
Asia,Brunei,Office Supplies,Online,L,2012-03-29,SYN001621,2012-05-09,6813,649.77,486.96,4426883.01,3336590.81,801285.0
Europe,Bulgaria,Clothes,Online,M,2012-04-24,SYN001622,2012-06-06,1757,121.16,35.53,212878.12,57530.11,120949.88
Sub-Saharan Africa,Sao Tome and Principe,Beverages,Offline,C,2011-01-14,SYN001623,2011-01-14,9034,46.52,30.9,420261.68000000005,279971.48,135967.8
Asia,Turkmenistan,Household,Offline,L,2010-12-23,SYN001624,2011-01-14,3852,722.36,542.68,2782530.72,1937305.07,592739.68
Europe,Slovakia,Vegetables,Online,H,2012-10-11,SYN001625,2012-11-08,168,150.67,95.03,25312.559999999998,16266.65,11704.34
Europe,Austria,Cosmetics,Offline,H,2015-03-01,SYN001626,2015-02-26,2489,446.13,264.19,1110417.57,815174.79,504250.11
Sub-Saharan Africa,South Sudan,Personal Care,Offline,C,2013-12-27,SYN001627,2014-02-04,1955,84.6,57.97,165393.0,123423.77,52287.29
North America,Mexico,Personal Care,Offline,L,2012-02-19,SYN001628,2012-03-20,6049,81.68,56.45,494082.32000000007,368220.58,152406.04
Asia,Myanmar,Household,Offline,H,2015-01-17,SYN001629,2015-02-24,8331,655.75,485.32,5463053.25,4248172.0,1418432.84
Europe,Austria,Cosmetics,Offline,H,2015-02-22,SYN001630,2015-02-23,2859,422.48,276.78,1207870.32,781279.5,446149.84
Central America and the Caribbean,Honduras,Household,Offline,H,2017-02-01,SYN001631,2017-02-07,8988,726.15,529.45,6526636.2,4460917.63,1618989.73
Sub-Saharan Africa,The Gambia,Cereal,Offline,H,2012-06-11,SYN001632,2012-06-04,2380,208.18,127.3,495468.4,239398.83,198040.64
Europe,Bulgaria,Office Supplies,Online,M,2012-02-17,SYN001633,2012-02-22,3964,666.44,559.1,2641768.16,2251523.85,474489.78
Central America and the Caribbean,Haiti,Cosmetics,Offline,H,2013-10-18,SYN001634,2013-11-13,1655,449.91,291.31,744601.05,457982.2,308131.52
Sub-Saharan Africa,Cape Verde,Clothes,Offline,H,2014-07-27,SYN001635,2014-08-20,3904,107.99,33.02,421592.95999999996,145538.53,309763.45
Europe,Monaco,Baby Food,Offline,H,2012-05-26,SYN001636,2012-06-06,8740,258.51,170.2,2259377.4,1307417.06,818219.89
Sub-Saharan Africa,Burkina Faso,Vegetables,Online,H,2012-07-13,SYN001637,2012-08-03,8695,146.26,90.15,1271730.7,741341.77,519218.36
Asia,Mongolia,Personal Care,Offline,C,2014-02-22,SYN001638,2014-02-18,4704,81.92,56.44,385351.68,262423.73,119109.23
Australia and Oceania,Fiji,Clothes,Offline,C,2010-06-25,SYN001639,2010-07-27,9665,105.51,37.77,1019754.15,346772.78,733860.13
Sub-Saharan Africa,Djibouti,Cosmetics,Offline,H,2014-04-04,SYN001640,2014-04-26,6931,417.89,275.16,2896395.59,1941498.1,1203080.5
Middle East and North Africa,Kuwait,Fruits,Online,M,2012-04-25,SYN001641,2012-05-18,531,10.43,6.44,5538.33,3732.2,1204.56
Sub-Saharan Africa,Sierra Leone,Office Supplies,Offline,H,2016-12-12,SYN001642,2016-12-16,944,626.28,535.71,591208.32,495894.34,117893.0
Sub-Saharan Africa,Sao Tome and Principe,Fruits,Online,C,2014-06-21,SYN001643,2014-07-04,8091,10.08,6.62,81557.28,55184.97,18053.8
Europe,Russia,Office Supplies,Offline,L,2014-04-26,SYN001644,2014-05-02,1869,650.61,534.45,1215990.09,990505.22,217291.61
Europe,Bulgaria,Office Supplies,Online,M,2012-02-10,SYN001645,2012-03-02,4037,642.13,540.34,2592278.81,2226404.94,529442.33
North America,Mexico,Personal Care,Offline,M,2015-07-29,SYN001646,2015-08-04,6085,81.29,57.23,494649.65,320357.25,152891.58
Australia and Oceania,Australia,Office Supplies,Online,C,2015-10-31,SYN001647,2015-11-24,3234,591.43,493.24,1912684.6199999999,1567259.93,389527.0
Sub-Saharan Africa,The Gambia,Household,Offline,L,2012-05-26,SYN001648,2012-06-12,2545,640.58,528.09,1630276.1,1102823.49,378230.31
Australia and Oceania,Federated States of Micronesia,Beverages,Online,C,2014-10-29,SYN001649,2014-11-16,9631,46.78,31.56,450538.18,288992.82,146410.89
Europe,Switzerland,Personal Care,Online,M,2010-12-18,SYN001650,2011-01-30,278,76.01,58.33,21130.780000000002,14411.68,7066.5
Middle East and North Africa,Lebanon,Clothes,Online,L,2012-09-23,SYN001651,2012-10-01,7604,107.64,34.45,818494.56,321384.17,566077.1
North America,Mexico,Household,Offline,C,2014-11-05,SYN001652,2014-12-14,7130,669.3,522.37,4772109.0,3473409.67,1200649.1
Sub-Saharan Africa,The Gambia,Household,Offline,L,2012-05-23,SYN001653,2012-06-07,2296,672.22,487.77,1543417.12,1227249.12,359623.63
Sub-Saharan Africa,Rwanda,Cosmetics,Offline,H,2013-10-09,SYN001654,2013-11-25,4267,452.24,256.6,1929708.08,1195710.15,795268.51
Europe,Spain,Household,Offline,L,2012-10-27,SYN001655,2012-12-05,4310,676.13,472.31,2914120.3,2335230.66,711369.25
Central America and the Caribbean,Nicaragua,Beverages,Offline,C,2011-02-08,SYN001656,2011-03-28,8363,48.7,30.45,407278.10000000003,244157.68,137289.86
Sub-Saharan Africa,Mali,Clothes,Online,M,2011-07-30,SYN001657,2011-09-10,942,107.95,33.68,101688.90000000001,31923.95,62970.28
Australia and Oceania,Australia,Office Supplies,Online,C,2015-10-25,SYN001658,2015-11-22,2955,636.06,527.36,1879557.2999999998,1733668.35,411032.0
Sub-Saharan Africa,Mozambique,Household,Offline,L,2012-02-05,SYN001659,2012-02-10,5557,613.03,462.25,3406607.71,2677323.89,920957.13
Europe,Norway,Beverages,Offline,C,2014-07-25,SYN001660,2014-07-30,4983,46.99,35.3,234151.17,173923.24,79515.19
Middle East and North Africa,Azerbaijan,Cosmetics,Online,M,2010-02-09,SYN001661,2010-02-18,7194,459.31,254.2,3304276.14,1709226.34,1221871.84
Europe,Switzerland,Personal Care,Online,M,2010-12-23,SYN001662,2011-02-02,269,78.09,50.09,21006.21,15503.18,6868.3
Europe,Slovenia,Beverages,Offline,C,2016-10-20,SYN001663,2016-11-28,4272,42.41,33.85,181175.52,149205.35,70381.16
Sub-Saharan Africa,South Sudan,Personal Care,Offline,C,2013-12-22,SYN001664,2014-01-22,2003,78.45,61.02,157135.35,125034.66,57411.75
Europe,United Kingdom,Household,Online,L,2012-01-09,SYN001665,2012-02-15,263,728.14,520.53,191500.82,138509.04,47398.37
Australia and Oceania,New Zealand,Fruits,Online,H,2014-09-04,SYN001666,2014-10-10,2227,9.49,7.09,21134.23,14160.78,5436.14
Sub-Saharan Africa,Mauritania,Office Supplies,Offline,C,2012-01-15,SYN001667,2012-01-15,1175,641.98,510.95,754326.5,671514.76,167664.28
Sub-Saharan Africa,The Gambia,Cereal,Offline,H,2012-06-08,SYN001668,2012-06-03,2245,211.5,117.32,474817.5,249316.69,185526.12
Sub-Saharan Africa,Rwanda,Office Supplies,Offline,L,2013-02-01,SYN001669,2013-02-05,5311,648.71,542.49,3445298.81,2454853.07,644219.7
Sub-Saharan Africa,Djibouti,Cosmetics,Offline,H,2014-04-12,SYN001670,2014-04-26,6604,463.9,261.75,3063595.5999999996,1878057.99,1367733.94
Australia and Oceania,Fiji,Clothes,Offline,C,2010-06-28,SYN001671,2010-07-25,9507,111.71,36.06,1062026.97,339994.26,769258.73
Europe,France,Cosmetics,Online,H,2017-05-24,SYN001672,2017-06-01,1907,441.13,264.29,841234.91,492489.54,325837.61
Sub-Saharan Africa,Republic of the Congo,Personal Care,Offline,M,2015-07-14,SYN001673,2015-08-20,6266,87.94,52.85,551032.04,332018.18,145352.97
Sub-Saharan Africa,Kenya,Vegetables,Online,L,2012-03-12,SYN001674,2012-04-11,6583,151.81,90.61,999365.23,602535.14,410175.18
Sub-Saharan Africa,Gabon,Personal Care,Offline,L,2012-07-12,SYN001675,2012-07-12,8493,80.05,57.41,679864.65,470623.17,216100.44
Asia,Turkmenistan,Office Supplies,Online,M,2013-04-22,SYN001676,2013-05-22,4943,633.93,509.26,3133515.9899999998,2649020.32,631832.01
Central America and the Caribbean,Costa Rica,Personal Care,Offline,L,2017-05-04,SYN001677,2017-05-15,5795,85.77,56.0,497037.14999999997,365862.55,158882.64
Sub-Saharan Africa,Sao Tome and Principe,Fruits,Offline,H,2013-09-10,SYN001678,2013-10-25,7359,9.21,7.08,67776.39,49598.18,17347.76
Europe,San Marino,Baby Food,Online,L,2013-06-30,SYN001679,2013-07-05,4711,220.78,167.56,1040094.58,773679.0,486027.0
Europe,Slovakia,Vegetables,Online,H,2012-10-10,SYN001680,2012-11-17,174,149.0,98.39,25926.0,15538.75,9805.68
Australia and Oceania,Tuvalu,Baby Food,Offline,H,2010-05-24,SYN001681,2010-06-29,9458,243.49,164.6,2302928.42,1679299.44,940900.16
Sub-Saharan Africa,The Gambia,Meat,Online,M,2017-01-20,SYN001682,2017-01-28,4481,410.68,367.89,1840257.08,1758869.1,278952.57
North America,Mexico,Personal Care,Offline,M,2015-08-04,SYN001683,2015-08-07,5534,79.4,51.48,439399.60000000003,319562.36,154502.72
Europe,Austria,Cosmetics,Offline,H,2015-02-27,SYN001684,2015-03-03,2659,474.33,250.68,1261243.47,772074.49,445472.55
Europe,Slovenia,Beverages,Offline,C,2016-10-20,SYN001685,2016-11-19,4651,48.62,31.2,226131.62,157205.93,74165.85
Sub-Saharan Africa,Rwanda,Office Supplies,Offline,L,2013-01-26,SYN001686,2013-02-04,5616,692.57,582.58,3889473.12,2449224.18,568529.65
Europe,Macedonia,Clothes,Offline,C,2014-10-17,SYN001687,2014-11-13,7231,103.8,33.38,750577.7999999999,268216.43,607479.85
Europe,Macedonia,Clothes,Offline,C,2014-10-19,SYN001688,2014-11-17,7499,106.42,36.58,798043.58,270585.94,582636.14
Europe,Slovenia,Beverages,Offline,C,2016-10-28,SYN001689,2016-11-28,4693,44.04,31.22,206679.72,131108.42,73074.02
North America,Mexico,Personal Care,Offline,M,2015-07-26,SYN001690,2015-08-05,5347,89.01,52.9,475936.47000000003,323150.7,149775.28
Sub-Saharan Africa,Cameroon,Office Supplies,Online,M,2011-11-06,SYN001691,2011-11-16,5924,649.66,510.51,3848585.84,3055654.28,702911.16
Australia and Oceania,Tuvalu,Baby Food,Offline,H,2010-05-31,SYN001692,2010-06-26,10223,235.18,140.45,2404245.14,1615029.41,852964.61
Middle East and North Africa,Lebanon,Clothes,Online,L,2012-09-15,SYN001693,2012-10-11,7538,108.04,36.35,814405.52,275102.2,560468.27
Sub-Saharan Africa,Cameroon,Office Supplies,Online,M,2011-11-02,SYN001694,2011-11-14,5708,641.86,579.16,3663736.88,2878842.24,709544.35
Sub-Saharan Africa,Sao Tome and Principe,Beverages,Offline,C,2011-01-22,SYN001695,2011-01-20,8702,46.22,32.02,402206.44,294785.61,148202.46
Europe,Albania,Clothes,Online,C,2010-02-06,SYN001696,2010-03-25,2264,104.06,32.72,235591.84,87214.36,176883.43
North America,Mexico,Personal Care,Offline,M,2015-08-05,SYN001697,2015-08-10,5999,82.38,52.58,494197.62,319271.45,133274.95
Middle East and North Africa,Azerbaijan,Office Supplies,Online,M,2012-06-15,SYN001698,2012-07-21,2106,640.93,499.96,1349798.5799999998,1069009.23,259783.57
Australia and Oceania,Australia,Cereal,Offline,H,2013-06-10,SYN001699,2013-06-30,659,222.5,119.31,146627.5,79352.88,62184.11
Asia,Brunei,Office Supplies,Online,L,2012-03-31,SYN001700,2012-05-14,6774,716.59,516.73,4854180.66,3436428.01,823634.0
Middle East and North Africa,Pakistan,Cosmetics,Offline,L,2013-07-08,SYN001701,2013-08-21,9673,429.61,263.19,4155617.5300000003,2733570.6,1849478.55
Europe,Portugal,Baby Food,Online,H,2015-07-29,SYN001702,2015-08-27,1165,239.64,158.99,279180.6,181531.28,122592.08
Sub-Saharan Africa,Sao Tome and Principe,Fruits,Offline,H,2013-09-17,SYN001703,2013-10-24,7689,9.45,7.1,72661.04999999999,52516.58,16578.81
Europe,Bulgaria,Office Supplies,Online,M,2012-02-10,SYN001704,2012-03-02,4023,607.42,572.08,2443650.6599999997,2046489.46,496183.43
Sub-Saharan Africa,The Gambia,Household,Offline,L,2012-05-24,SYN001705,2012-06-05,2298,666.86,474.86,1532444.28,1168181.15,390229.99
Europe,Macedonia,Clothes,Offline,C,2014-10-07,SYN001706,2014-11-16,8406,109.43,36.62,919868.5800000001,263145.99,552632.59
Europe,Slovakia,Vegetables,Online,H,2012-10-01,SYN001707,2012-11-05,180,162.29,85.92,29212.199999999997,16351.09,10807.13
Middle East and North Africa,Libya,Clothes,Offline,H,2010-11-06,SYN001708,2010-11-11,6107,114.65,34.09,700167.55,227059.74,399975.32
Sub-Saharan Africa,Mozambique,Household,Offline,L,2012-02-04,SYN001709,2012-02-10,5378,709.88,517.2,3817734.64,2827145.62,902334.99
Asia,Laos,Vegetables,Offline,C,2011-09-08,SYN001710,2011-10-19,3767,148.94,89.26,561056.98,337203.38,229382.07
Sub-Saharan Africa,Zambia,Snacks,Online,L,2010-12-30,SYN001711,2010-12-29,4202,145.03,89.63,609416.06,396764.66,218500.21
Sub-Saharan Africa,Zambia,Snacks,Online,L,2011-01-05,SYN001712,2011-01-12,3985,159.32,92.96,634890.2,375972.98,222064.51
Sub-Saharan Africa,Sao Tome and Principe,Beverages,Offline,C,2011-01-15,SYN001713,2011-01-24,9715,48.73,30.68,473411.94999999995,290193.75,126319.23
Sub-Saharan Africa,Cote d'Ivoire,Clothes,Online,C,2012-06-03,SYN001714,2012-06-24,3287,104.68,35.47,344083.16000000003,120696.72,257103.1
Europe,Albania,Clothes,Online,C,2010-02-02,SYN001715,2010-03-15,2299,103.11,34.46,237049.88999999998,77971.05,160471.86
Europe,Lithuania,Office Supplies,Offline,H,2010-10-17,SYN001716,2010-11-12,8566,686.28,494.62,5878674.4799999995,4299291.48,912645.65
Europe,San Marino,Baby Food,Online,L,2013-06-21,SYN001717,2013-07-08,4575,264.1,173.3,1208257.5,798907.0,490736.0
Central America and the Caribbean,Honduras,Household,Offline,H,2017-02-11,SYN001718,2017-02-07,9106,650.77,471.37,5925911.62,4394065.49,1479238.01
Australia and Oceania,Australia,Cereal,Offline,H,2013-06-15,SYN001719,2013-07-06,676,201.14,107.67,135970.63999999998,88344.36,62208.07
Middle East and North Africa,Syria,Fruits,Online,L,2011-11-26,SYN001720,2011-12-08,3498,9.28,7.09,32461.44,25493.16,9360.82
Europe,Bulgaria,Office Supplies,Online,M,2012-02-13,SYN001721,2012-02-27,3566,597.03,529.95,2129008.98,2263061.16,499339.66
Sub-Saharan Africa,Rwanda,Office Supplies,Offline,L,2013-02-03,SYN001722,2013-02-12,5074,646.41,491.76,3279884.34,2361547.07,664758.25
Sub-Saharan Africa,Djibouti,Snacks,Online,M,2017-02-23,SYN001723,2017-03-02,7216,148.51,97.43,1071648.16,750381.12,368122.65
Sub-Saharan Africa,Djibouti,Cosmetics,Offline,H,2014-04-01,SYN001724,2014-04-12,7027,421.82,242.8,2964129.14,1823026.68,1235701.37
Sub-Saharan Africa,Sierra Leone,Vegetables,Offline,C,2016-06-04,SYN001725,2016-07-03,1521,150.31,88.99,228621.51,135031.31,90417.04
Sub-Saharan Africa,The Gambia,Meat,Online,M,2017-01-10,SYN001726,2017-01-30,5067,402.7,373.09,2040480.9,1673391.18,288119.68
Europe,United Kingdom,Household,Online,L,2012-01-08,SYN001727,2012-02-11,283,701.38,545.74,198490.54,144586.3,48417.8
Asia,Turkmenistan,Office Supplies,Online,M,2013-04-30,SYN001728,2013-05-16,4563,660.35,533.13,3013177.0500000003,2562398.48,706423.16
Europe,Macedonia,Clothes,Offline,C,2014-10-21,SYN001729,2014-11-08,7825,112.72,33.65,882034.0,288001.23,551648.2
Sub-Saharan Africa,Sao Tome and Principe,Fruits,Offline,H,2013-09-10,SYN001730,2013-10-17,8070,9.58,6.23,77310.6,56988.63,17038.32
Sub-Saharan Africa,Cape Verde,Clothes,Offline,H,2014-07-31,SYN001731,2014-08-12,4204,108.46,32.76,455965.83999999997,147263.29,316520.82
Sub-Saharan Africa,The Gambia,Meat,Online,M,2017-01-11,SYN001732,2017-01-16,4690,447.81,360.14,2100228.9,1850046.99,269736.98
Australia and Oceania,Tuvalu,Baby Food,Offline,H,2010-05-21,SYN001733,2010-06-29,10453,249.58,164.41,2608859.74,1527196.13,932337.26
Australia and Oceania,Solomon Islands,Baby Food,Online,C,2015-01-30,SYN001734,2015-02-27,2823,258.2,155.28,728898.6,450864.06,308834.1
Australia and Oceania,Federated States of Micronesia,Beverages,Online,C,2014-11-03,SYN001735,2014-11-10,9455,48.81,33.1,461498.55000000005,287173.96,142815.97
Australia and Oceania,Australia,Cereal,Offline,H,2013-06-12,SYN001736,2013-06-26,636,208.08,110.2,132338.88,77135.6,60787.68
Middle East and North Africa,Pakistan,Cosmetics,Offline,L,2013-06-30,SYN001737,2013-08-09,10406,437.13,250.88,4548774.78,2727373.57,1842243.41
Sub-Saharan Africa,Mali,Clothes,Online,M,2011-07-27,SYN001738,2011-08-29,886,109.3,35.69,96839.8,33657.02,61167.73
Central America and the Caribbean,Honduras,Household,Offline,H,2017-02-02,SYN001739,2017-02-17,8136,658.42,488.82,5356905.12,4513087.54,1493359.67
Sub-Saharan Africa,Republic of the Congo,Personal Care,Offline,M,2015-07-16,SYN001740,2015-08-30,6077,84.01,54.73,510528.77,343691.02,149787.41
Sub-Saharan Africa,Kenya,Vegetables,Online,L,2012-03-12,SYN001741,2012-04-03,6552,145.35,83.95,952333.2,536761.44,410946.69
Asia,Bangladesh,Clothes,Online,L,2017-01-20,SYN001742,2017-03-01,8604,105.82,34.76,910475.2799999999,297461.62,617604.17
Sub-Saharan Africa,Cote d'Ivoire,Clothes,Online,C,2012-06-02,SYN001743,2012-06-21,3487,108.92,34.71,379804.04,119642.0,258211.17
Australia and Oceania,Australia,Cereal,Offline,H,2013-06-13,SYN001744,2013-07-08,718,197.91,108.15,142099.38,81229.68,64439.16
Europe,Austria,Cosmetics,Offline,H,2015-02-24,SYN001745,2015-03-06,2677,445.6,264.79,1192871.2,796309.12,520969.28
Europe,Portugal,Baby Food,Online,H,2015-08-01,SYN001746,2015-08-28,1298,240.06,146.36,311597.88,199672.82,135646.6
Sub-Saharan Africa,Cameroon,Beverages,Offline,C,2015-04-07,SYN001747,2015-04-16,6136,49.17,34.71,301707.12,178055.39,77395.01
Europe,Romania,Cosmetics,Online,H,2010-12-02,SYN001748,2010-12-24,7660,391.97,259.08,3002490.2,2074049.39,1323495.82
Sub-Saharan Africa,Rwanda,Cosmetics,Offline,H,2013-10-06,SYN001749,2013-11-19,4137,430.78,268.02,1782136.8599999999,1160537.6,660797.59
Europe,Spain,Household,Offline,L,2012-10-22,SYN001750,2012-11-23,4582,667.83,502.23,3059997.06,2143590.92,768749.85
Europe,Romania,Cosmetics,Online,H,2010-12-03,SYN001751,2010-12-26,8064,480.05,255.69,3871123.2,2048643.96,1321595.95
Sub-Saharan Africa,South Sudan,Personal Care,Offline,C,2013-12-23,SYN001752,2014-02-01,2102,83.76,61.81,176063.52000000002,119173.5,54537.01
Europe,Macedonia,Clothes,Offline,C,2014-10-21,SYN001753,2014-11-12,7943,102.68,34.08,815587.2400000001,297113.77,598730.73
Central America and the Caribbean,Belize,Clothes,Offline,M,2016-08-01,SYN001754,2016-09-05,5067,113.13,36.35,573229.71,207463.0,403124.98
Middle East and North Africa,Libya,Fruits,Online,L,2015-08-18,SYN001755,2015-10-02,685,8.69,6.43,5952.65,4809.23,1655.86
Sub-Saharan Africa,Madagascar,Clothes,Offline,L,2015-04-24,SYN001756,2015-06-04,7285,114.4,35.6,833404.0,246821.76,526437.97
Europe,Bulgaria,Office Supplies,Online,M,2012-02-12,SYN001757,2012-03-01,3819,605.54,552.18,2312557.26,2037275.83,517340.09
Middle East and North Africa,Kuwait,Fruits,Online,M,2012-04-24,SYN001758,2012-05-13,494,10.21,6.62,5043.740000000001,3964.47,1297.12
Asia,Laos,Vegetables,Offline,C,2011-09-14,SYN001759,2011-10-29,4148,147.74,82.75,612825.52,326580.38,235480.21
Sub-Saharan Africa,Mozambique,Household,Offline,L,2012-02-08,SYN001760,2012-02-19,5612,689.43,469.6,3869081.1599999997,2682340.39,780067.89
Middle East and North Africa,Syria,Fruits,Online,L,2011-11-20,SYN001761,2011-12-04,3471,10.01,6.91,34744.71,27243.0,9167.04
Europe,Switzerland,Personal Care,Online,M,2010-12-16,SYN001762,2011-01-24,281,80.26,61.33,22553.06,14980.28,6496.19
Australia and Oceania,Tuvalu,Baby Food,Offline,H,2010-05-23,SYN001763,2010-06-24,10004,255.38,169.75,2554821.52,1646738.0,918331.62
Central America and the Caribbean,Nicaragua,Beverages,Offline,C,2011-02-11,SYN001764,2011-03-25,8252,47.41,33.6,391227.31999999995,268011.63,128462.02
Australia and Oceania,Kiribati,Fruits,Online,M,2014-10-16,SYN001765,2014-11-17,5385,9.36,7.3,50403.6,38410.89,12802.74
Sub-Saharan Africa,Cameroon,Beverages,Offline,C,2015-03-27,SYN001766,2015-04-12,5685,46.62,32.62,265034.7,182905.51,95784.63
Sub-Saharan Africa,Cameroon,Office Supplies,Online,M,2011-11-11,SYN001767,2011-11-15,5035,661.82,556.18,3332263.7,2532448.51,705222.38
North America,Mexico,Personal Care,Offline,L,2012-02-12,SYN001768,2012-03-17,6698,75.96,59.5,508780.07999999996,341694.67,140046.76
Asia,Myanmar,Household,Offline,H,2015-01-22,SYN001769,2015-02-24,7266,697.13,498.12,5065346.58,4418459.0,1402475.38
Australia and Oceania,Solomon Islands,Baby Food,Online,C,2015-01-30,SYN001770,2015-02-28,3330,272.26,181.37,906625.7999999999,431687.72,286235.57
Sub-Saharan Africa,Kenya,Vegetables,Online,L,2012-03-16,SYN001771,2012-04-13,6537,159.17,92.09,1040494.2899999999,603165.7,404214.63
Sub-Saharan Africa,Mali,Clothes,Online,M,2011-07-24,SYN001772,2011-08-30,943,96.72,35.32,91206.95999999999,30223.88,70704.23
Europe,Spain,Household,Offline,L,2012-10-15,SYN001773,2012-12-01,4620,630.07,483.85,2910923.4000000004,2375064.3,777525.46
Middle East and North Africa,Libya,Clothes,Offline,H,2010-10-25,SYN001774,2010-11-20,6076,103.66,35.86,629838.16,232108.29,427823.82
Australia and Oceania,Australia,Office Supplies,Online,C,2015-10-25,SYN001775,2015-11-21,3071,624.37,497.44,1917440.27,1538804.14,373638.0
Middle East and North Africa,Lebanon,Clothes,Online,L,2012-09-12,SYN001776,2012-10-10,7953,107.67,32.54,856299.51,263139.28,570459.03
North America,Mexico,Personal Care,Offline,L,2012-02-21,SYN001777,2012-03-16,6101,77.46,54.34,472583.45999999996,372158.8,170260.75
Sub-Saharan Africa,Comoros,Cereal,Offline,H,2016-04-03,SYN001778,2016-04-28,982,215.79,127.56,211905.78,115877.5,82675.17
North America,Mexico,Personal Care,Offline,M,2015-07-24,SYN001779,2015-08-05,5749,84.85,52.92,487802.64999999997,336712.64,144160.8
Sub-Saharan Africa,Mozambique,Household,Offline,L,2012-02-17,SYN001780,2012-02-14,4964,670.37,518.28,3327716.68,2739483.63,891361.81
Middle East and North Africa,Libya,Fruits,Online,L,2015-08-12,SYN001781,2015-09-23,724,8.41,6.72,6088.84,4799.55,1516.35
Middle East and North Africa,Lebanon,Clothes,Online,L,2012-09-16,SYN001782,2012-10-04,8244,111.69,38.14,920772.36,299714.56,562935.72
Europe,Albania,Clothes,Online,C,2010-01-26,SYN001783,2010-03-23,2340,111.29,37.84,260418.6,71885.69,171537.23
Sub-Saharan Africa,Sierra Leone,Office Supplies,Offline,M,2011-11-27,SYN001784,2012-01-04,3218,613.81,513.04,1975240.5799999998,1715535.73,463660.11
Sub-Saharan Africa,Mozambique,Household,Offline,L,2012-02-15,SYN001785,2012-02-10,4993,640.43,495.84,3197666.9899999998,2588319.0,841059.35
Asia,Myanmar,Household,Offline,H,2015-01-09,SYN001786,2015-03-05,8083,652.33,498.61,5272783.390000001,4205477.0,1367029.54
Sub-Saharan Africa,Djibouti,Snacks,Online,M,2017-03-01,SYN001787,2017-02-19,7382,155.33,85.3,1146646.06,728758.51,420580.08
Sub-Saharan Africa,The Gambia,Cereal,Offline,H,2012-06-10,SYN001788,2012-06-07,2249,196.2,111.44,441253.8,235990.42,188407.53
Australia and Oceania,Tuvalu,Baby Food,Offline,H,2010-06-02,SYN001789,2010-06-30,9767,235.35,165.64,2298663.4499999997,1639494.52,911066.5
Sub-Saharan Africa,Djibouti,Snacks,Online,M,2017-02-21,SYN001790,2017-02-28,7064,148.71,93.95,1050487.44,648881.85,372868.06
Sub-Saharan Africa,Mozambique,Household,Offline,L,2012-02-14,SYN001791,2012-02-10,5244,675.31,450.99,3541325.6399999997,2808658.73,871908.53
Australia and Oceania,Australia,Office Supplies,Online,C,2015-10-25,SYN001792,2015-12-02,3123,582.91,533.8,1820427.93,1526162.61,367112.0
Central America and the Caribbean,Belize,Clothes,Offline,M,2016-07-28,SYN001793,2016-09-01,5627,109.81,35.46,617900.87,192393.24,386422.88
Europe,Portugal,Baby Food,Online,H,2015-07-31,SYN001794,2015-08-30,1264,250.68,163.36,316859.52,189389.1,129219.43
Sub-Saharan Africa,Democratic Republic of the Congo,Beverages,Online,C,2011-05-28,SYN001795,2011-07-17,5728,48.15,30.43,275803.2,186438.56,92592.79
Sub-Saharan Africa,Senegal,Cereal,Online,H,2014-04-17,SYN001796,2014-05-27,6631,204.63,122.35,1356901.53,784551.15,603650.98
Middle East and North Africa,Kuwait,Fruits,Online,M,2012-05-03,SYN001797,2012-05-11,488,10.3,6.81,5026.400000000001,3604.77,1168.86
Asia,Myanmar,Household,Offline,H,2015-01-09,SYN001798,2015-02-22,8434,663.27,498.3,5594019.18,3967905.0,1327833.68
Asia,Laos,Vegetables,Offline,C,2011-09-10,SYN001799,2011-10-21,3601,151.91,86.26,547027.91,344048.44,244016.49
Central America and the Caribbean,Honduras,Snacks,Online,L,2016-07-07,SYN001800,2016-07-25,2219,152.1,93.67,337509.89999999997,231137.0,128157.3
Sub-Saharan Africa,The Gambia,Household,Offline,L,2012-05-28,SYN001801,2012-06-10,2208,669.45,510.8,1478145.6,1271113.8,392332.94
Europe,France,Cosmetics,Online,H,2017-05-29,SYN001802,2017-05-29,1641,448.39,249.83,735807.99,516013.14,305460.79
Middle East and North Africa,Iran,Cosmetics,Online,H,2016-11-16,SYN001803,2016-12-13,6510,477.92,272.27,3111259.2,1720666.71,1088581.42
Europe,Moldova,Personal Care,Online,L,2016-05-07,SYN001804,2016-05-17,4885,80.18,48.69,391679.30000000005,275345.63,134818.78
Sub-Saharan Africa,Madagascar,Clothes,Offline,L,2015-04-28,SYN001805,2015-05-28,7471,110.57,37.48,826068.47,283831.75,549989.96
North America,Mexico,Household,Offline,C,2014-11-08,SYN001806,2014-12-10,7248,668.94,529.31,4848477.12,3214112.53,1153803.36
Asia,Myanmar,Clothes,Online,H,2015-11-12,SYN001807,2015-11-12,5461,107.59,34.44,587548.99,202135.52,432687.89
North America,Mexico,Personal Care,Offline,M,2015-08-04,SYN001808,2015-08-01,6130,83.33,56.15,510812.89999999997,327929.2,149584.15
Sub-Saharan Africa,Sierra Leone,Office Supplies,Offline,M,2011-11-24,SYN001809,2012-01-02,3491,659.44,477.33,2302105.04,1724783.35,449749.98
Europe,San Marino,Baby Food,Online,L,2013-07-02,SYN001810,2013-07-08,4589,237.93,165.28,1091860.77,655442.0,426111.0
Sub-Saharan Africa,The Gambia,Household,Offline,L,2012-05-30,SYN001811,2012-06-12,2389,621.41,537.96,1484548.49,1256296.04,375432.14
Europe,Romania,Cosmetics,Online,H,2010-12-02,SYN001812,2010-12-28,7867,430.51,254.01,3386822.17,2009109.48,1506497.82
Sub-Saharan Africa,Mali,Clothes,Online,M,2011-07-30,SYN001813,2011-09-10,932,113.19,35.15,105493.08,31718.37,68909.01
Europe,Spain,Household,Offline,L,2012-10-28,SYN001814,2012-12-07,4791,705.66,479.91,3380817.06,2442467.84,673241.66
Sub-Saharan Africa,Mauritania,Office Supplies,Offline,C,2012-01-16,SYN001815,2012-01-15,1280,682.0,536.06,872960.0,657792.16,167476.45
Central America and the Caribbean,Grenada,Cereal,Online,C,2012-08-25,SYN001816,2012-09-21,2915,200.03,113.18,583087.45,305453.21,241450.36
Europe,Moldova,Personal Care,Online,L,2016-05-09,SYN001817,2016-05-14,5427,81.4,57.38,441757.80000000005,292005.01,136440.26
Middle East and North Africa,Libya,Clothes,Offline,H,2010-10-29,SYN001818,2010-11-22,5962,95.17,33.34,567403.54,220648.65,462840.45
Europe,Albania,Clothes,Online,C,2010-01-28,SYN001819,2010-03-13,2391,114.62,37.54,274056.42,77060.28,165521.77
Sub-Saharan Africa,Sao Tome and Principe,Beverages,Offline,C,2011-01-15,SYN001820,2011-01-20,8730,44.14,34.46,385342.2,274617.97,129454.75
Australia and Oceania,Fiji,Clothes,Offline,C,2010-07-06,SYN001821,2010-08-05,10490,122.96,33.76,1289850.4,378064.26,720834.39
Middle East and North Africa,Azerbaijan,Office Supplies,Online,M,2012-06-16,SYN001822,2012-07-28,2027,667.12,575.11,1352252.24,1098724.86,256681.61
Sub-Saharan Africa,Mali,Fruits,Online,L,2010-05-04,SYN001823,2010-05-04,5862,9.89,6.86,57975.18,38680.25,13580.4
Europe,Slovenia,Beverages,Offline,C,2016-10-30,SYN001824,2016-11-20,4414,49.25,31.56,217389.5,169952.3,67706.7
Sub-Saharan Africa,Democratic Republic of the Congo,Beverages,Online,C,2011-05-19,SYN001825,2011-07-12,5605,45.48,33.22,254915.4,176321.22,94927.4
Sub-Saharan Africa,Mali,Clothes,Online,M,2011-07-21,SYN001826,2011-08-28,842,108.18,31.86,91087.56000000001,31904.5,69576.12
Australia and Oceania,East Timor,Meat,Online,L,2012-07-28,SYN001827,2012-09-06,5697,400.83,375.7,2283528.51,2180443.87,341874.88
Europe,Albania,Clothes,Online,C,2010-01-30,SYN001828,2010-03-19,2108,107.24,38.75,226061.91999999998,83962.84,170032.54
Middle East and North Africa,Iran,Cosmetics,Online,H,2016-11-14,SYN001829,2016-12-06,6244,435.2,277.65,2717388.8,1660180.54,1083290.86
Europe,Lithuania,Office Supplies,Offline,H,2010-10-28,SYN001830,2010-11-16,7930,661.58,499.61,5246329.4,4238301.26,988182.59
Sub-Saharan Africa,Cameroon,Office Supplies,Online,M,2011-11-07,SYN001831,2011-11-09,6330,574.77,490.19,3638294.1,2871035.29,696076.12
Australia and Oceania,Australia,Office Supplies,Online,C,2015-10-29,SYN001832,2015-11-23,3182,647.99,533.73,2061904.18,1497320.12,371303.0
Australia and Oceania,Australia,Office Supplies,Online,C,2015-10-24,SYN001833,2015-11-29,2734,592.81,506.98,1620742.5399999998,1559400.67,404396.0
Middle East and North Africa,Syria,Fruits,Online,L,2011-11-21,SYN001834,2011-12-05,3932,9.29,6.83,36528.28,26665.44,8947.89
Sub-Saharan Africa,Rwanda,Cosmetics,Offline,H,2013-10-04,SYN001835,2013-11-25,4401,440.23,252.99,1937452.23,1259273.91,753180.15
Middle East and North Africa,Iran,Cosmetics,Online,H,2016-11-16,SYN001836,2016-12-09,6382,443.17,271.17,2828310.94,1749124.4,1082358.61
Europe,France,Cosmetics,Online,H,2017-05-21,SYN001837,2017-06-02,1738,409.89,253.07,712388.82,496121.84,274492.42
Europe,Romania,Cosmetics,Online,H,2010-11-29,SYN001838,2010-12-30,7935,466.0,255.56,3697710.0,2192112.71,1355418.78
Middle East and North Africa,Saudi Arabia,Cereal,Online,M,2013-03-29,SYN001839,2013-03-21,3889,205.82,111.64,800433.98,425237.67,365248.37
Europe,Russia,Office Supplies,Offline,L,2014-05-01,SYN001840,2014-05-09,1626,677.78,497.26,1102070.28,962689.77,231494.41
Asia,Kyrgyzstan,Vegetables,Online,H,2011-06-29,SYN001841,2011-07-09,132,165.98,85.92,21909.359999999997,11573.09,8827.65
Australia and Oceania,Australia,Beverages,Offline,H,2014-07-12,SYN001842,2014-07-04,8313,43.91,31.41,365023.82999999996,330721.76,138369.04
Sub-Saharan Africa,Sao Tome and Principe,Fruits,Online,C,2014-06-20,SYN001843,2014-07-08,7799,9.06,6.04,70658.94,54121.15,19607.48
Sub-Saharan Africa,Mauritania,Office Supplies,Offline,C,2012-01-12,SYN001844,2012-01-11,1327,663.55,510.87,880530.85,662228.97,144063.72
Asia,Turkmenistan,Office Supplies,Online,M,2013-04-23,SYN001845,2013-05-21,5005,663.53,525.39,3320967.65,2858309.29,659282.24
Australia and Oceania,Fiji,Clothes,Offline,C,2010-07-01,SYN001846,2010-08-05,9738,111.99,30.84,1090558.6199999999,348562.54,745176.44
Europe,Romania,Cosmetics,Online,H,2010-11-30,SYN001847,2011-01-01,7448,397.28,257.76,2958941.44,2131457.69,1391198.87
Australia and Oceania,Australia,Cereal,Offline,H,2013-06-11,SYN001848,2013-06-27,698,198.15,124.36,138308.7,73750.76,56565.68
North America,Mexico,Household,Offline,C,2014-11-11,SYN001849,2014-12-05,7524,701.78,527.41,5280192.72,3411293.0,1217590.86
Asia,Laos,Vegetables,Offline,C,2011-09-13,SYN001850,2011-10-19,3671,159.69,87.13,586221.99,353443.86,234296.36
Europe,Bulgaria,Office Supplies,Online,M,2012-02-15,SYN001851,2012-02-22,3830,660.51,493.8,2529753.3,2216892.75,490729.63
Europe,Norway,Beverages,Offline,C,2014-07-12,SYN001852,2014-07-25,4929,43.32,31.22,213524.28,164149.53,73761.37
Asia,Laos,Vegetables,Offline,C,2011-09-15,SYN001853,2011-10-26,3906,150.72,84.23,588712.32,324155.6,248699.84
Asia,Sri Lanka,Cosmetics,Offline,M,2016-11-26,SYN001854,2016-12-18,6863,408.76,249.44,2805319.88,1879589.97,1202362.16
Sub-Saharan Africa,Niger,Personal Care,Online,H,2017-03-17,SYN001855,2017-03-28,2996,82.28,55.97,246510.88,169053.86,79988.26
Middle East and North Africa,Kuwait,Fruits,Online,M,2012-04-25,SYN001856,2012-05-18,518,9.65,6.88,4998.7,3563.76,1244.11
Australia and Oceania,Australia,Office Supplies,Online,C,2015-10-27,SYN001857,2015-11-23,2856,610.66,505.05,1744044.96,1634661.81,367487.0
Sub-Saharan Africa,Sierra Leone,Office Supplies,Offline,H,2016-12-07,SYN001858,2016-12-18,860,696.51,471.13,598998.6,522605.32,114271.0
Europe,Norway,Beverages,Offline,C,2014-07-23,SYN001859,2014-07-23,5065,47.15,30.47,238814.75,160918.73,72410.19
Europe,Iceland,Cosmetics,Online,C,2017-01-07,SYN001860,2017-01-01,9065,439.95,271.29,3988146.75,2308080.66,1622789.69
Asia,Myanmar,Household,Offline,H,2015-01-15,SYN001861,2015-03-07,7382,684.2,488.07,5050764.4,3862858.0,1304460.42
Europe,Lithuania,Office Supplies,Offline,H,2010-10-27,SYN001862,2010-11-24,8261,681.44,464.28,5629375.840000001,4488319.62,962465.37
Australia and Oceania,Federated States of Micronesia,Beverages,Online,C,2014-10-22,SYN001863,2014-11-12,10095,45.84,34.85,462754.80000000005,294203.47,140351.01
Asia,Sri Lanka,Cosmetics,Offline,M,2016-11-20,SYN001864,2016-12-13,6766,424.91,270.89,2874941.06,1970480.87,1184789.44
Asia,Turkmenistan,Household,Offline,L,2010-12-24,SYN001865,2011-01-27,4086,681.84,476.03,2785998.24,1828114.23,583286.7
Europe,Slovakia,Vegetables,Online,H,2012-10-02,SYN001866,2012-11-03,166,141.06,100.69,23415.96,14636.89,10947.9
Sub-Saharan Africa,Sao Tome and Principe,Fruits,Online,C,2014-06-20,SYN001867,2014-07-05,7958,8.71,7.43,69314.18000000001,55829.31,18402.05
Sub-Saharan Africa,Senegal,Cereal,Online,H,2014-04-20,SYN001868,2014-05-31,5960,219.45,123.15,1307922.0,729744.1,616865.13
Sub-Saharan Africa,Angola,Household,Offline,M,2011-04-18,SYN001869,2011-04-30,4104,687.42,483.91,2821171.6799999997,2085752.79,672778.51
Sub-Saharan Africa,Djibouti,Cosmetics,Offline,H,2014-04-09,SYN001870,2014-04-14,6891,459.09,255.19,3163589.19,2061575.96,1242965.46
Sub-Saharan Africa,Democratic Republic of the Congo,Beverages,Online,C,2011-05-23,SYN001871,2011-07-09,6567,46.66,31.2,306416.22,184161.32,87314.16
Asia,Brunei,Office Supplies,Online,L,2012-03-30,SYN001872,2012-05-15,7190,652.53,508.73,4691690.7,3583504.92,821232.0
Asia,Sri Lanka,Cosmetics,Offline,M,2016-11-26,SYN001873,2016-12-18,6984,440.59,283.68,3077080.56,1777721.33,1230214.9
Europe,Switzerland,Personal Care,Online,M,2010-12-16,SYN001874,2011-01-29,247,82.75,54.21,20439.25,14840.92,6756.54
Central America and the Caribbean,Honduras,Household,Offline,H,2017-02-15,SYN001875,2017-02-07,9106,661.73,493.54,6025713.38,4368135.85,1384793.64
Australia and Oceania,Samoa,Cosmetics,Online,H,2013-07-23,SYN001876,2013-08-01,9701,402.99,271.45,3909405.99,2428953.11,1675329.12
Europe,Bulgaria,Office Supplies,Online,M,2012-02-19,SYN001877,2012-02-25,3933,666.66,476.32,2621973.78,2164183.28,486934.45
Middle East and North Africa,Pakistan,Cosmetics,Offline,L,2013-07-03,SYN001878,2013-08-11,9350,460.2,259.07,4302870.0,2647710.15,1702953.72
North America,Mexico,Personal Care,Offline,M,2015-07-23,SYN001879,2015-08-11,5738,81.17,55.72,465753.46,316560.12,144457.21
Asia,Malaysia,Fruits,Offline,L,2011-11-11,SYN001880,2011-12-27,6463,9.43,6.9,60946.09,43777.74,15218.83
Sub-Saharan Africa,Lesotho,Fruits,Online,L,2013-08-21,SYN001881,2013-09-14,10096,9.65,6.68,97426.40000000001,64553.32,23165.53
Sub-Saharan Africa,Cape Verde,Clothes,Offline,H,2014-08-01,SYN001882,2014-08-25,4123,111.71,35.36,460580.32999999996,145484.52,292335.71
Sub-Saharan Africa,Djibouti,Snacks,Online,M,2017-02-25,SYN001883,2017-02-24,6684,171.21,92.51,1144367.6400000001,702964.45,390363.88
North America,Mexico,Personal Care,Offline,L,2012-02-17,SYN001884,2012-03-27,6520,81.09,55.33,528706.8,346296.88,161858.91
Europe,Macedonia,Clothes,Offline,C,2014-10-09,SYN001885,2014-11-13,7286,108.13,31.39,787835.1799999999,274790.39,605527.68
Australia and Oceania,Kiribati,Fruits,Online,M,2014-10-18,SYN001886,2014-11-09,5708,9.14,6.9,52171.12,38989.98,13082.34
Europe,Spain,Household,Offline,L,2012-10-26,SYN001887,2012-11-26,4785,606.3,528.17,2901145.5,2275116.75,678311.23
Sub-Saharan Africa,Djibouti,Snacks,Online,M,2017-02-19,SYN001888,2017-03-02,7049,143.65,104.28,1012588.8500000001,698782.01,412969.04
Sub-Saharan Africa,Cameroon,Beverages,Offline,C,2015-04-01,SYN001889,2015-04-16,5065,46.55,34.53,235775.75,188520.8,86333.68
Europe,Iceland,Cosmetics,Online,C,2016-12-28,SYN001890,2017-01-05,7863,427.73,280.31,3363240.99,2241468.43,1507973.92
Europe,Austria,Cosmetics,Offline,H,2015-02-21,SYN001891,2015-02-26,2711,426.01,250.93,1154913.1099999999,810121.46,463459.28
Europe,Norway,Baby Food,Online,L,2014-05-14,SYN001892,2014-06-23,7495,270.57,164.49,2027922.15,1245625.0,699254.0
Sub-Saharan Africa,Sierra Leone,Office Supplies,Offline,H,2016-12-04,SYN001893,2016-12-19,912,633.81,536.52,578034.72,533559.39,122118.0
Europe,Norway,Beverages,Offline,C,2014-07-18,SYN001894,2014-07-25,5128,46.38,33.5,237836.64,155797.09,81060.75
Asia,Bangladesh,Clothes,Online,L,2017-01-14,SYN001895,2017-03-03,8190,102.99,33.62,843488.1,313545.85,655283.91
Asia,Laos,Vegetables,Offline,C,2011-09-15,SYN001896,2011-10-27,3297,164.38,86.28,541960.86,350185.34,243451.57
Sub-Saharan Africa,Niger,Personal Care,Online,H,2017-03-06,SYN001897,2017-03-22,3170,82.83,55.15,262571.1,160527.4,74810.41
Sub-Saharan Africa,Kenya,Vegetables,Online,L,2012-03-16,SYN001898,2012-04-02,6812,151.49,88.84,1031949.88,579399.67,392970.49
Sub-Saharan Africa,Djibouti,Snacks,Online,M,2017-03-04,SYN001899,2017-02-23,7224,166.55,96.13,1203157.2000000002,692386.92,400249.01
Sub-Saharan Africa,Kenya,Vegetables,Online,L,2012-03-22,SYN001900,2012-04-01,6403,144.7,88.89,926514.1,596230.8,415116.01
Asia,Mongolia,Personal Care,Offline,C,2014-02-18,SYN001901,2014-02-21,4625,83.58,50.1,386557.5,277838.37,128317.13
Sub-Saharan Africa,Sierra Leone,Vegetables,Offline,C,2016-05-30,SYN001902,2016-06-26,1423,163.3,93.67,232375.90000000002,131496.43,100344.68
Sub-Saharan Africa,The Gambia,Cereal,Offline,H,2012-06-13,SYN001903,2012-06-13,2053,198.72,114.62,407972.16,245257.11,189404.43
Australia and Oceania,Tuvalu,Baby Food,Offline,H,2010-05-24,SYN001904,2010-06-30,9570,267.25,160.16,2557582.5,1599140.68,995134.58
Sub-Saharan Africa,Zambia,Snacks,Online,L,2011-01-01,SYN001905,2011-01-08,4271,148.23,94.63,633090.33,415604.27,213638.32
Australia and Oceania,New Zealand,Fruits,Online,H,2014-09-03,SYN001906,2014-10-10,2236,9.15,6.39,20459.4,15939.97,5075.27
Middle East and North Africa,Libya,Fruits,Online,L,2015-08-09,SYN001907,2015-09-30,662,9.35,7.22,6189.7,4529.17,1570.41
Europe,Switzerland,Cosmetics,Offline,M,2012-09-11,SYN001908,2012-10-24,8061,414.97,267.55,3345073.1700000004,2191096.64,1491532.3
Central America and the Caribbean,Belize,Clothes,Offline,M,2016-08-01,SYN001909,2016-09-04,5115,109.32,33.91,559171.7999999999,185434.24,396361.58
Sub-Saharan Africa,Sierra Leone,Office Supplies,Offline,H,2016-11-30,SYN001910,2016-12-07,916,640.49,523.94,586688.84,455417.19,118194.0
Europe,Macedonia,Clothes,Offline,C,2014-10-18,SYN001911,2014-11-08,7687,117.98,34.79,906912.26,288047.71,562366.8
Europe,Albania,Clothes,Online,C,2010-02-02,SYN001912,2010-03-18,2278,111.43,34.79,253837.54,79359.2,164751.49
Sub-Saharan Africa,Kenya,Vegetables,Online,L,2012-03-13,SYN001913,2012-04-11,6405,153.3,93.36,981886.5000000001,570941.57,410523.88
Asia,Turkmenistan,Household,Offline,L,2010-12-23,SYN001914,2011-01-27,3768,649.93,528.55,2448936.2399999998,2061265.31,593115.35
Asia,Mongolia,Personal Care,Offline,C,2014-02-14,SYN001915,2014-02-26,5051,83.59,54.19,422213.09,266424.88,129285.38
Europe,Bulgaria,Clothes,Online,M,2012-04-29,SYN001916,2012-06-02,1624,120.3,35.47,195367.19999999998,59941.92,121529.19
Asia,Laos,Vegetables,Offline,C,2011-09-22,SYN001917,2011-10-17,3970,162.86,90.98,646554.2000000001,345497.09,260063.05
Middle East and North Africa,Syria,Fruits,Online,L,2011-11-16,SYN001918,2011-12-05,3770,8.91,6.9,33590.7,27114.95,8656.57
Middle East and North Africa,Pakistan,Cosmetics,Offline,L,2013-06-29,SYN001919,2013-08-12,10211,405.03,253.3,4135761.3299999996,2398981.1,1837596.89
Sub-Saharan Africa,Mali,Clothes,Online,M,2011-08-02,SYN001920,2011-08-31,864,103.19,35.94,89156.16,31971.14,67077.19
Sub-Saharan Africa,Lesotho,Fruits,Online,L,2013-08-25,SYN001921,2013-09-13,9469,8.89,6.08,84179.41,61598.53,24300.19
Central America and the Caribbean,Belize,Clothes,Offline,M,2016-07-25,SYN001922,2016-09-11,5599,107.54,33.39,602116.4600000001,200237.89,381243.84
Sub-Saharan Africa,Djibouti,Snacks,Online,M,2017-03-02,SYN001923,2017-02-23,7065,159.47,100.58,1126655.55,751630.84,416648.56
Europe,Spain,Household,Offline,L,2012-10-16,SYN001924,2012-12-03,4713,743.55,527.4,3504351.15,2274308.87,723865.05
Sub-Saharan Africa,Lesotho,Fruits,Online,L,2013-08-15,SYN001925,2013-09-25,9553,9.05,6.93,86454.65000000001,63374.76,24539.46
Central America and the Caribbean,Honduras,Snacks,Online,L,2016-07-07,SYN001926,2016-07-21,2217,151.66,105.64,336230.22,228102.0,130290.43
Middle East and North Africa,Azerbaijan,Office Supplies,Online,M,2012-06-07,SYN001927,2012-07-20,2055,662.88,533.07,1362218.4,1074040.46,254452.85
Middle East and North Africa,Lebanon,Clothes,Online,L,2012-09-19,SYN001928,2012-10-14,7580,105.79,36.84,801888.2000000001,281624.61,541113.27
North America,Mexico,Personal Care,Offline,M,2015-07-28,SYN001929,2015-08-11,5756,79.21,57.74,455932.75999999995,307684.72,153928.16
Central America and the Caribbean,Nicaragua,Beverages,Offline,C,2011-02-08,SYN001930,2011-03-27,8155,47.8,31.86,389809.0,244598.64,136459.98
Sub-Saharan Africa,Kenya,Vegetables,Online,L,2012-03-24,SYN001931,2012-04-01,5961,140.97,96.17,840322.17,583410.51,407988.01
Sub-Saharan Africa,The Gambia,Cereal,Offline,H,2012-06-08,SYN001932,2012-06-07,2427,206.27,114.72,500617.29000000004,246827.05,181135.86
Asia,Brunei,Office Supplies,Online,L,2012-04-01,SYN001933,2012-05-13,6684,633.34,505.43,4233244.5600000005,3418163.46,762947.0
Sub-Saharan Africa,Burkina Faso,Vegetables,Online,H,2012-07-12,SYN001934,2012-07-25,8040,144.6,94.98,1162584.0,763934.24,514526.14
Central America and the Caribbean,Honduras,Snacks,Online,L,2016-06-30,SYN001935,2016-07-22,2190,144.38,101.68,316192.2,202640.0,120667.81
Sub-Saharan Africa,The Gambia,Household,Offline,L,2012-05-20,SYN001936,2012-06-04,2563,701.97,521.7,1799149.11,1188785.09,389171.88
Sub-Saharan Africa,Sierra Leone,Vegetables,Offline,C,2016-06-01,SYN001937,2016-06-28,1437,168.39,89.56,241976.43,137279.1,93939.92
Asia,Bangladesh,Clothes,Online,L,2017-01-11,SYN001938,2017-03-06,8761,108.4,37.03,949692.4,289199.79,635692.7
Europe,Norway,Beverages,Offline,C,2014-07-12,SYN001939,2014-07-28,5286,49.45,37.16,261392.7,144335.18,85331.16
Sub-Saharan Africa,Cameroon,Beverages,Offline,C,2015-03-28,SYN001940,2015-04-14,5586,44.54,36.08,248800.44,190086.84,79765.76
Europe,Monaco,Baby Food,Offline,H,2012-05-30,SYN001941,2012-05-31,9360,228.15,162.55,2135484.0,1315345.06,822218.71
Sub-Saharan Africa,Kenya,Vegetables,Online,L,2012-03-18,SYN001942,2012-04-13,6258,161.18,100.26,1008664.4400000001,601658.26,425235.07
Europe,Slovakia,Vegetables,Online,H,2012-10-08,SYN001943,2012-11-13,178,151.18,93.15,26910.04,15845.7,10098.94
Europe,San Marino,Baby Food,Online,L,2013-07-03,SYN001944,2013-07-02,4736,253.29,153.91,1199581.44,771356.0,440834.0
Sub-Saharan Africa,Kenya,Vegetables,Online,L,2012-03-25,SYN001945,2012-04-04,5609,153.68,86.46,861991.12,576089.85,434268.54
Sub-Saharan Africa,Mozambique,Household,Offline,L,2012-02-07,SYN001946,2012-02-08,5157,665.33,499.09,3431106.81,2874295.81,865366.0
Australia and Oceania,Samoa,Cosmetics,Online,H,2013-07-23,SYN001947,2013-08-09,9450,464.37,236.73,4388296.5,2584641.1,1665608.65
Australia and Oceania,New Zealand,Fruits,Online,H,2014-09-05,SYN001948,2014-09-30,2246,9.59,7.2,21539.14,14950.39,5386.54
Central America and the Caribbean,Haiti,Cosmetics,Offline,H,2013-10-14,SYN001949,2013-11-20,1837,437.65,304.27,803963.0499999999,463393.87,301709.05
Asia,Mongolia,Personal Care,Offline,C,2014-02-16,SYN001950,2014-02-23,5234,85.23,62.87,446093.82,275780.28,121463.27
Central America and the Caribbean,Honduras,Snacks,Online,L,2016-06-24,SYN001951,2016-07-19,2422,154.19,96.98,373448.18,201152.0,113904.02
Europe,United Kingdom,Household,Online,L,2012-01-06,SYN001952,2012-02-15,299,671.61,439.65,200811.39,129378.47,48316.28
Middle East and North Africa,Libya,Fruits,Online,L,2015-08-16,SYN001953,2015-10-02,677,9.81,6.58,6641.37,4465.62,1569.7
Sub-Saharan Africa,Madagascar,Clothes,Offline,L,2015-04-29,SYN001954,2015-05-31,8060,107.63,31.93,867497.7999999999,260392.08,540068.19
Europe,Macedonia,Clothes,Offline,C,2014-10-20,SYN001955,2014-11-13,7766,109.4,34.73,849600.4,281514.3,570688.87
Sub-Saharan Africa,Niger,Personal Care,Online,H,2017-03-13,SYN001956,2017-04-02,2828,92.83,59.09,262523.24,167336.83,81980.68
Europe,Slovakia,Vegetables,Online,H,2012-10-02,SYN001957,2012-11-08,172,152.89,90.02,26297.079999999998,15664.68,10736.85
Middle East and North Africa,Libya,Clothes,Offline,H,2010-10-25,SYN001958,2010-11-18,5917,101.73,38.27,601936.41,230331.54,441067.48
Middle East and North Africa,Azerbaijan,Office Supplies,Online,M,2012-06-17,SYN001959,2012-07-30,2099,603.42,537.93,1266578.5799999998,1021849.99,262727.75
Sub-Saharan Africa,Sao Tome and Principe,Fruits,Online,C,2014-06-24,SYN001960,2014-07-05,8252,9.42,7.63,77733.84,54209.52,20485.62
Sub-Saharan Africa,Cameroon,Beverages,Offline,C,2015-03-25,SYN001961,2015-04-12,4968,47.39,30.64,235433.52,170465.87,88948.5
Middle East and North Africa,Libya,Fruits,Online,L,2015-08-20,SYN001962,2015-09-23,720,9.11,7.19,6559.2,4738.62,1401.92
Sub-Saharan Africa,Cameroon,Beverages,Offline,C,2015-04-06,SYN001963,2015-04-24,5316,50.56,33.68,268776.96,175570.84,86722.42
Asia,Mongolia,Personal Care,Offline,C,2014-02-12,SYN001964,2014-02-21,5212,86.85,55.99,452662.19999999995,268076.36,129408.63
Europe,Bulgaria,Office Supplies,Online,M,2012-02-19,SYN001965,2012-02-24,3933,730.47,520.16,2872938.5100000002,2253020.54,510584.0
North America,Mexico,Personal Care,Offline,M,2015-07-24,SYN001966,2015-08-11,6073,85.69,52.3,520395.37,311252.08,156460.32
Sub-Saharan Africa,Angola,Household,Offline,M,2011-04-28,SYN001967,2011-04-23,4584,693.66,465.12,3179737.44,2061659.49,682403.15
Europe,Romania,Cosmetics,Online,H,2010-11-21,SYN001968,2011-01-01,7725,403.64,272.63,3118119.0,1965874.63,1480991.41
Europe,Iceland,Cosmetics,Online,C,2016-12-30,SYN001969,2017-01-03,8657,444.66,254.49,3849421.62,2305699.3,1460320.43
Central America and the Caribbean,Belize,Clothes,Offline,M,2016-07-27,SYN001970,2016-09-10,5399,106.93,37.27,577315.0700000001,204789.61,398207.91
Europe,Switzerland,Personal Care,Online,M,2010-12-30,SYN001971,2011-01-30,275,83.54,54.29,22973.5,14265.21,6722.22
Australia and Oceania,Kiribati,Fruits,Online,M,2014-10-12,SYN001972,2014-11-14,5827,9.19,7.01,53550.13,36278.31,11797.37
Australia and Oceania,Solomon Islands,Baby Food,Online,C,2015-02-06,SYN001973,2015-02-25,2715,270.88,163.67,735439.2,462398.27,272898.52
Europe,Norway,Beverages,Offline,C,2014-07-20,SYN001974,2014-07-23,4977,48.9,32.3,243375.3,157472.87,76510.93
Europe,Austria,Cosmetics,Offline,H,2015-02-27,SYN001975,2015-02-23,3231,439.27,270.18,1419281.3699999999,688393.16,465799.76
Sub-Saharan Africa,Sierra Leone,Office Supplies,Offline,M,2011-11-21,SYN001976,2012-01-12,3610,678.59,539.08,2449709.9,1751636.53,456022.38
Europe,France,Cosmetics,Online,H,2017-05-16,SYN001977,2017-06-07,1841,451.45,283.79,831119.45,518531.76,311646.36
Middle East and North Africa,Lebanon,Clothes,Online,L,2012-09-13,SYN001978,2012-10-15,8322,109.05,35.37,907514.1,284459.59,547147.71
Sub-Saharan Africa,Niger,Personal Care,Online,H,2017-03-16,SYN001979,2017-03-25,2865,76.65,55.75,219602.25000000003,176126.54,81166.97
Sub-Saharan Africa,The Gambia,Meat,Online,M,2017-01-19,SYN001980,2017-01-30,4373,430.72,333.76,1883538.56,1675647.58,270456.46
Europe,Austria,Cosmetics,Offline,H,2015-02-21,SYN001981,2015-03-03,2848,447.47,247.16,1274394.56,761361.2,507000.47
Middle East and North Africa,Saudi Arabia,Cereal,Online,M,2013-03-25,SYN001982,2013-03-26,3908,202.06,122.88,789650.48,479215.26,366166.2
Sub-Saharan Africa,Djibouti,Snacks,Online,M,2017-02-26,SYN001983,2017-03-03,7160,146.66,103.98,1050085.5999999999,660029.33,402160.66
Asia,Brunei,Office Supplies,Online,L,2012-04-01,SYN001984,2012-05-13,6634,657.93,531.08,4364707.62,3431296.54,855422.0
Europe,Lithuania,Office Supplies,Offline,H,2010-10-22,SYN001985,2010-11-16,8000,613.01,517.68,4904080.0,4587567.9,985536.55
North America,Mexico,Personal Care,Offline,L,2012-02-15,SYN001986,2012-03-27,6100,81.84,55.94,499224.0,361041.69,162416.06
Sub-Saharan Africa,Lesotho,Fruits,Online,L,2013-08-25,SYN001987,2013-09-23,9612,9.11,6.64,87565.31999999999,61930.14,22752.94
Central America and the Caribbean,Costa Rica,Personal Care,Offline,L,2017-05-15,SYN001988,2017-05-25,6045,89.73,59.1,542417.85,360438.72,159572.42
Central America and the Caribbean,Grenada,Cereal,Online,C,2012-08-18,SYN001989,2012-09-21,2644,213.99,109.81,565789.56,307975.23,222180.37
Australia and Oceania,Australia,Beverages,Offline,H,2014-07-07,SYN001990,2014-07-16,8979,50.2,33.39,450745.80000000005,303947.6,151851.89
Asia,Brunei,Office Supplies,Online,L,2012-03-31,SYN001991,2012-05-07,6524,648.49,578.11,4230748.76,3585319.43,860632.0
Central America and the Caribbean,Nicaragua,Beverages,Offline,C,2011-02-12,SYN001992,2011-03-27,8266,44.88,32.99,370978.08,274959.17,126613.94
Sub-Saharan Africa,The Gambia,Baby Food,Offline,M,2014-01-29,SYN001993,2014-03-27,5377,259.39,162.51,1394740.03,862811.2,565084.42
Central America and the Caribbean,Honduras,Snacks,Online,L,2016-06-30,SYN001994,2016-07-22,2310,151.76,99.61,350565.6,215081.0,118751.43
Europe,Portugal,Baby Food,Online,H,2015-08-02,SYN001995,2015-09-10,1335,264.93,168.21,353681.55,206822.57,120496.45
Europe,Moldova,Personal Care,Online,L,2016-05-01,SYN001996,2016-05-16,5027,92.07,56.46,462835.88999999996,284202.65,119479.64
Sub-Saharan Africa,Djibouti,Snacks,Online,M,2017-02-26,SYN001997,2017-03-03,7262,156.63,94.35,1137447.06,689526.25,415692.69
Central America and the Caribbean,Haiti,Cosmetics,Offline,H,2013-10-08,SYN001998,2013-11-18,1774,421.52,258.35,747776.48,437500.24,296598.57
Australia and Oceania,New Zealand,Fruits,Online,H,2014-09-11,SYN001999,2014-10-04,2125,9.83,6.98,20888.75,15340.65,5517.69
Europe,Bulgaria,Clothes,Online,M,2012-04-23,SYN002000,2012-06-10,1424,105.28,34.69,149918.72,64113.45,112283.01
Sub-Saharan Africa,South Sudan,Personal Care,Offline,C,2013-12-28,SYN002001,2014-01-23,2094,92.34,50.8,193359.96000000002,119611.24,51393.09
Asia,Mongolia,Personal Care,Offline,C,2014-02-25,SYN002002,2014-02-16,5177,75.69,55.15,391847.13,261398.07,123553.36
Sub-Saharan Africa,Gabon,Personal Care,Offline,L,2012-07-01,SYN002003,2012-07-13,8883,89.22,52.75,792541.26,489219.51,216221.61
Central America and the Caribbean,Nicaragua,Beverages,Offline,C,2011-02-02,SYN002004,2011-03-26,7756,48.2,31.5,373839.2,244198.06,128145.32
Sub-Saharan Africa,Mali,Clothes,Online,M,2011-07-30,SYN002005,2011-08-28,939,106.77,38.74,100257.03,31944.71,58441.97
North America,Mexico,Household,Offline,C,2014-11-01,SYN002006,2014-12-07,7037,694.99,484.61,4890644.63,3682746.56,1196779.33
Sub-Saharan Africa,Democratic Republic of the Congo,Beverages,Online,C,2011-05-22,SYN002007,2011-07-18,5406,47.4,32.25,256244.4,173139.46,94991.75
Sub-Saharan Africa,Comoros,Cereal,Offline,H,2016-03-27,SYN002008,2016-04-23,985,210.26,115.65,207106.09999999998,107144.65,84595.3
Asia,Bangladesh,Clothes,Online,L,2017-01-12,SYN002009,2017-03-01,8423,99.99,34.17,842215.7699999999,296730.55,538089.92
Asia,Sri Lanka,Cosmetics,Offline,M,2016-11-17,SYN002010,2016-12-20,6768,417.01,252.82,2822323.68,1829523.85,1172372.8
Sub-Saharan Africa,Gabon,Personal Care,Offline,L,2012-07-04,SYN002011,2012-07-11,8379,78.26,57.66,655740.54,501841.13,225588.62
Europe,Norway,Beverages,Offline,C,2014-07-23,SYN002012,2014-08-01,4593,48.59,35.3,223173.87000000002,161898.8,83206.46
Sub-Saharan Africa,Democratic Republic of the Congo,Beverages,Online,C,2011-05-26,SYN002013,2011-07-17,5551,47.61,28.78,264283.11,202913.23,88591.25
Middle East and North Africa,Syria,Fruits,Online,L,2011-11-16,SYN002014,2011-11-28,3901,9.48,6.83,36981.48,24096.5,9854.47
Sub-Saharan Africa,Sierra Leone,Office Supplies,Offline,M,2011-12-02,SYN002015,2012-01-01,3411,597.38,533.49,2037663.18,1651958.83,457969.83
Sub-Saharan Africa,Mali,Clothes,Online,M,2011-08-02,SYN002016,2011-08-30,831,113.81,38.97,94576.11,33263.03,65211.61
Australia and Oceania,Australia,Beverages,Offline,H,2014-07-02,SYN002017,2014-07-06,9418,45.64,31.98,429837.52,288128.04,142349.24
Middle East and North Africa,Kuwait,Fruits,Online,M,2012-04-27,SYN002018,2012-05-15,513,8.95,7.15,4591.349999999999,3468.42,1270.08
Sub-Saharan Africa,Sao Tome and Principe,Beverages,Offline,C,2011-01-14,SYN002019,2011-01-16,9516,46.8,32.5,445348.8,284444.53,142154.64
Europe,Austria,Cosmetics,Offline,H,2015-02-27,SYN002020,2015-02-28,2954,449.0,264.89,1326346.0,792670.38,491049.16
Sub-Saharan Africa,Madagascar,Clothes,Offline,L,2015-04-19,SYN002021,2015-06-02,7761,109.57,37.04,850372.7699999999,265906.68,573168.27
Sub-Saharan Africa,Cape Verde,Clothes,Offline,H,2014-08-01,SYN002022,2014-08-12,4258,109.6,35.65,466676.8,148004.13,323330.7
Sub-Saharan Africa,Burkina Faso,Vegetables,Online,H,2012-07-13,SYN002023,2012-07-25,7543,152.46,96.08,1150005.78,733084.37,484930.92
Sub-Saharan Africa,Cote d'Ivoire,Clothes,Online,C,2012-06-15,SYN002024,2012-06-23,3589,110.47,37.44,396476.83,115403.49,249825.07
Sub-Saharan Africa,The Gambia,Cereal,Offline,H,2012-06-14,SYN002025,2012-06-07,2006,200.72,125.67,402644.32,249728.15,186857.69
North America,Mexico,Household,Offline,C,2014-10-31,SYN002026,2014-12-10,6958,637.52,457.35,4435864.16,3518866.52,1140967.83
Sub-Saharan Africa,Republic of the Congo,Personal Care,Offline,M,2015-07-14,SYN002027,2015-08-27,6486,81.57,54.94,529063.0199999999,374315.5,160823.01
Middle East and North Africa,Libya,Clothes,Offline,H,2010-10-27,SYN002028,2010-11-13,6242,115.26,34.48,719452.92,228039.25,456589.69
Sub-Saharan Africa,Mauritania,Office Supplies,Offline,C,2012-01-17,SYN002029,2012-01-17,1239,638.2,543.66,790729.8,705829.98,147762.26
Sub-Saharan Africa,Burkina Faso,Vegetables,Online,H,2012-07-15,SYN002030,2012-07-25,8260,143.36,92.08,1184153.6,815530.54,526270.19
Europe,Portugal,Baby Food,Online,H,2015-07-25,SYN002031,2015-09-04,1289,249.42,151.55,321502.38,192053.76,112056.79
Central America and the Caribbean,Costa Rica,Personal Care,Offline,L,2017-05-08,SYN002032,2017-05-14,6478,80.68,52.83,522645.04000000004,377003.4,176253.52
Australia and Oceania,Samoa,Cosmetics,Online,H,2013-07-23,SYN002033,2013-08-02,9522,415.5,277.21,3956391.0,2390771.75,1746520.11
Asia,Turkmenistan,Household,Offline,L,2011-01-03,SYN002034,2011-01-21,3615,676.19,476.2,2444426.85,2091690.39,689335.3
Sub-Saharan Africa,Democratic Republic of the Congo,Beverages,Online,C,2011-05-24,SYN002035,2011-07-18,5586,49.26,29.42,275166.36,181243.48,90838.37
Sub-Saharan Africa,Mali,Clothes,Online,M,2011-07-26,SYN002036,2011-09-09,830,111.77,33.76,92769.09999999999,31637.96,64861.89
Middle East and North Africa,Kuwait,Fruits,Online,M,2012-04-24,SYN002037,2012-05-23,521,9.67,7.68,5038.07,3826.24,1262.72
Sub-Saharan Africa,Mauritania,Office Supplies,Offline,C,2012-01-17,SYN002038,2012-01-10,1202,665.42,530.92,799834.84,668023.17,166794.81
Sub-Saharan Africa,Djibouti,Cosmetics,Offline,H,2014-04-04,SYN002039,2014-04-12,7717,412.79,265.04,3185500.43,1905593.51,1160759.66
Sub-Saharan Africa,Lesotho,Fruits,Online,L,2013-08-24,SYN002040,2013-09-11,9581,9.76,6.75,93510.56,68667.03,21165.1
Europe,United Kingdom,Household,Online,L,2012-01-10,SYN002041,2012-02-08,282,698.46,497.85,196965.72,147698.66,46622.29
Asia,Sri Lanka,Cosmetics,Offline,M,2016-11-24,SYN002042,2016-12-24,6849,433.92,258.03,2971918.08,1974042.05,1146468.2
Asia,Brunei,Office Supplies,Online,L,2012-03-30,SYN002043,2012-05-05,6413,615.23,512.78,3945469.99,3562549.22,964617.0
Asia,Laos,Vegetables,Offline,C,2011-09-10,SYN002044,2011-10-23,3902,146.6,90.43,572033.2,369093.23,253966.71
Australia and Oceania,Fiji,Clothes,Offline,C,2010-06-23,SYN002045,2010-08-03,10339,99.53,35.53,1029040.67,362018.11,814269.01
Middle East and North Africa,Azerbaijan,Cosmetics,Online,M,2010-02-13,SYN002046,2010-02-20,7432,425.44,292.09,3161870.08,1854884.4,1294364.7
Sub-Saharan Africa,Sierra Leone,Office Supplies,Offline,M,2011-12-01,SYN002047,2011-12-31,3688,677.46,481.24,2498472.48,1878914.18,454553.35
Asia,Brunei,Office Supplies,Online,L,2012-04-07,SYN002048,2012-05-03,6640,632.06,503.98,4196878.399999999,3376566.91,862508.0
Sub-Saharan Africa,Djibouti,Cereal,Online,H,2017-05-25,SYN002049,2017-06-22,8631,219.97,120.78,1898561.07,1013058.7,796854.74
Europe,Norway,Baby Food,Online,L,2014-05-08,SYN002050,2014-06-27,6763,249.07,149.35,1684460.41,1195559.0,712561.0
Asia,Malaysia,Fruits,Offline,L,2011-11-12,SYN002051,2012-01-03,6426,9.42,6.78,60532.92,46665.59,15893.66
Europe,Austria,Cosmetics,Offline,H,2015-03-01,SYN002052,2015-03-08,2810,445.2,270.3,1251012.0,716835.27,510590.75
Europe,Lithuania,Office Supplies,Offline,H,2010-10-27,SYN002053,2010-11-22,8544,632.69,529.47,5405703.36,4142525.16,1031849.13
Sub-Saharan Africa,Cameroon,Beverages,Offline,C,2015-04-08,SYN002054,2015-04-17,5439,45.96,32.5,249976.44,154563.99,89401.45
Europe,Slovakia,Vegetables,Online,H,2012-10-01,SYN002055,2012-11-14,183,154.57,91.47,28286.309999999998,15406.8,11101.59
Middle East and North Africa,Libya,Fruits,Online,L,2015-08-12,SYN002056,2015-10-02,738,8.98,6.93,6627.240000000001,4323.15,1509.78
Europe,Portugal,Baby Food,Online,H,2015-08-06,SYN002057,2015-08-28,1212,259.05,148.15,313968.60000000003,197265.34,125720.7
Sub-Saharan Africa,Cape Verde,Clothes,Offline,H,2014-07-29,SYN002058,2014-08-13,4222,114.26,35.43,482405.72000000003,143842.54,312864.24
Europe,France,Cosmetics,Online,H,2017-05-22,SYN002059,2017-06-12,1935,451.04,270.52,872762.4,464486.08,320291.57
Australia and Oceania,Australia,Beverages,Offline,H,2014-07-13,SYN002060,2014-07-14,9185,45.44,28.96,417366.39999999997,309200.75,142505.32
Europe,Moldova,Personal Care,Online,L,2016-04-30,SYN002061,2016-05-15,5091,80.7,64.84,410843.7,259357.5,131919.64
Europe,Macedonia,Clothes,Offline,C,2014-10-12,SYN002062,2014-11-11,7150,107.38,37.34,767767.0,292039.85,560834.81
Sub-Saharan Africa,Comoros,Cereal,Offline,H,2016-03-31,SYN002063,2016-04-26,993,208.54,109.23,207080.22,110155.31,86975.58
Australia and Oceania,Fiji,Clothes,Offline,C,2010-07-07,SYN002064,2010-08-02,9513,112.71,35.55,1072210.23,378525.1,797022.49
Sub-Saharan Africa,Mali,Clothes,Online,M,2011-07-19,SYN002065,2011-08-31,880,112.99,36.27,99431.2,28876.94,66345.6
Europe,Austria,Cosmetics,Offline,H,2015-02-22,SYN002066,2015-03-09,2809,421.73,254.51,1184639.57,654833.52,516630.42
Europe,Norway,Beverages,Offline,C,2014-07-25,SYN002067,2014-08-04,5281,47.04,32.67,248418.24,165384.37,78719.96
Central America and the Caribbean,Nicaragua,Beverages,Offline,C,2011-02-12,SYN002068,2011-03-21,8500,51.7,31.21,439450.0,268349.44,128914.04
Central America and the Caribbean,Grenada,Cereal,Online,C,2012-08-23,SYN002069,2012-09-21,2637,206.25,114.97,543881.25,314501.95,257352.32
Australia and Oceania,Federated States of Micronesia,Beverages,Online,C,2014-11-01,SYN002070,2014-11-14,8658,47.7,29.5,412986.60000000003,315018.85,145105.32
Australia and Oceania,Australia,Beverages,Offline,H,2014-07-12,SYN002071,2014-07-17,9400,47.8,33.5,449320.0,316118.38,152276.38
Europe,Slovakia,Vegetables,Online,H,2012-10-02,SYN002072,2012-11-12,176,148.43,96.94,26123.68,15455.24,9736.16
Asia,Myanmar,Clothes,Online,H,2015-11-11,SYN002073,2015-11-23,5662,105.6,34.8,597907.2,204048.03,411174.5
Europe,Norway,Baby Food,Online,L,2014-05-09,SYN002074,2014-07-02,7727,254.83,146.98,1969071.4100000001,1201887.0,772156.0
Australia and Oceania,Australia,Beverages,Offline,H,2014-07-04,SYN002075,2014-07-07,9783,44.88,29.67,439061.04000000004,301109.51,135459.5
Europe,Bulgaria,Clothes,Online,M,2012-04-21,SYN002076,2012-06-07,1625,109.6,38.76,178100.0,59479.18,126180.16
Europe,Macedonia,Clothes,Offline,C,2014-10-09,SYN002077,2014-11-11,7630,111.37,36.51,849753.1,291010.63,623030.2
Australia and Oceania,Australia,Office Supplies,Online,C,2015-10-31,SYN002078,2015-11-27,2994,676.46,540.7,2025321.2400000002,1527262.28,357040.0
Europe,Portugal,Baby Food,Online,H,2015-08-06,SYN002079,2015-09-02,1289,252.81,162.91,325872.09,201969.97,116402.02
Sub-Saharan Africa,Sao Tome and Principe,Fruits,Online,C,2014-06-23,SYN002080,2014-07-12,8284,9.66,6.83,80023.44,63686.88,19522.75
Sub-Saharan Africa,Senegal,Cereal,Online,H,2014-04-24,SYN002081,2014-05-25,6544,180.87,127.99,1183613.28,769437.23,585277.46
Sub-Saharan Africa,Mauritania,Office Supplies,Offline,C,2012-01-10,SYN002082,2012-01-07,1321,671.6,517.84,887183.6,664702.76,154963.06
Sub-Saharan Africa,Senegal,Cereal,Online,H,2014-04-21,SYN002083,2014-06-01,6679,190.26,115.08,1270746.54,806208.43,629422.93
Sub-Saharan Africa,South Sudan,Personal Care,Offline,C,2013-12-30,SYN002084,2014-01-22,2173,80.85,53.8,175687.05,108463.52,53013.37
Sub-Saharan Africa,Mali,Fruits,Online,L,2010-05-05,SYN002085,2010-05-14,6017,10.03,6.72,60350.509999999995,42613.89,14678.78
Europe,Austria,Cosmetics,Offline,H,2015-02-24,SYN002086,2015-03-06,2689,456.65,279.12,1227931.8499999999,826620.97,506095.97
Asia,Laos,Vegetables,Offline,C,2011-09-20,SYN002087,2011-10-17,3941,141.69,88.57,558400.29,377487.96,227227.86
North America,Mexico,Personal Care,Offline,M,2015-07-25,SYN002088,2015-08-13,6158,73.99,58.45,455630.42,295440.13,144452.18
Europe,Norway,Baby Food,Online,L,2014-05-19,SYN002089,2014-06-30,7588,267.17,161.27,2027285.9600000002,1264539.0,686072.0
North America,Mexico,Household,Offline,C,2014-11-08,SYN002090,2014-12-05,6869,605.46,543.22,4158904.74,3683424.49,1129568.59
Australia and Oceania,Fiji,Clothes,Offline,C,2010-07-05,SYN002091,2010-07-29,9667,115.4,36.42,1115571.8,367442.47,738435.38
Sub-Saharan Africa,Mali,Fruits,Online,L,2010-05-08,SYN002092,2010-05-03,5583,10.33,7.45,57672.39,42782.79,13604.94
Middle East and North Africa,Libya,Clothes,Offline,H,2010-10-24,SYN002093,2010-11-10,5627,105.12,35.57,591510.24,220671.52,418427.0
Sub-Saharan Africa,Zambia,Snacks,Online,L,2010-12-28,SYN002094,2011-01-07,4101,154.49,101.08,633563.49,368357.15,230315.55
Europe,Moldova,Personal Care,Online,L,2016-05-02,SYN002095,2016-05-10,5144,87.6,57.26,450614.39999999997,288143.73,127829.31
Asia,Malaysia,Fruits,Offline,L,2011-11-14,SYN002096,2011-12-24,6257,9.43,7.04,59003.509999999995,46466.59,16322.5
Sub-Saharan Africa,Gabon,Personal Care,Offline,L,2012-07-05,SYN002097,2012-07-11,8695,86.12,56.84,748813.4,433873.84,234203.9
Central America and the Caribbean,Nicaragua,Beverages,Offline,C,2011-02-10,SYN002098,2011-03-15,8128,46.74,33.11,379902.72000000003,285446.8,131335.06
Australia and Oceania,East Timor,Meat,Online,L,2012-07-29,SYN002099,2012-09-17,6184,435.14,361.52,2690905.76,2245506.5,358335.91
Sub-Saharan Africa,Madagascar,Clothes,Offline,L,2015-04-30,SYN002100,2015-06-02,7233,107.07,37.36,774437.3099999999,276514.7,529923.01
Australia and Oceania,Tuvalu,Baby Food,Offline,H,2010-06-04,SYN002101,2010-06-29,9775,273.96,173.77,2677959.0,1552846.7,937276.67
Sub-Saharan Africa,The Gambia,Cereal,Offline,H,2012-06-10,SYN002102,2012-06-05,1833,209.45,114.9,383921.85,247733.82,179273.17
Sub-Saharan Africa,Madagascar,Clothes,Offline,L,2015-04-30,SYN002103,2015-05-24,7311,114.61,32.21,837913.71,242785.89,522923.49
Middle East and North Africa,Pakistan,Cosmetics,Offline,L,2013-07-02,SYN002104,2013-08-09,9636,467.56,289.83,4505408.16,2678353.05,1573055.44
Sub-Saharan Africa,Djibouti,Cereal,Online,H,2017-05-19,SYN002105,2017-06-15,9003,235.94,113.92,2124167.82,998355.41,762094.19
Sub-Saharan Africa,Senegal,Cereal,Online,H,2014-04-16,SYN002106,2014-05-27,6649,193.69,107.77,1287844.81,838022.5,531631.27
North America,Mexico,Personal Care,Offline,M,2015-07-28,SYN002107,2015-08-14,5812,80.46,56.73,467633.51999999996,342430.0,142537.44
Asia,Bangladesh,Clothes,Online,L,2017-01-10,SYN002108,2017-03-03,8434,107.08,36.51,903112.72,284056.64,605560.39
Australia and Oceania,East Timor,Meat,Online,L,2012-07-29,SYN002109,2012-09-04,6031,412.06,377.65,2485133.86,2192545.52,334433.43
Middle East and North Africa,Azerbaijan,Office Supplies,Online,M,2012-06-06,SYN002110,2012-07-30,2017,656.66,581.73,1324483.22,1091221.06,238746.26
Middle East and North Africa,Iran,Cosmetics,Online,H,2016-11-17,SYN002111,2016-12-15,5770,489.06,264.18,2821876.2,1672775.31,1062201.28
Sub-Saharan Africa,Lesotho,Fruits,Online,L,2013-08-11,SYN002112,2013-09-17,9620,9.33,6.83,89754.6,66616.54,23017.31
Sub-Saharan Africa,The Gambia,Household,Offline,L,2012-06-01,SYN002113,2012-06-08,2518,642.42,511.51,1617613.5599999998,1313412.9,404136.81
Sub-Saharan Africa,Democratic Republic of the Congo,Beverages,Online,C,2011-05-26,SYN002114,2011-07-12,5616,48.87,31.63,274453.92,177128.41,96359.48
Australia and Oceania,Tuvalu,Baby Food,Offline,H,2010-05-23,SYN002115,2010-07-01,10763,256.58,167.91,2761570.54,1567669.25,968681.21
Sub-Saharan Africa,Djibouti,Cereal,Online,H,2017-05-20,SYN002116,2017-06-18,7891,199.33,122.26,1572913.03,1020740.2,742643.59
Sub-Saharan Africa,Republic of the Congo,Personal Care,Offline,M,2015-07-17,SYN002117,2015-08-30,5787,76.09,61.47,440332.83,340275.8,148760.78
Central America and the Caribbean,Grenada,Cereal,Online,C,2012-08-25,SYN002118,2012-09-08,2803,199.25,118.9,558497.75,334791.19,256629.86
Sub-Saharan Africa,Cape Verde,Clothes,Offline,H,2014-07-28,SYN002119,2014-08-18,4140,109.88,36.81,454903.19999999995,152286.73,283135.23
Sub-Saharan Africa,Mauritania,Office Supplies,Offline,C,2012-01-13,SYN002120,2012-01-08,1335,637.55,583.36,851129.2499999999,640371.34,150569.15
Europe,Romania,Cosmetics,Online,H,2010-11-22,SYN002121,2010-12-28,7975,428.19,249.11,3414815.25,2062327.56,1391939.06
Asia,Turkmenistan,Office Supplies,Online,M,2013-04-17,SYN002122,2013-05-13,5732,641.71,522.02,3678281.72,2802051.39,731864.29
Australia and Oceania,Solomon Islands,Baby Food,Online,C,2015-02-03,SYN002123,2015-02-20,3177,250.06,143.93,794440.62,467581.56,280380.28
Middle East and North Africa,Syria,Fruits,Online,L,2011-11-17,SYN002124,2011-12-09,3756,9.3,6.83,34930.8,26054.68,9764.5
Europe,Macedonia,Clothes,Offline,C,2014-10-07,SYN002125,2014-11-17,7720,105.46,36.15,814151.2,285337.75,549992.49
Sub-Saharan Africa,Niger,Personal Care,Online,H,2017-03-14,SYN002126,2017-03-27,3162,78.37,52.69,247805.94,162803.74,75882.24
Sub-Saharan Africa,Gabon,Personal Care,Offline,L,2012-07-04,SYN002127,2012-07-16,9091,80.93,54.1,735734.63,469983.02,203000.1
Sub-Saharan Africa,Rwanda,Cosmetics,Offline,H,2013-10-16,SYN002128,2013-11-23,4674,475.55,250.88,2222720.7,1113028.62,785249.14
Australia and Oceania,Federated States of Micronesia,Beverages,Online,C,2014-10-24,SYN002129,2014-11-18,9265,50.92,32.75,471773.8,318589.0,140449.58
Sub-Saharan Africa,Rwanda,Office Supplies,Offline,L,2013-01-31,SYN002130,2013-02-06,5160,689.68,552.0,3558748.8,2747688.86,645145.04
Sub-Saharan Africa,Rwanda,Cosmetics,Offline,H,2013-10-14,SYN002131,2013-11-18,4779,415.68,250.2,1986534.72,1266754.53,788862.78
Europe,France,Cosmetics,Online,H,2017-05-20,SYN002132,2017-06-05,1955,432.01,264.89,844579.5499999999,481015.87,326873.96
Europe,Romania,Cosmetics,Online,H,2010-11-21,SYN002133,2010-12-27,8287,416.58,250.86,3452198.46,2247570.95,1332326.16
Europe,France,Cosmetics,Online,H,2017-05-18,SYN002134,2017-05-29,1696,455.66,250.91,772799.36,481531.94,301111.01
Europe,France,Cosmetics,Online,H,2017-05-16,SYN002135,2017-06-02,1655,460.65,248.7,762375.75,501570.47,328191.72
Asia,Malaysia,Fruits,Offline,L,2011-11-09,SYN002136,2011-12-26,6431,9.06,6.75,58264.86,41231.47,15534.45
Europe,Romania,Cosmetics,Online,H,2010-11-23,SYN002137,2010-12-30,7911,445.79,271.51,3526644.69,2170384.22,1387567.61
Asia,Turkmenistan,Household,Offline,L,2010-12-25,SYN002138,2011-01-22,3808,715.71,513.95,2725423.68,1939867.88,688434.05
Middle East and North Africa,Azerbaijan,Office Supplies,Online,M,2012-06-12,SYN002139,2012-07-21,2082,623.79,546.57,1298730.78,1115162.7,263587.48
Sub-Saharan Africa,Burkina Faso,Vegetables,Online,H,2012-07-16,SYN002140,2012-08-01,7810,146.17,94.29,1141587.7,750796.84,522480.26
Asia,Mongolia,Personal Care,Offline,C,2014-02-24,SYN002141,2014-02-25,4858,80.03,55.08,388785.74,292733.34,126031.59
Middle East and North Africa,Libya,Clothes,Offline,H,2010-10-25,SYN002142,2010-11-22,6960,114.44,36.72,796502.4,215284.78,482609.93
Europe,Macedonia,Clothes,Offline,C,2014-10-19,SYN002143,2014-11-10,8213,116.84,33.62,959606.92,290321.17,609929.06
Middle East and North Africa,Saudi Arabia,Cereal,Online,M,2013-03-30,SYN002144,2013-03-27,4297,212.94,112.83,915003.1799999999,491956.01,369903.93
Asia,Sri Lanka,Cosmetics,Offline,M,2016-11-20,SYN002145,2016-12-21,7017,421.55,241.11,2958016.35,1916871.7,1140663.66
Australia and Oceania,Fiji,Clothes,Offline,C,2010-07-07,SYN002146,2010-08-03,9566,113.92,36.83,1089758.72,364344.03,715165.71
Middle East and North Africa,Kuwait,Fruits,Online,M,2012-05-06,SYN002147,2012-05-16,538,9.4,6.91,5057.2,3809.38,1277.81
Australia and Oceania,Solomon Islands,Baby Food,Online,C,2015-02-07,SYN002148,2015-02-23,2826,258.86,152.46,731538.36,440664.74,285816.89
Central America and the Caribbean,Belize,Clothes,Offline,M,2016-07-21,SYN002149,2016-09-03,5618,114.95,34.25,645789.1,194932.64,392160.63
Sub-Saharan Africa,Rwanda,Cosmetics,Offline,H,2013-10-10,SYN002150,2013-11-25,4549,409.95,261.81,1864862.55,1073844.97,769550.19
Europe,Norway,Beverages,Offline,C,2014-07-20,SYN002151,2014-08-03,5092,50.23,30.31,255771.15999999997,155129.08,81465.55
Asia,Kyrgyzstan,Vegetables,Online,H,2011-06-25,SYN002152,2011-07-06,131,151.64,88.33,19864.839999999997,11652.78,7273.26
Australia and Oceania,East Timor,Meat,Online,L,2012-08-07,SYN002153,2012-09-06,6171,428.75,368.52,2645816.25,2125160.88,353416.85
Asia,Brunei,Office Supplies,Online,L,2012-03-25,SYN002154,2012-05-06,6951,663.32,507.62,4610737.32,3475343.79,783103.0
Asia,Mongolia,Personal Care,Offline,C,2014-02-14,SYN002155,2014-02-25,5091,83.94,54.13,427338.54,273790.65,124783.43
Middle East and North Africa,Lebanon,Clothes,Online,L,2012-09-19,SYN002156,2012-10-10,8311,102.81,37.47,854453.91,280670.3,591188.91
Australia and Oceania,New Zealand,Fruits,Online,H,2014-09-09,SYN002157,2014-10-03,2329,9.28,7.33,21613.12,15555.52,4723.8
Australia and Oceania,Australia,Office Supplies,Online,C,2015-10-20,SYN002158,2015-11-30,2926,588.92,481.58,1723179.92,1502831.16,363674.0
Europe,Iceland,Cosmetics,Online,C,2016-12-26,SYN002159,2016-12-24,8738,423.28,282.61,3698620.6399999997,2413131.42,1565268.77
Sub-Saharan Africa,Rwanda,Cosmetics,Offline,H,2013-10-07,SYN002160,2013-11-29,4600,443.73,259.3,2041158.0,1167590.51,749087.48
Australia and Oceania,Fiji,Clothes,Offline,C,2010-07-03,SYN002161,2010-08-03,10609,102.01,32.84,1082224.09,357279.52,735300.26
Sub-Saharan Africa,Djibouti,Snacks,Online,M,2017-03-02,SYN002162,2017-02-24,6868,152.69,94.88,1048674.92,777838.63,420131.08
Sub-Saharan Africa,Mozambique,Household,Offline,L,2012-02-03,SYN002163,2012-02-20,5398,640.33,475.43,3456501.3400000003,2782484.04,880795.52
Sub-Saharan Africa,South Sudan,Personal Care,Offline,C,2013-12-31,SYN002164,2014-01-25,2056,87.37,57.78,179632.72,125621.38,54581.08
Europe,Moldova,Personal Care,Online,L,2016-05-05,SYN002165,2016-05-13,5222,87.46,54.08,456716.12,284159.45,120863.47
Central America and the Caribbean,Honduras,Household,Offline,H,2017-02-12,SYN002166,2017-02-19,8902,679.14,478.63,6045704.28,4060939.0,1475441.29
Sub-Saharan Africa,Djibouti,Snacks,Online,M,2017-02-25,SYN002167,2017-02-23,6947,148.06,107.81,1028572.8200000001,701797.37,386687.9
Sub-Saharan Africa,The Gambia,Meat,Online,M,2017-01-07,SYN002168,2017-01-20,4720,449.51,363.79,2121687.2,1571834.04,250676.25
Europe,Slovenia,Beverages,Offline,C,2016-10-17,SYN002169,2016-11-23,4724,44.85,32.93,211871.4,144407.84,63280.24
Middle East and North Africa,Syria,Fruits,Online,L,2011-11-18,SYN002170,2011-12-10,3763,8.8,7.03,33114.4,25913.25,8571.93
Europe,Slovakia,Vegetables,Online,H,2012-10-02,SYN002171,2012-11-06,169,160.06,90.77,27050.14,15042.85,11036.84
Europe,France,Cosmetics,Online,H,2017-05-18,SYN002172,2017-06-08,1845,434.47,275.78,801597.15,475892.0,316894.45
Europe,Macedonia,Clothes,Offline,C,2014-10-08,SYN002173,2014-11-15,7637,109.64,37.56,837320.68,258401.49,562640.97
Australia and Oceania,Australia,Office Supplies,Online,C,2015-10-30,SYN002174,2015-11-20,2833,634.62,490.06,1797878.46,1564717.7,373859.0
Asia,Myanmar,Clothes,Online,H,2015-11-21,SYN002175,2015-11-17,5599,118.87,38.31,665553.13,209832.03,438045.79
Sub-Saharan Africa,Sao Tome and Principe,Fruits,Online,C,2014-06-27,SYN002176,2014-07-06,8018,9.15,6.95,73364.7,56813.42,19541.41
North America,Mexico,Personal Care,Offline,L,2012-02-10,SYN002177,2012-03-21,6519,77.14,56.5,502875.66000000003,378547.39,164004.06
Sub-Saharan Africa,Cote d'Ivoire,Clothes,Online,C,2012-06-11,SYN002178,2012-06-21,3382,102.65,37.7,347162.30000000005,118192.13,246519.21
Australia and Oceania,Australia,Office Supplies,Online,C,2015-11-01,SYN002179,2015-11-29,2976,666.62,561.07,1983861.12,1479597.66,395293.0
Europe,France,Cosmetics,Online,H,2017-05-23,SYN002180,2017-06-02,1763,435.99,255.86,768650.37,464896.01,315574.65
Central America and the Caribbean,Nicaragua,Beverages,Offline,C,2011-02-02,SYN002181,2011-03-28,8078,50.09,31.85,404627.02,247239.34,130707.36
Central America and the Caribbean,Honduras,Household,Offline,H,2017-02-09,SYN002182,2017-02-12,8738,620.96,525.68,5425948.48,4581432.27,1588627.13
Sub-Saharan Africa,Sao Tome and Principe,Beverages,Offline,C,2011-01-17,SYN002183,2011-01-19,8596,47.73,31.56,410287.07999999996,258913.72,144108.59
Central America and the Caribbean,Honduras,Snacks,Online,L,2016-06-25,SYN002184,2016-07-31,2321,147.39,92.84,342092.18999999994,230641.0,113857.31
Europe,Bulgaria,Clothes,Online,M,2012-04-20,SYN002185,2012-06-07,1688,112.57,34.71,190018.15999999997,57245.82,108817.14
Central America and the Caribbean,Nicaragua,Beverages,Offline,C,2011-02-13,SYN002186,2011-03-18,8005,46.6,34.47,373033.0,275961.59,118463.97
Central America and the Caribbean,Honduras,Snacks,Online,L,2016-06-30,SYN002187,2016-08-02,2311,161.79,108.41,373896.69,216329.0,125805.15
Sub-Saharan Africa,The Gambia,Meat,Online,M,2017-01-10,SYN002188,2017-01-30,4308,420.42,383.45,1811169.36,1876869.67,265651.21
Europe,Lithuania,Office Supplies,Offline,H,2010-10-26,SYN002189,2010-11-21,8798,675.25,526.29,5940849.5,4340360.08,1031515.98
Europe,Switzerland,Cosmetics,Offline,M,2012-09-11,SYN002190,2012-10-20,9148,426.86,267.32,3904915.2800000003,2366819.31,1526420.02
Europe,Moldova,Personal Care,Online,L,2016-05-05,SYN002191,2016-05-09,4819,76.23,60.62,367352.37,285379.04,128236.63
Sub-Saharan Africa,Djibouti,Snacks,Online,M,2017-03-04,SYN002192,2017-02-23,7810,141.95,105.49,1108629.5,720977.88,419916.04
Central America and the Caribbean,Honduras,Household,Offline,H,2017-02-13,SYN002193,2017-02-08,9324,692.52,525.42,6457056.4799999995,4539359.07,1491150.48
Sub-Saharan Africa,Djibouti,Cosmetics,Offline,H,2014-04-13,SYN002194,2014-04-22,7443,419.61,253.69,3123157.23,1793073.34,1302177.42
Asia,Myanmar,Clothes,Online,H,2015-11-15,SYN002195,2015-11-13,5663,104.28,37.23,590537.64,212440.02,448786.5
Sub-Saharan Africa,Republic of the Congo,Personal Care,Offline,M,2015-07-21,SYN002196,2015-08-30,6074,88.85,54.24,539674.9,388470.72,153861.21
Europe,United Kingdom,Household,Online,L,2012-01-04,SYN002197,2012-02-19,279,727.44,538.81,202955.76,144423.77,48565.23
Europe,San Marino,Baby Food,Online,L,2013-06-24,SYN002198,2013-07-07,5051,262.07,172.2,1323715.57,727682.0,444478.0
Europe,Monaco,Baby Food,Offline,H,2012-05-26,SYN002199,2012-06-02,8412,255.79,153.06,2151705.48,1398114.6,825225.08
Asia,Turkmenistan,Household,Offline,L,2010-12-27,SYN002200,2011-01-13,3472,646.01,534.21,2242946.7199999997,1833577.11,664131.56
Middle East and North Africa,Saudi Arabia,Cereal,Online,M,2013-03-29,SYN002201,2013-04-02,3942,213.99,116.99,843548.5800000001,455085.1,358527.37
Sub-Saharan Africa,Republic of the Congo,Personal Care,Offline,M,2015-07-14,SYN002202,2015-08-27,6041,79.18,59.2,478326.38000000006,330140.64,143286.55
Central America and the Caribbean,Honduras,Snacks,Online,L,2016-06-24,SYN002203,2016-07-31,2289,149.72,92.63,342709.08,199177.0,125288.3
Asia,Mongolia,Personal Care,Offline,C,2014-02-25,SYN002204,2014-02-22,4773,76.68,60.42,365993.64,290246.42,119206.27
Sub-Saharan Africa,The Gambia,Household,Offline,L,2012-05-23,SYN002205,2012-06-12,2416,680.34,479.83,1643701.4400000002,1159830.96,384184.09
Central America and the Caribbean,Honduras,Household,Offline,H,2017-02-07,SYN002206,2017-02-16,8163,704.68,487.84,5752302.84,4730637.58,1617596.09
Middle East and North Africa,Pakistan,Cosmetics,Offline,L,2013-07-02,SYN002207,2013-08-17,9931,424.07,271.79,4211439.17,2711366.27,1731391.0
Sub-Saharan Africa,Sao Tome and Principe,Fruits,Online,C,2014-06-22,SYN002208,2014-06-28,7803,9.34,7.12,72880.02,53399.29,17260.99
Sub-Saharan Africa,Lesotho,Fruits,Online,L,2013-08-22,SYN002209,2013-09-17,9243,10.16,6.78,93908.88,64203.15,24237.21
Central America and the Caribbean,Belize,Clothes,Offline,M,2016-07-23,SYN002210,2016-09-03,5313,102.87,35.17,546548.31,178583.73,384658.8
Sub-Saharan Africa,Mozambique,Household,Offline,L,2012-02-06,SYN002211,2012-02-10,5375,630.4,541.44,3388400.0,2920527.25,881405.74
Sub-Saharan Africa,Zambia,Snacks,Online,L,2011-01-07,SYN002212,2010-12-30,3891,134.88,96.93,524818.08,401034.94,222859.85
Asia,Mongolia,Personal Care,Offline,C,2014-02-20,SYN002213,2014-02-25,4989,86.25,58.24,430301.25,276375.69,123740.17
Asia,Turkmenistan,Household,Offline,L,2010-12-27,SYN002214,2011-01-18,3760,709.46,476.34,2667569.6,1888556.06,611139.93
Sub-Saharan Africa,Cameroon,Office Supplies,Online,M,2011-11-08,SYN002215,2011-11-11,5962,633.38,509.65,3776211.56,3035659.19,723164.42
Sub-Saharan Africa,Cote d'Ivoire,Clothes,Online,C,2012-06-13,SYN002216,2012-06-22,3567,103.41,37.64,368863.47,116392.9,266674.45
Australia and Oceania,Federated States of Micronesia,Beverages,Online,C,2014-10-30,SYN002217,2014-11-22,8908,47.53,32.8,423397.24,285825.38,154125.42
Australia and Oceania,New Zealand,Fruits,Online,H,2014-09-06,SYN002218,2014-09-29,2186,9.31,6.57,20351.66,15628.31,5739.93
Sub-Saharan Africa,Sierra Leone,Vegetables,Offline,C,2016-06-04,SYN002219,2016-07-05,1500,163.5,87.8,245250.0,125517.2,86973.39
Europe,Russia,Office Supplies,Offline,L,2014-04-30,SYN002220,2014-05-03,1802,669.47,515.21,1206384.94,941436.67,232778.42
Central America and the Caribbean,Honduras,Household,Offline,H,2017-02-09,SYN002221,2017-02-11,8763,693.41,503.73,6076351.83,4574592.45,1532660.33
Asia,Laos,Vegetables,Offline,C,2011-09-22,SYN002222,2011-10-19,3650,166.28,90.52,606922.0,367628.51,232213.75
Central America and the Caribbean,Honduras,Household,Offline,H,2017-02-12,SYN002223,2017-02-17,8471,664.34,477.7,5627624.140000001,4439799.33,1611005.71
Middle East and North Africa,Libya,Fruits,Online,L,2015-08-21,SYN002224,2015-09-24,730,9.19,7.42,6708.7,4302.04,1521.24
Central America and the Caribbean,Nicaragua,Beverages,Offline,C,2011-02-11,SYN002225,2011-03-21,8835,49.62,32.64,438392.69999999995,253962.76,124578.89
Sub-Saharan Africa,Gabon,Personal Care,Offline,L,2012-07-10,SYN002226,2012-07-13,8973,79.15,56.28,710212.9500000001,480472.91,218166.19
Middle East and North Africa,Libya,Clothes,Offline,H,2010-10-27,SYN002227,2010-11-15,6288,108.6,35.35,682876.7999999999,214910.11,467204.28
Europe,Monaco,Baby Food,Offline,H,2012-05-23,SYN002228,2012-05-29,8754,241.35,150.6,2112777.9,1373145.4,852871.99
Australia and Oceania,Solomon Islands,Baby Food,Online,C,2015-02-07,SYN002229,2015-02-28,2950,258.38,156.07,762221.0,437469.3,278793.88
Sub-Saharan Africa,Lesotho,Fruits,Online,L,2013-08-15,SYN002230,2013-09-19,9879,9.57,7.15,94542.03,69827.98,23814.84
Sub-Saharan Africa,Sierra Leone,Office Supplies,Offline,H,2016-12-04,SYN002231,2016-12-10,914,626.61,491.43,572721.54,515502.9,123466.0
North America,Mexico,Household,Offline,C,2014-11-13,SYN002232,2014-12-10,6857,699.16,506.2,4794140.12,3597237.12,1171054.16
Asia,Myanmar,Household,Offline,H,2015-01-20,SYN002233,2015-03-06,8304,672.79,540.17,5586848.16,4349230.0,1349322.79
Sub-Saharan Africa,Mali,Clothes,Online,M,2011-07-30,SYN002234,2011-09-10,877,113.9,34.08,99890.3,32085.82,68107.77
Sub-Saharan Africa,Republic of the Congo,Personal Care,Offline,M,2015-07-19,SYN002235,2015-08-31,5628,76.8,59.48,432230.39999999997,342145.38,155396.08
Europe,Austria,Cosmetics,Offline,H,2015-02-28,SYN002236,2015-02-25,2999,464.55,242.03,1393185.45,707812.63,493455.35
Sub-Saharan Africa,Rwanda,Office Supplies,Offline,L,2013-02-04,SYN002237,2013-01-31,5187,666.51,566.69,3457187.37,2622868.71,670517.68
Australia and Oceania,Fiji,Clothes,Offline,C,2010-07-07,SYN002238,2010-08-05,9798,119.48,38.05,1170665.04,394772.8,705593.8
Central America and the Caribbean,Costa Rica,Personal Care,Offline,L,2017-05-13,SYN002239,2017-05-19,7030,80.62,49.59,566758.6,331686.25,153793.15
Australia and Oceania,Australia,Office Supplies,Online,C,2015-10-27,SYN002240,2015-11-18,2924,623.32,478.62,1822587.6800000002,1624615.94,398646.0
Europe,Slovakia,Vegetables,Online,H,2012-10-10,SYN002241,2012-11-08,170,144.62,95.79,24585.4,16254.92,10481.5
Middle East and North Africa,Lebanon,Clothes,Online,L,2012-09-14,SYN002242,2012-10-14,8216,113.97,37.31,936377.52,264928.77,582695.57
Sub-Saharan Africa,Comoros,Cereal,Offline,H,2016-04-02,SYN002243,2016-04-27,992,224.61,121.52,222813.12000000002,111542.35,95748.62
Sub-Saharan Africa,Comoros,Cereal,Offline,H,2016-04-05,SYN002244,2016-05-03,943,210.16,120.04,198180.88,106918.54,83211.35
Europe,Macedonia,Clothes,Offline,C,2014-10-10,SYN002245,2014-11-07,7581,114.74,34.54,869843.94,271833.56,628174.93
Europe,Albania,Clothes,Online,C,2010-02-05,SYN002246,2010-03-20,2337,111.01,33.03,259430.37000000002,75257.84,161952.89
Europe,Lithuania,Office Supplies,Offline,H,2010-10-21,SYN002247,2010-11-16,8171,650.61,515.96,5316134.3100000005,4368657.18,964644.69
Asia,Laos,Vegetables,Offline,C,2011-09-08,SYN002248,2011-10-24,3856,161.12,87.75,621278.72,372698.75,261256.63
Europe,Bulgaria,Clothes,Online,M,2012-04-21,SYN002249,2012-05-27,1700,101.76,34.87,172992.0,59814.54,113808.01
Sub-Saharan Africa,Cote d'Ivoire,Clothes,Online,C,2012-06-03,SYN002250,2012-06-21,3562,101.87,32.07,362860.94,119733.3,264454.91
Asia,Sri Lanka,Cosmetics,Offline,M,2016-11-12,SYN002251,2016-12-21,7323,445.87,281.43,3265106.0100000002,1687681.69,1230302.4
Middle East and North Africa,Libya,Fruits,Online,L,2015-08-11,SYN002252,2015-09-26,658,8.62,7.0,5671.959999999999,4482.24,1539.49
Asia,Malaysia,Fruits,Offline,L,2011-11-14,SYN002253,2011-12-26,6867,9.94,6.8,68257.98,44920.12,14421.83
Sub-Saharan Africa,South Sudan,Personal Care,Offline,C,2013-12-31,SYN002254,2014-01-22,1981,82.78,58.48,163987.18,132802.43,54497.14
Sub-Saharan Africa,Sierra Leone,Vegetables,Offline,C,2016-05-28,SYN002255,2016-07-02,1570,148.05,94.91,232438.50000000003,131830.52,88839.83
Sub-Saharan Africa,Cote d'Ivoire,Clothes,Online,C,2012-06-06,SYN002256,2012-06-30,3736,110.89,33.4,414285.04,121512.98,264642.32
Middle East and North Africa,Lebanon,Clothes,Online,L,2012-09-22,SYN002257,2012-10-11,8588,116.83,36.49,1003336.04,278070.48,559620.81
Middle East and North Africa,Syria,Fruits,Online,L,2011-11-15,SYN002258,2011-11-27,3678,9.64,6.67,35455.920000000006,25748.34,8540.51
Europe,United Kingdom,Household,Online,L,2012-01-02,SYN002259,2012-02-17,281,723.19,512.85,203216.39,137930.29,47024.84
Europe,Macedonia,Clothes,Offline,C,2014-10-10,SYN002260,2014-11-09,8012,103.87,36.47,832206.4400000001,282399.25,601615.42
Middle East and North Africa,Azerbaijan,Office Supplies,Online,M,2012-06-20,SYN002261,2012-07-24,2050,655.88,493.46,1344554.0,1071649.13,233041.39
Central America and the Caribbean,Grenada,Cereal,Online,C,2012-08-17,SYN002262,2012-09-21,2852,211.47,103.21,603112.44,314001.31,253176.01
Australia and Oceania,Tuvalu,Baby Food,Offline,H,2010-05-23,SYN002263,2010-06-29,9917,252.31,148.53,2502158.27,1590914.04,907929.55
Sub-Saharan Africa,The Gambia,Baby Food,Offline,M,2014-02-10,SYN002264,2014-03-13,5986,274.65,153.18,1644054.9,871371.34,516209.72
Sub-Saharan Africa,Cape Verde,Clothes,Offline,H,2014-07-31,SYN002265,2014-08-24,4203,111.39,39.69,468172.17,148600.78,306446.13
Sub-Saharan Africa,Angola,Household,Offline,M,2011-04-26,SYN002266,2011-04-23,4177,660.92,510.64,2760662.84,2074045.48,741915.36
Europe,Norway,Beverages,Offline,C,2014-07-18,SYN002267,2014-07-27,5324,50.26,33.51,267584.24,166828.91,83095.17
Europe,Bulgaria,Office Supplies,Online,M,2012-02-18,SYN002268,2012-03-04,4099,705.25,516.93,2890819.75,2118122.66,553787.22
Europe,Switzerland,Personal Care,Online,M,2010-12-27,SYN002269,2011-02-03,269,83.12,55.1,22359.280000000002,14845.47,6313.41
Europe,Lithuania,Office Supplies,Offline,H,2010-10-22,SYN002270,2010-11-20,8738,673.5,476.6,5885043.0,4649042.82,990775.67
North America,Mexico,Personal Care,Offline,M,2015-08-03,SYN002271,2015-08-08,5414,86.3,54.86,467228.2,296588.26,158798.7
Europe,Monaco,Baby Food,Offline,H,2012-05-30,SYN002272,2012-06-08,9003,263.79,155.11,2374901.37,1432751.48,795713.77
Sub-Saharan Africa,Mozambique,Household,Offline,L,2012-02-03,SYN002273,2012-02-11,5457,676.35,505.95,3690841.95,2765519.23,880683.35
Asia,Sri Lanka,Cosmetics,Offline,M,2016-11-23,SYN002274,2016-12-14,8005,423.39,259.85,3389236.9499999997,1735291.64,1191598.25
Sub-Saharan Africa,The Gambia,Household,Offline,L,2012-05-20,SYN002275,2012-06-04,2200,654.5,498.2,1439900.0,1156862.95,401903.83
Central America and the Caribbean,Honduras,Household,Offline,H,2017-02-01,SYN002276,2017-02-15,9383,637.86,537.41,5985040.38,4151033.24,1501655.09
Middle East and North Africa,Libya,Fruits,Online,L,2015-08-08,SYN002277,2015-10-02,684,9.54,7.15,6525.36,4525.04,1597.9
Middle East and North Africa,Azerbaijan,Office Supplies,Online,M,2012-06-18,SYN002278,2012-07-26,2131,636.4,548.78,1356168.4,1107342.27,251622.49
Sub-Saharan Africa,Cote d'Ivoire,Clothes,Online,C,2012-06-08,SYN002279,2012-06-30,3470,102.48,35.02,355605.60000000003,128885.82,252260.2
Europe,Austria,Cosmetics,Offline,H,2015-02-22,SYN002280,2015-02-23,2978,397.45,254.62,1183606.0999999999,796799.44,481920.76
Central America and the Caribbean,Nicaragua,Beverages,Offline,C,2011-02-10,SYN002281,2011-03-26,8350,50.77,31.17,423929.5,257627.13,125496.49
Middle East and North Africa,Lebanon,Clothes,Online,L,2012-09-19,SYN002282,2012-10-11,7725,102.38,35.35,790885.5,298487.86,552647.65
Sub-Saharan Africa,Niger,Personal Care,Online,H,2017-03-15,SYN002283,2017-03-29,3272,75.84,57.01,248148.48,167485.76,73206.26
Australia and Oceania,Kiribati,Fruits,Online,M,2014-10-08,SYN002284,2014-11-12,5506,8.77,6.95,48287.619999999995,41594.5,12879.97
Asia,Brunei,Office Supplies,Online,L,2012-04-02,SYN002285,2012-05-05,6515,645.19,549.16,4203412.850000001,3467800.48,884069.0
Sub-Saharan Africa,Sao Tome and Principe,Beverages,Offline,C,2011-01-15,SYN002286,2011-01-23,8979,47.78,32.67,429016.62,289896.86,132966.06
Sub-Saharan Africa,Gabon,Personal Care,Offline,L,2012-07-13,SYN002287,2012-07-02,8355,78.44,57.22,655366.2,526775.67,240218.68
Europe,United Kingdom,Household,Online,L,2012-01-07,SYN002288,2012-02-16,295,686.71,514.47,202579.45,127808.17,46165.31
Sub-Saharan Africa,South Sudan,Personal Care,Offline,C,2014-01-05,SYN002289,2014-01-27,2377,77.59,63.36,184431.43000000002,120545.95,48914.7
Asia,Myanmar,Household,Offline,H,2015-01-17,SYN002290,2015-03-04,8142,622.44,546.38,5067906.48,4298115.0,1300823.55
Europe,Bulgaria,Office Supplies,Online,M,2012-02-20,SYN002291,2012-02-22,4155,651.09,555.43,2705278.95,2052543.82,473004.43
Sub-Saharan Africa,Niger,Personal Care,Online,H,2017-03-13,SYN002292,2017-04-01,2687,83.94,55.19,225546.78,185599.09,79127.19
Australia and Oceania,Australia,Office Supplies,Online,C,2015-10-31,SYN002293,2015-11-26,2847,633.06,554.88,1802321.8199999998,1474546.2,396584.0
Sub-Saharan Africa,Djibouti,Snacks,Online,M,2017-02-25,SYN002294,2017-02-25,7010,157.68,90.88,1105336.8,804522.23,435889.27
Central America and the Caribbean,Honduras,Household,Offline,H,2017-02-15,SYN002295,2017-02-15,9504,714.64,513.45,6791938.56,4431551.91,1482071.22
Europe,Bulgaria,Office Supplies,Online,M,2012-02-14,SYN002296,2012-03-03,3829,686.41,504.29,2628263.8899999997,2031374.16,519536.99
Sub-Saharan Africa,Senegal,Cereal,Online,H,2014-04-22,SYN002297,2014-05-29,6582,199.16,118.77,1310871.1199999999,836800.95,543921.49
Europe,Slovakia,Vegetables,Online,H,2012-10-10,SYN002298,2012-11-03,166,155.79,91.37,25861.14,15873.82,10226.41
Central America and the Caribbean,Honduras,Household,Offline,H,2017-02-14,SYN002299,2017-02-17,8927,649.26,506.18,5795944.02,4327653.15,1499419.95
Sub-Saharan Africa,The Gambia,Cereal,Offline,H,2012-06-13,SYN002300,2012-06-10,1972,196.42,117.94,387340.24,266155.84,175359.7
Central America and the Caribbean,Honduras,Household,Offline,H,2017-02-09,SYN002301,2017-02-09,9156,637.26,492.47,5834752.56,4398565.02,1575088.16
Sub-Saharan Africa,Djibouti,Cereal,Online,H,2017-05-23,SYN002302,2017-06-20,8768,199.5,107.19,1749216.0,1030736.49,766864.38
Australia and Oceania,Tuvalu,Baby Food,Offline,H,2010-06-04,SYN002303,2010-07-04,9926,271.39,154.4,2693817.1399999997,1448179.65,971096.23
Europe,Russia,Office Supplies,Offline,L,2014-04-25,SYN002304,2014-05-05,1698,660.17,478.38,1120968.66,1003260.53,231990.7
Sub-Saharan Africa,Mali,Clothes,Online,M,2011-07-26,SYN002305,2011-08-28,926,95.48,35.05,88414.48000000001,32245.61,65669.95
Sub-Saharan Africa,Gabon,Personal Care,Offline,L,2012-07-11,SYN002306,2012-07-16,8186,85.27,58.61,698020.22,496824.17,223726.56
Europe,Russia,Office Supplies,Offline,L,2014-05-02,SYN002307,2014-05-12,1871,622.07,505.6,1163892.9700000002,1006133.36,236031.17
Europe,Switzerland,Cosmetics,Offline,M,2012-09-14,SYN002308,2012-10-26,9314,404.38,257.63,3766395.32,2136420.52,1644092.6
Sub-Saharan Africa,Rwanda,Cosmetics,Offline,H,2013-10-08,SYN002309,2013-11-30,4653,435.0,251.25,2024055.0,1146896.34,789846.6
Asia,Myanmar,Household,Offline,H,2015-01-12,SYN002310,2015-03-05,8177,693.05,506.65,5667069.85,3930233.0,1476426.55
Sub-Saharan Africa,Lesotho,Fruits,Online,L,2013-08-20,SYN002311,2013-09-18,9164,9.09,7.05,83300.76,68471.96,22834.58
Europe,San Marino,Baby Food,Online,L,2013-06-23,SYN002312,2013-06-29,4664,243.34,159.51,1134937.76,711676.0,442137.0
Central America and the Caribbean,Grenada,Cereal,Online,C,2012-08-27,SYN002313,2012-09-21,2704,206.25,112.91,557700.0,334821.27,235503.05
Sub-Saharan Africa,Djibouti,Cereal,Online,H,2017-05-25,SYN002314,2017-06-19,8859,218.76,120.54,1937994.8399999999,1041375.08,766095.01
Australia and Oceania,Federated States of Micronesia,Beverages,Online,C,2014-11-02,SYN002315,2014-11-12,9049,46.66,33.18,422226.33999999997,296817.49,141144.02
Central America and the Caribbean,Honduras,Household,Offline,H,2017-02-06,SYN002316,2017-02-17,8936,640.27,535.0,5721452.72,4749950.97,1450707.76
Sub-Saharan Africa,Cape Verde,Clothes,Offline,H,2014-07-28,SYN002317,2014-08-18,4232,102.44,37.38,433526.08,142662.97,308880.06
Europe,United Kingdom,Household,Online,L,2012-01-02,SYN002318,2012-02-20,276,684.17,489.48,188830.91999999998,139892.07,48294.48
Asia,Myanmar,Clothes,Online,H,2015-11-11,SYN002319,2015-11-20,6137,107.08,36.62,657149.96,204866.18,394017.3
Sub-Saharan Africa,The Gambia,Baby Food,Offline,M,2014-02-07,SYN002320,2014-03-25,6153,274.58,171.01,1689490.74,815716.92,514396.62
Europe,Norway,Beverages,Offline,C,2014-07-22,SYN002321,2014-07-25,4917,46.55,33.08,228886.34999999998,167184.31,70747.47
Asia,Turkmenistan,Office Supplies,Online,M,2013-04-23,SYN002322,2013-05-20,5033,671.6,505.44,3380162.8000000003,2528003.58,553233.26
Asia,Myanmar,Household,Offline,H,2015-01-16,SYN002323,2015-02-23,7878,668.76,525.12,5268491.28,4345099.0,1347620.16
Asia,Kyrgyzstan,Vegetables,Online,H,2011-07-01,SYN002324,2011-07-15,132,145.03,86.22,19143.96,11554.28,7649.15
Central America and the Caribbean,Honduras,Snacks,Online,L,2016-07-01,SYN002325,2016-07-19,2400,152.35,92.56,365640.0,228439.0,121237.62
Sub-Saharan Africa,Mozambique,Household,Offline,L,2012-02-07,SYN002326,2012-02-13,5210,696.8,497.06,3630327.9999999995,2725338.51,959887.69
Sub-Saharan Africa,The Gambia,Cereal,Offline,H,2012-06-05,SYN002327,2012-06-01,2050,187.58,113.84,384539.0,248389.56,191983.14
Sub-Saharan Africa,Mauritania,Office Supplies,Offline,C,2012-01-14,SYN002328,2012-01-11,1265,658.34,499.42,832800.1000000001,566283.74,164826.42
Central America and the Caribbean,Honduras,Snacks,Online,L,2016-06-27,SYN002329,2016-08-02,2335,167.99,99.51,392256.65,213688.0,124347.21
Australia and Oceania,Australia,Cereal,Offline,H,2013-06-02,SYN002330,2013-07-03,694,201.92,128.2,140132.47999999998,86084.98,62867.88
Central America and the Caribbean,Haiti,Cosmetics,Offline,H,2013-10-10,SYN002331,2013-11-14,1551,466.11,243.98,722936.61,446482.34,294027.53
Sub-Saharan Africa,Djibouti,Snacks,Online,M,2017-03-02,SYN002332,2017-02-27,7353,153.64,94.65,1129714.92,731559.25,421527.47
Europe,Spain,Household,Offline,L,2012-10-19,SYN002333,2012-11-24,4315,680.81,499.67,2937695.15,2471698.8,738600.98
Asia,Myanmar,Clothes,Online,H,2015-11-20,SYN002334,2015-11-11,5855,109.18,34.3,639248.9,199669.37,394219.01
Europe,Austria,Cosmetics,Offline,H,2015-03-01,SYN002335,2015-03-04,2800,446.34,252.76,1249752.0,763456.28,484315.01
Central America and the Caribbean,Honduras,Snacks,Online,L,2016-06-28,SYN002336,2016-08-02,2184,149.39,92.03,326267.75999999995,222188.0,113318.61
Europe,Monaco,Baby Food,Offline,H,2012-05-26,SYN002337,2012-06-06,9021,265.4,158.42,2394173.4,1449803.23,857235.52
Asia,Myanmar,Household,Offline,H,2015-01-16,SYN002338,2015-02-22,9100,630.09,485.65,5733819.0,4090515.0,1359067.68
Europe,Austria,Cosmetics,Offline,H,2015-02-18,SYN002339,2015-02-26,2876,433.39,254.25,1246429.64,771921.67,477944.57
Asia,Myanmar,Clothes,Online,H,2015-11-10,SYN002340,2015-11-12,5542,112.89,37.92,625636.38,203465.9,441008.44
Middle East and North Africa,Iran,Cosmetics,Online,H,2016-11-08,SYN002341,2016-12-07,6337,451.14,264.18,2858874.1799999997,1708446.75,1104188.18
Australia and Oceania,Fiji,Clothes,Offline,C,2010-07-05,SYN002342,2010-07-31,10072,110.34,36.37,1111344.48,334192.08,727503.9
Middle East and North Africa,Iran,Cosmetics,Online,H,2016-11-21,SYN002343,2016-12-10,6486,431.9,268.7,2801303.4,1566335.49,1190728.54
Sub-Saharan Africa,Rwanda,Office Supplies,Offline,L,2013-01-30,SYN002344,2013-01-30,5274,611.98,548.56,3227582.52,2825425.45,656587.69
Sub-Saharan Africa,Sao Tome and Principe,Beverages,Offline,C,2011-01-09,SYN002345,2011-01-21,8506,45.65,35.53,388298.89999999997,279306.29,141656.93
Australia and Oceania,Australia,Office Supplies,Online,C,2015-10-23,SYN002346,2015-11-29,3156,679.07,520.71,2143144.92,1533546.94,377524.0
Central America and the Caribbean,Honduras,Snacks,Online,L,2016-06-30,SYN002347,2016-07-20,2195,158.55,97.29,348017.25,218690.0,119184.73
Europe,Slovenia,Beverages,Offline,C,2016-10-28,SYN002348,2016-11-29,4896,45.1,32.77,220809.6,147438.66,74876.69
Sub-Saharan Africa,Lesotho,Fruits,Online,L,2013-08-19,SYN002349,2013-09-11,9590,8.98,6.89,86118.2,75505.66,21221.58
Asia,Myanmar,Household,Offline,H,2015-01-10,SYN002350,2015-02-24,8341,614.43,444.96,5124960.63,4040510.0,1457955.36
Sub-Saharan Africa,Burkina Faso,Vegetables,Online,H,2012-07-10,SYN002351,2012-07-24,7808,151.02,97.29,1179164.1600000001,769193.1,533159.34
Sub-Saharan Africa,Sao Tome and Principe,Fruits,Offline,H,2013-09-18,SYN002352,2013-10-27,7526,8.64,6.91,65024.64000000001,52588.49,19715.92
Sub-Saharan Africa,Mozambique,Household,Offline,L,2012-02-16,SYN002353,2012-02-17,5260,709.23,505.68,3730549.8000000003,2754156.63,876885.37
Middle East and North Africa,Syria,Fruits,Online,L,2011-11-27,SYN002354,2011-11-27,3431,9.46,7.23,32457.260000000002,27647.71,8750.21
Sub-Saharan Africa,The Gambia,Cereal,Offline,H,2012-06-07,SYN002355,2012-06-10,2059,203.94,121.35,419912.46,237999.55,189171.84
Europe,Slovakia,Vegetables,Online,H,2012-10-03,SYN002356,2012-11-08,180,154.02,87.79,27723.600000000002,16445.18,11134.08
Sub-Saharan Africa,The Gambia,Household,Offline,L,2012-05-19,SYN002357,2012-06-13,2311,653.52,514.5,1510284.72,1187706.22,375290.7
Sub-Saharan Africa,Gabon,Personal Care,Offline,L,2012-07-04,SYN002358,2012-07-09,8482,79.64,55.66,675506.48,487443.62,230043.79
Sub-Saharan Africa,Gabon,Personal Care,Offline,L,2012-07-12,SYN002359,2012-07-02,8707,77.44,58.94,674270.08,455619.05,217494.49
Sub-Saharan Africa,Sao Tome and Principe,Beverages,Offline,C,2011-01-22,SYN002360,2011-01-20,7778,48.19,35.02,374821.82,294099.6,140408.92
Sub-Saharan Africa,Niger,Personal Care,Online,H,2017-03-04,SYN002361,2017-03-29,3041,79.1,60.83,240543.09999999998,175348.24,71999.36
Europe,France,Cosmetics,Online,H,2017-05-26,SYN002362,2017-06-09,1685,446.86,245.7,752959.1,462258.05,342248.34
Asia,Mongolia,Personal Care,Offline,C,2014-02-20,SYN002363,2014-02-19,4904,79.99,57.17,392270.95999999996,260375.27,135077.73
Sub-Saharan Africa,Sao Tome and Principe,Fruits,Online,C,2014-06-26,SYN002364,2014-07-09,7920,9.27,6.6,73418.4,57201.98,17876.15
Europe,Lithuania,Office Supplies,Offline,H,2010-10-22,SYN002365,2010-11-12,8412,703.12,487.97,5914645.44,4591167.35,1058738.46
Australia and Oceania,Australia,Beverages,Offline,H,2014-07-03,SYN002366,2014-07-13,9304,42.92,31.31,399327.68,300991.18,149835.64
Middle East and North Africa,Libya,Clothes,Offline,H,2010-10-31,SYN002367,2010-11-17,6152,112.22,35.89,690377.44,243364.76,466333.26
Sub-Saharan Africa,Cote d'Ivoire,Clothes,Online,C,2012-06-03,SYN002368,2012-06-27,3369,113.57,37.0,382617.32999999996,138178.14,249734.71
Asia,Myanmar,Household,Offline,H,2015-01-11,SYN002369,2015-02-22,7907,684.41,491.83,5411629.87,4330627.0,1335973.53
Europe,Iceland,Cosmetics,Online,C,2017-01-03,SYN002370,2016-12-28,9118,432.6,264.19,3944446.8000000003,2432888.84,1471203.88
Central America and the Caribbean,Nicaragua,Beverages,Offline,C,2011-02-06,SYN002371,2011-03-24,8508,46.7,33.89,397323.60000000003,254445.42,121352.48
Central America and the Caribbean,Costa Rica,Personal Care,Offline,L,2017-05-04,SYN002372,2017-05-20,6595,80.92,57.98,533667.4,345988.04,152122.8
Australia and Oceania,Tuvalu,Baby Food,Offline,H,2010-05-21,SYN002373,2010-07-03,9816,270.59,161.24,2656111.44,1532765.13,951994.94
North America,Mexico,Personal Care,Offline,M,2015-08-02,SYN002374,2015-08-02,5664,83.96,60.32,475549.43999999994,326427.25,161982.47
Sub-Saharan Africa,Cameroon,Beverages,Offline,C,2015-04-03,SYN002375,2015-04-16,5772,47.41,31.33,273650.51999999996,171522.01,82061.26
Sub-Saharan Africa,Democratic Republic of the Congo,Beverages,Online,C,2011-05-21,SYN002376,2011-07-08,5456,47.28,31.77,257959.68,169162.44,91582.57
Australia and Oceania,Solomon Islands,Baby Food,Online,C,2015-02-09,SYN002377,2015-02-22,2891,258.73,166.47,747988.43,432079.48,280241.1
Europe,Norway,Baby Food,Online,L,2014-05-16,SYN002378,2014-06-23,7602,269.44,155.36,2048282.88,1235672.0,719315.0
Asia,Kyrgyzstan,Vegetables,Online,H,2011-06-19,SYN002379,2011-07-07,126,139.75,91.31,17608.5,11723.64,7842.81
Asia,Turkmenistan,Office Supplies,Online,M,2013-04-18,SYN002380,2013-05-19,5153,629.23,541.95,3242422.19,2705903.15,707823.31
Sub-Saharan Africa,Mauritania,Office Supplies,Offline,C,2012-01-04,SYN002381,2012-01-11,1264,599.7,510.78,758020.8,693737.43,173277.29
Middle East and North Africa,Syria,Fruits,Online,L,2011-11-20,SYN002382,2011-12-08,3889,8.98,6.88,34923.22,24622.85,9219.42
Sub-Saharan Africa,Democratic Republic of the Congo,Beverages,Online,C,2011-05-31,SYN002383,2011-07-08,5749,45.74,31.91,262959.26,192613.33,82090.95
Europe,Switzerland,Cosmetics,Offline,M,2012-09-19,SYN002384,2012-10-27,8883,438.34,241.27,3893774.2199999997,2116455.57,1530579.33
Central America and the Caribbean,Grenada,Cereal,Online,C,2012-08-20,SYN002385,2012-09-20,2763,221.39,112.76,611700.57,312680.85,238679.37
North America,Mexico,Personal Care,Offline,M,2015-07-28,SYN002386,2015-08-06,6375,87.53,58.79,558003.75,294744.59,138494.26
Sub-Saharan Africa,Cape Verde,Clothes,Offline,H,2014-08-04,SYN002387,2014-08-22,4029,114.61,34.4,461763.69,152655.69,324360.19
Sub-Saharan Africa,The Gambia,Baby Food,Offline,M,2014-02-01,SYN002388,2014-03-18,6019,254.9,173.29,1534243.1,874114.93,521832.91
Sub-Saharan Africa,Republic of the Congo,Personal Care,Offline,M,2015-07-13,SYN002389,2015-08-21,6365,82.75,62.3,526703.75,362034.99,138527.78
Europe,Iceland,Cosmetics,Online,C,2017-01-02,SYN002390,2016-12-28,8634,463.61,272.77,4002808.74,2398890.93,1449386.86
Australia and Oceania,East Timor,Meat,Online,L,2012-07-27,SYN002391,2012-09-17,5958,411.29,400.82,2450465.8200000003,2299881.45,340136.81
Central America and the Caribbean,Belize,Clothes,Offline,M,2016-07-20,SYN002392,2016-09-09,5790,113.01,35.49,654327.9,195111.37,403479.69
Sub-Saharan Africa,Cameroon,Beverages,Offline,C,2015-04-07,SYN002393,2015-04-19,5827,46.18,31.5,269090.86,177531.4,88259.29
Asia,Mongolia,Personal Care,Offline,C,2014-02-17,SYN002394,2014-02-25,4834,86.18,53.41,416594.12000000005,255686.11,127805.68
Middle East and North Africa,Pakistan,Cosmetics,Offline,L,2013-07-06,SYN002395,2013-08-19,9928,436.99,260.99,4338436.72,2823630.16,1696141.71
Australia and Oceania,Samoa,Cosmetics,Online,H,2013-07-14,SYN002396,2013-08-09,9879,459.2,249.85,4536436.8,2816620.04,1693594.57
Europe,Portugal,Baby Food,Online,H,2015-07-29,SYN002397,2015-08-31,1160,258.3,164.07,299628.0,201298.55,110893.43
Sub-Saharan Africa,Djibouti,Cosmetics,Offline,H,2014-04-04,SYN002398,2014-04-19,6949,442.08,260.53,3072013.92,1850017.68,1307343.88
Australia and Oceania,New Zealand,Fruits,Online,H,2014-09-07,SYN002399,2014-10-03,2210,9.17,6.78,20265.7,15538.33,5552.58
Europe,Iceland,Cosmetics,Online,C,2016-12-25,SYN002400,2016-12-29,8593,452.95,294.35,3892199.35,2322052.44,1533839.95
Australia and Oceania,East Timor,Meat,Online,L,2012-07-28,SYN002401,2012-09-17,6157,417.44,365.77,2570178.08,2259474.55,333651.86
Central America and the Caribbean,Honduras,Snacks,Online,L,2016-06-28,SYN002402,2016-07-26,2248,149.56,100.72,336210.88,222664.0,135977.17
North America,Mexico,Personal Care,Offline,M,2015-07-24,SYN002403,2015-08-06,5464,79.52,56.31,434497.27999999997,314659.35,156951.25
Europe,Switzerland,Personal Care,Online,M,2010-12-20,SYN002404,2011-02-06,291,79.13,59.72,23026.829999999998,16128.41,6939.86
Sub-Saharan Africa,Kenya,Vegetables,Online,L,2012-03-16,SYN002405,2012-04-13,6808,139.31,88.0,948422.48,604358.66,404919.13
Australia and Oceania,East Timor,Meat,Online,L,2012-07-30,SYN002406,2012-09-07,5594,446.41,360.88,2497217.54,2205321.91,324608.52
Europe,France,Cosmetics,Online,H,2017-05-17,SYN002407,2017-06-07,1674,411.22,263.94,688382.28,485680.93,324749.85
Europe,United Kingdom,Household,Online,L,2012-01-07,SYN002408,2012-02-13,309,718.71,529.24,222081.39,131138.16,53163.01
Sub-Saharan Africa,Kenya,Vegetables,Online,L,2012-03-23,SYN002409,2012-04-09,6496,156.16,88.04,1014415.36,567339.01,429198.88
Sub-Saharan Africa,Sierra Leone,Office Supplies,Offline,H,2016-12-02,SYN002410,2016-12-19,997,677.94,516.35,675906.18,476559.92,112337.0
Australia and Oceania,Tuvalu,Baby Food,Offline,H,2010-05-26,SYN002411,2010-06-22,10389,254.19,154.58,2640779.91,1673652.68,871106.65
Sub-Saharan Africa,Sao Tome and Principe,Fruits,Online,C,2014-06-20,SYN002412,2014-07-04,8713,10.22,7.41,89046.86,55461.79,19331.96
Sub-Saharan Africa,Democratic Republic of the Congo,Beverages,Online,C,2011-05-31,SYN002413,2011-07-09,5678,45.73,33.18,259654.93999999997,173188.19,87663.63
Sub-Saharan Africa,Angola,Household,Offline,M,2011-04-22,SYN002414,2011-04-24,4225,695.42,523.05,2938149.5,2084625.78,727901.3
Australia and Oceania,Samoa,Cosmetics,Online,H,2013-07-24,SYN002415,2013-08-03,9447,464.1,276.75,4384352.7,2420056.31,1683456.17
Sub-Saharan Africa,Cote d'Ivoire,Clothes,Online,C,2012-06-01,SYN002416,2012-07-03,3289,103.61,32.79,340773.29,133292.65,257391.5
Sub-Saharan Africa,Sierra Leone,Office Supplies,Offline,H,2016-12-08,SYN002417,2016-12-10,950,661.94,515.9,628843.0,503947.97,120727.0
Sub-Saharan Africa,Lesotho,Fruits,Online,L,2013-08-20,SYN002418,2013-09-18,9942,10.03,6.76,99718.26,70796.62,24176.01
Middle East and North Africa,Libya,Clothes,Offline,H,2010-11-01,SYN002419,2010-11-16,6341,99.86,38.45,633212.26,212195.11,426557.51
Sub-Saharan Africa,Lesotho,Fruits,Online,L,2013-08-25,SYN002420,2013-09-17,9246,9.12,6.92,84323.51999999999,64498.6,24327.02
Sub-Saharan Africa,Burkina Faso,Vegetables,Online,H,2012-07-14,SYN002421,2012-07-22,7264,161.72,83.44,1174734.08,717468.93,532689.96
Europe,Portugal,Baby Food,Online,H,2015-08-06,SYN002422,2015-09-09,1260,250.33,160.83,315415.8,210745.86,123469.89
Middle East and North Africa,Azerbaijan,Cosmetics,Online,M,2010-01-31,SYN002423,2010-02-26,6486,427.53,259.45,2772959.5799999996,1955425.69,1262786.68
Australia and Oceania,Samoa,Cosmetics,Online,H,2013-07-20,SYN002424,2013-08-02,9712,446.74,268.54,4338738.88,2622958.48,1625064.35
Sub-Saharan Africa,Djibouti,Cereal,Online,H,2017-05-26,SYN002425,2017-06-16,8857,204.42,124.03,1810547.94,1038091.44,768229.89
Sub-Saharan Africa,The Gambia,Household,Offline,L,2012-05-30,SYN002426,2012-06-04,2338,679.61,516.72,1588928.18,1222984.65,408591.8
Australia and Oceania,Australia,Office Supplies,Online,C,2015-10-20,SYN002427,2015-12-02,2976,688.32,544.87,2048440.32,1577142.98,364024.0
Europe,United Kingdom,Household,Online,L,2012-01-10,SYN002428,2012-02-19,267,750.11,490.1,200279.37,149227.18,48259.39
Sub-Saharan Africa,Niger,Personal Care,Online,H,2017-03-11,SYN002429,2017-04-03,3071,86.56,59.63,265825.76,173472.33,81425.54
Asia,Myanmar,Clothes,Online,H,2015-11-15,SYN002430,2015-11-23,6031,105.11,36.53,633918.41,245752.3,434112.77
Europe,Norway,Beverages,Offline,C,2014-07-15,SYN002431,2014-08-01,5351,44.15,28.49,236246.65,167112.09,81121.49
Sub-Saharan Africa,Sao Tome and Principe,Fruits,Online,C,2014-06-20,SYN002432,2014-07-09,7805,9.3,7.02,72586.5,58228.83,19370.86
Sub-Saharan Africa,Cameroon,Beverages,Offline,C,2015-03-29,SYN002433,2015-04-14,5527,48.29,34.59,266898.83,175096.15,78631.69
Europe,Switzerland,Personal Care,Online,M,2010-12-16,SYN002434,2011-02-06,257,74.64,53.56,19182.48,16251.42,6992.46
Middle East and North Africa,Syria,Fruits,Online,L,2011-11-24,SYN002435,2011-12-02,3880,9.9,6.72,38412.0,26109.52,9288.52
Europe,Romania,Cosmetics,Online,H,2010-11-22,SYN002436,2011-01-01,8631,443.82,276.81,3830610.42,2087959.32,1402111.72
Australia and Oceania,Tuvalu,Baby Food,Offline,H,2010-05-24,SYN002437,2010-07-03,10497,265.76,160.14,2789682.7199999997,1466928.36,893707.84
Asia,Laos,Vegetables,Offline,C,2011-09-14,SYN002438,2011-10-18,3762,146.15,107.29,549816.3,348976.06,243310.77
Australia and Oceania,Australia,Office Supplies,Online,C,2015-10-31,SYN002439,2015-11-28,2949,697.15,471.02,2055895.3499999999,1535824.67,368498.0
Sub-Saharan Africa,Djibouti,Cereal,Online,H,2017-05-25,SYN002440,2017-06-18,8557,215.68,123.1,1845573.76,1105957.16,756738.08
Europe,France,Cosmetics,Online,H,2017-05-27,SYN002441,2017-05-31,1735,420.37,276.05,729341.95,484657.35,300851.73
Sub-Saharan Africa,Mauritania,Office Supplies,Offline,C,2012-01-13,SYN002442,2012-01-19,1300,651.35,546.02,846755.0,709158.51,146000.82
Sub-Saharan Africa,Kenya,Vegetables,Online,L,2012-03-24,SYN002443,2012-04-11,6410,158.72,89.3,1017395.2,596502.09,426037.3
Europe,San Marino,Baby Food,Online,L,2013-06-24,SYN002444,2013-07-08,4829,246.06,159.65,1188223.74,715728.0,473612.0
Sub-Saharan Africa,Sao Tome and Principe,Beverages,Offline,C,2011-01-16,SYN002445,2011-01-23,8529,45.82,30.24,390798.78,277816.13,134309.02
Australia and Oceania,Australia,Beverages,Offline,H,2014-07-12,SYN002446,2014-07-06,9541,47.36,34.71,451861.76,306841.12,149756.91
Sub-Saharan Africa,Sao Tome and Principe,Fruits,Online,C,2014-06-24,SYN002447,2014-07-07,8057,9.79,6.27,78878.03,59405.43,17778.94
Europe,Albania,Clothes,Online,C,2010-02-05,SYN002448,2010-03-24,2401,105.79,38.41,254001.79,87209.0,171095.84
Sub-Saharan Africa,Sao Tome and Principe,Fruits,Offline,H,2013-09-15,SYN002449,2013-10-21,7725,9.31,7.02,71919.75,54699.76,19164.56
Asia,Turkmenistan,Household,Offline,L,2010-12-27,SYN002450,2011-01-20,3784,660.82,519.33,2500542.8800000004,1918701.98,645365.57
Asia,Myanmar,Household,Offline,H,2015-01-15,SYN002451,2015-03-05,7866,663.56,498.07,5219562.96,3969930.0,1326166.56
Australia and Oceania,Federated States of Micronesia,Beverages,Online,C,2014-10-24,SYN002452,2014-11-20,8887,49.6,30.43,440795.2,285982.75,163039.65
Sub-Saharan Africa,Djibouti,Cosmetics,Offline,H,2014-04-12,SYN002453,2014-04-26,7496,417.78,245.13,3131678.88,2022830.19,1277755.88
Europe,France,Cosmetics,Online,H,2017-05-26,SYN002454,2017-05-31,1970,434.55,290.16,856063.5,492149.32,325975.09
Middle East and North Africa,Libya,Clothes,Offline,H,2010-11-04,SYN002455,2010-11-17,6384,109.7,38.75,700324.8,210018.05,457261.93
Sub-Saharan Africa,Rwanda,Office Supplies,Offline,L,2013-02-05,SYN002456,2013-02-13,5538,611.32,544.02,3385490.16,2448607.42,667608.03
Central America and the Caribbean,Nicaragua,Beverages,Offline,C,2011-02-07,SYN002457,2011-03-17,8394,44.82,33.49,376219.08,258451.69,125907.2
Central America and the Caribbean,Belize,Clothes,Offline,M,2016-07-22,SYN002458,2016-09-11,5986,101.58,38.27,608057.88,191362.68,440899.25
Sub-Saharan Africa,Sao Tome and Principe,Fruits,Offline,H,2013-09-11,SYN002459,2013-10-21,8514,9.62,7.12,81904.68,49057.39,18100.32
Sub-Saharan Africa,Djibouti,Snacks,Online,M,2017-02-20,SYN002460,2017-02-20,7305,153.88,93.84,1124093.4,764069.25,445943.52
Asia,Malaysia,Fruits,Offline,L,2011-11-07,SYN002461,2011-12-25,6285,8.87,7.32,55747.95,44266.32,14732.68
Asia,Sri Lanka,Cosmetics,Offline,M,2016-11-14,SYN002462,2016-12-16,7708,429.74,278.46,3312435.92,1806726.77,1200665.13
Australia and Oceania,Kiribati,Fruits,Online,M,2014-10-19,SYN002463,2014-11-12,5345,8.81,6.94,47089.450000000004,35302.12,12711.18
North America,Mexico,Household,Offline,C,2014-11-11,SYN002464,2014-12-07,6626,743.39,454.96,4925702.14,3226681.51,1208627.07
Sub-Saharan Africa,Burkina Faso,Vegetables,Online,H,2012-07-11,SYN002465,2012-07-22,8323,150.8,99.75,1255108.4000000001,727807.49,531922.28
Australia and Oceania,Australia,Office Supplies,Online,C,2015-10-29,SYN002466,2015-11-22,2914,621.77,480.96,1811837.78,1566765.03,382476.0
Middle East and North Africa,Syria,Fruits,Online,L,2011-11-17,SYN002467,2011-11-26,3870,9.51,6.78,36803.7,25954.59,8895.53
Central America and the Caribbean,Costa Rica,Personal Care,Offline,L,2017-05-10,SYN002468,2017-05-27,6580,77.0,54.45,506660.0,349556.24,162629.29
Europe,Switzerland,Personal Care,Online,M,2010-12-17,SYN002469,2011-01-30,285,79.02,57.26,22520.699999999997,15207.19,6955.86
Asia,Myanmar,Household,Offline,H,2015-01-14,SYN002470,2015-03-05,7965,689.84,555.68,5494575.600000001,4041547.0,1462173.57
Australia and Oceania,Federated States of Micronesia,Beverages,Online,C,2014-10-29,SYN002471,2014-11-16,10185,48.21,34.21,491018.85000000003,286520.4,143660.23
Europe,Spain,Household,Offline,L,2012-10-18,SYN002472,2012-12-06,4728,661.64,508.42,3128233.92,2428525.91,776097.9
Central America and the Caribbean,Honduras,Household,Offline,H,2017-02-09,SYN002473,2017-02-14,8877,663.73,478.38,5891931.21,4782457.48,1535873.38
Sub-Saharan Africa,Burkina Faso,Vegetables,Online,H,2012-07-10,SYN002474,2012-07-25,8685,164.23,87.45,1426337.5499999998,711515.86,542757.51
Europe,Romania,Cosmetics,Online,H,2010-11-25,SYN002475,2010-12-27,8341,463.93,273.64,3869640.13,2269465.53,1351382.0
Europe,San Marino,Baby Food,Online,L,2013-07-01,SYN002476,2013-06-29,4413,253.88,169.7,1120372.44,793272.0,448280.0
North America,Mexico,Personal Care,Offline,L,2012-02-19,SYN002477,2012-03-25,6453,85.35,56.14,550763.5499999999,361823.94,158117.5
Sub-Saharan Africa,The Gambia,Household,Offline,L,2012-05-20,SYN002478,2012-06-08,2407,650.55,486.04,1565873.8499999999,1245950.64,441297.96
Sub-Saharan Africa,Sierra Leone,Office Supplies,Offline,M,2011-11-29,SYN002479,2012-01-01,3744,614.31,529.09,2299976.6399999997,1842510.67,433354.48
North America,Mexico,Household,Offline,C,2014-11-12,SYN002480,2014-12-09,6774,658.98,530.22,4463930.5200000005,3408138.61,1202035.2
North America,Mexico,Personal Care,Offline,M,2015-07-31,SYN002481,2015-08-06,5844,81.61,59.09,476928.84,342445.99,133015.78
Middle East and North Africa,Azerbaijan,Office Supplies,Online,M,2012-06-18,SYN002482,2012-07-19,2257,613.86,526.74,1385482.02,1050116.2,259059.12
Australia and Oceania,Solomon Islands,Baby Food,Online,C,2015-01-28,SYN002483,2015-02-16,3125,252.01,148.31,787531.25,505637.68,273480.88
Sub-Saharan Africa,Mauritania,Office Supplies,Offline,C,2012-01-17,SYN002484,2012-01-11,1424,654.14,526.09,931495.36,650423.33,166270.56
Sub-Saharan Africa,Sao Tome and Principe,Fruits,Online,C,2014-06-18,SYN002485,2014-07-10,8222,9.26,6.97,76135.72,51963.33,18211.52
Sub-Saharan Africa,The Gambia,Cereal,Offline,H,2012-06-08,SYN002486,2012-06-10,2034,196.13,119.0,398928.42,231116.16,182139.08
North America,Mexico,Household,Offline,C,2014-11-05,SYN002487,2014-12-13,7231,674.96,510.92,4880635.760000001,3241762.11,1132023.48
Australia and Oceania,Australia,Beverages,Offline,H,2014-07-01,SYN002488,2014-07-05,9319,47.84,33.28,445820.96,307194.92,156080.93
Australia and Oceania,Samoa,Cosmetics,Online,H,2013-07-21,SYN002489,2013-08-03,10445,400.29,272.89,4181029.0500000003,2679538.81,1639260.87
Sub-Saharan Africa,Mali,Fruits,Online,L,2010-05-05,SYN002490,2010-05-13,5430,8.21,6.63,44580.3,41752.76,15325.47
Middle East and North Africa,Libya,Fruits,Online,L,2015-08-13,SYN002491,2015-09-25,667,8.49,6.81,5662.83,4377.92,1537.86
Australia and Oceania,Solomon Islands,Baby Food,Online,C,2015-02-11,SYN002492,2015-02-28,2791,238.36,168.31,665262.76,444826.94,291350.25
Asia,Kyrgyzstan,Vegetables,Online,H,2011-07-01,SYN002493,2011-07-05,134,153.87,89.54,20618.58,11575.27,8260.68
Middle East and North Africa,Lebanon,Clothes,Online,L,2012-09-16,SYN002494,2012-10-04,8074,105.89,36.96,854955.86,267832.68,602987.7
Middle East and North Africa,Saudi Arabia,Cereal,Online,M,2013-03-27,SYN002495,2013-04-01,3958,206.96,113.97,819147.68,486511.32,361383.72
Middle East and North Africa,Iran,Cosmetics,Online,H,2016-11-09,SYN002496,2016-12-07,6017,436.01,268.53,2623472.17,1775544.75,1086280.85
Australia and Oceania,Kiribati,Fruits,Online,M,2014-10-11,SYN002497,2014-11-04,5419,9.42,7.26,51046.98,33406.7,13171.74
Central America and the Caribbean,Honduras,Household,Offline,H,2017-02-15,SYN002498,2017-02-17,8969,688.67,474.93,6176681.2299999995,4635850.79,1450251.87
Asia,Malaysia,Fruits,Offline,L,2011-11-16,SYN002499,2011-12-23,5274,9.1,6.5,47993.4,42650.51,15347.87
Sub-Saharan Africa,Djibouti,Snacks,Online,M,2017-02-21,SYN002500,2017-03-04,6651,154.43,93.2,1027113.93,677344.55,384109.54
Sub-Saharan Africa,Kenya,Vegetables,Online,L,2012-03-22,SYN002501,2012-04-02,6358,151.74,95.16,964762.92,631867.18,417013.99
Sub-Saharan Africa,Mali,Fruits,Online,L,2010-05-14,SYN002502,2010-05-16,6043,9.92,6.78,59946.56,37322.35,13518.54
Sub-Saharan Africa,Mauritania,Office Supplies,Offline,C,2012-01-10,SYN002503,2012-01-09,1318,675.77,541.87,890664.86,674461.34,165844.7
Australia and Oceania,Kiribati,Fruits,Online,M,2014-10-06,SYN002504,2014-11-11,5613,9.89,6.59,55512.57,37040.45,13187.47
Central America and the Caribbean,Costa Rica,Personal Care,Offline,L,2017-05-07,SYN002505,2017-05-25,6166,82.0,58.05,505612.0,365419.68,170849.88
Sub-Saharan Africa,Mali,Fruits,Online,L,2010-05-08,SYN002506,2010-05-04,5954,9.99,6.78,59480.46,40574.86,13976.39
Asia,Malaysia,Fruits,Offline,L,2011-11-13,SYN002507,2011-12-26,6095,9.24,6.72,56317.8,43104.8,15057.19
Middle East and North Africa,Lebanon,Clothes,Online,L,2012-09-24,SYN002508,2012-10-06,8595,117.08,36.65,1006302.6,293332.15,574541.05
Australia and Oceania,Australia,Office Supplies,Online,C,2015-10-28,SYN002509,2015-11-21,2742,632.73,558.28,1734945.6600000001,1386503.29,358533.0
Middle East and North Africa,Libya,Clothes,Offline,H,2010-11-01,SYN002510,2010-11-13,6439,106.95,35.09,688651.05,227428.1,472453.35
Sub-Saharan Africa,Democratic Republic of the Congo,Beverages,Online,C,2011-05-19,SYN002511,2011-07-17,5720,45.21,31.39,258601.2,181066.43,93306.32
Sub-Saharan Africa,Kenya,Vegetables,Online,L,2012-03-12,SYN002512,2012-04-04,6589,142.47,93.19,938734.83,560029.99,397861.66
Sub-Saharan Africa,Cote d'Ivoire,Clothes,Online,C,2012-06-11,SYN002513,2012-06-21,3817,109.53,38.99,418076.01,132643.24,256873.01
Sub-Saharan Africa,Rwanda,Office Supplies,Offline,L,2013-01-26,SYN002514,2013-02-04,4866,656.1,538.82,3192582.6,2839410.96,590052.93
Sub-Saharan Africa,The Gambia,Cereal,Offline,H,2012-06-01,SYN002515,2012-06-10,1952,196.87,130.23,384290.24,245096.61,202401.29
Middle East and North Africa,Syria,Fruits,Online,L,2011-11-16,SYN002516,2011-11-29,3885,9.7,6.38,37684.5,26587.84,9738.02
Asia,Brunei,Office Supplies,Online,L,2012-04-06,SYN002517,2012-05-10,6638,643.08,491.29,4268765.04,3511720.98,935469.0
Sub-Saharan Africa,Republic of the Congo,Personal Care,Offline,M,2015-07-08,SYN002518,2015-08-24,6128,77.18,57.68,472959.04000000004,355973.85,158984.38
Europe,San Marino,Baby Food,Online,L,2013-06-21,SYN002519,2013-07-08,4647,250.8,159.01,1165467.6,806408.0,469643.0
Middle East and North Africa,Azerbaijan,Cosmetics,Online,M,2010-02-02,SYN002520,2010-02-20,6828,445.58,277.52,3042420.2399999998,1946596.9,1306891.23
Europe,Switzerland,Cosmetics,Offline,M,2012-09-12,SYN002521,2012-10-13,9057,425.71,252.78,3855655.4699999997,2188946.36,1575752.68
Australia and Oceania,Australia,Beverages,Offline,H,2014-07-09,SYN002522,2014-07-04,8499,45.24,31.08,384494.76,306004.43,154726.24
Sub-Saharan Africa,Djibouti,Cosmetics,Offline,H,2014-04-07,SYN002523,2014-04-20,7804,422.04,309.0,3293600.16,1941380.54,1252887.58
Asia,Turkmenistan,Office Supplies,Online,M,2013-04-19,SYN002524,2013-05-19,4680,669.94,585.48,3135319.2,2446367.73,620997.2
Sub-Saharan Africa,South Sudan,Personal Care,Offline,C,2013-12-25,SYN002525,2014-01-30,2148,83.58,57.39,179529.84,115379.32,52418.85
Asia,Bangladesh,Clothes,Online,L,2017-01-11,SYN002526,2017-02-24,8608,111.5,32.77,959792.0,310154.67,658626.63
Australia and Oceania,Australia,Beverages,Offline,H,2014-07-04,SYN002527,2014-07-05,8987,47.52,30.87,427062.24000000005,295111.73,150880.14
Europe,Austria,Cosmetics,Offline,H,2015-02-23,SYN002528,2015-02-26,2674,442.69,266.71,1183753.06,725582.86,532089.76
Sub-Saharan Africa,Zambia,Snacks,Online,L,2011-01-04,SYN002529,2011-01-02,4386,138.97,103.02,609522.42,352877.51,228830.95
Europe,San Marino,Baby Food,Online,L,2013-06-22,SYN002530,2013-07-06,4903,248.9,143.12,1220356.7,825776.0,440078.0
Europe,Austria,Cosmetics,Offline,H,2015-02-26,SYN002531,2015-02-25,2774,448.31,245.68,1243611.94,797448.25,485441.72
Asia,Laos,Vegetables,Offline,C,2011-09-11,SYN002532,2011-10-29,3877,140.6,85.92,545106.2,371276.85,239515.88
Sub-Saharan Africa,Democratic Republic of the Congo,Beverages,Online,C,2011-05-25,SYN002533,2011-07-13,5365,52.46,32.22,281447.9,198676.99,86707.95
Sub-Saharan Africa,Cote d'Ivoire,Clothes,Online,C,2012-06-05,SYN002534,2012-06-26,3397,100.66,35.67,341942.01999999996,111507.12,278043.71
Europe,Portugal,Baby Food,Online,H,2015-07-26,SYN002535,2015-09-07,1298,263.91,151.5,342555.18000000005,230255.57,118700.84
Australia and Oceania,Federated States of Micronesia,Beverages,Online,C,2014-10-29,SYN002536,2014-11-15,9539,46.54,34.45,443945.06,320621.6,148922.08
Asia,Mongolia,Personal Care,Offline,C,2014-02-24,SYN002537,2014-02-19,4447,76.37,52.56,339617.39,269312.71,108531.87
Asia,Laos,Vegetables,Offline,C,2011-09-22,SYN002538,2011-10-21,3919,149.31,91.01,585145.89,372697.6,232538.65
Sub-Saharan Africa,The Gambia,Baby Food,Offline,M,2014-02-09,SYN002539,2014-03-22,5680,246.44,151.41,1399779.2,916730.18,481802.68
Central America and the Caribbean,Costa Rica,Personal Care,Offline,L,2017-05-01,SYN002540,2017-05-18,6579,82.89,63.35,545333.31,366646.07,157563.56
Europe,Austria,Cosmetics,Offline,H,2015-03-01,SYN002541,2015-03-09,2831,409.4,270.34,1159011.4,709229.23,500481.61
Sub-Saharan Africa,Mali,Fruits,Online,L,2010-05-06,SYN002542,2010-05-06,6034,9.29,7.36,56055.85999999999,41041.82,13598.99
Sub-Saharan Africa,The Gambia,Meat,Online,M,2017-01-16,SYN002543,2017-01-21,4593,419.37,378.87,1926166.41,1857926.46,267116.83
Sub-Saharan Africa,Sao Tome and Principe,Fruits,Online,C,2014-06-18,SYN002544,2014-07-11,8301,8.96,6.38,74376.96,59317.86,19136.81
Sub-Saharan Africa,Rwanda,Office Supplies,Offline,L,2013-01-31,SYN002545,2013-02-13,5579,681.31,553.59,3801028.4899999998,2529117.07,590622.05
Europe,Romania,Cosmetics,Online,H,2010-12-01,SYN002546,2010-12-18,8642,482.3,238.86,4168036.6,1970652.72,1397155.78
Sub-Saharan Africa,Djibouti,Cereal,Online,H,2017-05-25,SYN002547,2017-06-20,8372,204.55,120.8,1712492.6,1028343.96,797342.57
Asia,Turkmenistan,Office Supplies,Online,M,2013-04-28,SYN002548,2013-05-13,4733,717.03,550.99,3393702.9899999998,2708867.17,649055.99
Sub-Saharan Africa,Mali,Clothes,Online,M,2011-07-19,SYN002549,2011-08-27,917,99.27,34.61,91030.59,31823.7,67910.47
Middle East and North Africa,Saudi Arabia,Cereal,Online,M,2013-03-27,SYN002550,2013-03-25,3924,213.9,115.47,839343.6,479965.72,347133.6
Europe,Austria,Cosmetics,Offline,H,2015-02-21,SYN002551,2015-03-05,2927,423.83,258.05,1240550.41,787820.77,474981.6
Sub-Saharan Africa,Sao Tome and Principe,Fruits,Online,C,2014-06-27,SYN002552,2014-07-06,8107,9.81,7.0,79529.67,51633.63,19166.09
Europe,Macedonia,Clothes,Offline,C,2014-10-08,SYN002553,2014-11-13,6936,115.04,38.76,797917.4400000001,262958.11,605874.74
Central America and the Caribbean,Costa Rica,Personal Care,Offline,L,2017-05-13,SYN002554,2017-05-25,6464,79.61,59.74,514599.04,367133.42,156722.98
Australia and Oceania,Solomon Islands,Baby Food,Online,C,2015-02-09,SYN002555,2015-02-19,2898,242.02,165.84,701373.9600000001,474893.12,262562.99
Australia and Oceania,Solomon Islands,Baby Food,Online,C,2015-01-28,SYN002556,2015-02-19,2806,258.53,154.14,725435.1799999999,480379.75,283217.99
Sub-Saharan Africa,Zambia,Snacks,Online,L,2011-01-09,SYN002557,2011-01-08,4268,150.84,97.98,643785.12,399839.21,220827.66
Sub-Saharan Africa,Sierra Leone,Vegetables,Offline,C,2016-06-04,SYN002558,2016-06-23,1484,151.35,90.46,224603.4,131692.76,96529.85
Australia and Oceania,Samoa,Cosmetics,Online,H,2013-07-24,SYN002559,2013-08-11,8632,451.08,265.67,3893722.56,2539701.92,1669824.2
Central America and the Caribbean,Grenada,Cereal,Online,C,2012-08-29,SYN002560,2012-09-18,2547,195.26,108.86,497327.22,338832.86,246718.69
Central America and the Caribbean,Belize,Clothes,Offline,M,2016-07-28,SYN002561,2016-09-01,5246,110.39,32.81,579105.9400000001,182660.26,406677.64
Sub-Saharan Africa,Djibouti,Cereal,Online,H,2017-05-25,SYN002562,2017-06-18,9003,188.17,122.15,1694094.5099999998,943488.6,718992.4
Sub-Saharan Africa,Rwanda,Office Supplies,Offline,L,2013-01-28,SYN002563,2013-02-08,5259,691.45,500.46,3636335.5500000003,2497200.99,646830.65
Middle East and North Africa,Pakistan,Cosmetics,Offline,L,2013-07-04,SYN002564,2013-08-22,9283,452.41,240.23,4199722.03,2541607.38,1687834.89
Central America and the Caribbean,Costa Rica,Personal Care,Offline,L,2017-05-02,SYN002565,2017-05-15,6490,76.38,59.08,495706.19999999995,390949.73,168637.83
Australia and Oceania,New Zealand,Fruits,Online,H,2014-09-02,SYN002566,2014-10-10,2137,8.81,7.11,18826.97,15373.48,4639.81
Australia and Oceania,East Timor,Meat,Online,L,2012-08-01,SYN002567,2012-09-07,6045,396.25,367.91,2395331.25,2017343.79,314956.22
Sub-Saharan Africa,The Gambia,Household,Offline,L,2012-05-26,SYN002568,2012-06-16,2252,626.09,527.35,1409954.6800000002,1160751.38,360457.44
Asia,Laos,Vegetables,Offline,C,2011-09-22,SYN002569,2011-10-20,3550,156.3,96.96,554865.0,341433.8,238659.18
Sub-Saharan Africa,Lesotho,Fruits,Online,L,2013-08-14,SYN002570,2013-09-11,9811,8.72,6.96,85551.92000000001,68281.69,22525.14
Sub-Saharan Africa,Gabon,Personal Care,Offline,L,2012-07-09,SYN002571,2012-07-09,8227,76.39,55.07,628460.53,496601.95,226137.99
Sub-Saharan Africa,Senegal,Cereal,Online,H,2014-04-24,SYN002572,2014-05-26,6162,216.18,116.98,1332101.1600000001,747268.81,603187.39
Asia,Sri Lanka,Cosmetics,Offline,M,2016-11-18,SYN002573,2016-12-22,6009,453.21,264.32,2723338.8899999997,1915604.9,1138656.29
Sub-Saharan Africa,Kenya,Vegetables,Online,L,2012-03-18,SYN002574,2012-04-01,6386,151.96,93.63,970416.56,578671.35,430211.52
Sub-Saharan Africa,South Sudan,Personal Care,Offline,C,2013-12-25,SYN002575,2014-02-03,2176,83.14,55.67,180912.64,118791.84,53890.53
Sub-Saharan Africa,Sierra Leone,Vegetables,Offline,C,2016-05-26,SYN002576,2016-06-24,1563,156.66,88.78,244859.58,129429.84,87622.81
Sub-Saharan Africa,Cote d'Ivoire,Clothes,Online,C,2012-06-14,SYN002577,2012-06-30,3181,104.12,34.61,331205.72000000003,125307.17,241258.15
Sub-Saharan Africa,Cameroon,Office Supplies,Online,M,2011-11-06,SYN002578,2011-11-12,5354,663.99,484.92,3555002.46,2677097.28,653478.96
Asia,Laos,Vegetables,Offline,C,2011-09-20,SYN002579,2011-10-19,3678,137.15,103.71,504437.7,342638.39,248183.7
Asia,Turkmenistan,Office Supplies,Online,M,2013-04-16,SYN002580,2013-05-21,5303,662.01,491.98,3510639.03,2391886.7,622649.64
Europe,Slovenia,Beverages,Offline,C,2016-10-26,SYN002581,2016-11-24,4298,52.69,30.97,226461.62,142290.79,73814.67
Australia and Oceania,East Timor,Meat,Online,L,2012-08-04,SYN002582,2012-09-11,5671,433.76,349.54,2459852.96,2237750.1,366312.89
Central America and the Caribbean,Nicaragua,Beverages,Offline,C,2011-02-10,SYN002583,2011-03-26,8382,45.82,28.03,384063.24,242735.94,111508.52
Sub-Saharan Africa,Cameroon,Beverages,Offline,C,2015-03-25,SYN002584,2015-04-25,5563,47.7,32.6,265355.10000000003,179135.06,85576.36
Europe,Bulgaria,Office Supplies,Online,M,2012-02-15,SYN002585,2012-03-01,4233,628.85,502.94,2661922.0500000003,2006156.7,519895.4
Europe,San Marino,Baby Food,Online,L,2013-06-29,SYN002586,2013-07-01,4294,256.65,167.32,1102055.0999999999,806305.0,472440.0
Australia and Oceania,Federated States of Micronesia,Beverages,Online,C,2014-11-01,SYN002587,2014-11-20,8840,48.96,31.82,432806.4,277238.53,142488.8
Sub-Saharan Africa,Sierra Leone,Office Supplies,Offline,M,2011-11-24,SYN002588,2012-01-12,3433,651.12,493.26,2235294.96,1800634.49,464643.29
Middle East and North Africa,Lebanon,Clothes,Online,L,2012-09-24,SYN002589,2012-10-09,7658,109.04,39.9,835028.3200000001,285084.54,565726.72
Sub-Saharan Africa,The Gambia,Household,Offline,L,2012-06-01,SYN002590,2012-06-03,2315,761.3,481.03,1762409.5,1221543.43,359691.47
Asia,Brunei,Office Supplies,Online,L,2012-04-07,SYN002591,2012-05-09,6852,672.89,497.76,4610642.28,3560466.49,868279.0
Central America and the Caribbean,Haiti,Cosmetics,Offline,H,2013-10-09,SYN002592,2013-11-14,1695,453.08,279.4,767970.6,472905.1,300862.1
Middle East and North Africa,Azerbaijan,Office Supplies,Online,M,2012-06-10,SYN002593,2012-07-20,1943,634.41,531.69,1232658.63,1105670.28,250013.67
Sub-Saharan Africa,Rwanda,Cosmetics,Offline,H,2013-10-10,SYN002594,2013-11-22,4441,466.36,244.1,2071104.76,1170243.57,822341.19
Sub-Saharan Africa,The Gambia,Meat,Online,M,2017-01-19,SYN002595,2017-01-22,5074,417.12,353.2,2116466.88,1806773.45,268752.84
Middle East and North Africa,Azerbaijan,Cosmetics,Online,M,2010-02-10,SYN002596,2010-02-23,6666,447.48,281.06,2982901.68,1936287.62,1236409.56
Australia and Oceania,Kiribati,Fruits,Online,M,2014-10-19,SYN002597,2014-11-04,5173,9.38,6.59,48522.740000000005,36096.54,13385.17
Asia,Brunei,Office Supplies,Online,L,2012-03-29,SYN002598,2012-05-04,6695,620.66,534.95,4155318.6999999997,3560356.6,871087.0
Central America and the Caribbean,Honduras,Household,Offline,H,2017-02-04,SYN002599,2017-02-12,9637,667.06,477.7,6428457.22,4817854.09,1461442.05
Europe,Lithuania,Office Supplies,Offline,H,2010-10-19,SYN002600,2010-11-15,7457,658.38,520.45,4909539.66,4653128.82,1141498.32
Sub-Saharan Africa,Mali,Fruits,Online,L,2010-05-06,SYN002601,2010-05-15,5864,9.1,7.31,53362.4,43226.19,15789.53
Sub-Saharan Africa,Djibouti,Cosmetics,Offline,H,2014-04-13,SYN002602,2014-04-25,7121,424.9,289.01,3025712.9,1946765.13,1294415.82
Sub-Saharan Africa,South Sudan,Personal Care,Offline,C,2013-12-26,SYN002603,2014-01-29,2222,86.09,52.5,191291.98,120916.73,53651.57
Europe,Iceland,Cosmetics,Online,C,2016-12-30,SYN002604,2017-01-06,8870,452.95,278.82,4017666.5,2568339.47,1620155.82
Sub-Saharan Africa,Republic of the Congo,Personal Care,Offline,M,2015-07-16,SYN002605,2015-08-25,5684,81.14,61.67,461199.76,352408.42,144552.5
Australia and Oceania,Fiji,Clothes,Offline,C,2010-07-03,SYN002606,2010-07-26,9998,113.65,34.72,1136272.7,341878.93,755615.97
Europe,Portugal,Baby Food,Online,H,2015-08-03,SYN002607,2015-08-28,1305,258.23,148.26,336990.15,206915.05,112074.79
Central America and the Caribbean,Belize,Clothes,Offline,M,2016-07-30,SYN002608,2016-09-04,5299,114.3,34.93,605675.7,200837.94,388411.89
Asia,Myanmar,Household,Offline,H,2015-01-09,SYN002609,2015-02-28,8685,672.41,487.4,5839880.85,4271249.0,1360414.74
Europe,Albania,Clothes,Online,C,2010-01-29,SYN002610,2010-03-11,2207,101.35,36.34,223679.44999999998,81422.42,188346.03
Asia,Laos,Vegetables,Offline,C,2011-09-10,SYN002611,2011-10-28,3829,154.18,102.95,590355.22,344997.0,243368.84
Sub-Saharan Africa,Burkina Faso,Vegetables,Online,H,2012-07-16,SYN002612,2012-07-26,7480,158.94,83.48,1188871.2,773232.31,542154.13
Sub-Saharan Africa,The Gambia,Cereal,Offline,H,2012-06-14,SYN002613,2012-06-07,2099,211.38,116.44,443686.62,259501.93,190389.73
Middle East and North Africa,Azerbaijan,Office Supplies,Online,M,2012-06-12,SYN002614,2012-07-17,2109,696.25,546.72,1468391.25,1092276.84,245066.21
Sub-Saharan Africa,Djibouti,Snacks,Online,M,2017-03-04,SYN002615,2017-02-25,7461,169.07,101.66,1261431.27,720383.28,418021.09
Sub-Saharan Africa,Kenya,Vegetables,Online,L,2012-03-20,SYN002616,2012-04-09,6375,155.12,84.34,988890.0,586825.89,382522.61
Central America and the Caribbean,Grenada,Cereal,Online,C,2012-08-29,SYN002617,2012-09-09,2753,196.75,112.86,541652.75,339002.53,249569.71
Sub-Saharan Africa,Rwanda,Office Supplies,Offline,L,2013-01-27,SYN002618,2013-02-08,4577,646.94,548.39,2961044.3800000004,2565122.28,610954.71
Middle East and North Africa,Libya,Fruits,Online,L,2015-08-10,SYN002619,2015-09-25,661,9.81,6.22,6484.410000000001,4495.46,1659.35
Middle East and North Africa,Azerbaijan,Office Supplies,Online,M,2012-06-11,SYN002620,2012-07-23,2132,635.98,497.38,1355909.36,1025491.94,253494.29
Sub-Saharan Africa,Cameroon,Beverages,Offline,C,2015-04-02,SYN002621,2015-04-15,5692,49.45,30.83,281469.4,181511.92,79623.82
Asia,Malaysia,Fruits,Offline,L,2011-11-18,SYN002622,2011-12-28,6230,9.21,6.93,57378.3,41405.89,15020.56
Sub-Saharan Africa,South Sudan,Personal Care,Offline,C,2014-01-01,SYN002623,2014-01-22,2093,84.74,56.24,177360.81999999998,128521.45,55667.36
Sub-Saharan Africa,Djibouti,Snacks,Online,M,2017-02-20,SYN002624,2017-02-27,6893,152.99,92.67,1054560.07,768899.66,406770.24
Europe,Moldova,Personal Care,Online,L,2016-05-03,SYN002625,2016-05-05,5665,81.39,58.25,461074.35,291000.14,129961.56
Central America and the Caribbean,Grenada,Cereal,Online,C,2012-08-29,SYN002626,2012-09-19,2795,192.85,106.71,539015.75,351769.43,253268.25
Sub-Saharan Africa,Sao Tome and Principe,Fruits,Online,C,2014-06-20,SYN002627,2014-07-02,8217,9.61,7.37,78965.37,57983.04,19441.51
Asia,Brunei,Office Supplies,Online,L,2012-04-05,SYN002628,2012-05-09,5984,662.44,514.09,3964040.9600000004,3548634.11,902041.0
Europe,Russia,Office Supplies,Offline,L,2014-05-01,SYN002629,2014-05-08,1837,668.79,518.35,1228567.23,945239.26,205836.75
Europe,Monaco,Baby Food,Offline,H,2012-06-03,SYN002630,2012-06-05,8795,276.52,158.11,2431993.4,1321737.65,841795.98
Europe,Portugal,Baby Food,Online,H,2015-07-24,SYN002631,2015-08-29,1277,252.35,159.47,322250.95,188005.34,128346.12
Sub-Saharan Africa,Zambia,Snacks,Online,L,2011-01-10,SYN002632,2010-12-29,4137,143.62,99.89,594155.9400000001,413323.83,231317.32
Sub-Saharan Africa,Gabon,Personal Care,Offline,L,2012-07-07,SYN002633,2012-07-07,8672,73.11,56.38,634009.92,477766.24,200228.96
Sub-Saharan Africa,Cape Verde,Clothes,Offline,H,2014-08-08,SYN002634,2014-08-17,4052,111.44,34.83,451554.88,145897.13,307328.66
Sub-Saharan Africa,Sao Tome and Principe,Fruits,Online,C,2014-06-23,SYN002635,2014-07-12,8077,9.66,7.14,78023.82,58684.64,18570.61
Sub-Saharan Africa,Djibouti,Cosmetics,Offline,H,2014-04-11,SYN002636,2014-04-20,6966,454.51,248.13,3166116.66,1977486.28,1119926.19
Sub-Saharan Africa,The Gambia,Household,Offline,L,2012-05-23,SYN002637,2012-06-08,2355,698.55,520.86,1645085.25,1159983.13,406699.26
Sub-Saharan Africa,Burkina Faso,Vegetables,Online,H,2012-07-16,SYN002638,2012-08-02,7595,165.57,84.98,1257504.15,670285.6,518147.08
Europe,Austria,Cosmetics,Offline,H,2015-02-23,SYN002639,2015-02-25,2749,414.99,269.13,1140807.51,814124.13,509073.96
Sub-Saharan Africa,Mali,Fruits,Online,L,2010-05-10,SYN002640,2010-05-04,5844,9.17,6.75,53589.48,42949.58,14222.15
Sub-Saharan Africa,Madagascar,Clothes,Offline,L,2015-04-26,SYN002641,2015-05-22,6989,107.56,33.38,751736.84,252689.72,511979.85
Central America and the Caribbean,Belize,Clothes,Offline,M,2016-07-21,SYN002642,2016-09-10,5442,109.65,35.57,596715.3,204087.22,390234.75
North America,Mexico,Personal Care,Offline,M,2015-08-03,SYN002643,2015-08-14,5380,79.43,55.84,427333.4,351559.89,144320.1
Central America and the Caribbean,Nicaragua,Beverages,Offline,C,2011-02-14,SYN002644,2011-03-22,8408,47.55,32.23,399800.39999999997,252764.32,131505.82
Sub-Saharan Africa,Lesotho,Fruits,Online,L,2013-08-16,SYN002645,2013-09-15,8864,8.74,7.36,77471.36,67846.78,23516.09
Sub-Saharan Africa,The Gambia,Household,Offline,L,2012-05-30,SYN002646,2012-06-11,2316,681.94,465.35,1579373.04,1143350.72,384075.82
Sub-Saharan Africa,Burkina Faso,Vegetables,Online,H,2012-07-15,SYN002647,2012-07-30,8385,161.32,98.43,1352668.2,689552.3,487231.49
Central America and the Caribbean,Costa Rica,Personal Care,Offline,L,2017-05-15,SYN002648,2017-05-15,6389,89.35,55.68,570857.1499999999,318933.76,160301.39
Sub-Saharan Africa,Sierra Leone,Office Supplies,Offline,H,2016-12-11,SYN002649,2016-12-16,914,680.22,560.05,621721.0800000001,560194.31,120272.0
Middle East and North Africa,Pakistan,Cosmetics,Offline,L,2013-07-11,SYN002650,2013-08-21,10139,428.25,270.52,4342026.75,2338448.23,1809299.47
Australia and Oceania,New Zealand,Fruits,Online,H,2014-09-02,SYN002651,2014-10-04,1999,8.81,7.01,17611.190000000002,15557.02,5738.99
Sub-Saharan Africa,Mozambique,Household,Offline,L,2012-02-03,SYN002652,2012-02-15,5780,648.57,456.95,3748734.6,2679666.85,912944.08
Sub-Saharan Africa,Comoros,Cereal,Offline,H,2016-03-26,SYN002653,2016-04-28,946,218.62,121.53,206814.52000000002,110285.61,88695.74
Central America and the Caribbean,Honduras,Snacks,Online,L,2016-06-23,SYN002654,2016-07-30,2239,156.09,93.2,349485.51,204621.0,123531.4
Central America and the Caribbean,Belize,Clothes,Offline,M,2016-07-20,SYN002655,2016-09-13,5023,106.56,38.17,535250.88,202906.25,418798.55
Europe,Norway,Baby Food,Online,L,2014-05-13,SYN002656,2014-07-02,7083,258.3,162.09,1829538.9000000001,1226526.0,717762.0
Australia and Oceania,Australia,Beverages,Offline,H,2014-07-14,SYN002657,2014-07-15,10150,50.13,34.28,508819.5,299927.48,146529.97
North America,Mexico,Personal Care,Offline,M,2015-08-05,SYN002658,2015-08-12,5218,88.94,52.27,464088.92,323872.34,125057.81
Europe,France,Cosmetics,Online,H,2017-05-19,SYN002659,2017-06-07,1870,438.45,294.37,819901.5,467150.7,311760.22
Europe,Lithuania,Office Supplies,Offline,H,2010-10-26,SYN002660,2010-11-10,8025,655.15,530.6,5257578.75,4627710.56,1022665.68
Sub-Saharan Africa,Angola,Household,Offline,M,2011-04-19,SYN002661,2011-04-20,4481,618.56,489.88,2771767.36,1990045.46,684251.66
Sub-Saharan Africa,Djibouti,Cereal,Online,H,2017-05-25,SYN002662,2017-06-23,8606,207.51,121.45,1785831.0599999998,977181.69,747572.07
North America,Mexico,Personal Care,Offline,L,2012-02-22,SYN002663,2012-03-18,6655,88.23,56.93,587170.65,327559.21,157505.61
Australia and Oceania,Australia,Office Supplies,Online,C,2015-10-27,SYN002664,2015-11-30,3089,664.83,464.25,2053659.87,1511947.69,400714.0
Middle East and North Africa,Azerbaijan,Office Supplies,Online,M,2012-06-15,SYN002665,2012-07-21,1806,640.44,558.04,1156634.6400000001,1154348.71,246822.96
Central America and the Caribbean,Costa Rica,Personal Care,Offline,L,2017-05-09,SYN002666,2017-05-19,6105,78.32,54.82,478143.6,333885.78,151991.96
Europe,Switzerland,Personal Care,Online,M,2010-12-18,SYN002667,2011-01-25,258,86.02,60.66,22193.16,15691.57,7304.56
Middle East and North Africa,Iran,Cosmetics,Online,H,2016-11-15,SYN002668,2016-12-09,6483,462.62,286.64,2999165.46,1778475.18,1093976.02
Asia,Mongolia,Personal Care,Offline,C,2014-02-25,SYN002669,2014-02-27,4722,85.67,58.06,404533.74,275119.46,126791.46
Asia,Bangladesh,Clothes,Online,L,2017-01-08,SYN002670,2017-02-24,7684,107.9,35.84,829103.6000000001,299983.84,598694.94
Europe,Slovakia,Vegetables,Online,H,2012-10-05,SYN002671,2012-11-06,174,178.71,93.73,31095.54,15641.61,10858.89
Europe,Lithuania,Office Supplies,Offline,H,2010-10-21,SYN002672,2010-11-21,8226,653.03,525.12,5371824.779999999,4400903.34,1077176.14
Sub-Saharan Africa,Comoros,Cereal,Offline,H,2016-04-01,SYN002673,2016-04-27,969,215.93,116.43,209236.17,110595.58,88760.59
Australia and Oceania,Australia,Office Supplies,Online,C,2015-10-28,SYN002674,2015-12-01,2747,659.88,560.41,1812690.36,1520221.59,358451.0
Central America and the Caribbean,Nicaragua,Beverages,Offline,C,2011-02-01,SYN002675,2011-03-22,7922,48.88,34.56,387227.36000000004,263677.4,116123.89
Sub-Saharan Africa,Republic of the Congo,Personal Care,Offline,M,2015-07-17,SYN002676,2015-08-24,5573,83.85,57.54,467296.05,374673.93,165638.13
Sub-Saharan Africa,Kenya,Vegetables,Online,L,2012-03-25,SYN002677,2012-04-01,6280,145.47,85.47,913551.6,572576.11,403232.17
Sub-Saharan Africa,Djibouti,Cereal,Online,H,2017-05-26,SYN002678,2017-06-21,8335,200.51,105.86,1671250.8499999999,947113.33,742668.05
Sub-Saharan Africa,Sierra Leone,Office Supplies,Offline,M,2011-11-26,SYN002679,2012-01-12,3193,690.53,560.49,2204862.29,1837623.68,410569.68
Sub-Saharan Africa,Senegal,Cereal,Online,H,2014-04-22,SYN002680,2014-05-24,6549,205.78,110.32,1347653.22,739598.4,580782.99
Middle East and North Africa,Azerbaijan,Office Supplies,Online,M,2012-06-13,SYN002681,2012-07-30,1903,725.01,536.49,1379694.03,1027188.06,268072.24
Europe,Spain,Household,Offline,L,2012-10-16,SYN002682,2012-11-29,4806,657.02,521.25,3157638.12,2328394.78,806943.97
Central America and the Caribbean,Nicaragua,Beverages,Offline,C,2011-02-03,SYN002683,2011-03-20,7166,47.21,32.49,338306.86,248753.51,120388.09
Middle East and North Africa,Libya,Fruits,Online,L,2015-08-07,SYN002684,2015-09-28,667,8.6,7.17,5736.2,4703.56,1539.96
Sub-Saharan Africa,Sao Tome and Principe,Fruits,Offline,H,2013-09-14,SYN002685,2013-10-21,7504,9.59,6.47,71963.36,56190.65,17182.79
Asia,Turkmenistan,Household,Offline,L,2010-12-24,SYN002686,2011-01-23,3452,663.53,554.02,2290505.56,1810551.93,635048.47
Sub-Saharan Africa,Democratic Republic of the Congo,Beverages,Online,C,2011-05-26,SYN002687,2011-07-16,5884,46.26,33.0,272193.83999999997,191528.98,94639.58
Sub-Saharan Africa,Niger,Personal Care,Online,H,2017-03-18,SYN002688,2017-04-02,3255,86.61,53.29,281915.55,168507.81,76847.33
Australia and Oceania,Federated States of Micronesia,Beverages,Online,C,2014-10-24,SYN002689,2014-11-16,9386,47.07,31.06,441799.02,301753.36,146928.36
North America,Mexico,Personal Care,Offline,L,2012-02-22,SYN002690,2012-03-23,6568,81.33,53.81,534175.44,348319.87,167422.6
Sub-Saharan Africa,Kenya,Vegetables,Online,L,2012-03-25,SYN002691,2012-03-31,6423,157.35,87.18,1010659.0499999999,540755.35,407014.45
Europe,Norway,Beverages,Offline,C,2014-07-18,SYN002692,2014-08-03,5259,43.97,32.73,231238.22999999998,165892.08,82051.5
Middle East and North Africa,Azerbaijan,Office Supplies,Online,M,2012-06-16,SYN002693,2012-07-25,1905,649.16,523.06,1236649.8,1163893.43,229639.95
Middle East and North Africa,Saudi Arabia,Cereal,Online,M,2013-03-20,SYN002694,2013-03-29,3924,185.06,115.96,726175.4400000001,496359.04,369822.33
Sub-Saharan Africa,Madagascar,Clothes,Offline,L,2015-04-18,SYN002695,2015-06-01,7664,106.54,35.4,816522.56,257361.97,559756.53
Europe,France,Cosmetics,Online,H,2017-05-29,SYN002696,2017-06-02,1733,432.04,270.65,748725.3200000001,478959.19,324215.65
Middle East and North Africa,Libya,Fruits,Online,L,2015-08-10,SYN002697,2015-09-27,741,9.59,6.77,7106.19,4799.85,1593.15
Sub-Saharan Africa,Burkina Faso,Vegetables,Online,H,2012-07-18,SYN002698,2012-07-25,8404,153.84,90.08,1292871.36,713184.06,521672.57
Middle East and North Africa,Kuwait,Fruits,Online,M,2012-05-04,SYN002699,2012-05-15,558,9.5,7.63,5301.0,4021.15,1309.6
Sub-Saharan Africa,Mauritania,Office Supplies,Offline,C,2012-01-06,SYN002700,2012-01-06,1275,626.84,506.8,799221.0,636185.19,157157.88
Europe,Moldova,Personal Care,Online,L,2016-05-09,SYN002701,2016-05-07,5259,84.33,60.04,443491.47,287700.03,128233.91
Australia and Oceania,Kiribati,Fruits,Online,M,2014-10-13,SYN002702,2014-11-07,5381,9.25,7.47,49774.25,35695.69,13113.05
Australia and Oceania,Tuvalu,Baby Food,Offline,H,2010-05-21,SYN002703,2010-06-26,9710,265.01,151.52,2573247.1,1434494.73,1014666.54
Sub-Saharan Africa,Cote d'Ivoire,Clothes,Online,C,2012-06-09,SYN002704,2012-07-01,3553,105.56,34.92,375054.68,124307.09,249847.72
Central America and the Caribbean,Grenada,Cereal,Online,C,2012-08-26,SYN002705,2012-09-10,2938,196.34,113.83,576846.92,345212.23,231609.8
Sub-Saharan Africa,Sao Tome and Principe,Beverages,Offline,C,2011-01-10,SYN002706,2011-01-19,9142,46.34,29.18,423640.28,304775.17,137879.37
Sub-Saharan Africa,Sierra Leone,Office Supplies,Offline,M,2011-11-22,SYN002707,2012-01-13,3248,650.64,558.37,2113278.7199999997,1806520.15,423136.23
Sub-Saharan Africa,Sierra Leone,Vegetables,Offline,C,2016-05-29,SYN002708,2016-07-04,1463,156.02,97.61,228257.26,144174.78,94021.18
Sub-Saharan Africa,Lesotho,Fruits,Online,L,2013-08-19,SYN002709,2013-09-16,10232,9.2,6.79,94134.4,62565.34,21328.16
Sub-Saharan Africa,Democratic Republic of the Congo,Beverages,Online,C,2011-05-21,SYN002710,2011-07-19,6216,50.76,32.18,315524.16,168454.81,80458.62
Sub-Saharan Africa,Cape Verde,Clothes,Offline,H,2014-07-31,SYN002711,2014-08-15,4395,104.4,31.57,458838.0,153672.03,324255.72
North America,Mexico,Personal Care,Offline,L,2012-02-10,SYN002712,2012-03-19,6096,80.62,59.9,491459.52,333189.85,153614.03
Sub-Saharan Africa,Sierra Leone,Vegetables,Offline,C,2016-05-31,SYN002713,2016-06-26,1507,157.71,89.14,237668.97,136188.48,91532.88
Sub-Saharan Africa,The Gambia,Cereal,Offline,H,2012-06-03,SYN002714,2012-06-09,1989,195.71,108.38,389267.19,231467.03,188514.32
Australia and Oceania,Australia,Beverages,Offline,H,2014-07-12,SYN002715,2014-07-07,9345,45.59,31.14,426038.55000000005,289338.42,143486.89
Sub-Saharan Africa,Democratic Republic of the Congo,Beverages,Online,C,2011-05-28,SYN002716,2011-07-17,5560,45.92,33.31,255315.2,197437.16,89540.26
Sub-Saharan Africa,Rwanda,Office Supplies,Offline,L,2013-02-06,SYN002717,2013-02-06,5203,688.81,501.11,3583878.4299999997,2564424.5,665868.72
Sub-Saharan Africa,South Sudan,Personal Care,Offline,C,2013-12-25,SYN002718,2014-01-25,2135,73.39,55.06,156687.65,121482.66,52950.88
Europe,Norway,Baby Food,Online,L,2014-05-20,SYN002719,2014-06-23,7239,241.33,163.14,1746987.87,1244943.0,720354.0
Europe,Austria,Cosmetics,Offline,H,2015-02-19,SYN002720,2015-02-23,2585,439.36,249.38,1135745.6,801593.84,495214.67
Asia,Kyrgyzstan,Vegetables,Online,H,2011-06-20,SYN002721,2011-07-11,123,150.72,89.13,18538.56,11928.55,7520.05
Europe,Albania,Clothes,Online,C,2010-02-01,SYN002722,2010-03-21,2329,106.52,32.97,248085.08,76804.85,175236.51
Asia,Malaysia,Fruits,Offline,L,2011-11-04,SYN002723,2011-12-23,6100,9.0,7.31,54900.0,44306.14,15183.63
Europe,Monaco,Baby Food,Offline,H,2012-05-26,SYN002724,2012-06-06,7938,266.91,157.92,2118731.58,1361415.62,772245.06
Europe,Bulgaria,Office Supplies,Online,M,2012-02-19,SYN002725,2012-02-21,4177,678.73,551.86,2835055.21,2115715.88,474149.93
Sub-Saharan Africa,Democratic Republic of the Congo,Beverages,Online,C,2011-05-22,SYN002726,2011-07-12,5968,44.74,31.54,267008.32,181870.46,96949.17
Sub-Saharan Africa,Cameroon,Office Supplies,Online,M,2011-11-06,SYN002727,2011-11-09,5684,660.36,550.41,3753486.24,2761019.48,659730.43
Europe,Monaco,Baby Food,Offline,H,2012-06-01,SYN002728,2012-06-07,8625,262.52,143.78,2264235.0,1398137.23,858746.67
Middle East and North Africa,Kuwait,Fruits,Online,M,2012-04-28,SYN002729,2012-05-12,524,9.67,7.01,5067.08,3674.7,1210.71
North America,Mexico,Personal Care,Offline,L,2012-02-17,SYN002730,2012-03-18,6587,84.5,59.05,556601.5,373063.68,165988.6
Europe,Norway,Beverages,Offline,C,2014-07-20,SYN002731,2014-08-01,5146,47.18,30.21,242788.28,167224.24,80591.9
Australia and Oceania,Solomon Islands,Baby Food,Online,C,2015-02-09,SYN002732,2015-02-15,2878,263.13,157.07,757288.14,426803.24,285096.49
Sub-Saharan Africa,Comoros,Cereal,Offline,H,2016-04-01,SYN002733,2016-04-29,944,203.3,116.05,191915.2,112814.62,84029.72
Europe,Moldova,Personal Care,Online,L,2016-05-04,SYN002734,2016-05-07,5003,82.56,55.58,413047.68,310989.91,130751.95
Central America and the Caribbean,Nicaragua,Beverages,Offline,C,2011-02-02,SYN002735,2011-03-26,8099,49.76,30.73,403006.24,252562.09,127260.91
Australia and Oceania,Tuvalu,Baby Food,Offline,H,2010-05-22,SYN002736,2010-07-03,10449,251.94,159.5,2632521.06,1461942.85,988021.23
North America,Mexico,Personal Care,Offline,L,2012-02-19,SYN002737,2012-03-19,6208,85.24,56.76,529169.9199999999,376242.58,153154.06
Europe,France,Cosmetics,Online,H,2017-05-22,SYN002738,2017-06-01,1807,443.16,273.17,800790.12,478903.43,316684.25
Sub-Saharan Africa,Cameroon,Office Supplies,Online,M,2011-11-13,SYN002739,2011-11-16,5192,656.18,487.27,3406886.5599999996,2991059.29,785678.43
Sub-Saharan Africa,Sao Tome and Principe,Beverages,Offline,C,2011-01-20,SYN002740,2011-01-20,8583,48.18,31.59,413528.94,296221.89,142118.07
Sub-Saharan Africa,Gabon,Personal Care,Offline,L,2012-07-08,SYN002741,2012-07-04,8788,87.74,52.34,771059.12,486025.56,221369.81
Australia and Oceania,East Timor,Meat,Online,L,2012-07-24,SYN002742,2012-09-12,5484,485.28,400.14,2661275.52,2237217.67,335073.05
Europe,United Kingdom,Household,Online,L,2011-12-30,SYN002743,2012-02-20,268,657.12,507.98,176108.16,149075.55,44592.35
Middle East and North Africa,Saudi Arabia,Cereal,Online,M,2013-03-28,SYN002744,2013-04-04,3763,207.87,113.43,782214.81,505309.34,336722.98
Europe,Slovenia,Beverages,Offline,C,2016-10-21,SYN002745,2016-11-29,4649,44.19,32.36,205439.31,139338.43,71571.73
Central America and the Caribbean,Honduras,Snacks,Online,L,2016-06-24,SYN002746,2016-07-28,2131,150.79,94.88,321333.49,192482.0,121947.65
North America,Mexico,Personal Care,Offline,M,2015-08-01,SYN002747,2015-08-06,5814,81.22,55.37,472213.08,300967.28,149986.86
Europe,United Kingdom,Household,Online,L,2012-01-07,SYN002748,2012-02-10,275,651.94,508.39,179283.50000000003,135520.22,42838.72
Australia and Oceania,Australia,Beverages,Offline,H,2014-07-07,SYN002749,2014-07-14,10038,47.13,32.81,473090.94,311365.63,142109.97
Sub-Saharan Africa,Sierra Leone,Office Supplies,Offline,M,2011-11-19,SYN002750,2012-01-02,3287,683.39,491.84,2246302.93,1679149.28,424276.77
Australia and Oceania,Australia,Office Supplies,Online,C,2015-10-24,SYN002751,2015-11-26,2543,677.33,530.45,1722450.1900000002,1453362.46,336454.0
Sub-Saharan Africa,The Gambia,Meat,Online,M,2017-01-20,SYN002752,2017-01-26,4456,440.0,363.5,1960640.0,1668711.33,269470.6
Sub-Saharan Africa,Cote d'Ivoire,Clothes,Online,C,2012-06-15,SYN002753,2012-07-02,3452,103.95,35.05,358835.4,126286.29,262744.65
North America,Mexico,Household,Offline,C,2014-10-30,SYN002754,2014-12-15,7134,679.34,495.67,4846411.5600000005,3432592.73,1080896.6
Middle East and North Africa,Libya,Clothes,Offline,H,2010-10-24,SYN002755,2010-11-17,5957,103.74,36.0,617979.1799999999,227258.58,429785.5
Sub-Saharan Africa,The Gambia,Meat,Online,M,2017-01-18,SYN002756,2017-01-23,4727,412.81,380.57,1951352.87,1891271.84,252909.28
Sub-Saharan Africa,The Gambia,Baby Food,Offline,M,2014-02-04,SYN002757,2014-03-18,5650,237.62,151.2,1342553.0,901197.85,512885.6
Europe,San Marino,Baby Food,Online,L,2013-06-28,SYN002758,2013-06-25,4912,267.01,151.49,1311553.1199999999,746556.0,465853.0
Sub-Saharan Africa,Zambia,Snacks,Online,L,2011-01-01,SYN002759,2011-01-01,3740,170.1,98.35,636174.0,363881.05,224525.63
Asia,Malaysia,Fruits,Offline,L,2011-11-18,SYN002760,2011-12-27,6550,8.85,7.16,57967.5,45394.55,15072.73
Sub-Saharan Africa,Djibouti,Cosmetics,Offline,H,2014-04-05,SYN002761,2014-04-19,8003,454.96,261.23,3641044.88,1659385.77,1192771.82
Middle East and North Africa,Iran,Cosmetics,Online,H,2016-11-10,SYN002762,2016-12-13,6965,380.22,265.19,2648232.3000000003,1681892.49,1144998.38
Middle East and North Africa,Kuwait,Fruits,Online,M,2012-04-30,SYN002763,2012-05-25,532,8.93,6.96,4750.76,4212.16,1255.29
Europe,Iceland,Cosmetics,Online,C,2016-12-25,SYN002764,2016-12-28,8098,411.14,263.85,3329411.7199999997,2511899.08,1554882.22
Middle East and North Africa,Iran,Cosmetics,Online,H,2016-11-17,SYN002765,2016-12-04,6423,471.13,257.01,3026067.9899999998,1832257.42,1140777.47
North America,Mexico,Household,Offline,C,2014-11-01,SYN002766,2014-12-15,7111,663.3,467.83,4716726.3,3235794.78,1155137.16
Central America and the Caribbean,Belize,Clothes,Offline,M,2016-07-22,SYN002767,2016-09-10,5736,106.59,36.49,611400.24,192060.49,423544.19
Asia,Kyrgyzstan,Vegetables,Online,H,2011-06-19,SYN002768,2011-07-16,133,165.32,92.06,21987.559999999998,10881.74,8221.18
Australia and Oceania,Tuvalu,Baby Food,Offline,H,2010-06-03,SYN002769,2010-06-28,10124,248.52,151.76,2516016.48,1668221.9,1067725.98
Middle East and North Africa,Pakistan,Cosmetics,Offline,L,2013-07-09,SYN002770,2013-08-21,10186,484.35,259.56,4933589.100000001,2633539.35,1721744.61
Sub-Saharan Africa,Sao Tome and Principe,Beverages,Offline,C,2011-01-20,SYN002771,2011-01-28,8568,48.45,32.61,415119.60000000003,262190.2,138819.67
Europe,Lithuania,Office Supplies,Offline,H,2010-10-24,SYN002772,2010-11-22,7590,625.32,509.44,4746178.800000001,4653652.15,983691.09
Middle East and North Africa,Libya,Fruits,Online,L,2015-08-14,SYN002773,2015-09-27,695,8.61,6.92,5983.95,4428.94,1502.1
Australia and Oceania,New Zealand,Fruits,Online,H,2014-09-01,SYN002774,2014-10-10,2102,9.33,6.89,19611.66,15702.67,5285.16
Middle East and North Africa,Iran,Cosmetics,Online,H,2016-11-22,SYN002775,2016-12-15,7200,413.99,281.82,2980728.0,1548517.37,1100556.4
Sub-Saharan Africa,Cote d'Ivoire,Clothes,Online,C,2012-06-06,SYN002776,2012-06-24,3350,103.1,34.44,345385.0,125231.95,264185.11
Sub-Saharan Africa,Cote d'Ivoire,Clothes,Online,C,2012-06-01,SYN002777,2012-07-01,3733,112.59,35.1,420298.47000000003,118384.91,261939.74
Sub-Saharan Africa,Rwanda,Office Supplies,Offline,L,2013-01-25,SYN002778,2013-02-02,4985,660.48,526.07,3292492.8000000003,2562807.5,689664.14
Sub-Saharan Africa,Sao Tome and Principe,Fruits,Offline,H,2013-09-22,SYN002779,2013-10-27,7629,9.33,6.38,71178.57,49304.9,18542.18
Sub-Saharan Africa,Cape Verde,Clothes,Offline,H,2014-07-26,SYN002780,2014-08-18,4048,104.94,35.12,424797.12,152916.24,310682.88
Australia and Oceania,Australia,Cereal,Offline,H,2013-06-11,SYN002781,2013-06-28,724,205.02,119.91,148434.48,77475.66,55624.94
Asia,Mongolia,Personal Care,Offline,C,2014-02-16,SYN002782,2014-02-16,4583,90.47,55.19,414624.01,279574.6,123936.16
Central America and the Caribbean,Honduras,Snacks,Online,L,2016-06-30,SYN002783,2016-07-28,2245,161.4,92.88,362343.0,211170.0,127297.97
Sub-Saharan Africa,Angola,Household,Offline,M,2011-04-17,SYN002784,2011-04-20,4121,675.9,490.68,2785383.9,2153915.97,710639.7
Australia and Oceania,Australia,Office Supplies,Online,C,2015-10-22,SYN002785,2015-11-25,2979,625.95,544.65,1864705.05,1518615.55,357606.0
Sub-Saharan Africa,Sierra Leone,Vegetables,Offline,C,2016-05-27,SYN002786,2016-07-06,1334,141.07,94.42,188187.38,135684.14,87451.65
Sub-Saharan Africa,Mali,Fruits,Online,L,2010-05-03,SYN002787,2010-05-13,6243,9.4,7.19,58684.200000000004,39825.74,14267.96
Europe,Norway,Beverages,Offline,C,2014-07-25,SYN002788,2014-07-31,5304,49.39,36.38,261964.56,175641.29,76699.08
Sub-Saharan Africa,Kenya,Vegetables,Online,L,2012-03-11,SYN002789,2012-03-31,5919,146.03,90.51,864351.57,594788.93,393557.86
Europe,Austria,Cosmetics,Offline,H,2015-02-23,SYN002790,2015-02-28,2907,451.74,279.61,1313208.18,683485.53,500460.6
Australia and Oceania,East Timor,Meat,Online,L,2012-08-03,SYN002791,2012-09-05,6320,417.22,374.53,2636830.4000000004,2030873.28,328543.84
Sub-Saharan Africa,Burkina Faso,Vegetables,Online,H,2012-07-23,SYN002792,2012-07-30,7466,147.5,97.54,1101235.0,733955.94,509214.42
Australia and Oceania,Federated States of Micronesia,Beverages,Online,C,2014-10-21,SYN002793,2014-11-22,9501,47.28,31.01,449207.28,317697.98,141420.8
Sub-Saharan Africa,Burkina Faso,Vegetables,Online,H,2012-07-20,SYN002794,2012-07-23,8248,148.32,96.59,1223343.3599999999,782405.15,529461.48
Sub-Saharan Africa,Lesotho,Fruits,Online,L,2013-08-23,SYN002795,2013-09-23,9847,10.08,6.88,99257.76,69008.04,24965.97
Asia,Myanmar,Household,Offline,H,2015-01-21,SYN002796,2015-02-22,8896,654.87,510.22,5825723.5200000005,4006879.0,1390083.04
Middle East and North Africa,Libya,Clothes,Offline,H,2010-10-27,SYN002797,2010-11-22,6178,111.81,37.33,690762.18,230887.31,437061.5
Asia,Bangladesh,Clothes,Online,L,2017-01-14,SYN002798,2017-02-24,8944,106.33,37.9,951015.52,307071.02,622892.14
Asia,Kyrgyzstan,Vegetables,Online,H,2011-06-22,SYN002799,2011-07-16,119,150.56,85.85,17916.64,11303.14,7583.8
Sub-Saharan Africa,Niger,Personal Care,Online,H,2017-03-14,SYN002800,2017-03-29,3009,82.26,55.9,247520.34000000003,171402.96,73802.32
Sub-Saharan Africa,Zambia,Snacks,Online,L,2010-12-31,SYN002801,2011-01-11,3723,147.78,89.67,550184.9400000001,425015.99,218247.74
Europe,Lithuania,Office Supplies,Offline,H,2010-10-27,SYN002802,2010-11-19,8229,592.95,482.08,4879385.550000001,4267298.49,1099610.26
Australia and Oceania,Samoa,Cosmetics,Online,H,2013-07-25,SYN002803,2013-08-03,10416,457.66,271.54,4766986.5600000005,2586920.04,1814051.98
Middle East and North Africa,Libya,Fruits,Online,L,2015-08-15,SYN002804,2015-09-27,662,9.55,7.15,6322.1,4530.78,1416.52
Central America and the Caribbean,Belize,Clothes,Offline,M,2016-07-21,SYN002805,2016-09-02,4977,107.66,37.82,535823.82,182562.19,393684.56
Australia and Oceania,New Zealand,Fruits,Online,H,2014-09-06,SYN002806,2014-09-28,2244,10.05,7.16,22552.2,13750.75,5285.71
Asia,Bangladesh,Clothes,Online,L,2017-01-10,SYN002807,2017-02-28,7753,112.59,37.37,872910.27,290896.14,617023.32
Sub-Saharan Africa,Sao Tome and Principe,Fruits,Offline,H,2013-09-18,SYN002808,2013-10-21,7699,8.74,6.97,67289.26,52677.41,18727.92
Central America and the Caribbean,Belize,Clothes,Offline,M,2016-07-20,SYN002809,2016-09-01,4735,103.11,35.82,488225.85,196874.55,400156.97
Europe,Switzerland,Personal Care,Online,M,2010-12-22,SYN002810,2011-01-25,267,85.65,53.89,22868.550000000003,15450.38,7420.72
Australia and Oceania,New Zealand,Fruits,Online,H,2014-09-14,SYN002811,2014-09-27,2175,9.03,6.71,19640.25,15535.11,4973.55
Middle East and North Africa,Saudi Arabia,Cereal,Online,M,2013-03-26,SYN002812,2013-03-21,4216,188.53,122.05,794842.48,488929.52,329621.47
Sub-Saharan Africa,Democratic Republic of the Congo,Beverages,Online,C,2011-05-23,SYN002813,2011-07-22,5689,46.62,33.06,265221.18,187244.04,89382.79
Sub-Saharan Africa,Kenya,Vegetables,Online,L,2012-03-22,SYN002814,2012-04-09,5775,157.92,89.08,911987.9999999999,645487.39,435031.03
Europe,Romania,Cosmetics,Online,H,2010-11-24,SYN002815,2010-12-21,8172,466.48,247.49,3812074.56,2053995.15,1336451.52
Asia,Malaysia,Fruits,Offline,L,2011-11-04,SYN002816,2011-12-21,6402,9.49,7.17,60754.98,41197.29,15176.37
Sub-Saharan Africa,Rwanda,Office Supplies,Offline,L,2013-01-25,SYN002817,2013-02-02,5148,627.03,498.47,3227950.44,2864892.81,654584.18
Middle East and North Africa,Azerbaijan,Cosmetics,Online,M,2010-01-31,SYN002818,2010-02-28,6684,456.01,263.12,3047970.84,1733805.24,1334477.12
Central America and the Caribbean,Nicaragua,Beverages,Offline,C,2011-02-14,SYN002819,2011-03-24,8217,47.8,31.58,392772.6,269686.12,139513.03
Europe,Slovenia,Beverages,Offline,C,2016-10-17,SYN002820,2016-11-22,4986,46.44,33.72,231549.84,156826.11,76048.31
Australia and Oceania,Australia,Office Supplies,Online,C,2015-10-27,SYN002821,2015-11-18,2868,610.65,518.05,1751344.2,1788360.18,362887.0
Sub-Saharan Africa,Sierra Leone,Vegetables,Offline,C,2016-05-26,SYN002822,2016-06-28,1543,151.13,93.09,233193.59,137290.91,95906.59
Sub-Saharan Africa,The Gambia,Household,Offline,L,2012-05-23,SYN002823,2012-06-06,2365,661.8,475.32,1565157.0,1276255.55,414415.52
North America,Mexico,Personal Care,Offline,M,2015-08-01,SYN002824,2015-08-10,5902,87.3,55.22,515244.6,332420.37,142180.86
Europe,Romania,Cosmetics,Online,H,2010-11-29,SYN002825,2010-12-29,7967,439.49,260.4,3501416.83,2069877.74,1412160.2
Asia,Mongolia,Personal Care,Offline,C,2014-02-26,SYN002826,2014-02-18,5067,84.35,57.2,427401.44999999995,270908.04,129475.59
Sub-Saharan Africa,Madagascar,Clothes,Offline,L,2015-04-19,SYN002827,2015-05-26,7421,117.28,37.88,870334.88,263545.54,551196.44
Europe,Iceland,Cosmetics,Online,C,2017-01-07,SYN002828,2017-01-05,9176,445.84,274.78,4091027.84,2363488.9,1515647.56
Sub-Saharan Africa,Djibouti,Snacks,Online,M,2017-03-04,SYN002829,2017-02-23,7089,160.31,91.36,1136437.59,763438.74,420979.93
Sub-Saharan Africa,Angola,Household,Offline,M,2011-04-17,SYN002830,2011-04-26,4215,651.73,509.85,2747041.95,1636319.26,681903.13
Sub-Saharan Africa,The Gambia,Meat,Online,M,2017-01-19,SYN002831,2017-01-21,4691,452.1,373.96,2120801.1,1713768.13,266990.75
Central America and the Caribbean,Costa Rica,Personal Care,Offline,L,2017-05-14,SYN002832,2017-05-28,6448,77.68,57.5,500880.6400000001,364445.02,163112.14
Australia and Oceania,Tuvalu,Baby Food,Offline,H,2010-05-23,SYN002833,2010-06-27,9214,225.83,160.96,2080797.62,1710193.64,884806.68
Sub-Saharan Africa,The Gambia,Cereal,Offline,H,2012-06-03,SYN002834,2012-06-04,2170,183.39,119.03,397956.3,251677.41,194208.74
Sub-Saharan Africa,Senegal,Cereal,Online,H,2014-04-17,SYN002835,2014-05-28,6709,193.18,123.1,1296044.62,829791.37,555500.81
Europe,Lithuania,Office Supplies,Offline,H,2010-10-27,SYN002836,2010-11-11,8177,666.46,508.11,5449643.42,4291401.23,1092258.0
Europe,Norway,Baby Food,Online,L,2014-05-09,SYN002837,2014-07-01,7491,251.45,155.21,1883611.95,1170076.0,766094.0
Australia and Oceania,Samoa,Cosmetics,Online,H,2013-07-16,SYN002838,2013-08-13,9221,460.54,265.1,4246639.34,2346761.31,1390485.27
Asia,Turkmenistan,Office Supplies,Online,M,2013-04-17,SYN002839,2013-05-17,5430,652.61,518.87,3543672.3000000003,2817625.47,615171.62
Sub-Saharan Africa,Sierra Leone,Office Supplies,Offline,H,2016-12-07,SYN002840,2016-12-19,949,662.18,487.84,628408.82,453262.99,121456.0
Sub-Saharan Africa,Mozambique,Household,Offline,L,2012-02-09,SYN002841,2012-02-08,5253,671.84,509.42,3529175.52,2577826.34,908957.67
Europe,Spain,Household,Offline,L,2012-10-19,SYN002842,2012-11-26,4498,624.14,519.21,2807381.7199999997,2197792.37,710031.13
Sub-Saharan Africa,Djibouti,Cosmetics,Offline,H,2014-04-09,SYN002843,2014-04-21,7451,427.89,260.99,3188208.39,1881886.55,1184188.55
Europe,France,Cosmetics,Online,H,2017-05-22,SYN002844,2017-06-06,1830,438.7,263.74,802821.0,486994.65,321584.78
Central America and the Caribbean,Honduras,Household,Offline,H,2017-02-15,SYN002845,2017-02-13,8320,699.85,483.83,5822752.0,4718334.94,1465338.9
Europe,France,Cosmetics,Online,H,2017-05-20,SYN002846,2017-06-11,1876,426.36,274.49,799851.36,496672.41,322386.67
Asia,Laos,Vegetables,Offline,C,2011-09-13,SYN002847,2011-10-21,4124,155.27,91.01,640333.4800000001,349636.16,228477.13
Australia and Oceania,Australia,Beverages,Offline,H,2014-07-11,SYN002848,2014-07-17,8936,48.3,34.23,431608.8,314370.23,165748.99
Asia,Laos,Vegetables,Offline,C,2011-09-17,SYN002849,2011-10-30,3772,161.74,89.03,610083.28,344104.03,233377.28
Sub-Saharan Africa,Sao Tome and Principe,Fruits,Online,C,2014-06-26,SYN002850,2014-07-12,8257,8.4,7.09,69358.8,56296.88,19759.95
Sub-Saharan Africa,Sao Tome and Principe,Fruits,Offline,H,2013-09-22,SYN002851,2013-10-31,7722,9.0,7.9,69498.0,52641.69,19336.21
Middle East and North Africa,Iran,Cosmetics,Online,H,2016-11-19,SYN002852,2016-12-02,6577,461.36,252.07,3034364.72,1640674.99,1029720.91
Sub-Saharan Africa,Niger,Personal Care,Online,H,2017-03-10,SYN002853,2017-03-27,2869,83.51,58.69,239590.19,172709.25,77425.89
Europe,Switzerland,Personal Care,Online,M,2010-12-19,SYN002854,2011-01-26,280,89.4,62.01,25032.0,15244.94,6970.16
Europe,Switzerland,Personal Care,Online,M,2010-12-30,SYN002855,2011-01-30,282,82.54,59.21,23276.280000000002,15083.39,6811.61
Sub-Saharan Africa,Mauritania,Office Supplies,Offline,C,2012-01-15,SYN002856,2012-01-14,1274,632.86,548.26,806263.64,678823.36,157831.78
Middle East and North Africa,Syria,Fruits,Online,L,2011-11-26,SYN002857,2011-12-09,3765,8.7,6.55,32755.499999999996,26644.38,9075.11
Middle East and North Africa,Kuwait,Fruits,Online,M,2012-05-03,SYN002858,2012-05-14,487,9.38,7.02,4568.06,3580.64,1296.9
Australia and Oceania,Kiribati,Fruits,Online,M,2014-10-07,SYN002859,2014-11-15,5508,9.7,7.4,53427.6,38677.91,13174.63
Europe,Macedonia,Clothes,Offline,C,2014-10-20,SYN002860,2014-11-10,8297,106.95,36.75,887364.15,268447.5,621337.28
Australia and Oceania,New Zealand,Fruits,Online,H,2014-09-04,SYN002861,2014-09-27,2465,9.87,6.79,24329.55,14852.47,5152.46
Europe,Slovakia,Vegetables,Online,H,2012-10-11,SYN002862,2012-11-16,191,153.23,90.15,29266.929999999997,14546.33,10642.03
Europe,Macedonia,Clothes,Offline,C,2014-10-17,SYN002863,2014-11-08,8039,102.11,38.23,820862.29,278533.56,583970.61
Central America and the Caribbean,Honduras,Household,Offline,H,2017-02-13,SYN002864,2017-02-15,8270,662.99,491.7,5482927.3,4630682.56,1558895.98
Asia,Turkmenistan,Office Supplies,Online,M,2013-04-25,SYN002865,2013-05-13,4954,652.5,508.81,3232485.0,2396254.29,597764.25
Europe,Iceland,Cosmetics,Online,C,2016-12-26,SYN002866,2016-12-26,8220,424.96,251.54,3493171.1999999997,2296659.57,1552415.53
Sub-Saharan Africa,Comoros,Cereal,Offline,H,2016-03-29,SYN002867,2016-04-28,1005,193.87,105.9,194839.35,119292.2,86734.1
Europe,Slovakia,Vegetables,Online,H,2012-10-03,SYN002868,2012-11-17,162,151.81,84.55,24593.22,15832.86,10352.76
North America,Mexico,Personal Care,Offline,M,2015-07-27,SYN002869,2015-08-06,5877,83.66,58.09,491669.82,342693.62,148446.5
Sub-Saharan Africa,Sao Tome and Principe,Fruits,Offline,H,2013-09-21,SYN002870,2013-10-19,7251,10.09,6.74,73162.59,57865.99,18456.29
Europe,Austria,Cosmetics,Offline,H,2015-02-26,SYN002871,2015-02-25,2703,433.12,274.15,1170723.36,747761.08,522153.31
Sub-Saharan Africa,Kenya,Vegetables,Online,L,2012-03-18,SYN002872,2012-04-02,5722,147.12,92.98,841820.64,628319.67,408466.44
Middle East and North Africa,Saudi Arabia,Cereal,Online,M,2013-03-26,SYN002873,2013-03-31,4242,187.0,112.91,793254.0,510951.62,358580.92
Sub-Saharan Africa,Comoros,Cereal,Offline,H,2016-03-27,SYN002874,2016-04-23,985,212.84,107.8,209647.4,104305.73,74224.39
Sub-Saharan Africa,Sao Tome and Principe,Fruits,Online,C,2014-06-27,SYN002875,2014-07-12,7502,9.03,6.75,67743.06,55944.0,19038.61
Sub-Saharan Africa,Sierra Leone,Office Supplies,Offline,H,2016-12-01,SYN002876,2016-12-18,984,599.01,539.61,589425.84,457172.5,113770.0
Sub-Saharan Africa,Comoros,Cereal,Offline,H,2016-03-27,SYN002877,2016-05-02,895,201.98,105.95,180772.09999999998,111215.29,83234.76
Australia and Oceania,Kiribati,Fruits,Online,M,2014-10-07,SYN002878,2014-11-14,5249,9.35,6.74,49078.15,39616.63,13265.66
Sub-Saharan Africa,The Gambia,Meat,Online,M,2017-01-12,SYN002879,2017-01-25,4472,427.59,357.44,1912182.48,2006888.88,283599.11
Sub-Saharan Africa,Angola,Household,Offline,M,2011-04-17,SYN002880,2011-05-01,4173,698.99,559.37,2916885.27,2025072.07,658512.05
Australia and Oceania,Fiji,Clothes,Offline,C,2010-07-06,SYN002881,2010-08-04,10095,127.64,37.64,1288525.8,359745.89,738677.88
Asia,Turkmenistan,Office Supplies,Online,M,2013-04-29,SYN002882,2013-05-23,4688,674.55,531.16,3162290.4,2729197.37,670977.19
Europe,Monaco,Baby Food,Offline,H,2012-05-25,SYN002883,2012-05-26,8072,240.85,164.27,1944141.2,1433600.88,868253.64
Europe,United Kingdom,Household,Online,L,2012-01-05,SYN002884,2012-02-08,290,734.91,495.24,213123.9,136980.78,44629.41
Europe,Switzerland,Cosmetics,Offline,M,2012-09-11,SYN002885,2012-10-16,8492,421.64,261.13,3580566.88,2449873.81,1623096.56
Australia and Oceania,Kiribati,Fruits,Online,M,2014-10-20,SYN002886,2014-11-13,5290,8.46,6.9,44753.4,35947.19,13896.89
Australia and Oceania,Federated States of Micronesia,Beverages,Online,C,2014-10-24,SYN002887,2014-11-13,8971,44.6,32.1,400106.60000000003,286239.7,145979.21
Europe,Switzerland,Personal Care,Online,M,2010-12-16,SYN002888,2011-01-28,279,70.27,52.04,19605.329999999998,16390.63,7168.13
Middle East and North Africa,Kuwait,Fruits,Online,M,2012-04-27,SYN002889,2012-05-24,490,10.07,7.29,4934.3,3798.59,1279.61
Sub-Saharan Africa,Sao Tome and Principe,Beverages,Offline,C,2011-01-09,SYN002890,2011-01-19,8958,44.59,29.98,399437.22000000003,264491.84,148242.47
Australia and Oceania,Samoa,Cosmetics,Online,H,2013-07-13,SYN002891,2013-08-05,9884,388.55,257.73,3840428.2,2585088.21,1748760.96
Europe,Portugal,Baby Food,Online,H,2015-07-30,SYN002892,2015-08-28,1248,259.64,151.53,324030.72,196491.85,113138.1
Europe,Romania,Cosmetics,Online,H,2010-11-29,SYN002893,2010-12-24,7760,463.82,265.07,3599243.1999999997,2049685.6,1452374.3
Asia,Turkmenistan,Office Supplies,Online,M,2013-04-30,SYN002894,2013-05-24,5648,650.32,560.2,3673007.3600000003,2655434.44,647163.89
Asia,Turkmenistan,Household,Offline,L,2011-01-02,SYN002895,2011-01-20,3933,650.96,523.37,2560225.68,1855360.14,650837.55
Australia and Oceania,Australia,Cereal,Offline,H,2013-06-10,SYN002896,2013-07-05,683,199.56,115.05,136299.48,92796.15,60450.28
Middle East and North Africa,Iran,Cosmetics,Online,H,2016-11-13,SYN002897,2016-12-01,6809,436.32,259.98,2970902.88,1699256.75,1206066.55
Europe,Switzerland,Personal Care,Online,M,2010-12-16,SYN002898,2011-01-25,287,83.88,59.19,24073.559999999998,15976.24,6712.65
Sub-Saharan Africa,Djibouti,Cosmetics,Offline,H,2014-04-07,SYN002899,2014-04-23,7347,457.54,266.51,3361546.3800000004,2076385.12,1262800.6
Australia and Oceania,Tuvalu,Baby Food,Offline,H,2010-05-24,SYN002900,2010-06-28,9559,247.35,150.62,2364418.65,1556636.77,964718.37
Sub-Saharan Africa,Burkina Faso,Vegetables,Online,H,2012-07-20,SYN002901,2012-07-21,8234,151.26,89.87,1245474.8399999999,728948.35,473207.9
Europe,Macedonia,Clothes,Offline,C,2014-10-08,SYN002902,2014-11-13,7801,113.63,35.25,886427.63,269552.66,578656.05
Asia,Sri Lanka,Cosmetics,Offline,M,2016-11-25,SYN002903,2016-12-18,7065,430.71,264.43,3042966.15,1879446.22,1227047.55
Sub-Saharan Africa,Djibouti,Cereal,Online,H,2017-05-22,SYN002904,2017-06-24,8469,219.74,116.99,1860978.06,890295.8,791244.06
Asia,Brunei,Office Supplies,Online,L,2012-04-03,SYN002905,2012-05-07,6914,654.16,523.68,4522862.24,3582900.61,775542.0
Australia and Oceania,Tuvalu,Baby Food,Offline,H,2010-06-03,SYN002906,2010-07-03,10506,244.45,157.67,2568191.6999999997,1603928.73,969150.09
Europe,Lithuania,Office Supplies,Offline,H,2010-10-17,SYN002907,2010-11-19,8102,638.92,542.31,5176529.84,4096216.56,1057909.46
Sub-Saharan Africa,Mali,Fruits,Online,L,2010-05-14,SYN002908,2010-05-05,5977,9.13,6.62,54570.01,40141.25,13779.26
Australia and Oceania,Federated States of Micronesia,Beverages,Online,C,2014-10-23,SYN002909,2014-11-15,9515,51.21,30.08,487263.15,275620.56,146926.07
Central America and the Caribbean,Honduras,Snacks,Online,L,2016-06-30,SYN002910,2016-07-22,2292,153.32,104.92,351409.44,230045.0,127522.58
Central America and the Caribbean,Grenada,Cereal,Online,C,2012-08-23,SYN002911,2012-09-20,2890,202.59,106.43,585485.1,326464.7,241868.59
Australia and Oceania,Solomon Islands,Baby Food,Online,C,2015-02-11,SYN002912,2015-02-22,2731,253.08,163.36,691161.48,455576.99,302954.15
Australia and Oceania,Australia,Cereal,Offline,H,2013-06-16,SYN002913,2013-07-02,753,212.42,120.49,159952.25999999998,82906.65,65839.35
Sub-Saharan Africa,Mauritania,Office Supplies,Offline,C,2012-01-08,SYN002914,2012-01-19,1311,601.04,484.47,787963.44,698592.21,171175.49
Sub-Saharan Africa,Zambia,Snacks,Online,L,2011-01-09,SYN002915,2011-01-12,4184,145.14,98.51,607265.7599999999,371594.97,228812.31
Europe,United Kingdom,Household,Online,L,2012-01-03,SYN002916,2012-02-16,271,667.52,449.0,180897.91999999998,140679.63,47614.13
Europe,Monaco,Baby Food,Offline,H,2012-05-30,SYN002917,2012-06-05,8489,252.47,158.34,2143217.83,1412514.62,791437.69
Middle East and North Africa,Lebanon,Clothes,Online,L,2012-09-12,SYN002918,2012-10-13,7415,103.07,36.82,764264.0499999999,296332.77,567949.63
Europe,Portugal,Baby Food,Online,H,2015-08-02,SYN002919,2015-09-06,1226,287.19,161.47,352094.94,218316.47,124627.86
Sub-Saharan Africa,Zambia,Snacks,Online,L,2011-01-08,SYN002920,2011-01-08,4212,148.89,92.96,627124.6799999999,420655.7,217318.68
Australia and Oceania,Solomon Islands,Baby Food,Online,C,2015-02-04,SYN002921,2015-02-21,3066,239.74,165.34,735042.8400000001,493467.93,303474.0
Europe,San Marino,Baby Food,Online,L,2013-06-23,SYN002922,2013-06-30,4919,260.17,157.47,1279776.23,798047.0,434442.0
Europe,Norway,Beverages,Offline,C,2014-07-23,SYN002923,2014-08-04,5110,48.48,33.2,247732.8,168287.86,75620.36
Australia and Oceania,Solomon Islands,Baby Food,Online,C,2015-01-28,SYN002924,2015-02-25,3165,251.78,162.62,796883.7,515034.81,292785.09
Central America and the Caribbean,Nicaragua,Beverages,Offline,C,2011-02-06,SYN002925,2011-03-20,8435,48.84,29.97,411965.4,252444.07,125767.68
Sub-Saharan Africa,Cameroon,Office Supplies,Online,M,2011-11-03,SYN002926,2011-11-17,5168,597.74,532.99,3089120.32,2515899.82,684183.19
North America,Mexico,Household,Offline,C,2014-10-30,SYN002927,2014-12-13,7270,699.5,526.86,5085365.0,3500985.64,1158097.67
Europe,Spain,Household,Offline,L,2012-10-17,SYN002928,2012-12-02,4196,644.48,516.51,2704238.08,2095905.75,837720.4
Sub-Saharan Africa,Mozambique,Household,Offline,L,2012-02-08,SYN002929,2012-02-22,5122,620.3,521.45,3177176.5999999996,2765242.01,871319.23
Europe,Moldova,Personal Care,Online,L,2016-05-11,SYN002930,2016-05-05,4872,77.98,63.41,379918.56,287830.72,120666.61
Sub-Saharan Africa,The Gambia,Meat,Online,M,2017-01-15,SYN002931,2017-01-24,4703,418.43,390.43,1967876.29,1669717.28,285909.73
Europe,Slovenia,Beverages,Offline,C,2016-10-18,SYN002932,2016-11-24,4747,49.71,30.97,235973.37,149522.99,76357.18
Australia and Oceania,Samoa,Cosmetics,Online,H,2013-07-27,SYN002933,2013-08-01,9561,410.57,248.12,3925459.77,2590851.14,1498416.75
Europe,Slovenia,Beverages,Offline,C,2016-10-20,SYN002934,2016-11-24,5165,48.68,30.07,251432.2,152542.32,76024.2
Sub-Saharan Africa,Mali,Fruits,Online,L,2010-05-01,SYN002935,2010-05-12,5780,8.51,7.27,49187.799999999996,38516.6,13415.79
Europe,Switzerland,Personal Care,Online,M,2010-12-29,SYN002936,2011-01-30,304,87.0,53.41,26448.0,15841.9,6483.0
Australia and Oceania,East Timor,Meat,Online,L,2012-08-05,SYN002937,2012-09-16,5498,412.47,361.64,2267760.06,2082717.08,334661.78
Sub-Saharan Africa,Sao Tome and Principe,Beverages,Offline,C,2011-01-22,SYN002938,2011-01-20,8973,48.19,34.98,432408.87,275574.85,144623.95
Europe,Lithuania,Office Supplies,Offline,H,2010-10-24,SYN002939,2010-11-24,8734,612.14,552.36,5346430.76,4327792.17,1093747.0
Central America and the Caribbean,Honduras,Household,Offline,H,2017-02-05,SYN002940,2017-02-12,8480,634.73,488.4,5382510.4,4753349.7,1503994.86
Sub-Saharan Africa,Comoros,Cereal,Offline,H,2016-04-03,SYN002941,2016-05-05,950,192.23,115.89,182618.5,109392.89,85731.57
Europe,Iceland,Cosmetics,Online,C,2017-01-07,SYN002942,2017-01-06,9271,412.95,281.4,3828459.4499999997,2272374.51,1602445.35
North America,Mexico,Personal Care,Offline,M,2015-07-29,SYN002943,2015-08-06,5728,85.3,60.15,488598.39999999997,306001.85,146799.57
Sub-Saharan Africa,Sierra Leone,Vegetables,Offline,C,2016-05-31,SYN002944,2016-07-02,1459,151.98,89.19,221738.81999999998,122226.52,95959.6
Asia,Myanmar,Household,Offline,H,2015-01-09,SYN002945,2015-02-25,7503,584.4,528.24,4384753.2,4240511.0,1374209.67
Europe,United Kingdom,Household,Online,L,2012-01-03,SYN002946,2012-02-10,304,759.61,515.71,230921.44,152603.52,47802.33
Sub-Saharan Africa,Cape Verde,Clothes,Offline,H,2014-07-31,SYN002947,2014-08-12,4366,111.57,36.67,487114.62,135993.15,304848.6
Europe,Macedonia,Clothes,Offline,C,2014-10-20,SYN002948,2014-11-21,7018,110.96,37.58,778717.2799999999,277697.18,581121.58
Sub-Saharan Africa,Sierra Leone,Office Supplies,Offline,M,2011-11-22,SYN002949,2012-01-09,3087,591.95,562.29,1827349.6500000001,1798475.89,418047.62
Sub-Saharan Africa,Sao Tome and Principe,Fruits,Offline,H,2013-09-13,SYN002950,2013-10-31,8306,9.05,7.37,75169.3,55480.73,17406.41
Sub-Saharan Africa,Zambia,Snacks,Online,L,2011-01-07,SYN002951,2011-01-12,4036,150.33,96.76,606731.88,393468.98,219477.91
Europe,Romania,Cosmetics,Online,H,2010-11-30,SYN002952,2010-12-28,7676,421.09,262.53,3232286.84,2127942.47,1442555.96
North America,Mexico,Personal Care,Offline,L,2012-02-16,SYN002953,2012-03-18,6502,82.01,56.17,533229.02,369050.76,176246.81
Asia,Mongolia,Personal Care,Offline,C,2014-02-12,SYN002954,2014-02-19,4678,76.3,56.74,356931.39999999997,285651.41,117975.01
Middle East and North Africa,Lebanon,Clothes,Online,L,2012-09-15,SYN002955,2012-10-02,8019,105.15,37.49,843197.8500000001,297583.01,558476.88
Sub-Saharan Africa,Mali,Fruits,Online,L,2010-05-04,SYN002956,2010-05-17,6021,8.92,6.58,53707.32,43617.6,15446.86
Asia,Kyrgyzstan,Vegetables,Online,H,2011-06-20,SYN002957,2011-07-07,141,146.26,92.17,20622.66,11243.04,7413.65
Europe,Switzerland,Cosmetics,Offline,M,2012-09-19,SYN002958,2012-10-24,8804,437.19,274.1,3849020.76,1995163.36,1514959.63
Sub-Saharan Africa,Mozambique,Household,Offline,L,2012-02-09,SYN002959,2012-02-18,5529,639.36,498.69,3535021.44,2688937.84,913171.41
Middle East and North Africa,Azerbaijan,Cosmetics,Online,M,2010-02-03,SYN002960,2010-03-04,6924,400.42,271.93,2772508.08,1943521.43,1270605.05
Europe,Norway,Baby Food,Online,L,2014-05-10,SYN002961,2014-07-01,6974,252.39,151.32,1760167.8599999999,1205137.0,736298.0
Sub-Saharan Africa,Gabon,Personal Care,Offline,L,2012-07-08,SYN002962,2012-07-02,8853,76.4,55.07,676369.2000000001,515990.38,233840.74
Asia,Malaysia,Fruits,Offline,L,2011-11-06,SYN002963,2011-12-28,5659,9.58,7.49,54213.22,43300.32,14828.87
Middle East and North Africa,Iran,Cosmetics,Online,H,2016-11-17,SYN002964,2016-12-02,5948,450.6,263.9,2680168.8000000003,1659313.87,1056899.22
Australia and Oceania,Tuvalu,Baby Food,Offline,H,2010-05-25,SYN002965,2010-07-03,9684,268.34,160.6,2598604.5599999996,1651532.54,957823.38
Australia and Oceania,Fiji,Clothes,Offline,C,2010-07-04,SYN002966,2010-07-29,10347,108.52,35.39,1122856.44,384381.16,679148.72
Europe,France,Cosmetics,Online,H,2017-05-23,SYN002967,2017-06-06,1627,450.38,269.73,732768.26,461467.42,321554.04
Sub-Saharan Africa,Cameroon,Beverages,Offline,C,2015-04-04,SYN002968,2015-04-24,5759,47.72,30.14,274819.48,168504.66,90525.43
Sub-Saharan Africa,The Gambia,Baby Food,Offline,M,2014-02-01,SYN002969,2014-03-17,5869,257.54,157.13,1511502.26,923888.42,522678.77
Sub-Saharan Africa,Cameroon,Beverages,Offline,C,2015-03-27,SYN002970,2015-04-23,6030,50.01,33.58,301560.3,163606.89,86357.3
Middle East and North Africa,Azerbaijan,Cosmetics,Online,M,2010-02-05,SYN002971,2010-03-01,7184,440.65,275.8,3165629.5999999996,1915569.46,1178862.85
Sub-Saharan Africa,The Gambia,Meat,Online,M,2017-01-12,SYN002972,2017-01-23,4317,460.09,387.42,1986208.5299999998,1667212.25,258509.1
Europe,San Marino,Baby Food,Online,L,2013-07-02,SYN002973,2013-06-30,4809,256.53,156.48,1233652.7699999998,709280.0,438682.0
Central America and the Caribbean,Honduras,Snacks,Online,L,2016-07-02,SYN002974,2016-07-26,2218,164.67,100.21,365238.06,204221.0,132738.63
Australia and Oceania,Kiribati,Fruits,Online,M,2014-10-10,SYN002975,2014-11-15,5576,9.09,7.53,50685.84,37223.48,12853.68
Sub-Saharan Africa,Sierra Leone,Office Supplies,Offline,M,2011-11-29,SYN002976,2012-01-13,3447,605.59,514.26,2087468.7300000002,1614108.82,438636.41
Sub-Saharan Africa,Cote d'Ivoire,Clothes,Online,C,2012-06-08,SYN002977,2012-06-20,3829,105.23,32.53,402925.67000000004,135266.29,251058.45
Europe,Slovakia,Vegetables,Online,H,2012-10-13,SYN002978,2012-11-15,166,145.9,89.26,24219.4,16563.96,10824.92
Sub-Saharan Africa,Cameroon,Office Supplies,Online,M,2011-11-05,SYN002979,2011-11-18,5466,595.36,517.59,3254237.7600000002,2792265.43,714773.95
Sub-Saharan Africa,Angola,Household,Offline,M,2011-04-21,SYN002980,2011-04-27,4200,713.11,546.79,2995062.0,2178884.75,685934.24
Europe,Iceland,Cosmetics,Online,C,2017-01-03,SYN002981,2017-01-03,9551,442.4,273.43,4225362.399999999,2409847.33,1431438.65
Australia and Oceania,Fiji,Clothes,Offline,C,2010-07-07,SYN002982,2010-07-26,9815,103.98,37.5,1020563.7000000001,339850.38,741535.93
Sub-Saharan Africa,Cape Verde,Clothes,Offline,H,2014-08-08,SYN002983,2014-08-23,4015,110.36,38.14,443095.4,148238.16,303053.41
Europe,Lithuania,Office Supplies,Offline,H,2010-10-21,SYN002984,2010-11-20,8356,664.72,517.24,5554400.32,4171628.1,1021284.68
Sub-Saharan Africa,The Gambia,Meat,Online,M,2017-01-16,SYN002985,2017-01-22,5056,440.14,344.1,2225347.84,1726089.48,260777.51
Europe,Slovakia,Vegetables,Online,H,2012-10-13,SYN002986,2012-11-13,172,157.36,91.54,27065.920000000002,14844.4,10598.55
Middle East and North Africa,Iran,Cosmetics,Online,H,2016-11-15,SYN002987,2016-12-02,6198,446.36,255.11,2766539.2800000003,1704820.68,1059684.13
Asia,Myanmar,Clothes,Online,H,2015-11-17,SYN002988,2015-11-18,6199,95.31,39.71,590826.6900000001,201978.7,476152.18
Middle East and North Africa,Iran,Cosmetics,Online,H,2016-11-14,SYN002989,2016-12-09,6805,425.85,287.44,2897909.25,1680835.9,1087968.35
Sub-Saharan Africa,Rwanda,Office Supplies,Offline,L,2013-01-31,SYN002990,2013-02-07,4934,673.09,557.13,3321026.06,2696057.82,620168.14
Asia,Myanmar,Clothes,Online,H,2015-11-17,SYN002991,2015-11-11,6426,113.87,38.92,731728.62,194216.27,472041.66
Sub-Saharan Africa,Comoros,Cereal,Offline,H,2016-04-03,SYN002992,2016-05-06,903,207.82,127.32,187661.46,116944.91,83780.91
Europe,Russia,Office Supplies,Offline,L,2014-05-04,SYN002993,2014-05-08,1780,697.64,525.33,1241799.2,946534.76,212529.46
Central America and the Caribbean,Haiti,Cosmetics,Offline,H,2013-10-15,SYN002994,2013-11-15,1690,410.0,251.51,692900.0,479250.39,292313.39
Europe,Norway,Beverages,Offline,C,2014-07-21,SYN002995,2014-08-03,5154,46.55,31.45,239918.69999999998,165476.81,81724.86
Sub-Saharan Africa,Burkina Faso,Vegetables,Online,H,2012-07-14,SYN002996,2012-07-28,8072,161.93,93.71,1307098.96,805292.11,537661.61
Europe,Lithuania,Office Supplies,Offline,H,2010-10-20,SYN002997,2010-11-19,8235,645.95,496.02,5319398.25,4766115.0,1008699.17
Europe,Lithuania,Office Supplies,Offline,H,2010-10-31,SYN002998,2010-11-13,8362,652.87,529.16,5459298.94,3913683.28,1105895.86
Sub-Saharan Africa,The Gambia,Baby Food,Offline,M,2014-01-28,SYN002999,2014-03-21,5475,255.08,161.77,1396563.0,888481.37,508416.44
Sub-Saharan Africa,Lesotho,Fruits,Online,L,2013-08-12,SYN003000,2013-09-19,9133,9.19,7.02,83932.26999999999,66930.32,21093.75
Sub-Saharan Africa,Angola,Household,Offline,M,2011-04-20,SYN003001,2011-04-25,3873,677.82,513.74,2625196.8600000003,2107463.1,694735.81
Europe,Slovakia,Vegetables,Online,H,2012-09-29,SYN003002,2012-11-10,169,158.11,90.51,26720.590000000004,16798.71,10572.73
Sub-Saharan Africa,The Gambia,Baby Food,Offline,M,2014-02-07,SYN003003,2014-03-25,5425,264.37,176.4,1434207.25,874363.67,518868.21
Australia and Oceania,East Timor,Meat,Online,L,2012-08-01,SYN003004,2012-09-13,6163,424.91,386.49,2618720.33,2032483.43,334848.95
Europe,Russia,Office Supplies,Offline,L,2014-05-04,SYN003005,2014-05-11,1792,630.84,494.69,1130465.28,960429.87,227842.75
Asia,Laos,Vegetables,Offline,C,2011-09-17,SYN003006,2011-10-22,3840,150.11,91.0,576422.4,337526.59,262973.64
Australia and Oceania,Australia,Office Supplies,Online,C,2015-10-27,SYN003007,2015-11-22,3119,670.04,532.51,2089854.7599999998,1524877.44,369248.0
Europe,Monaco,Baby Food,Offline,H,2012-06-02,SYN003008,2012-06-03,8296,276.35,166.48,2292599.6,1475897.66,828646.8
Sub-Saharan Africa,Sao Tome and Principe,Beverages,Offline,C,2011-01-12,SYN003009,2011-01-18,8871,44.96,33.04,398840.16000000003,292111.72,138698.07
Europe,Norway,Baby Food,Online,L,2014-05-10,SYN003010,2014-07-05,8007,260.15,156.86,2083021.0499999998,1215190.0,726582.0
Europe,France,Cosmetics,Online,H,2017-05-22,SYN003011,2017-06-09,1823,437.37,278.36,797325.51,481442.65,313017.52
Sub-Saharan Africa,South Sudan,Personal Care,Offline,C,2013-12-25,SYN003012,2014-02-02,2131,82.12,57.21,174997.72,126910.92,55321.85
Sub-Saharan Africa,Djibouti,Snacks,Online,M,2017-03-03,SYN003013,2017-02-23,6819,166.44,90.89,1134954.3599999999,704884.45,395256.73
Europe,Moldova,Personal Care,Online,L,2016-05-14,SYN003014,2016-05-12,4767,85.36,60.58,406911.12,296371.51,117802.78
Australia and Oceania,Australia,Beverages,Offline,H,2014-07-05,SYN003015,2014-07-06,8861,45.45,30.82,402732.45,325199.86,144860.18
Sub-Saharan Africa,Republic of the Congo,Personal Care,Offline,M,2015-07-19,SYN003016,2015-08-24,6062,87.94,57.91,533092.28,322976.75,143328.82
Europe,Moldova,Personal Care,Online,L,2016-05-12,SYN003017,2016-05-06,5199,75.2,58.49,390964.8,279385.1,130473.96
Europe,Monaco,Baby Food,Offline,H,2012-05-31,SYN003018,2012-05-29,8119,261.15,162.02,2120276.8499999996,1376945.84,866865.93
Europe,Macedonia,Clothes,Offline,C,2014-10-20,SYN003019,2014-11-09,7723,107.81,34.24,832616.63,288934.94,597314.61
Sub-Saharan Africa,Cameroon,Office Supplies,Online,M,2011-11-11,SYN003020,2011-11-12,5921,635.27,480.93,3761433.67,2848204.83,686621.23
Europe,Monaco,Baby Food,Offline,H,2012-05-23,SYN003021,2012-06-09,8255,268.93,152.44,2220017.15,1342937.82,765966.52
Sub-Saharan Africa,Mali,Clothes,Online,M,2011-07-20,SYN003022,2011-09-08,858,109.26,36.31,93745.08,31860.49,64182.43
Australia and Oceania,Australia,Beverages,Offline,H,2014-07-04,SYN003023,2014-07-07,8986,48.36,32.6,434562.96,286589.18,139096.34
Sub-Saharan Africa,Sao Tome and Principe,Fruits,Online,C,2014-06-13,SYN003024,2014-07-03,7519,9.77,6.7,73460.62999999999,60930.35,18838.61
Sub-Saharan Africa,Cape Verde,Clothes,Offline,H,2014-08-02,SYN003025,2014-08-16,4226,119.28,33.42,504077.28,161770.96,283558.85
Europe,Bulgaria,Office Supplies,Online,M,2012-02-16,SYN003026,2012-02-27,3969,679.06,494.51,2695189.1399999997,2115671.43,453194.5
Central America and the Caribbean,Costa Rica,Personal Care,Offline,L,2017-05-04,SYN003027,2017-05-24,6331,88.85,57.41,562509.35,350776.31,157456.7
Middle East and North Africa,Libya,Fruits,Online,L,2015-08-12,SYN003028,2015-10-01,659,8.49,7.11,5594.91,4421.23,1753.18
Asia,Laos,Vegetables,Offline,C,2011-09-09,SYN003029,2011-10-30,4000,157.87,92.31,631480.0,350338.21,233203.32
Europe,Spain,Household,Offline,L,2012-10-19,SYN003030,2012-11-29,4703,724.14,481.02,3405630.42,2259025.11,845885.9
Europe,Switzerland,Personal Care,Online,M,2010-12-17,SYN003031,2011-02-01,284,89.58,58.38,25440.72,14279.8,7257.3
Sub-Saharan Africa,Mozambique,Household,Offline,L,2012-02-17,SYN003032,2012-02-10,5547,598.82,508.56,3321654.5400000005,2762857.94,963457.0
Australia and Oceania,Samoa,Cosmetics,Online,H,2013-07-20,SYN003033,2013-08-09,8497,475.08,256.29,4036754.76,2504708.31,1554545.3
North America,Mexico,Household,Offline,C,2014-11-13,SYN003034,2014-12-11,7082,701.09,516.71,4965119.38,3547715.0,1208732.28
Central America and the Caribbean,Belize,Clothes,Offline,M,2016-07-23,SYN003035,2016-09-12,5515,109.16,36.66,602017.4,201370.04,435606.07
Sub-Saharan Africa,Djibouti,Snacks,Online,M,2017-02-26,SYN003036,2017-02-20,7534,164.23,97.51,1237308.8199999998,712183.09,395419.91
Sub-Saharan Africa,The Gambia,Baby Food,Offline,M,2014-01-29,SYN003037,2014-03-25,5583,260.67,160.0,1455320.61,861749.39,518591.85
Sub-Saharan Africa,Senegal,Cereal,Online,H,2014-04-13,SYN003038,2014-05-24,6630,194.08,112.79,1286750.4000000001,746481.64,597384.87
Australia and Oceania,Australia,Office Supplies,Online,C,2015-10-20,SYN003039,2015-11-29,2880,612.19,511.65,1763107.2000000002,1609530.2,358121.0
Middle East and North Africa,Iran,Cosmetics,Online,H,2016-11-11,SYN003040,2016-12-11,5681,391.42,279.75,2223657.02,1591073.1,1138438.68
Central America and the Caribbean,Haiti,Cosmetics,Offline,H,2013-10-20,SYN003041,2013-11-14,1650,492.87,245.67,813235.5,487959.02,298500.09
Europe,Romania,Cosmetics,Online,H,2010-11-25,SYN003042,2010-12-26,8477,411.68,293.36,3489811.36,1912078.03,1254189.67
Asia,Myanmar,Clothes,Online,H,2015-11-20,SYN003043,2015-11-22,5720,111.77,37.65,639324.4,209826.61,453083.72
Central America and the Caribbean,Honduras,Household,Offline,H,2017-02-12,SYN003044,2017-02-17,8656,751.11,499.88,6501608.16,4250198.49,1656957.47
Central America and the Caribbean,Haiti,Cosmetics,Offline,H,2013-10-17,SYN003045,2013-11-18,1531,447.31,257.37,684831.61,463015.05,281684.2
Europe,Romania,Cosmetics,Online,H,2010-11-26,SYN003046,2010-12-18,7989,467.74,234.52,3736774.86,2046487.52,1386370.17
Sub-Saharan Africa,Mozambique,Household,Offline,L,2012-02-06,SYN003047,2012-02-16,5554,654.59,505.21,3635592.8600000003,2532724.97,883211.02
Middle East and North Africa,Saudi Arabia,Cereal,Online,M,2013-03-18,SYN003048,2013-03-27,3851,204.61,106.44,787953.1100000001,476927.06,396377.1
North America,Mexico,Personal Care,Offline,L,2012-02-16,SYN003049,2012-03-22,6251,89.1,53.87,556964.1,346462.61,173465.71
Asia,Turkmenistan,Office Supplies,Online,M,2013-04-24,SYN003050,2013-05-16,5411,646.44,556.88,3497886.8400000003,2634274.97,655569.39
Central America and the Caribbean,Honduras,Household,Offline,H,2017-02-02,SYN003051,2017-02-19,8891,665.28,513.9,5915004.4799999995,4452920.07,1521921.73
Europe,Slovakia,Vegetables,Online,H,2012-10-05,SYN003052,2012-11-11,148,157.04,81.78,23241.92,16132.68,11344.31
Europe,Bulgaria,Office Supplies,Online,M,2012-02-19,SYN003053,2012-02-24,4138,669.95,557.38,2772253.1,2228713.21,486818.85
Middle East and North Africa,Libya,Clothes,Offline,H,2010-10-30,SYN003054,2010-11-12,6356,111.33,36.95,707613.48,215168.25,448557.91
Europe,Spain,Household,Offline,L,2012-10-24,SYN003055,2012-12-07,4344,689.12,557.45,2993537.28,2494773.67,689103.26
North America,Mexico,Personal Care,Offline,L,2012-02-19,SYN003056,2012-03-22,6162,85.61,53.63,527528.82,390751.57,161847.13
Middle East and North Africa,Syria,Fruits,Online,L,2011-11-23,SYN003057,2011-12-04,3689,9.65,7.03,35598.85,25133.0,9223.52
Australia and Oceania,Australia,Cereal,Offline,H,2013-06-14,SYN003058,2013-06-30,746,198.21,120.18,147864.66,82936.06,62620.65
Asia,Bangladesh,Clothes,Online,L,2017-01-19,SYN003059,2017-03-08,7703,104.08,37.14,801728.24,291194.77,603691.74
Middle East and North Africa,Azerbaijan,Office Supplies,Online,M,2012-06-06,SYN003060,2012-07-22,2016,691.15,473.04,1393358.4,1119175.35,254118.08
Sub-Saharan Africa,Sierra Leone,Vegetables,Offline,C,2016-05-30,SYN003061,2016-06-29,1576,160.35,96.26,252711.59999999998,148974.67,88769.94
Australia and Oceania,East Timor,Meat,Online,L,2012-08-01,SYN003062,2012-09-08,5963,418.5,370.12,2495515.5,2016458.24,328720.71
Sub-Saharan Africa,Angola,Household,Offline,M,2011-04-17,SYN003063,2011-04-27,4289,711.75,501.1,3052695.75,2126903.13,663940.73
Australia and Oceania,New Zealand,Fruits,Online,H,2014-09-13,SYN003064,2014-10-10,2143,9.74,7.28,20872.82,15951.94,5294.1
Middle East and North Africa,Libya,Clothes,Offline,H,2010-11-02,SYN003065,2010-11-24,6308,105.34,35.67,664484.72,212103.65,447154.3
Asia,Brunei,Office Supplies,Online,L,2012-04-04,SYN003066,2012-05-09,6448,645.06,537.07,4159346.8799999994,3335159.04,831381.0
Australia and Oceania,East Timor,Meat,Online,L,2012-07-26,SYN003067,2012-09-13,6325,429.61,361.41,2717283.25,2105155.86,328900.03
Sub-Saharan Africa,Senegal,Cereal,Online,H,2014-04-21,SYN003068,2014-05-26,6537,194.4,127.19,1270792.8,772382.8,590443.48
Central America and the Caribbean,Haiti,Cosmetics,Offline,H,2013-10-16,SYN003069,2013-11-20,1599,427.97,252.66,684324.03,466650.11,270904.63
Europe,Norway,Baby Food,Online,L,2014-05-14,SYN003070,2014-06-21,7490,248.47,142.16,1861040.3,1154568.0,684974.0
Europe,Bulgaria,Clothes,Online,M,2012-04-28,SYN003071,2012-06-04,1678,101.02,37.95,169511.56,57303.86,124095.46
Sub-Saharan Africa,Comoros,Cereal,Offline,H,2016-04-03,SYN003072,2016-04-27,852,187.97,114.97,160150.44,107432.43,77440.2
Sub-Saharan Africa,Sao Tome and Principe,Fruits,Offline,H,2013-09-15,SYN003073,2013-10-20,7745,10.23,6.87,79231.35,48551.52,18419.28
Asia,Mongolia,Personal Care,Offline,C,2014-02-25,SYN003074,2014-02-22,4860,79.97,54.95,388654.2,295918.02,115353.77
Sub-Saharan Africa,Mali,Clothes,Online,M,2011-07-26,SYN003075,2011-09-07,858,105.26,38.37,90313.08,29935.23,65980.99
Asia,Laos,Vegetables,Offline,C,2011-09-17,SYN003076,2011-10-24,3778,154.92,91.99,585287.76,302977.37,232736.69
Sub-Saharan Africa,Cape Verde,Clothes,Offline,H,2014-08-04,SYN003077,2014-08-21,4265,105.17,36.85,448550.05,154825.65,333583.22
Australia and Oceania,Australia,Beverages,Offline,H,2014-07-09,SYN003078,2014-07-11,9728,49.68,30.82,483287.04,323409.94,159924.14
Asia,Brunei,Office Supplies,Online,L,2012-03-25,SYN003079,2012-05-06,7008,622.29,489.2,4361008.319999999,3414091.7,839716.0
Europe,Lithuania,Office Supplies,Offline,H,2010-10-24,SYN003080,2010-11-11,8228,662.68,498.05,5452531.04,4307564.4,1085600.31
Sub-Saharan Africa,Kenya,Vegetables,Online,L,2012-03-24,SYN003081,2012-04-10,6307,150.33,95.69,948131.31,599263.7,412422.09
Middle East and North Africa,Libya,Fruits,Online,L,2015-08-18,SYN003082,2015-09-27,670,8.69,7.04,5822.299999999999,4584.14,1637.18
Central America and the Caribbean,Honduras,Household,Offline,H,2017-02-10,SYN003083,2017-02-18,9229,687.28,543.26,6342907.12,4485738.86,1401445.22
Europe,Switzerland,Personal Care,Online,M,2010-12-16,SYN003084,2011-02-07,263,74.68,58.93,19640.84,15600.51,6555.89
Sub-Saharan Africa,Mozambique,Household,Offline,L,2012-02-12,SYN003085,2012-02-20,5122,617.61,498.62,3163398.42,2675642.37,881343.14
Australia and Oceania,New Zealand,Fruits,Online,H,2014-09-13,SYN003086,2014-10-01,2340,9.82,6.84,22978.8,14323.55,4930.35
Sub-Saharan Africa,Kenya,Vegetables,Online,L,2012-03-24,SYN003087,2012-04-02,6790,152.56,92.77,1035882.4,568060.18,433008.65
Europe,Slovakia,Vegetables,Online,H,2012-10-12,SYN003088,2012-11-10,181,149.18,86.4,27001.58,16630.6,10679.98
Europe,Norway,Beverages,Offline,C,2014-07-17,SYN003089,2014-08-05,5138,48.17,32.61,247497.46000000002,162120.78,81420.77
Europe,Slovakia,Vegetables,Online,H,2012-10-09,SYN003090,2012-11-16,175,147.14,87.66,25749.499999999996,15925.56,10200.02
Sub-Saharan Africa,Sierra Leone,Office Supplies,Offline,H,2016-12-07,SYN003091,2016-12-20,975,659.94,537.59,643441.5,502660.98,114697.0
Central America and the Caribbean,Grenada,Cereal,Online,C,2012-08-20,SYN003092,2012-09-22,2878,205.81,119.7,592321.18,319539.75,268933.34
Europe,Slovakia,Vegetables,Online,H,2012-10-08,SYN003093,2012-11-17,167,163.87,96.3,27366.29,15925.09,9513.59
Europe,Austria,Cosmetics,Offline,H,2015-02-19,SYN003094,2015-03-02,2934,401.78,280.63,1178822.52,733994.2,482908.25
Sub-Saharan Africa,Sierra Leone,Office Supplies,Offline,M,2011-11-28,SYN003095,2012-01-11,3621,630.37,564.28,2282569.77,1730821.53,399434.63
Sub-Saharan Africa,Djibouti,Cereal,Online,H,2017-05-18,SYN003096,2017-06-16,9135,209.92,119.2,1917619.2,1071651.08,829632.02
Sub-Saharan Africa,Sao Tome and Principe,Fruits,Offline,H,2013-09-17,SYN003097,2013-10-20,8092,9.0,6.78,72828.0,55089.44,17643.32
Europe,Norway,Baby Food,Online,L,2014-05-14,SYN003098,2014-06-21,7381,262.15,159.53,1934929.15,1165166.0,683766.0
Sub-Saharan Africa,Mozambique,Household,Offline,L,2012-02-06,SYN003099,2012-02-08,4882,705.03,485.12,3441956.46,2698048.01,843968.18
Middle East and North Africa,Libya,Clothes,Offline,H,2010-11-05,SYN003100,2010-11-10,6588,112.18,37.15,739041.8400000001,221040.12,485146.0
Europe,Norway,Baby Food,Online,L,2014-05-08,SYN003101,2014-06-23,6827,270.35,173.62,1845679.4500000002,1195076.0,768936.0
Sub-Saharan Africa,Gabon,Personal Care,Offline,L,2012-07-04,SYN003102,2012-07-12,8086,84.07,54.25,679790.0199999999,466563.01,232119.53
Central America and the Caribbean,Nicaragua,Beverages,Offline,C,2011-02-02,SYN003103,2011-03-24,8957,46.84,33.18,419545.88,265464.51,131056.35
Europe,Bulgaria,Clothes,Online,M,2012-04-29,SYN003104,2012-06-02,1684,111.21,34.98,187277.63999999998,62455.61,127405.46
Europe,Moldova,Personal Care,Online,L,2016-05-08,SYN003105,2016-05-17,5151,78.25,56.98,403065.75,299145.01,125292.91
Europe,Russia,Office Supplies,Offline,L,2014-04-27,SYN003106,2014-05-07,1685,651.72,500.38,1098148.2,938936.5,222270.38
Europe,Norway,Baby Food,Online,L,2014-05-08,SYN003107,2014-06-27,7955,274.56,157.86,2184124.8,1185337.0,727934.0
Sub-Saharan Africa,The Gambia,Cereal,Offline,H,2012-06-08,SYN003108,2012-06-13,2214,215.39,126.52,476873.45999999996,244773.2,201591.31
Europe,Norway,Beverages,Offline,C,2014-07-21,SYN003109,2014-07-30,5237,45.05,31.51,235926.84999999998,160237.1,72207.72
Sub-Saharan Africa,Burkina Faso,Vegetables,Online,H,2012-07-11,SYN003110,2012-07-21,8351,139.3,89.5,1163294.3,687876.69,453860.82
Europe,France,Cosmetics,Online,H,2017-05-23,SYN003111,2017-05-30,1818,457.82,291.28,832316.76,463532.87,320999.25
Central America and the Caribbean,Honduras,Household,Offline,H,2017-02-09,SYN003112,2017-02-17,8487,714.67,482.47,6065404.29,4725184.59,1512782.57
Asia,Kyrgyzstan,Vegetables,Online,H,2011-06-26,SYN003113,2011-07-06,123,159.76,91.04,19650.48,10541.68,7318.33
Central America and the Caribbean,Grenada,Cereal,Online,C,2012-08-29,SYN003114,2012-09-10,2769,201.82,119.99,558839.58,343325.06,256685.13
Australia and Oceania,Australia,Office Supplies,Online,C,2015-11-03,SYN003115,2015-11-25,2869,621.48,517.64,1783026.12,1467255.92,379052.0
Middle East and North Africa,Pakistan,Cosmetics,Offline,L,2013-07-06,SYN003116,2013-08-23,10557,419.11,269.76,4424544.2700000005,2719453.32,1664214.04
Asia,Turkmenistan,Household,Offline,L,2010-12-27,SYN003117,2011-01-23,3941,666.81,483.5,2627898.21,1973235.76,671675.67
Sub-Saharan Africa,The Gambia,Meat,Online,M,2017-01-20,SYN003118,2017-01-25,4915,455.47,330.96,2238635.0500000003,1765858.02,266410.24
Sub-Saharan Africa,Democratic Republic of the Congo,Beverages,Online,C,2011-05-28,SYN003119,2011-07-11,5755,48.5,32.33,279117.5,181381.14,85828.29
Middle East and North Africa,Azerbaijan,Cosmetics,Online,M,2010-02-03,SYN003120,2010-03-02,7109,414.1,267.27,2943836.9000000004,1798861.16,1224334.09
Asia,Sri Lanka,Cosmetics,Offline,M,2016-11-26,SYN003121,2016-12-22,7400,449.3,274.94,3324820.0,1812394.83,1104269.35
Middle East and North Africa,Lebanon,Clothes,Online,L,2012-09-18,SYN003122,2012-10-03,8088,119.11,35.39,963361.68,262390.35,588842.75
Sub-Saharan Africa,The Gambia,Cereal,Offline,H,2012-06-14,SYN003123,2012-06-15,2032,213.21,120.25,433242.72000000003,235752.03,178396.99
North America,Mexico,Personal Care,Offline,L,2012-02-13,SYN003124,2012-03-16,6903,84.98,58.99,586616.9400000001,361291.78,157235.0
Asia,Sri Lanka,Cosmetics,Offline,M,2016-11-23,SYN003125,2016-12-20,6715,447.33,262.77,3003820.9499999997,1957919.05,1144089.17
Europe,Albania,Clothes,Online,C,2010-02-02,SYN003126,2010-03-17,2196,109.69,34.9,240879.24,80644.66,170841.37
Sub-Saharan Africa,Burkina Faso,Vegetables,Online,H,2012-07-19,SYN003127,2012-07-22,8745,148.57,88.69,1299244.65,771369.9,507531.27
Asia,Laos,Vegetables,Offline,C,2011-09-20,SYN003128,2011-10-16,3857,142.66,87.68,550239.62,336629.3,243928.38
Middle East and North Africa,Syria,Fruits,Online,L,2011-11-16,SYN003129,2011-12-09,3706,9.55,7.04,35392.3,25292.77,9237.47
Sub-Saharan Africa,Angola,Household,Offline,M,2011-04-22,SYN003130,2011-04-20,4203,650.81,493.78,2735354.4299999997,2058811.56,729728.33
Australia and Oceania,East Timor,Meat,Online,L,2012-07-27,SYN003131,2012-09-18,5598,414.07,338.2,2317963.86,2142604.34,341525.39
Europe,Bulgaria,Office Supplies,Online,M,2012-02-10,SYN003132,2012-03-02,4100,693.15,537.97,2841915.0,2155483.38,529266.86
Europe,Moldova,Personal Care,Online,L,2016-04-30,SYN003133,2016-05-12,5434,79.88,59.29,434067.92,260675.79,131321.05
Europe,Austria,Cosmetics,Offline,H,2015-02-22,SYN003134,2015-03-01,2692,459.9,236.57,1238050.8,756670.15,530538.43
North America,Mexico,Personal Care,Offline,L,2012-02-17,SYN003135,2012-03-16,6534,74.47,58.5,486586.98,342222.29,155210.77
Central America and the Caribbean,Costa Rica,Personal Care,Offline,L,2017-05-12,SYN003136,2017-05-24,6483,80.41,56.08,521298.02999999997,371781.31,170812.97
Sub-Saharan Africa,Senegal,Cereal,Online,H,2014-04-22,SYN003137,2014-05-28,6323,201.18,113.71,1272061.1400000001,758289.3,572397.14
Sub-Saharan Africa,Cameroon,Office Supplies,Online,M,2011-11-06,SYN003138,2011-11-13,4986,630.63,504.54,3144321.18,2788112.81,729956.72
Europe,Monaco,Baby Food,Offline,H,2012-06-04,SYN003139,2012-05-26,8772,226.92,155.43,1990542.24,1376341.09,837621.37
Sub-Saharan Africa,Kenya,Vegetables,Online,L,2012-03-11,SYN003140,2012-04-13,5640,133.99,93.4,755703.6000000001,578394.37,399709.64
Asia,Mongolia,Personal Care,Offline,C,2014-02-21,SYN003141,2014-02-25,4145,81.6,62.29,338232.0,248836.64,128569.76
Australia and Oceania,Australia,Cereal,Offline,H,2013-06-09,SYN003142,2013-06-28,658,201.4,107.69,132521.2,81135.21,64557.75
Middle East and North Africa,Kuwait,Fruits,Online,M,2012-05-06,SYN003143,2012-05-18,566,9.47,6.74,5360.02,3627.18,1242.83
Central America and the Caribbean,Haiti,Cosmetics,Offline,H,2013-10-06,SYN003144,2013-11-13,1671,418.51,271.22,699330.21,484515.17,294455.93
Sub-Saharan Africa,South Sudan,Personal Care,Offline,C,2013-12-22,SYN003145,2014-02-04,2213,80.84,58.71,178898.92,108960.74,50119.7
Sub-Saharan Africa,The Gambia,Household,Offline,L,2012-06-01,SYN003146,2012-06-14,2105,662.79,464.68,1395172.95,1205766.27,366223.56
Sub-Saharan Africa,Niger,Personal Care,Online,H,2017-03-16,SYN003147,2017-04-01,3015,82.03,52.48,247320.45,182778.64,71527.19
Central America and the Caribbean,Haiti,Cosmetics,Offline,H,2013-10-10,SYN003148,2013-11-21,1670,443.0,277.26,739810.0,451143.89,298209.1
Sub-Saharan Africa,Rwanda,Office Supplies,Offline,L,2013-01-31,SYN003149,2013-02-04,5093,631.47,477.78,3216076.71,2729295.1,657470.23
Middle East and North Africa,Kuwait,Fruits,Online,M,2012-04-26,SYN003150,2012-05-14,503,9.17,7.0,4612.51,3626.11,1227.36
Europe,Moldova,Personal Care,Online,L,2016-05-05,SYN003151,2016-05-03,5281,81.03,55.55,427919.43,280920.25,135712.33
Australia and Oceania,Samoa,Cosmetics,Online,H,2013-07-24,SYN003152,2013-08-01,9826,451.02,259.29,4431722.52,2652049.68,1659697.57
Sub-Saharan Africa,Angola,Household,Offline,M,2011-04-17,SYN003153,2011-04-23,4473,675.92,449.9,3023390.1599999997,2116341.24,693018.94
Sub-Saharan Africa,Comoros,Cereal,Offline,H,2016-03-31,SYN003154,2016-05-03,954,199.49,116.3,190313.46000000002,108747.25,93501.39
Central America and the Caribbean,Honduras,Household,Offline,H,2017-02-09,SYN003155,2017-02-12,9121,710.29,530.41,6478555.09,4230413.42,1331965.78
Sub-Saharan Africa,Djibouti,Snacks,Online,M,2017-02-28,SYN003156,2017-02-21,7749,154.62,95.8,1198150.3800000001,671483.62,398205.32
Australia and Oceania,New Zealand,Fruits,Online,H,2014-09-08,SYN003157,2014-10-04,2167,9.78,6.96,21193.26,14566.82,5042.37
Europe,United Kingdom,Household,Online,L,2012-01-01,SYN003158,2012-02-21,284,643.24,503.46,182680.16,134424.52,45374.23
North America,Mexico,Household,Offline,C,2014-10-31,SYN003159,2014-12-17,7389,662.18,503.21,4892848.02,3527121.98,1163205.12
Central America and the Caribbean,Haiti,Cosmetics,Offline,H,2013-10-14,SYN003160,2013-11-11,1698,425.06,266.2,721751.88,432084.98,278265.38
Middle East and North Africa,Kuwait,Fruits,Online,M,2012-04-24,SYN003161,2012-05-23,496,8.94,7.31,4434.24,3617.49,1140.05
Europe,Slovakia,Vegetables,Online,H,2012-10-12,SYN003162,2012-11-12,177,165.23,92.9,29245.71,15259.14,11135.05
Australia and Oceania,New Zealand,Fruits,Online,H,2014-09-02,SYN003163,2014-10-08,2198,9.38,6.66,20617.24,14821.95,5016.57
Asia,Myanmar,Household,Offline,H,2015-01-20,SYN003164,2015-03-06,8516,652.12,485.35,5553453.92,4261353.0,1453140.94
Sub-Saharan Africa,Cote d'Ivoire,Clothes,Online,C,2012-06-15,SYN003165,2012-06-24,3477,109.32,34.4,380105.63999999996,113008.43,277550.86
Australia and Oceania,Kiribati,Fruits,Online,M,2014-10-08,SYN003166,2014-11-04,5639,9.26,7.03,52217.14,35903.18,12719.98
Sub-Saharan Africa,The Gambia,Baby Food,Offline,M,2014-01-30,SYN003167,2014-03-27,5936,256.42,139.22,1522109.12,875111.99,496478.31
Middle East and North Africa,Lebanon,Clothes,Online,L,2012-09-14,SYN003168,2012-10-05,7019,115.71,37.7,812168.49,302134.35,603059.57
Australia and Oceania,Australia,Office Supplies,Online,C,2015-11-01,SYN003169,2015-11-18,2936,670.53,516.36,1968676.0799999998,1458431.1,371465.0
Central America and the Caribbean,Honduras,Household,Offline,H,2017-02-14,SYN003170,2017-02-08,9103,610.62,514.56,5558473.86,4381084.62,1523986.89
Sub-Saharan Africa,Madagascar,Clothes,Offline,L,2015-04-25,SYN003171,2015-06-04,7108,97.29,38.04,691537.3200000001,249000.73,553893.31
Asia,Myanmar,Household,Offline,H,2015-01-20,SYN003172,2015-02-24,8631,660.37,481.28,5699653.47,4461436.0,1350206.86
Asia,Kyrgyzstan,Vegetables,Online,H,2011-06-18,SYN003173,2011-07-17,127,148.13,89.29,18812.51,10836.99,8477.26
Europe,France,Cosmetics,Online,H,2017-05-28,SYN003174,2017-06-07,1810,447.85,257.6,810608.5,487971.76,297422.16
Central America and the Caribbean,Haiti,Cosmetics,Offline,H,2013-10-09,SYN003175,2013-11-12,1607,441.82,276.43,710004.74,444251.29,294573.78
Asia,Sri Lanka,Cosmetics,Offline,M,2016-11-19,SYN003176,2016-12-14,6914,443.84,260.3,3068709.76,1803953.76,1228341.67
Middle East and North Africa,Libya,Clothes,Offline,H,2010-11-05,SYN003177,2010-11-23,6683,110.45,39.33,738137.35,221507.32,447159.0
Australia and Oceania,Samoa,Cosmetics,Online,H,2013-07-20,SYN003178,2013-08-01,10407,413.07,246.81,4298819.49,2610913.91,1657381.89
Europe,Iceland,Cosmetics,Online,C,2016-12-30,SYN003179,2017-01-01,8195,453.87,266.18,3719464.65,2383993.47,1499817.56
Central America and the Caribbean,Honduras,Snacks,Online,L,2016-06-23,SYN003180,2016-07-25,2309,148.46,99.89,342794.14,206565.0,119629.83
Middle East and North Africa,Iran,Cosmetics,Online,H,2016-11-20,SYN003181,2016-12-10,6442,448.27,270.14,2887755.34,1869395.79,1064218.2
Europe,Monaco,Baby Food,Offline,H,2012-05-24,SYN003182,2012-06-09,8478,243.08,158.24,2060832.24,1429434.03,863914.32
North America,Mexico,Household,Offline,C,2014-11-10,SYN003183,2014-12-07,6907,654.99,509.04,4524015.93,3203094.48,1118372.26
Europe,Slovenia,Beverages,Offline,C,2016-10-22,SYN003184,2016-12-02,4426,48.71,30.57,215590.46,147808.73,70940.23
Europe,Switzerland,Personal Care,Online,M,2010-12-27,SYN003185,2011-02-01,312,77.3,58.36,24117.6,15895.63,6923.11
Sub-Saharan Africa,Madagascar,Clothes,Offline,L,2015-04-21,SYN003186,2015-06-03,7445,106.12,35.03,790063.4,251061.5,548454.21
Australia and Oceania,Australia,Beverages,Offline,H,2014-07-14,SYN003187,2014-07-07,9384,49.89,32.25,468167.76,287518.05,143463.62
Sub-Saharan Africa,Comoros,Cereal,Offline,H,2016-03-25,SYN003188,2016-05-01,978,195.83,120.94,191521.74000000002,115743.14,84929.42
Middle East and North Africa,Libya,Clothes,Offline,H,2010-11-05,SYN003189,2010-11-20,5907,108.86,38.23,643036.02,228602.62,431204.07
Sub-Saharan Africa,Angola,Household,Offline,M,2011-04-28,SYN003190,2011-04-26,4135,636.74,468.49,2632919.9,2294595.45,750888.39
Asia,Laos,Vegetables,Offline,C,2011-09-18,SYN003191,2011-10-29,3791,147.69,83.99,559892.79,324182.11,222444.47
Sub-Saharan Africa,Djibouti,Cosmetics,Offline,H,2014-03-31,SYN003192,2014-04-20,7309,404.35,262.87,2955394.1500000004,1880702.97,1192470.59
Middle East and North Africa,Azerbaijan,Cosmetics,Online,M,2010-02-02,SYN003193,2010-02-23,7344,418.52,236.0,3073610.88,1905809.46,1210695.42
Europe,Norway,Baby Food,Online,L,2014-05-07,SYN003194,2014-06-26,8017,268.84,150.94,2155290.28,1245716.0,767415.0
Sub-Saharan Africa,Cameroon,Office Supplies,Online,M,2011-11-12,SYN003195,2011-11-09,5485,652.9,505.98,3581156.5,2807049.14,663399.5
Middle East and North Africa,Libya,Fruits,Online,L,2015-08-19,SYN003196,2015-10-07,683,9.54,6.93,6515.82,4754.51,1724.22
Europe,Monaco,Baby Food,Offline,H,2012-06-03,SYN003197,2012-06-01,8773,252.71,155.49,2217024.83,1398903.06,819868.07
Europe,Bulgaria,Office Supplies,Online,M,2012-02-18,SYN003198,2012-02-29,3816,628.53,518.73,2398470.48,1912321.55,510143.07
Central America and the Caribbean,Honduras,Snacks,Online,L,2016-06-26,SYN003199,2016-07-29,2315,157.52,94.55,364658.80000000005,219369.0,113834.99
Europe,Russia,Office Supplies,Offline,L,2014-05-02,SYN003200,2014-05-02,1914,642.21,490.92,1229189.9400000002,979622.66,217638.55
Europe,Slovenia,Beverages,Offline,C,2016-10-27,SYN003201,2016-11-21,4937,49.04,31.96,242110.47999999998,149556.76,71878.8
Europe,Austria,Cosmetics,Offline,H,2015-02-20,SYN003202,2015-03-04,2866,487.45,259.39,1397031.7,803442.68,503924.74
Asia,Brunei,Office Supplies,Online,L,2012-03-29,SYN003203,2012-05-01,7368,708.11,543.6,5217354.48,3512374.52,831733.0
Sub-Saharan Africa,Sierra Leone,Office Supplies,Offline,H,2016-12-08,SYN003204,2016-12-12,884,652.04,504.85,576403.36,533325.35,125172.0
Sub-Saharan Africa,Djibouti,Snacks,Online,M,2017-02-28,SYN003205,2017-02-19,7602,151.63,95.64,1152691.26,726203.75,433971.6
Central America and the Caribbean,Grenada,Cereal,Online,C,2012-08-24,SYN003206,2012-09-08,2955,216.06,113.49,638457.3,346635.82,238265.18
Sub-Saharan Africa,Djibouti,Cosmetics,Offline,H,2014-04-14,SYN003207,2014-04-26,6856,459.06,269.41,3147315.36,1986018.06,1325081.17
Sub-Saharan Africa,Angola,Household,Offline,M,2011-04-18,SYN003208,2011-04-21,4245,687.44,539.4,2918182.8000000003,2210195.1,719998.17
Sub-Saharan Africa,Burkina Faso,Vegetables,Online,H,2012-07-14,SYN003209,2012-07-24,8325,161.48,93.71,1344321.0,770457.52,495809.76
Europe,Romania,Cosmetics,Online,H,2010-11-20,SYN003210,2011-01-01,7787,444.49,238.27,3461243.63,2110562.6,1411063.23
Sub-Saharan Africa,Republic of the Congo,Personal Care,Offline,M,2015-07-20,SYN003211,2015-08-19,6293,86.94,57.2,547113.42,353087.95,152121.31
Europe,Norway,Beverages,Offline,C,2014-07-23,SYN003212,2014-08-01,5067,51.09,30.22,258873.03000000003,168917.62,89825.75
Europe,Monaco,Baby Food,Offline,H,2012-05-22,SYN003213,2012-06-07,8848,255.65,157.82,2261991.2,1376371.66,821303.79
Europe,Spain,Household,Offline,L,2012-10-19,SYN003214,2012-11-28,4704,738.94,489.43,3475973.7600000002,2213123.8,749150.95
Asia,Laos,Vegetables,Offline,C,2011-09-21,SYN003215,2011-10-28,3618,163.94,94.04,593134.92,364353.05,235269.63
Asia,Laos,Vegetables,Offline,C,2011-09-15,SYN003216,2011-10-16,3741,148.47,90.07,555426.27,344584.71,220762.88
Europe,Lithuania,Office Supplies,Offline,H,2010-10-30,SYN003217,2010-11-20,8163,676.76,511.27,5524391.88,4040738.62,1065023.18
Asia,Laos,Vegetables,Offline,C,2011-09-19,SYN003218,2011-10-23,3857,142.69,80.47,550355.33,328728.42,236317.35
Europe,Romania,Cosmetics,Online,H,2010-12-02,SYN003219,2010-12-24,7760,436.66,269.44,3388481.6,2171005.6,1527272.81
Sub-Saharan Africa,The Gambia,Meat,Online,M,2017-01-20,SYN003220,2017-01-25,5066,428.24,356.46,2169463.84,1764344.02,263660.83
Sub-Saharan Africa,Sao Tome and Principe,Fruits,Online,C,2014-06-16,SYN003221,2014-07-03,7997,9.66,6.59,77251.02,55594.04,21261.52
Asia,Myanmar,Clothes,Online,H,2015-11-20,SYN003222,2015-11-16,6261,104.05,36.89,651457.0499999999,212256.94,453406.57
Europe,Portugal,Baby Food,Online,H,2015-07-30,SYN003223,2015-08-30,1371,262.41,155.25,359764.11000000004,207848.19,124822.57
Europe,Albania,Clothes,Online,C,2010-01-26,SYN003224,2010-03-23,2185,99.37,33.41,217123.45,85456.36,174976.09
Sub-Saharan Africa,Sao Tome and Principe,Fruits,Online,C,2014-06-17,SYN003225,2014-07-12,8062,9.44,6.72,76105.28,59964.45,20151.99
North America,Mexico,Personal Care,Offline,M,2015-08-01,SYN003226,2015-08-09,6052,79.8,52.2,482949.6,312047.42,145243.03
Sub-Saharan Africa,Mali,Fruits,Online,L,2010-05-13,SYN003227,2010-05-07,5660,9.63,7.11,54505.8,38874.52,14382.33
Australia and Oceania,East Timor,Meat,Online,L,2012-08-02,SYN003228,2012-09-04,6012,410.19,382.34,2466062.28,2149274.12,331199.15
Middle East and North Africa,Azerbaijan,Office Supplies,Online,M,2012-06-12,SYN003229,2012-07-30,2143,680.69,484.55,1458718.6700000002,1061451.59,260273.98
Australia and Oceania,Australia,Office Supplies,Online,C,2015-10-23,SYN003230,2015-11-18,2636,618.96,525.07,1631578.56,1657198.73,372143.0
Australia and Oceania,Solomon Islands,Baby Food,Online,C,2015-02-06,SYN003231,2015-02-16,2923,264.97,157.38,774507.31,482051.95,282000.39
Sub-Saharan Africa,Mali,Clothes,Online,M,2011-07-26,SYN003232,2011-09-10,789,113.23,36.1,89338.47,33085.39,61824.25
Australia and Oceania,Federated States of Micronesia,Beverages,Online,C,2014-10-23,SYN003233,2014-11-21,10098,47.86,31.93,483290.27999999997,308997.59,148132.87
Europe,Norway,Beverages,Offline,C,2014-07-24,SYN003234,2014-08-01,5195,43.95,32.07,228320.25000000003,150477.16,80129.6
Europe,Romania,Cosmetics,Online,H,2010-12-02,SYN003235,2010-12-23,8377,443.16,260.26,3712351.3200000003,2191994.86,1457755.9
Asia,Brunei,Office Supplies,Online,L,2012-04-04,SYN003236,2012-05-07,6458,678.42,497.02,4381236.359999999,3760054.34,849163.0
Central America and the Caribbean,Haiti,Cosmetics,Offline,H,2013-10-17,SYN003237,2013-11-21,1654,462.19,266.31,764462.26,481501.75,282473.69
Sub-Saharan Africa,Senegal,Cereal,Online,H,2014-04-19,SYN003238,2014-05-30,6417,215.16,117.21,1380681.72,756735.45,589821.61
Europe,Norway,Beverages,Offline,C,2014-07-15,SYN003239,2014-07-27,5086,51.61,30.88,262488.46,158298.3,71810.31
Sub-Saharan Africa,Rwanda,Office Supplies,Offline,L,2013-02-07,SYN003240,2013-02-04,5152,644.26,568.18,3319227.52,2749708.33,610541.79
Sub-Saharan Africa,Djibouti,Cereal,Online,H,2017-05-17,SYN003241,2017-06-24,8193,199.38,102.16,1633520.3399999999,865440.3,740593.61
Sub-Saharan Africa,Democratic Republic of the Congo,Beverages,Online,C,2011-05-23,SYN003242,2011-07-11,5465,45.04,31.67,246143.6,177592.67,85642.39
Europe,Slovenia,Beverages,Offline,C,2016-10-20,SYN003243,2016-11-23,4342,44.44,33.0,192958.47999999998,140869.74,70084.45
Central America and the Caribbean,Belize,Clothes,Offline,M,2016-07-31,SYN003244,2016-09-04,5550,105.68,36.35,586524.0,211551.75,401439.01
Central America and the Caribbean,Costa Rica,Personal Care,Offline,L,2017-05-15,SYN003245,2017-05-20,6903,79.17,55.14,546510.51,363235.03,152896.15
Sub-Saharan Africa,Cameroon,Office Supplies,Online,M,2011-11-01,SYN003246,2011-11-19,5516,644.54,501.97,3555282.6399999997,2820253.14,686321.46
Sub-Saharan Africa,Senegal,Cereal,Online,H,2014-04-17,SYN003247,2014-05-26,6850,225.36,109.02,1543716.0,826183.39,596000.45
Sub-Saharan Africa,Zambia,Snacks,Online,L,2010-12-30,SYN003248,2011-01-08,3952,144.24,96.31,570036.48,382140.02,216456.62
Sub-Saharan Africa,Sao Tome and Principe,Beverages,Offline,C,2011-01-22,SYN003249,2011-01-17,8868,46.72,30.86,414312.95999999996,281063.78,140747.88
Central America and the Caribbean,Costa Rica,Personal Care,Offline,L,2017-05-14,SYN003250,2017-05-19,6113,81.2,60.19,496375.60000000003,388537.98,163058.62
Sub-Saharan Africa,Zambia,Snacks,Online,L,2011-01-05,SYN003251,2011-01-05,3868,140.81,95.08,544653.08,405955.07,241459.86
Middle East and North Africa,Iran,Cosmetics,Online,H,2016-11-15,SYN003252,2016-12-12,6000,431.46,269.07,2588760.0,1795784.51,1069713.95
Australia and Oceania,Samoa,Cosmetics,Online,H,2013-07-27,SYN003253,2013-08-12,9613,407.72,238.33,3919412.3600000003,2528646.43,1734483.93
Middle East and North Africa,Saudi Arabia,Cereal,Online,M,2013-03-21,SYN003254,2013-04-02,4062,215.63,121.52,875889.0599999999,478847.04,374822.4
Sub-Saharan Africa,Madagascar,Clothes,Offline,L,2015-04-25,SYN003255,2015-06-03,7082,110.89,35.43,785322.98,280225.66,553825.54
Europe,Slovakia,Vegetables,Online,H,2012-09-30,SYN003256,2012-11-14,178,166.27,90.86,29596.06,15596.35,10351.32
Sub-Saharan Africa,Mali,Fruits,Online,L,2010-05-09,SYN003257,2010-05-10,5725,8.99,6.57,51467.75,43779.67,15930.01
Europe,Bulgaria,Office Supplies,Online,M,2012-02-23,SYN003258,2012-03-01,3585,696.31,502.41,2496271.3499999996,2048867.63,503089.22
Asia,Malaysia,Fruits,Offline,L,2011-11-05,SYN003259,2012-01-03,6567,9.6,6.94,63043.2,45684.67,14150.4
Europe,Russia,Office Supplies,Offline,L,2014-04-25,SYN003260,2014-05-15,1757,607.64,550.0,1067623.48,925241.51,215439.65
Sub-Saharan Africa,Senegal,Cereal,Online,H,2014-04-21,SYN003261,2014-06-03,6001,204.75,108.66,1228704.75,773219.74,562214.67
Europe,Slovenia,Beverages,Offline,C,2016-10-28,SYN003262,2016-11-21,4828,45.16,33.62,218032.47999999998,155626.07,68225.32
Asia,Turkmenistan,Office Supplies,Online,M,2013-04-22,SYN003263,2013-05-23,4944,606.98,485.48,3000909.12,2548343.62,638308.59
Middle East and North Africa,Azerbaijan,Cosmetics,Online,M,2010-02-07,SYN003264,2010-02-19,7381,447.49,257.75,3302923.69,1976647.08,1313487.61
Sub-Saharan Africa,Cape Verde,Clothes,Offline,H,2014-08-02,SYN003265,2014-08-16,4462,122.24,34.19,545434.88,151643.84,321256.2
Middle East and North Africa,Azerbaijan,Office Supplies,Online,M,2012-06-13,SYN003266,2012-07-24,2062,624.02,539.19,1286729.24,1066397.73,259796.38
Sub-Saharan Africa,Burkina Faso,Vegetables,Online,H,2012-07-14,SYN003267,2012-07-28,7598,167.36,95.73,1271601.28,681685.95,454091.05
Sub-Saharan Africa,Zambia,Snacks,Online,L,2011-01-05,SYN003268,2011-01-11,4023,172.36,98.31,693404.28,412412.12,231418.39
Australia and Oceania,Australia,Cereal,Offline,H,2013-06-07,SYN003269,2013-07-04,692,222.47,111.67,153949.24,87006.72,55206.64
Australia and Oceania,Australia,Cereal,Offline,H,2013-06-04,SYN003270,2013-07-05,699,239.12,114.07,167144.88,79998.71,61713.66
Sub-Saharan Africa,Madagascar,Clothes,Offline,L,2015-04-21,SYN003271,2015-05-31,7832,110.99,35.13,869273.6799999999,244316.39,503719.91
Sub-Saharan Africa,Angola,Household,Offline,M,2011-04-23,SYN003272,2011-04-29,4034,656.06,537.79,2646546.0399999996,2095017.98,751847.85
Europe,Switzerland,Cosmetics,Offline,M,2012-09-13,SYN003273,2012-10-22,9593,435.32,270.99,4176024.76,2284870.25,1514126.32
Sub-Saharan Africa,The Gambia,Household,Offline,L,2012-05-29,SYN003274,2012-06-02,2413,635.0,466.57,1532255.0,1199720.72,389582.58
Middle East and North Africa,Syria,Fruits,Online,L,2011-11-16,SYN003275,2011-12-02,4043,9.6,6.77,38812.799999999996,25829.9,9072.27
Europe,Slovakia,Vegetables,Online,H,2012-10-05,SYN003276,2012-11-08,179,153.84,90.11,27537.36,15093.3,10546.86
Asia,Turkmenistan,Household,Offline,L,2011-01-01,SYN003277,2011-01-19,4132,632.23,526.57,2612374.36,1999442.38,650306.55
Europe,United Kingdom,Household,Online,L,2011-12-31,SYN003278,2012-02-13,268,680.31,483.99,182323.08,139784.63,43308.54
Europe,Norway,Baby Food,Online,L,2014-05-10,SYN003279,2014-06-21,7864,260.07,152.4,2045190.48,1116817.0,714620.0
Europe,Switzerland,Personal Care,Online,M,2010-12-23,SYN003280,2011-02-06,282,79.12,58.6,22311.84,15103.11,7759.8
Sub-Saharan Africa,Kenya,Vegetables,Online,L,2012-03-18,SYN003281,2012-04-01,6593,146.72,84.42,967324.96,546971.57,405676.32
Sub-Saharan Africa,The Gambia,Baby Food,Offline,M,2014-02-01,SYN003282,2014-03-17,5859,254.75,179.9,1492580.25,905008.41,571089.75
Australia and Oceania,Federated States of Micronesia,Beverages,Online,C,2014-10-23,SYN003283,2014-11-19,9380,48.26,30.67,452678.8,327921.63,139386.92
Sub-Saharan Africa,Sierra Leone,Office Supplies,Offline,H,2016-12-03,SYN003284,2016-12-07,917,586.63,580.83,537939.71,513091.97,104546.0
Europe,France,Cosmetics,Online,H,2017-05-23,SYN003285,2017-06-02,1610,470.05,254.39,756780.5,491312.72,309018.46
Asia,Myanmar,Household,Offline,H,2015-01-12,SYN003286,2015-02-23,7766,631.63,514.27,4905238.58,4268618.0,1359010.21
Europe,United Kingdom,Household,Online,L,2011-12-30,SYN003287,2012-02-15,283,671.04,463.62,189904.31999999998,146650.61,45307.47
Sub-Saharan Africa,Cameroon,Office Supplies,Online,M,2011-11-11,SYN003288,2011-11-13,5785,675.75,589.43,3909213.75,2677550.6,739204.59
Australia and Oceania,New Zealand,Fruits,Online,H,2014-09-05,SYN003289,2014-10-05,2164,8.76,6.73,18956.64,16023.39,5286.14
Central America and the Caribbean,Honduras,Household,Offline,H,2017-02-01,SYN003290,2017-02-09,9189,639.91,487.35,5880132.989999999,4436870.8,1437823.81
Europe,Norway,Beverages,Offline,C,2014-07-16,SYN003291,2014-07-31,5036,46.16,33.84,232461.75999999998,160149.4,80731.5
Central America and the Caribbean,Honduras,Snacks,Online,L,2016-06-28,SYN003292,2016-07-31,2034,144.69,98.9,294299.46,222183.0,118585.89
Sub-Saharan Africa,The Gambia,Cereal,Offline,H,2012-06-03,SYN003293,2012-06-05,2247,209.45,119.78,470634.14999999997,246601.87,176979.44
Europe,Moldova,Personal Care,Online,L,2016-05-13,SYN003294,2016-05-13,4973,78.43,56.8,390032.39,289494.55,136946.69
Sub-Saharan Africa,Rwanda,Cosmetics,Offline,H,2013-10-16,SYN003295,2013-12-02,4133,431.41,242.45,1783017.53,1124842.31,746319.33
Sub-Saharan Africa,Burkina Faso,Vegetables,Online,H,2012-07-20,SYN003296,2012-07-26,8133,149.55,81.86,1216290.1500000001,670217.95,518695.78
Australia and Oceania,Australia,Office Supplies,Online,C,2015-10-24,SYN003297,2015-11-24,2913,630.21,555.89,1835801.7300000002,1579667.55,342661.0
Sub-Saharan Africa,Djibouti,Snacks,Online,M,2017-02-19,SYN003298,2017-02-28,7027,143.07,100.59,1005352.8899999999,757650.57,398514.78
Sub-Saharan Africa,Burkina Faso,Vegetables,Online,H,2012-07-10,SYN003299,2012-08-03,7834,175.13,93.8,1371968.42,737360.68,509827.24
Middle East and North Africa,Pakistan,Cosmetics,Offline,L,2013-07-11,SYN003300,2013-08-11,10296,443.61,255.32,4567408.5600000005,2588634.92,1925396.4
Sub-Saharan Africa,The Gambia,Household,Offline,L,2012-06-02,SYN003301,2012-06-10,2441,620.54,512.98,1514738.14,1214206.57,396797.85
Australia and Oceania,Tuvalu,Baby Food,Offline,H,2010-05-29,SYN003302,2010-07-01,9889,254.14,161.36,2513190.46,1513147.27,958775.22
Asia,Sri Lanka,Cosmetics,Offline,M,2016-11-21,SYN003303,2016-12-24,6467,450.3,247.88,2912090.1,1761189.5,1220473.13
Australia and Oceania,Samoa,Cosmetics,Online,H,2013-07-17,SYN003304,2013-08-14,8971,394.64,267.87,3540315.44,2686552.12,1747854.44
Sub-Saharan Africa,Kenya,Vegetables,Online,L,2012-03-13,SYN003305,2012-04-02,7100,164.69,82.82,1169299.0,516963.67,420195.13
Middle East and North Africa,Pakistan,Cosmetics,Offline,L,2013-07-05,SYN003306,2013-08-09,10207,422.37,270.65,4311130.59,2358810.97,1721770.1
Sub-Saharan Africa,Zambia,Snacks,Online,L,2011-01-04,SYN003307,2011-01-07,4043,155.45,104.61,628484.35,411462.12,218457.27
Europe,Bulgaria,Office Supplies,Online,M,2012-02-22,SYN003308,2012-02-29,3840,572.33,493.14,2197747.2,2044823.72,582266.81
Europe,Switzerland,Cosmetics,Offline,M,2012-09-20,SYN003309,2012-10-24,8423,460.18,264.66,3876096.14,2363012.6,1528169.31
Sub-Saharan Africa,The Gambia,Baby Food,Offline,M,2014-02-01,SYN003310,2014-03-14,4907,240.39,152.93,1179593.73,945545.85,532664.24
Australia and Oceania,Kiribati,Fruits,Online,M,2014-10-19,SYN003311,2014-11-06,5733,8.79,6.93,50393.06999999999,34561.27,13063.2
Australia and Oceania,East Timor,Meat,Online,L,2012-07-26,SYN003312,2012-09-08,5343,419.46,356.98,2241174.78,2162415.35,352789.45
Sub-Saharan Africa,Gabon,Personal Care,Offline,L,2012-07-08,SYN003313,2012-07-06,8360,79.99,57.79,668716.3999999999,492342.34,222327.49
Europe,Austria,Cosmetics,Offline,H,2015-02-20,SYN003314,2015-02-26,2815,399.94,250.65,1125831.1,715643.84,491617.74
Europe,Slovakia,Vegetables,Online,H,2012-10-02,SYN003315,2012-11-05,150,152.85,85.41,22927.5,14908.24,11301.76
Sub-Saharan Africa,Djibouti,Cosmetics,Offline,H,2014-04-07,SYN003316,2014-04-24,7426,475.71,253.37,3532622.46,2094725.82,1213564.32
Europe,Norway,Baby Food,Online,L,2014-05-15,SYN003317,2014-06-24,7122,252.53,147.28,1798518.66,1241029.0,657196.0
Sub-Saharan Africa,Sierra Leone,Vegetables,Offline,C,2016-05-31,SYN003318,2016-06-28,1453,155.96,87.8,226609.88,132537.19,88920.53
Central America and the Caribbean,Costa Rica,Personal Care,Offline,L,2017-05-04,SYN003319,2017-05-19,6256,78.4,60.89,490470.4,351062.42,164750.41
Sub-Saharan Africa,Zambia,Snacks,Online,L,2011-01-01,SYN003320,2011-01-05,4052,145.5,105.4,589566.0,418289.5,228201.06
Sub-Saharan Africa,Sao Tome and Principe,Beverages,Offline,C,2011-01-11,SYN003321,2011-01-25,9402,49.76,33.33,467843.51999999996,292134.28,145925.27
Sub-Saharan Africa,Cote d'Ivoire,Clothes,Online,C,2012-06-07,SYN003322,2012-06-27,3465,100.04,38.21,346638.60000000003,110935.15,270244.17
Middle East and North Africa,Saudi Arabia,Cereal,Online,M,2013-03-29,SYN003323,2013-03-24,4160,195.75,114.4,814320.0,507672.48,357451.51
Europe,Monaco,Baby Food,Offline,H,2012-05-22,SYN003324,2012-05-30,8890,271.03,153.94,2409456.6999999997,1239550.09,772533.18
Sub-Saharan Africa,Democratic Republic of the Congo,Beverages,Online,C,2011-05-27,SYN003325,2011-07-19,5589,44.31,30.55,247648.59000000003,186301.44,91618.54
Sub-Saharan Africa,Angola,Household,Offline,M,2011-04-26,SYN003326,2011-04-27,4901,726.23,500.09,3559253.23,2016199.47,698614.81
Sub-Saharan Africa,Djibouti,Cereal,Online,H,2017-05-26,SYN003327,2017-06-10,8498,209.0,118.74,1776082.0,985766.51,750102.14
Middle East and North Africa,Saudi Arabia,Cereal,Online,M,2013-03-27,SYN003328,2013-03-30,4135,204.41,128.66,845235.35,501381.22,373461.21
Central America and the Caribbean,Honduras,Snacks,Online,L,2016-06-23,SYN003329,2016-07-19,2230,157.35,105.79,350890.5,214685.0,122783.95
Australia and Oceania,Federated States of Micronesia,Beverages,Online,C,2014-10-25,SYN003330,2014-11-22,8831,42.16,33.08,372314.95999999996,314985.98,150009.6
Central America and the Caribbean,Honduras,Snacks,Online,L,2016-06-24,SYN003331,2016-08-01,2291,148.23,97.95,339594.93,212539.0,136817.61
Sub-Saharan Africa,Rwanda,Office Supplies,Offline,L,2013-01-29,SYN003332,2013-02-04,4898,616.89,525.85,3021527.2199999997,2786092.71,699889.87
Europe,Russia,Office Supplies,Offline,L,2014-05-06,SYN003333,2014-05-05,1795,643.41,511.21,1154920.95,955565.19,230046.44
Europe,Albania,Clothes,Online,C,2010-01-27,SYN003334,2010-03-17,2089,112.98,37.47,236015.22,78982.19,173936.81
Middle East and North Africa,Saudi Arabia,Cereal,Online,M,2013-03-29,SYN003335,2013-03-26,4071,182.36,121.26,742387.56,436656.92,338012.67
Asia,Malaysia,Fruits,Offline,L,2011-11-07,SYN003336,2012-01-01,6179,9.44,7.19,58329.759999999995,40427.85,16063.16
Sub-Saharan Africa,South Sudan,Personal Care,Offline,C,2013-12-24,SYN003337,2014-02-03,2084,75.94,57.63,158258.96,108728.81,57008.19
Asia,Laos,Vegetables,Offline,C,2011-09-15,SYN003338,2011-10-29,3793,154.08,89.06,584425.4400000001,332743.8,242580.62
Sub-Saharan Africa,Mauritania,Office Supplies,Offline,C,2012-01-09,SYN003339,2012-01-19,1282,626.42,512.31,803070.44,604544.73,164985.74
Europe,Austria,Cosmetics,Offline,H,2015-02-24,SYN003340,2015-03-06,2890,453.84,266.86,1311597.5999999999,763347.87,488586.81
Asia,Turkmenistan,Household,Offline,L,2011-01-05,SYN003341,2011-01-22,3673,708.0,497.67,2600484.0,1944188.09,616245.59
Asia,Bangladesh,Clothes,Online,L,2017-01-17,SYN003342,2017-03-06,7645,114.67,34.28,876652.15,301910.02,627088.4
Middle East and North Africa,Syria,Fruits,Online,L,2011-11-22,SYN003343,2011-12-05,3958,8.35,6.57,33049.299999999996,26741.21,8497.05
Asia,Mongolia,Personal Care,Offline,C,2014-02-14,SYN003344,2014-02-28,4935,78.46,55.91,387200.1,273051.69,124311.78
Asia,Brunei,Office Supplies,Online,L,2012-04-02,SYN003345,2012-05-04,6549,705.46,566.14,4620057.54,3603120.69,823914.0
Sub-Saharan Africa,Zambia,Snacks,Online,L,2011-01-05,SYN003346,2011-01-03,3807,147.91,91.17,563093.37,381709.28,216049.97
North America,Mexico,Personal Care,Offline,M,2015-08-02,SYN003347,2015-08-07,5722,83.65,54.67,478645.30000000005,321137.28,139334.58
Sub-Saharan Africa,Djibouti,Cereal,Online,H,2017-05-18,SYN003348,2017-06-22,8712,196.33,116.43,1710426.9600000002,1021172.56,765817.01
Sub-Saharan Africa,Republic of the Congo,Personal Care,Offline,M,2015-07-21,SYN003349,2015-08-23,5878,85.97,60.08,505331.66,359245.83,142066.27
Middle East and North Africa,Libya,Clothes,Offline,H,2010-10-23,SYN003350,2010-11-11,6010,123.66,35.7,743196.6,211786.28,443679.78
Asia,Turkmenistan,Household,Offline,L,2010-12-25,SYN003351,2011-01-23,4110,615.88,499.17,2531266.8,2076276.56,638189.36
Australia and Oceania,Australia,Office Supplies,Online,C,2015-10-24,SYN003352,2015-12-02,2685,651.79,551.65,1750056.15,1540794.68,395769.0
Asia,Sri Lanka,Cosmetics,Offline,M,2016-11-24,SYN003353,2016-12-25,6723,431.63,250.9,2901848.4899999998,1858865.27,1234906.26
Europe,Switzerland,Cosmetics,Offline,M,2012-09-12,SYN003354,2012-10-18,8557,446.94,248.73,3824465.58,2267542.42,1398218.82
Europe,Slovakia,Vegetables,Online,H,2012-10-09,SYN003355,2012-11-11,167,146.54,85.69,24472.18,15064.89,10582.55
Europe,Norway,Beverages,Offline,C,2014-07-24,SYN003356,2014-08-04,5215,49.4,32.6,257621.0,169023.19,82138.95
Europe,Switzerland,Cosmetics,Offline,M,2012-09-19,SYN003357,2012-10-13,8004,453.26,260.9,3627893.04,2432273.68,1590696.41
Sub-Saharan Africa,Rwanda,Cosmetics,Offline,H,2013-10-14,SYN003358,2013-11-21,4418,437.68,250.99,1933670.24,1176481.99,780333.32
Sub-Saharan Africa,Madagascar,Clothes,Offline,L,2015-04-25,SYN003359,2015-06-03,7754,106.46,34.98,825490.84,273715.67,599726.96
Europe,Switzerland,Personal Care,Online,M,2010-12-18,SYN003360,2011-01-30,240,80.54,59.68,19329.600000000002,15674.53,7020.54
Australia and Oceania,Australia,Cereal,Offline,H,2013-06-09,SYN003361,2013-06-28,699,180.74,124.47,126337.26000000001,82358.97,62554.63
Europe,Austria,Cosmetics,Offline,H,2015-02-24,SYN003362,2015-03-01,2774,445.9,266.7,1236926.5999999999,726208.02,471037.86
Europe,Slovenia,Beverages,Offline,C,2016-10-20,SYN003363,2016-11-21,4471,49.32,32.59,220509.72,160150.93,72673.34
Europe,Bulgaria,Clothes,Online,M,2012-04-24,SYN003364,2012-06-07,1823,110.61,36.69,201642.03,59777.62,125407.45
Sub-Saharan Africa,Djibouti,Cosmetics,Offline,H,2014-04-12,SYN003365,2014-04-18,7523,444.65,245.93,3345101.9499999997,1905768.33,1196592.43
Australia and Oceania,Samoa,Cosmetics,Online,H,2013-07-26,SYN003366,2013-08-11,9956,451.29,259.57,4493043.24,2323458.72,1703989.72
Sub-Saharan Africa,Djibouti,Snacks,Online,M,2017-02-23,SYN003367,2017-02-19,7416,150.54,95.54,1116404.64,755965.17,345474.0
Asia,Bangladesh,Clothes,Online,L,2017-01-18,SYN003368,2017-02-24,8504,112.02,34.95,952618.08,322339.47,659607.34
Middle East and North Africa,Iran,Cosmetics,Online,H,2016-11-21,SYN003369,2016-12-04,6176,433.53,265.73,2677481.28,1669384.38,1104449.91
Middle East and North Africa,Libya,Clothes,Offline,H,2010-10-31,SYN003370,2010-11-12,5512,104.78,34.75,577547.36,211026.86,503222.72
Sub-Saharan Africa,Burkina Faso,Vegetables,Online,H,2012-07-17,SYN003371,2012-07-22,9056,156.3,90.78,1415452.8,692254.21,538388.44
Central America and the Caribbean,Belize,Clothes,Offline,M,2016-07-29,SYN003372,2016-09-07,5534,111.44,35.55,616708.96,179855.0,408782.49
Asia,Sri Lanka,Cosmetics,Offline,M,2016-11-12,SYN003373,2016-12-14,6573,465.44,264.98,3059337.12,1878245.81,1257922.02
Australia and Oceania,New Zealand,Fruits,Online,H,2014-09-04,SYN003374,2014-10-06,2214,9.0,7.23,19926.0,15246.8,5705.88
Sub-Saharan Africa,Rwanda,Office Supplies,Offline,L,2013-01-30,SYN003375,2013-02-04,5221,648.64,510.13,3386549.44,2638617.01,662830.71
Sub-Saharan Africa,Mozambique,Household,Offline,L,2012-02-10,SYN003376,2012-02-12,5638,663.88,495.52,3742955.44,2281674.57,918951.26
Sub-Saharan Africa,The Gambia,Cereal,Offline,H,2012-06-09,SYN003377,2012-06-06,2148,204.72,119.67,439738.56,246168.22,187960.81
Middle East and North Africa,Azerbaijan,Cosmetics,Online,M,2010-01-31,SYN003378,2010-02-22,7069,395.12,236.24,2793103.2800000003,1913792.89,1342938.41
Middle East and North Africa,Lebanon,Clothes,Online,L,2012-09-17,SYN003379,2012-10-15,7925,110.77,33.93,877852.25,277215.71,622152.86
Sub-Saharan Africa,Senegal,Cereal,Online,H,2014-04-22,SYN003380,2014-06-04,6336,202.49,118.05,1282976.6400000001,751729.07,558907.12
Sub-Saharan Africa,Cameroon,Office Supplies,Online,M,2011-11-14,SYN003381,2011-11-17,5658,668.61,598.25,3782995.38,2987575.56,687098.82
Middle East and North Africa,Lebanon,Clothes,Online,L,2012-09-16,SYN003382,2012-10-10,8182,114.17,36.06,934138.9400000001,304113.76,648298.17
Asia,Myanmar,Clothes,Online,H,2015-11-19,SYN003383,2015-11-17,5881,106.24,36.1,624797.44,215051.27,441177.08
Asia,Bangladesh,Clothes,Online,L,2017-01-17,SYN003384,2017-02-23,8277,111.59,40.07,923630.43,266897.57,575387.73
Sub-Saharan Africa,The Gambia,Baby Food,Offline,M,2014-01-27,SYN003385,2014-03-15,5303,246.75,146.03,1308515.25,886492.19,557623.81
Europe,Lithuania,Office Supplies,Offline,H,2010-10-26,SYN003386,2010-11-15,7953,638.6,541.82,5078785.8,4383792.05,938033.58
Europe,Switzerland,Cosmetics,Offline,M,2012-09-10,SYN003387,2012-10-14,8268,444.36,263.75,3673968.48,2173707.72,1570580.1
Middle East and North Africa,Libya,Fruits,Online,L,2015-08-08,SYN003388,2015-10-03,684,9.55,7.74,6532.200000000001,4672.88,1616.2
Europe,Bulgaria,Office Supplies,Online,M,2012-02-15,SYN003389,2012-02-27,3745,681.7,527.95,2552966.5,2189160.26,480177.56
Sub-Saharan Africa,The Gambia,Meat,Online,M,2017-01-20,SYN003390,2017-01-21,4572,427.23,383.05,1953295.56,1842604.81,265101.17
Europe,San Marino,Baby Food,Online,L,2013-06-19,SYN003391,2013-07-06,4827,273.16,153.67,1318543.32,763437.0,444228.0
Europe,Switzerland,Cosmetics,Offline,M,2012-09-14,SYN003392,2012-10-24,8951,440.14,275.69,3939693.1399999997,2268855.57,1612856.57
Sub-Saharan Africa,The Gambia,Cereal,Offline,H,2012-06-06,SYN003393,2012-06-13,1939,226.41,117.93,439008.99,272663.46,187772.76
Middle East and North Africa,Azerbaijan,Cosmetics,Online,M,2010-01-30,SYN003394,2010-02-19,6927,458.49,251.32,3175960.23,2018347.76,1313235.61
Sub-Saharan Africa,Senegal,Cereal,Online,H,2014-04-11,SYN003395,2014-05-28,6461,189.1,121.3,1221775.0999999999,742427.85,588340.11
Sub-Saharan Africa,Democratic Republic of the Congo,Beverages,Online,C,2011-06-01,SYN003396,2011-07-10,5409,45.38,31.47,245460.42,170624.16,89393.39
Sub-Saharan Africa,Mali,Clothes,Online,M,2011-07-19,SYN003397,2011-09-10,837,109.94,36.39,92019.78,27974.89,76052.77
Asia,Brunei,Office Supplies,Online,L,2012-04-03,SYN003398,2012-05-13,7360,660.95,568.82,4864592.0,3783803.64,820806.0
Asia,Myanmar,Household,Offline,H,2015-01-23,SYN003399,2015-03-06,7526,684.44,534.78,5151095.44,4330970.0,1337143.25
Australia and Oceania,Federated States of Micronesia,Beverages,Online,C,2014-11-03,SYN003400,2014-11-20,10102,48.11,32.79,486007.22,295638.13,136939.1
Europe,Romania,Cosmetics,Online,H,2010-12-02,SYN003401,2010-12-21,8679,458.87,241.76,3982532.73,2077997.08,1260488.93
Sub-Saharan Africa,Zambia,Snacks,Online,L,2011-01-05,SYN003402,2011-01-10,3918,146.39,92.19,573556.0199999999,407992.93,220011.37
Middle East and North Africa,Azerbaijan,Cosmetics,Online,M,2010-02-13,SYN003403,2010-02-26,7265,402.05,263.56,2920893.25,1985586.19,1186002.53
Sub-Saharan Africa,Mali,Fruits,Online,L,2010-05-13,SYN003404,2010-05-06,5692,9.72,7.33,55326.240000000005,40461.85,14424.02
Sub-Saharan Africa,Cameroon,Beverages,Offline,C,2015-04-03,SYN003405,2015-04-18,5284,46.04,30.96,243275.36,175341.68,81210.68
Europe,Macedonia,Clothes,Offline,C,2014-10-20,SYN003406,2014-11-20,8218,106.13,33.96,872176.34,307244.28,588809.69
Sub-Saharan Africa,Sierra Leone,Office Supplies,Offline,H,2016-12-01,SYN003407,2016-12-08,1023,643.67,515.24,658474.4099999999,485233.9,119862.0
Asia,Myanmar,Household,Offline,H,2015-01-20,SYN003408,2015-03-08,8592,668.04,514.99,5739799.68,4388123.0,1372368.61
Middle East and North Africa,Azerbaijan,Office Supplies,Online,M,2012-06-17,SYN003409,2012-07-23,1948,678.17,481.44,1321075.16,1068200.63,264144.59
Middle East and North Africa,Azerbaijan,Cosmetics,Online,M,2010-02-09,SYN003410,2010-02-23,7655,450.96,262.48,3452098.8,1848780.16,1311927.97
Sub-Saharan Africa,The Gambia,Meat,Online,M,2017-01-17,SYN003411,2017-01-30,4575,449.44,348.64,2056188.0,1689506.6,278005.91
Sub-Saharan Africa,Cote d'Ivoire,Clothes,Online,C,2012-06-06,SYN003412,2012-07-04,3454,104.73,36.37,361737.42000000004,133968.27,264331.21
Middle East and North Africa,Iran,Cosmetics,Online,H,2016-11-11,SYN003413,2016-12-11,6453,475.0,256.54,3065175.0,1728753.22,1099732.3
Europe,Russia,Office Supplies,Offline,L,2014-05-07,SYN003414,2014-05-13,1886,665.31,568.72,1254774.66,961894.04,220448.94
Middle East and North Africa,Iran,Cosmetics,Online,H,2016-11-14,SYN003415,2016-12-03,5877,459.84,254.89,2702479.6799999997,1779971.46,1142143.7
Sub-Saharan Africa,Niger,Personal Care,Online,H,2017-03-05,SYN003416,2017-03-23,2777,84.85,61.4,235628.44999999998,170061.19,77068.78
Sub-Saharan Africa,The Gambia,Household,Offline,L,2012-05-27,SYN003417,2012-06-04,2367,713.25,501.14,1688262.75,1123072.2,353797.83
Europe,San Marino,Baby Food,Online,L,2013-06-23,SYN003418,2013-07-03,4775,248.75,154.52,1187781.25,724767.0,416867.0
Australia and Oceania,Solomon Islands,Baby Food,Online,C,2015-02-04,SYN003419,2015-02-25,3128,237.55,170.95,743056.4,497099.07,271123.93
Australia and Oceania,Fiji,Clothes,Offline,C,2010-07-01,SYN003420,2010-07-27,9716,112.41,33.9,1092175.56,356033.05,708682.89
Sub-Saharan Africa,Zambia,Snacks,Online,L,2011-01-05,SYN003421,2011-01-11,3896,152.12,109.4,592659.52,427997.63,211438.8
Sub-Saharan Africa,Mauritania,Office Supplies,Offline,C,2012-01-05,SYN003422,2012-01-15,1188,640.69,487.7,761139.7200000001,724101.81,161667.01
Asia,Laos,Vegetables,Offline,C,2011-09-11,SYN003423,2011-10-29,3797,155.84,90.65,591724.48,347266.18,248846.65
Europe,United Kingdom,Household,Online,L,2012-01-08,SYN003424,2012-02-13,285,723.03,469.38,206063.55,138050.5,48207.12
Asia,Turkmenistan,Office Supplies,Online,M,2013-04-21,SYN003425,2013-05-21,4633,692.5,515.33,3208352.5,2582859.87,606256.51
Europe,Norway,Beverages,Offline,C,2014-07-11,SYN003426,2014-08-05,5033,49.47,30.81,248982.50999999998,166976.03,76788.77
Europe,Russia,Office Supplies,Offline,L,2014-04-29,SYN003427,2014-05-10,1798,603.91,520.83,1085830.18,989703.83,238951.74
Sub-Saharan Africa,Lesotho,Fruits,Online,L,2013-08-22,SYN003428,2013-09-13,9174,9.27,6.19,85042.98,71174.35,23166.55
Europe,Norway,Beverages,Offline,C,2014-07-14,SYN003429,2014-08-02,4669,47.43,27.53,221450.67,167644.05,89654.16
Australia and Oceania,Samoa,Cosmetics,Online,H,2013-07-19,SYN003430,2013-08-13,9145,459.01,274.04,4197646.45,2485109.13,1641107.24
Australia and Oceania,Federated States of Micronesia,Beverages,Online,C,2014-11-03,SYN003431,2014-11-16,9500,48.05,31.92,456475.0,264410.9,144451.79
Sub-Saharan Africa,Sierra Leone,Vegetables,Offline,C,2016-05-27,SYN003432,2016-06-24,1561,142.11,88.76,221833.71000000002,141653.94,90705.07
North America,Mexico,Personal Care,Offline,L,2012-02-10,SYN003433,2012-03-24,6699,85.52,57.57,572898.48,364947.57,182343.49
Europe,Switzerland,Cosmetics,Offline,M,2012-09-24,SYN003434,2012-10-14,8308,464.77,272.56,3861309.1599999997,2088367.27,1479237.15
North America,Mexico,Household,Offline,C,2014-10-30,SYN003435,2014-12-08,6913,671.15,414.86,4639659.95,3492125.33,1174063.08
Middle East and North Africa,Pakistan,Cosmetics,Offline,L,2013-06-29,SYN003436,2013-08-10,9171,454.42,272.51,4167485.8200000003,2796994.57,1703252.97
Sub-Saharan Africa,Zambia,Snacks,Online,L,2010-12-28,SYN003437,2011-01-01,3814,152.76,85.7,582626.64,408112.77,229200.9
Sub-Saharan Africa,South Sudan,Personal Care,Offline,C,2013-12-24,SYN003438,2014-01-24,2254,80.75,58.4,182010.5,131458.7,53883.54
Europe,Slovakia,Vegetables,Online,H,2012-10-05,SYN003439,2012-11-11,169,152.46,86.0,25765.74,15186.46,11886.54
Middle East and North Africa,Saudi Arabia,Cereal,Online,M,2013-03-19,SYN003440,2013-03-26,3860,219.75,127.15,848235.0,455711.09,330597.33
North America,Mexico,Household,Offline,C,2014-10-31,SYN003441,2014-12-10,7381,608.62,533.9,4492224.22,3365936.36,1128657.39
Middle East and North Africa,Iran,Cosmetics,Online,H,2016-11-20,SYN003442,2016-12-07,6518,408.8,254.16,2664558.4,1790936.39,1251322.91
Europe,Bulgaria,Clothes,Online,M,2012-04-24,SYN003443,2012-06-01,1730,113.1,35.39,195663.0,61059.92,129822.52
Sub-Saharan Africa,Angola,Household,Offline,M,2011-04-17,SYN003444,2011-04-20,3946,682.72,560.71,2694013.12,2038391.3,711425.29
Sub-Saharan Africa,The Gambia,Meat,Online,M,2017-01-11,SYN003445,2017-01-27,5196,430.12,355.58,2234903.52,1567476.53,268342.38
Sub-Saharan Africa,Rwanda,Office Supplies,Offline,L,2013-02-06,SYN003446,2013-02-13,4829,682.02,520.0,3293474.58,2759282.12,639244.07
Europe,Portugal,Baby Food,Online,H,2015-07-25,SYN003447,2015-09-01,1308,238.23,168.34,311604.83999999997,215210.98,126544.77
Sub-Saharan Africa,Comoros,Cereal,Offline,H,2016-03-26,SYN003448,2016-04-24,861,203.09,108.38,174860.49,118576.22,82225.47
Europe,United Kingdom,Household,Online,L,2012-01-08,SYN003449,2012-02-13,287,693.87,487.53,199140.69,141514.82,49778.08
Asia,Malaysia,Fruits,Offline,L,2011-11-07,SYN003450,2011-12-31,6196,9.15,6.59,56693.4,45035.04,15043.49
Central America and the Caribbean,Nicaragua,Beverages,Offline,C,2011-02-04,SYN003451,2011-03-15,8741,51.07,29.64,446402.87,269125.48,128904.73
Europe,Bulgaria,Clothes,Online,M,2012-04-22,SYN003452,2012-05-29,1696,115.67,37.29,196176.32,61379.7,120060.29
Middle East and North Africa,Libya,Clothes,Offline,H,2010-11-01,SYN003453,2010-11-18,6559,106.4,37.0,697877.6000000001,218552.61,416098.65
Europe,United Kingdom,Household,Online,L,2012-01-12,SYN003454,2012-02-15,283,646.57,471.09,182979.31000000003,153549.19,46240.66
Middle East and North Africa,Kuwait,Fruits,Online,M,2012-05-01,SYN003455,2012-05-25,532,10.45,6.55,5559.4,3509.07,1263.76
Central America and the Caribbean,Honduras,Snacks,Online,L,2016-07-05,SYN003456,2016-07-19,2274,161.33,103.14,366864.42000000004,225427.0,130909.72
Australia and Oceania,Australia,Beverages,Offline,H,2014-07-14,SYN003457,2014-07-18,10152,48.39,31.18,491255.28,298942.38,152253.42
Asia,Bangladesh,Clothes,Online,L,2017-01-06,SYN003458,2017-03-01,7687,105.03,31.8,807365.61,311620.28,616751.17
Australia and Oceania,East Timor,Meat,Online,L,2012-07-27,SYN003459,2012-09-18,5309,413.02,372.95,2192723.1799999997,2040936.95,330857.29
Sub-Saharan Africa,The Gambia,Cereal,Offline,H,2012-06-09,SYN003460,2012-06-01,2138,213.92,115.39,457360.95999999996,255322.76,175566.82
Asia,Kyrgyzstan,Vegetables,Online,H,2011-06-25,SYN003461,2011-07-13,130,155.0,96.37,20150.0,10914.22,8127.1
Australia and Oceania,Australia,Office Supplies,Online,C,2015-11-01,SYN003462,2015-11-20,2778,654.92,496.77,1819367.7599999998,1475499.97,351022.0
Asia,Myanmar,Household,Offline,H,2015-01-14,SYN003463,2015-02-28,8562,703.43,508.91,6022767.659999999,4517702.0,1284284.1
Europe,Bulgaria,Clothes,Online,M,2012-04-27,SYN003464,2012-06-09,1672,112.8,34.48,188601.6,60158.4,116316.22
Europe,Albania,Clothes,Online,C,2010-02-06,SYN003465,2010-03-11,2228,111.72,37.35,248912.16,75296.43,160228.91
Europe,Romania,Cosmetics,Online,H,2010-11-23,SYN003466,2010-12-26,7546,453.76,247.02,3424072.96,1960501.08,1287296.21
Middle East and North Africa,Kuwait,Fruits,Online,M,2012-04-27,SYN003467,2012-05-17,521,8.59,6.99,4475.39,3397.57,1253.04
Asia,Laos,Vegetables,Offline,C,2011-09-13,SYN003468,2011-10-23,3803,158.56,91.19,603003.68,329759.16,244765.84
Sub-Saharan Africa,Sierra Leone,Office Supplies,Offline,H,2016-12-03,SYN003469,2016-12-07,897,684.63,512.19,614113.11,491830.0,118275.0
Europe,Russia,Office Supplies,Offline,L,2014-05-02,SYN003470,2014-05-12,1641,660.46,525.34,1083814.86,987574.68,217565.96
Asia,Sri Lanka,Cosmetics,Offline,M,2016-11-13,SYN003471,2016-12-21,6356,446.59,245.34,2838526.04,1853489.93,1008681.53
Sub-Saharan Africa,Rwanda,Office Supplies,Offline,L,2013-01-28,SYN003472,2013-02-03,4786,619.44,521.19,2964639.8400000003,2697229.95,583403.62
Sub-Saharan Africa,The Gambia,Household,Offline,L,2012-05-20,SYN003473,2012-06-12,2538,679.81,481.23,1725357.7799999998,1242064.16,382975.31
Sub-Saharan Africa,Gabon,Personal Care,Offline,L,2012-07-04,SYN003474,2012-07-16,8279,84.78,60.85,701893.62,512591.67,207457.26
Australia and Oceania,Australia,Beverages,Offline,H,2014-07-03,SYN003475,2014-07-12,9253,51.36,30.87,475234.08,303329.23,158587.76
Sub-Saharan Africa,The Gambia,Meat,Online,M,2017-01-13,SYN003476,2017-01-20,5154,441.23,333.46,2274099.42,1714431.7,294411.53
Sub-Saharan Africa,Djibouti,Cosmetics,Offline,H,2014-04-14,SYN003477,2014-04-23,7122,459.3,281.89,3271134.6,2106553.71,1355174.58
Europe,San Marino,Baby Food,Online,L,2013-06-28,SYN003478,2013-07-05,5292,260.54,159.3,1378777.6800000002,811641.0,446141.0
Sub-Saharan Africa,Djibouti,Cereal,Online,H,2017-05-27,SYN003479,2017-06-16,8339,227.25,117.34,1895037.75,1076978.56,784899.25
Sub-Saharan Africa,Mali,Fruits,Online,L,2010-05-03,SYN003480,2010-05-13,6048,9.09,7.03,54976.32,38138.96,13968.49
Australia and Oceania,Tuvalu,Baby Food,Offline,H,2010-06-01,SYN003481,2010-06-23,9440,269.35,163.36,2542664.0,1589413.69,953814.0
Europe,Iceland,Cosmetics,Online,C,2017-01-04,SYN003482,2016-12-26,8624,408.67,274.62,3524370.08,2315397.64,1459447.11
Europe,Bulgaria,Office Supplies,Online,M,2012-02-21,SYN003483,2012-02-24,3793,640.95,575.47,2431123.35,2088146.86,513923.91
Sub-Saharan Africa,Rwanda,Office Supplies,Offline,L,2013-02-02,SYN003484,2013-02-05,4837,635.49,472.95,3073865.13,2461096.86,660203.04
Middle East and North Africa,Saudi Arabia,Cereal,Online,M,2013-03-26,SYN003485,2013-03-26,4063,206.63,103.53,839537.69,497135.41,365948.87
Sub-Saharan Africa,Mali,Fruits,Online,L,2010-05-02,SYN003486,2010-05-07,5915,9.19,7.76,54358.85,40059.1,14305.6
Sub-Saharan Africa,Cape Verde,Clothes,Offline,H,2014-07-28,SYN003487,2014-08-12,4265,101.05,35.77,430978.25,156169.58,306526.77
Sub-Saharan Africa,The Gambia,Cereal,Offline,H,2012-06-14,SYN003488,2012-06-01,2061,188.44,121.73,388374.83999999997,254747.01,185549.85
Asia,Sri Lanka,Cosmetics,Offline,M,2016-11-22,SYN003489,2016-12-12,6835,427.54,273.43,2922235.9000000004,1787339.13,1212773.09
Central America and the Caribbean,Belize,Clothes,Offline,M,2016-07-19,SYN003490,2016-09-01,5364,111.49,32.87,598032.36,198281.64,378163.7
Middle East and North Africa,Azerbaijan,Office Supplies,Online,M,2012-06-06,SYN003491,2012-07-18,2020,655.06,513.25,1323221.2,1030029.34,242514.33
Asia,Turkmenistan,Household,Offline,L,2010-12-29,SYN003492,2011-01-26,4170,653.5,551.49,2725095.0,2019860.61,609501.05
Europe,Monaco,Baby Food,Offline,H,2012-05-26,SYN003493,2012-05-26,8106,251.78,142.94,2040928.68,1464590.05,813897.33
Australia and Oceania,Fiji,Clothes,Offline,C,2010-06-24,SYN003494,2010-07-28,10039,106.09,38.01,1065037.51,336139.83,750459.64
Asia,Laos,Vegetables,Offline,C,2011-09-19,SYN003495,2011-10-25,3786,150.13,89.46,568392.1799999999,356170.89,234049.61
Sub-Saharan Africa,Rwanda,Cosmetics,Offline,H,2013-10-12,SYN003496,2013-11-18,4725,440.53,278.66,2081504.2499999998,1311058.02,782345.57
Sub-Saharan Africa,The Gambia,Household,Offline,L,2012-05-21,SYN003497,2012-06-02,2331,617.85,498.11,1440208.35,1218603.82,364437.4
Sub-Saharan Africa,Djibouti,Cereal,Online,H,2017-05-20,SYN003498,2017-06-14,8667,205.56,106.95,1781588.52,1012832.93,708506.14
Sub-Saharan Africa,The Gambia,Meat,Online,M,2017-01-21,SYN003499,2017-01-25,4846,415.22,356.66,2012156.12,1558889.01,253651.41
Asia,Laos,Vegetables,Offline,C,2011-09-21,SYN003500,2011-10-18,3366,157.05,91.95,528630.3,358255.5,238934.56
Sub-Saharan Africa,Rwanda,Cosmetics,Offline,H,2013-10-13,SYN003501,2013-11-24,4272,468.57,254.36,2001731.04,1227793.01,772038.84
Sub-Saharan Africa,Niger,Personal Care,Online,H,2017-03-05,SYN003502,2017-03-23,3117,78.26,55.48,243936.42,173317.44,75764.9
Europe,Bulgaria,Clothes,Online,M,2012-04-24,SYN003503,2012-05-29,1687,117.07,36.39,197497.09,57980.43,124497.4
Australia and Oceania,Australia,Cereal,Offline,H,2013-06-04,SYN003504,2013-06-25,717,208.86,118.9,149752.62,74058.6,58187.44
Asia,Laos,Vegetables,Offline,C,2011-09-08,SYN003505,2011-10-20,3390,154.61,88.85,524127.9,378137.04,238285.93
Sub-Saharan Africa,Mali,Fruits,Online,L,2010-05-01,SYN003506,2010-05-07,5644,9.03,7.09,50965.32,43946.0,12378.04
Asia,Myanmar,Household,Offline,H,2015-01-16,SYN003507,2015-03-01,8383,660.68,482.37,5538480.4399999995,3995513.0,1351732.59
Europe,Norway,Beverages,Offline,C,2014-07-15,SYN003508,2014-08-06,5042,43.17,34.07,217663.14,164443.64,80429.99
Sub-Saharan Africa,Sao Tome and Principe,Beverages,Offline,C,2011-01-18,SYN003509,2011-01-22,9583,48.48,31.21,464583.83999999997,265007.61,147936.65
Sub-Saharan Africa,Cote d'Ivoire,Clothes,Online,C,2012-06-15,SYN003510,2012-06-27,3325,106.77,35.06,355010.25,138953.06,253240.45
Asia,Brunei,Office Supplies,Online,L,2012-04-01,SYN003511,2012-05-04,6540,654.77,541.32,4282195.8,3510621.85,809192.0
Australia and Oceania,Federated States of Micronesia,Beverages,Online,C,2014-10-29,SYN003512,2014-11-14,8966,45.0,29.95,403470.0,319714.8,147784.38
Central America and the Caribbean,Honduras,Household,Offline,H,2017-02-07,SYN003513,2017-02-12,8294,645.85,457.01,5356679.9,4525110.88,1390284.59
Europe,France,Cosmetics,Online,H,2017-05-16,SYN003514,2017-06-09,1923,436.29,222.92,838985.67,503426.44,323167.6
Europe,Iceland,Cosmetics,Online,C,2017-01-06,SYN003515,2017-01-03,9524,424.53,269.36,4043223.7199999997,2347748.46,1487789.88
Sub-Saharan Africa,Zambia,Snacks,Online,L,2011-01-07,SYN003516,2011-01-07,4409,145.55,84.59,641729.9500000001,362664.75,244278.29
Sub-Saharan Africa,South Sudan,Personal Care,Offline,C,2014-01-05,SYN003517,2014-01-31,2067,80.89,55.41,167199.63,111981.37,50284.09
Central America and the Caribbean,Nicaragua,Beverages,Offline,C,2011-02-01,SYN003518,2011-03-22,8111,52.19,31.8,423313.08999999997,252870.03,127758.69
Sub-Saharan Africa,Sao Tome and Principe,Beverages,Offline,C,2011-01-10,SYN003519,2011-01-14,9101,51.59,32.68,469520.59,283456.77,140898.56
Australia and Oceania,Australia,Beverages,Offline,H,2014-07-06,SYN003520,2014-07-09,9045,47.27,31.5,427557.15,298135.61,144468.1
Europe,France,Cosmetics,Online,H,2017-05-26,SYN003521,2017-06-01,1749,423.88,255.38,741366.12,504978.23,348207.03
Sub-Saharan Africa,The Gambia,Cereal,Offline,H,2012-06-06,SYN003522,2012-06-02,2093,196.83,112.86,411965.19,248718.0,191611.98
Australia and Oceania,Solomon Islands,Baby Food,Online,C,2015-02-10,SYN003523,2015-02-25,2915,266.01,167.78,775419.15,461735.88,322315.32
Sub-Saharan Africa,Cameroon,Office Supplies,Online,M,2011-11-06,SYN003524,2011-11-21,5535,641.36,503.21,3549927.6,2981905.36,675417.55
Europe,Bulgaria,Office Supplies,Online,M,2012-02-13,SYN003525,2012-02-27,3714,649.3,529.42,2411500.1999999997,1995470.05,499564.89
Asia,Laos,Vegetables,Offline,C,2011-09-12,SYN003526,2011-10-22,3369,163.09,89.68,549450.21,337095.42,238002.35
Middle East and North Africa,Pakistan,Cosmetics,Offline,L,2013-06-30,SYN003527,2013-08-19,10309,433.87,264.27,4472765.83,2513093.63,1689298.54
Asia,Sri Lanka,Cosmetics,Offline,M,2016-11-12,SYN003528,2016-12-12,6802,409.92,269.9,2788275.8400000003,1792236.03,1250901.87
Central America and the Caribbean,Honduras,Snacks,Online,L,2016-06-23,SYN003529,2016-07-24,2218,160.38,94.75,355722.83999999997,233893.0,118359.63
Asia,Laos,Vegetables,Offline,C,2011-09-13,SYN003530,2011-10-24,3792,152.97,95.15,580062.24,352090.75,252642.58
Sub-Saharan Africa,Djibouti,Cosmetics,Offline,H,2014-04-13,SYN003531,2014-04-18,6856,422.66,267.1,2897756.96,1757828.86,1269067.88
Europe,France,Cosmetics,Online,H,2017-05-21,SYN003532,2017-05-29,1691,427.49,284.43,722885.59,495504.04,329460.08
Sub-Saharan Africa,Comoros,Cereal,Offline,H,2016-04-03,SYN003533,2016-05-02,967,203.39,114.01,196678.12999999998,113180.31,83500.77
Central America and the Caribbean,Haiti,Cosmetics,Offline,H,2013-10-12,SYN003534,2013-11-19,1601,435.74,269.8,697619.74,406941.0,269784.85
Sub-Saharan Africa,Kenya,Vegetables,Online,L,2012-03-18,SYN003535,2012-04-09,6027,150.31,89.42,905918.37,638560.93,412457.65
Australia and Oceania,Federated States of Micronesia,Beverages,Online,C,2014-10-27,SYN003536,2014-11-17,9366,51.68,31.52,484034.88,313307.37,140132.42
Australia and Oceania,Australia,Office Supplies,Online,C,2015-11-02,SYN003537,2015-11-27,2885,630.32,498.96,1818473.2000000002,1478801.28,381953.0
North America,Mexico,Household,Offline,C,2014-10-31,SYN003538,2014-12-15,6987,686.21,502.87,4794549.2700000005,3588782.66,1158278.76
Central America and the Caribbean,Honduras,Snacks,Online,L,2016-06-27,SYN003539,2016-07-21,2359,158.85,89.86,374727.14999999997,234295.0,122330.78
Middle East and North Africa,Lebanon,Clothes,Online,L,2012-09-21,SYN003540,2012-10-09,8797,116.64,37.1,1026082.08,275493.69,604897.73
Sub-Saharan Africa,Sierra Leone,Vegetables,Offline,C,2016-06-03,SYN003541,2016-07-03,1486,161.27,89.45,239647.22,132217.77,91018.21
Sub-Saharan Africa,Madagascar,Clothes,Offline,L,2015-04-24,SYN003542,2015-05-25,7352,107.45,36.79,789972.4,249785.66,571142.85
Sub-Saharan Africa,Cameroon,Beverages,Offline,C,2015-04-04,SYN003543,2015-04-20,5262,49.89,30.68,262521.18,173960.66,89578.45
Asia,Kyrgyzstan,Vegetables,Online,H,2011-07-01,SYN003544,2011-07-09,123,163.97,95.01,20168.31,11574.78,7912.98
Sub-Saharan Africa,Cote d'Ivoire,Clothes,Online,C,2012-06-05,SYN003545,2012-07-02,3356,105.54,35.07,354192.24000000005,123401.87,219813.63
Sub-Saharan Africa,Cote d'Ivoire,Clothes,Online,C,2012-06-10,SYN003546,2012-06-20,3458,116.49,35.06,402822.42,107939.08,259067.17
Middle East and North Africa,Libya,Clothes,Offline,H,2010-10-26,SYN003547,2010-11-18,6138,113.81,38.06,698565.78,219045.18,424397.36
Middle East and North Africa,Syria,Fruits,Online,L,2011-11-27,SYN003548,2011-11-29,4062,9.14,6.53,37126.68,26610.28,8736.78
Central America and the Caribbean,Grenada,Cereal,Online,C,2012-08-27,SYN003549,2012-09-17,2835,200.15,123.95,567425.25,330082.43,235974.54
Sub-Saharan Africa,Sao Tome and Principe,Beverages,Offline,C,2011-01-17,SYN003550,2011-01-18,8710,45.0,31.15,391950.0,276325.98,142365.27
Asia,Bangladesh,Clothes,Online,L,2017-01-12,SYN003551,2017-03-05,8751,107.38,37.3,939682.38,283910.74,627844.84
Asia,Malaysia,Fruits,Offline,L,2011-11-09,SYN003552,2012-01-01,6020,9.39,7.19,56527.8,42437.95,14828.37
Europe,Macedonia,Clothes,Offline,C,2014-10-21,SYN003553,2014-11-12,7786,100.59,35.79,783193.74,295244.22,573758.47
Middle East and North Africa,Azerbaijan,Office Supplies,Online,M,2012-06-15,SYN003554,2012-07-28,2002,649.71,532.27,1300719.4200000002,1043708.84,246129.28
Europe,Macedonia,Clothes,Offline,C,2014-10-20,SYN003555,2014-11-10,7815,119.51,34.22,933970.65,286825.04,594104.74
Sub-Saharan Africa,Niger,Personal Care,Online,H,2017-03-18,SYN003556,2017-03-21,2883,77.77,58.08,224210.90999999997,170164.18,76155.81
Sub-Saharan Africa,Burkina Faso,Vegetables,Online,H,2012-07-11,SYN003557,2012-07-29,8320,158.15,90.54,1315808.0,720221.04,493067.48
Central America and the Caribbean,Haiti,Cosmetics,Offline,H,2013-10-17,SYN003558,2013-11-19,1733,437.01,258.51,757338.33,438598.85,293449.46
Sub-Saharan Africa,Zambia,Snacks,Online,L,2011-01-03,SYN003559,2010-12-30,3931,158.7,96.91,623849.7,392185.14,237690.87
Sub-Saharan Africa,Sierra Leone,Office Supplies,Offline,M,2011-11-24,SYN003560,2012-01-10,3317,619.2,518.31,2053886.4000000001,1741809.56,438619.62
Europe,Norway,Beverages,Offline,C,2014-07-16,SYN003561,2014-07-28,5399,48.67,31.17,262769.33,165398.24,73134.01
Sub-Saharan Africa,Sierra Leone,Office Supplies,Offline,H,2016-12-04,SYN003562,2016-12-12,930,658.76,498.25,612646.8,481645.57,118380.0
Asia,Turkmenistan,Household,Offline,L,2010-12-28,SYN003563,2011-01-18,3597,688.03,475.67,2474843.9099999997,1967543.3,670575.92
Asia,Kyrgyzstan,Vegetables,Online,H,2011-06-21,SYN003564,2011-07-10,118,155.03,85.08,18293.54,11590.08,7562.71
Europe,Romania,Cosmetics,Online,H,2010-11-29,SYN003565,2010-12-22,8153,451.71,259.92,3682791.63,2017794.01,1339789.47
Middle East and North Africa,Lebanon,Clothes,Online,L,2012-09-15,SYN003566,2012-10-15,7830,113.96,37.22,892306.7999999999,260753.65,616538.37
Australia and Oceania,East Timor,Meat,Online,L,2012-07-30,SYN003567,2012-09-13,5818,419.15,357.54,2438614.6999999997,2042084.96,311697.28
Europe,Albania,Clothes,Online,C,2010-01-29,SYN003568,2010-03-20,2411,116.0,35.39,279676.0,80439.95,157164.76
Central America and the Caribbean,Honduras,Household,Offline,H,2017-02-04,SYN003569,2017-02-20,9436,678.06,501.53,6398174.159999999,5213519.07,1262334.69
Sub-Saharan Africa,Djibouti,Snacks,Online,M,2017-02-25,SYN003570,2017-02-28,7232,148.14,106.38,1071348.48,762933.88,443038.96
Asia,Sri Lanka,Cosmetics,Offline,M,2016-11-24,SYN003571,2016-12-15,7068,457.43,275.43,3233115.24,1930575.91,1253465.29
Sub-Saharan Africa,Cameroon,Beverages,Offline,C,2015-03-29,SYN003572,2015-04-11,5462,45.42,33.7,248084.04,174077.97,81830.55
Central America and the Caribbean,Grenada,Cereal,Online,C,2012-08-18,SYN003573,2012-09-13,2988,227.93,113.36,681054.84,319428.38,244853.29
Sub-Saharan Africa,The Gambia,Cereal,Offline,H,2012-06-10,SYN003574,2012-06-11,2020,215.87,113.99,436057.4,235521.22,173204.07
Asia,Mongolia,Personal Care,Offline,C,2014-02-23,SYN003575,2014-02-23,4887,84.29,62.51,411925.23000000004,271518.16,123867.96
Middle East and North Africa,Lebanon,Clothes,Online,L,2012-09-11,SYN003576,2012-10-05,7866,115.4,36.53,907736.4,270553.52,613383.92
Australia and Oceania,East Timor,Meat,Online,L,2012-07-31,SYN003577,2012-09-07,5796,427.59,378.99,2478311.6399999997,2271863.7,313930.66
Sub-Saharan Africa,The Gambia,Household,Offline,L,2012-05-24,SYN003578,2012-06-03,2505,706.62,500.3,1770083.1,1217035.09,389605.13
Central America and the Caribbean,Honduras,Household,Offline,H,2017-02-05,SYN003579,2017-02-13,9118,622.22,488.87,5673401.96,4449217.47,1412614.52
Sub-Saharan Africa,Djibouti,Cosmetics,Offline,H,2014-04-04,SYN003580,2014-04-18,7414,406.82,263.34,3016163.48,1941111.47,1257335.19
Sub-Saharan Africa,Mali,Clothes,Online,M,2011-07-24,SYN003581,2011-09-05,1004,111.22,40.69,111664.88,32870.95,70012.54
Sub-Saharan Africa,Madagascar,Clothes,Offline,L,2015-04-20,SYN003582,2015-05-22,7717,104.34,35.61,805191.78,279766.32,559656.79
Sub-Saharan Africa,Mozambique,Household,Offline,L,2012-02-04,SYN003583,2012-02-10,5473,741.75,488.56,4059597.75,3005514.08,862576.86
Sub-Saharan Africa,Lesotho,Fruits,Online,L,2013-08-15,SYN003584,2013-09-12,9218,9.56,6.85,88124.08,71270.91,23177.5
Sub-Saharan Africa,Madagascar,Clothes,Offline,L,2015-04-27,SYN003585,2015-06-01,7168,111.96,35.61,802529.2799999999,245027.04,503662.1
Sub-Saharan Africa,The Gambia,Meat,Online,M,2017-01-20,SYN003586,2017-01-24,4534,410.06,377.78,1859212.04,1729021.31,284408.01
Europe,Portugal,Baby Food,Online,H,2015-08-04,SYN003587,2015-09-10,1173,244.73,161.31,287068.29,202314.37,125657.34
Australia and Oceania,Australia,Cereal,Offline,H,2013-06-08,SYN003588,2013-07-09,731,187.6,117.42,137135.6,74919.14,57465.29
Sub-Saharan Africa,South Sudan,Personal Care,Offline,C,2013-12-27,SYN003589,2014-01-25,2176,86.11,56.41,187375.36,118190.21,53565.46
Sub-Saharan Africa,Djibouti,Snacks,Online,M,2017-03-04,SYN003590,2017-03-03,7297,141.2,97.19,1030336.3999999999,703852.4,438364.47
Asia,Malaysia,Fruits,Offline,L,2011-11-09,SYN003591,2011-12-23,6162,8.46,7.07,52130.520000000004,42547.29,14353.74
Asia,Myanmar,Household,Offline,H,2015-01-12,SYN003592,2015-02-23,7993,674.99,490.94,5395195.07,4093897.0,1271506.47
Sub-Saharan Africa,The Gambia,Meat,Online,M,2017-01-19,SYN003593,2017-01-22,4735,381.16,369.96,1804792.6,1673878.52,277981.2
Sub-Saharan Africa,Lesotho,Fruits,Online,L,2013-08-16,SYN003594,2013-09-18,9874,9.0,6.74,88866.0,67553.32,22189.25
Europe,Romania,Cosmetics,Online,H,2010-11-20,SYN003595,2010-12-28,7292,446.9,255.65,3258794.8,2183555.76,1355884.9
Sub-Saharan Africa,Republic of the Congo,Personal Care,Offline,M,2015-07-21,SYN003596,2015-08-31,6210,82.98,55.35,515305.80000000005,338520.8,162120.81
Middle East and North Africa,Libya,Fruits,Online,L,2015-08-10,SYN003597,2015-09-25,673,8.97,7.48,6036.81,4705.25,1544.54
Europe,United Kingdom,Household,Online,L,2012-01-01,SYN003598,2012-02-16,276,712.05,501.13,196525.8,147446.84,49160.74
Europe,Iceland,Cosmetics,Online,C,2017-01-05,SYN003599,2016-12-28,8851,439.46,253.24,3889660.46,2134209.42,1464911.64
Sub-Saharan Africa,Rwanda,Office Supplies,Offline,L,2013-01-27,SYN003600,2013-02-11,4790,667.24,538.25,3196079.6,2700619.55,671974.18
Australia and Oceania,Tuvalu,Baby Food,Offline,H,2010-06-01,SYN003601,2010-06-25,10447,283.53,157.01,2962037.9099999997,1581115.91,954936.31
Australia and Oceania,Fiji,Clothes,Offline,C,2010-06-27,SYN003602,2010-08-04,10822,108.77,35.53,1177108.94,369572.71,777287.88
Asia,Malaysia,Fruits,Offline,L,2011-11-13,SYN003603,2011-12-25,6430,8.47,6.14,54462.100000000006,43841.98,16124.12
Europe,Slovenia,Beverages,Offline,C,2016-10-26,SYN003604,2016-12-02,4617,49.29,29.94,227571.93,131019.84,68609.43
Sub-Saharan Africa,The Gambia,Cereal,Offline,H,2012-06-02,SYN003605,2012-06-11,2146,203.96,113.62,437698.16000000003,255469.13,184132.69
Central America and the Caribbean,Grenada,Cereal,Online,C,2012-08-24,SYN003606,2012-09-12,2719,214.86,112.57,584204.3400000001,335283.94,238059.21
Europe,Norway,Baby Food,Online,L,2014-05-07,SYN003607,2014-06-28,8178,234.42,160.6,1917086.76,1244165.0,674692.0
Australia and Oceania,Fiji,Clothes,Offline,C,2010-07-07,SYN003608,2010-08-07,9169,107.68,35.7,987317.92,354594.51,651623.5
Europe,Bulgaria,Clothes,Online,M,2012-04-30,SYN003609,2012-06-02,1641,115.63,35.24,189748.83,56482.67,138386.06
North America,Mexico,Personal Care,Offline,L,2012-02-21,SYN003610,2012-03-26,6547,82.15,60.73,537836.05,354013.34,160053.53
Middle East and North Africa,Iran,Cosmetics,Online,H,2016-11-15,SYN003611,2016-12-13,6190,438.89,264.58,2716729.1,1617769.43,1111515.66
Asia,Kyrgyzstan,Vegetables,Online,H,2011-06-17,SYN003612,2011-07-12,129,162.24,88.78,20928.960000000003,11026.74,7636.05
Sub-Saharan Africa,Sao Tome and Principe,Beverages,Offline,C,2011-01-20,SYN003613,2011-01-20,8687,44.44,30.7,386050.27999999997,293680.33,145205.17
Europe,Norway,Beverages,Offline,C,2014-07-15,SYN003614,2014-07-25,5092,47.36,30.08,241157.12,149618.05,82116.33
North America,Mexico,Household,Offline,C,2014-11-06,SYN003615,2014-12-12,6500,692.21,491.47,4499365.0,3362934.12,1106075.85
Sub-Saharan Africa,Cape Verde,Clothes,Offline,H,2014-08-05,SYN003616,2014-08-25,4345,103.64,37.0,450315.8,147814.42,332527.01
Sub-Saharan Africa,Comoros,Cereal,Offline,H,2016-04-02,SYN003617,2016-04-28,915,205.88,112.12,188380.19999999998,119319.58,82015.28
Sub-Saharan Africa,Madagascar,Clothes,Offline,L,2015-04-22,SYN003618,2015-05-28,7183,106.67,35.59,766210.61,245234.36,506176.16
Australia and Oceania,Australia,Cereal,Offline,H,2013-06-09,SYN003619,2013-06-30,670,181.13,115.03,121357.09999999999,77998.28,57657.72
Sub-Saharan Africa,Democratic Republic of the Congo,Beverages,Online,C,2011-06-02,SYN003620,2011-07-12,5853,51.87,31.95,303595.11,175030.38,89959.48
Asia,Kyrgyzstan,Vegetables,Online,H,2011-06-18,SYN003621,2011-07-06,121,158.83,87.49,19218.43,12091.82,7898.75
Sub-Saharan Africa,Senegal,Cereal,Online,H,2014-04-25,SYN003622,2014-05-26,6311,204.02,121.79,1287570.22,770267.12,541944.42
Middle East and North Africa,Kuwait,Fruits,Online,M,2012-04-29,SYN003623,2012-05-18,508,9.7,7.05,4927.599999999999,3710.32,1287.82
Sub-Saharan Africa,Republic of the Congo,Personal Care,Offline,M,2015-07-21,SYN003624,2015-08-27,5739,83.39,54.1,478575.21,344317.74,159006.19
Sub-Saharan Africa,Djibouti,Cosmetics,Offline,H,2014-04-13,SYN003625,2014-04-22,6711,454.2,270.41,3048136.1999999997,1817400.96,1212774.21
Europe,Russia,Office Supplies,Offline,L,2014-05-09,SYN003626,2014-05-09,1753,586.93,549.97,1028888.2899999999,993240.64,217094.56
Central America and the Caribbean,Honduras,Snacks,Online,L,2016-06-25,SYN003627,2016-07-31,1992,166.24,98.45,331150.08,221895.0,118669.72
Sub-Saharan Africa,Kenya,Vegetables,Online,L,2012-03-17,SYN003628,2012-04-13,6085,158.37,84.15,963681.4500000001,635934.52,403054.68
Middle East and North Africa,Libya,Fruits,Online,L,2015-08-17,SYN003629,2015-09-28,672,8.73,6.66,5866.56,4851.16,1727.84
Europe,Portugal,Baby Food,Online,H,2015-08-07,SYN003630,2015-09-07,1336,233.82,150.42,312383.52,185998.61,118134.25
Sub-Saharan Africa,The Gambia,Cereal,Offline,H,2012-06-02,SYN003631,2012-06-04,2063,216.02,117.69,445649.26,247640.37,207947.57
Europe,San Marino,Baby Food,Online,L,2013-06-25,SYN003632,2013-06-26,4442,276.08,159.67,1226347.3599999999,727515.0,437581.0
Asia,Bangladesh,Clothes,Online,L,2017-01-11,SYN003633,2017-02-24,7815,110.94,35.67,866996.1,272654.83,575274.8
Europe,United Kingdom,Household,Online,L,2011-12-30,SYN003634,2012-02-18,273,688.73,480.92,188023.29,127717.77,49208.87
Australia and Oceania,East Timor,Meat,Online,L,2012-07-29,SYN003635,2012-09-16,5566,389.38,357.69,2167289.08,2204604.75,337363.35
Sub-Saharan Africa,Rwanda,Office Supplies,Offline,L,2013-02-07,SYN003636,2013-02-10,4964,622.34,482.59,3089295.7600000002,2676778.9,687689.98
Asia,Mongolia,Personal Care,Offline,C,2014-02-16,SYN003637,2014-02-20,4762,80.93,52.98,385388.66000000003,270958.64,116320.96
Central America and the Caribbean,Costa Rica,Personal Care,Offline,L,2017-05-15,SYN003638,2017-05-16,6327,83.31,57.46,527102.37,357815.56,141898.98
Middle East and North Africa,Pakistan,Cosmetics,Offline,L,2013-07-08,SYN003639,2013-08-23,10098,452.52,285.95,4569546.96,2715557.91,1703089.46
Australia and Oceania,Kiribati,Fruits,Online,M,2014-10-12,SYN003640,2014-11-10,5135,9.49,7.14,48731.15,36078.13,12341.37
Australia and Oceania,Australia,Beverages,Offline,H,2014-07-08,SYN003641,2014-07-04,8951,42.64,30.56,381670.64,295228.29,161706.03
Sub-Saharan Africa,Djibouti,Snacks,Online,M,2017-02-28,SYN003642,2017-03-02,7598,163.11,82.22,1239309.78,741894.48,377916.92
Sub-Saharan Africa,Lesotho,Fruits,Online,L,2013-08-20,SYN003643,2013-09-12,9682,8.81,7.46,85298.42,64275.87,25343.71
Asia,Brunei,Office Supplies,Online,L,2012-03-30,SYN003644,2012-05-09,6607,666.58,501.55,4404094.0600000005,3570073.02,826384.0
Asia,Turkmenistan,Office Supplies,Online,M,2013-04-22,SYN003645,2013-05-17,5078,644.27,507.68,3271603.06,2666386.21,669634.14
Sub-Saharan Africa,The Gambia,Meat,Online,M,2017-01-08,SYN003646,2017-01-23,4882,403.34,369.49,1969105.88,1731415.41,263382.29
Europe,Slovenia,Beverages,Offline,C,2016-10-19,SYN003647,2016-11-22,4781,45.84,31.59,219161.04,142521.12,69818.02
Australia and Oceania,Australia,Cereal,Offline,H,2013-06-02,SYN003648,2013-06-28,723,218.73,118.78,158141.78999999998,84725.25,59521.69
Europe,Russia,Office Supplies,Offline,L,2014-04-26,SYN003649,2014-05-01,1719,648.62,552.61,1114977.78,1004911.86,221528.09
Sub-Saharan Africa,The Gambia,Cereal,Offline,H,2012-06-06,SYN003650,2012-06-03,1988,209.99,114.48,417460.12,245478.94,185204.4
Asia,Brunei,Office Supplies,Online,L,2012-03-25,SYN003651,2012-05-02,6642,634.04,536.44,4211293.68,3475499.28,847532.0
Asia,Bangladesh,Clothes,Online,L,2017-01-19,SYN003652,2017-02-26,8291,109.62,36.45,908859.42,301080.69,623311.58
Sub-Saharan Africa,Djibouti,Cosmetics,Offline,H,2014-04-13,SYN003653,2014-04-16,7821,420.33,261.07,3287400.9299999997,1958880.8,1148915.71
Central America and the Caribbean,Nicaragua,Beverages,Offline,C,2011-02-03,SYN003654,2011-03-20,8349,49.47,33.48,413025.02999999997,270353.46,129339.09
Australia and Oceania,Australia,Office Supplies,Online,C,2015-11-01,SYN003655,2015-11-23,2710,683.34,569.67,1851851.4000000001,1596496.59,375287.0
Asia,Myanmar,Household,Offline,H,2015-01-15,SYN003656,2015-02-28,8105,669.57,504.63,5426864.850000001,3827549.0,1453517.62
Middle East and North Africa,Pakistan,Cosmetics,Offline,L,2013-07-10,SYN003657,2013-08-17,9965,465.52,252.98,4638906.8,2317518.97,1629881.58
Europe,Bulgaria,Office Supplies,Online,M,2012-02-18,SYN003658,2012-03-04,4093,649.89,562.02,2659999.77,2076908.15,526324.98
Europe,San Marino,Baby Food,Online,L,2013-06-25,SYN003659,2013-06-27,5039,243.97,168.92,1229364.83,695240.0,476646.0
Sub-Saharan Africa,Sierra Leone,Office Supplies,Offline,H,2016-12-09,SYN003660,2016-12-09,912,668.52,501.51,609690.24,505592.47,129386.0
North America,Mexico,Personal Care,Offline,L,2012-02-17,SYN003661,2012-03-17,6279,78.93,54.36,495601.47000000003,378779.84,172843.11
Sub-Saharan Africa,Cameroon,Beverages,Offline,C,2015-03-26,SYN003662,2015-04-20,5222,49.65,31.24,259272.3,166546.39,84845.78
Australia and Oceania,New Zealand,Fruits,Online,H,2014-09-03,SYN003663,2014-10-01,2232,9.06,7.17,20221.920000000002,14271.98,5565.23
Sub-Saharan Africa,Mozambique,Household,Offline,L,2012-02-17,SYN003664,2012-02-12,5794,632.79,481.9,3666385.26,2791970.94,883983.3
Central America and the Caribbean,Costa Rica,Personal Care,Offline,L,2017-05-02,SYN003665,2017-05-19,6231,82.04,57.62,511191.24000000005,357538.45,167166.49
Asia,Mongolia,Personal Care,Offline,C,2014-02-12,SYN003666,2014-02-19,4971,90.36,53.42,449179.56,272911.28,114225.14
Sub-Saharan Africa,Republic of the Congo,Personal Care,Offline,M,2015-07-16,SYN003667,2015-08-29,5793,83.52,51.89,483831.36,368045.51,147240.21
Sub-Saharan Africa,Niger,Personal Care,Online,H,2017-03-12,SYN003668,2017-03-21,2975,82.08,57.37,244188.0,195699.99,69931.8
Sub-Saharan Africa,Djibouti,Snacks,Online,M,2017-02-27,SYN003669,2017-02-28,7490,157.31,96.97,1178251.9,719117.76,392413.65
Sub-Saharan Africa,Cameroon,Office Supplies,Online,M,2011-11-06,SYN003670,2011-11-22,6294,659.35,498.27,4149948.9000000004,2969240.32,739294.09
Europe,Bulgaria,Clothes,Online,M,2012-04-18,SYN003671,2012-05-31,1800,106.08,37.36,190944.0,62268.71,127477.68
Sub-Saharan Africa,The Gambia,Baby Food,Offline,M,2014-02-07,SYN003672,2014-03-16,5070,260.86,161.83,1322560.2,913252.19,574242.11
Sub-Saharan Africa,The Gambia,Household,Offline,L,2012-05-28,SYN003673,2012-06-07,2370,643.48,467.86,1525047.6,1260542.54,392223.74
Australia and Oceania,New Zealand,Fruits,Online,H,2014-09-14,SYN003674,2014-09-27,2372,9.66,6.97,22913.52,14439.33,5009.55
Sub-Saharan Africa,Angola,Household,Offline,M,2011-04-16,SYN003675,2011-04-23,4307,678.2,521.62,2921007.4000000004,2070167.27,682019.03
Asia,Bangladesh,Clothes,Online,L,2017-01-17,SYN003676,2017-03-04,8353,114.63,33.21,957504.39,290349.36,592551.14
Sub-Saharan Africa,Angola,Household,Offline,M,2011-04-30,SYN003677,2011-05-04,3736,640.4,490.57,2392534.4,1966562.96,715392.87
Middle East and North Africa,Libya,Clothes,Offline,H,2010-10-24,SYN003678,2010-11-14,6245,109.5,35.45,683827.5,218848.96,438740.16
Europe,France,Cosmetics,Online,H,2017-05-23,SYN003679,2017-06-03,1710,416.15,241.25,711616.5,475970.83,290397.94
Australia and Oceania,Australia,Beverages,Offline,H,2014-07-14,SYN003680,2014-07-14,9353,47.39,31.75,443238.67,274429.75,147289.75
Sub-Saharan Africa,Sao Tome and Principe,Fruits,Offline,H,2013-09-12,SYN003681,2013-10-30,7150,8.55,6.44,61132.50000000001,54320.45,16909.57
North America,Mexico,Personal Care,Offline,M,2015-07-26,SYN003682,2015-08-15,5486,89.9,57.8,493191.4,319880.66,139138.13
Sub-Saharan Africa,Sierra Leone,Office Supplies,Offline,H,2016-12-07,SYN003683,2016-12-21,942,612.88,520.04,577332.96,487026.72,117433.0
Middle East and North Africa,Kuwait,Fruits,Online,M,2012-05-01,SYN003684,2012-05-20,513,9.32,7.59,4781.16,3610.6,1250.29
Europe,Portugal,Baby Food,Online,H,2015-07-31,SYN003685,2015-09-02,1345,263.59,170.13,354528.55,195593.84,121905.13
Europe,France,Cosmetics,Online,H,2017-05-28,SYN003686,2017-05-29,1979,436.52,285.1,863873.08,493675.6,354918.68
Central America and the Caribbean,Belize,Clothes,Offline,M,2016-07-30,SYN003687,2016-09-09,5384,99.79,34.23,537269.36,208351.71,396124.74
Australia and Oceania,Samoa,Cosmetics,Online,H,2013-07-19,SYN003688,2013-08-09,9902,474.63,278.64,4699786.26,2468255.17,1698749.51
Australia and Oceania,Australia,Beverages,Offline,H,2014-07-07,SYN003689,2014-07-06,8925,43.47,31.56,387969.75,289207.57,154085.22
Middle East and North Africa,Saudi Arabia,Cereal,Online,M,2013-03-27,SYN003690,2013-04-03,4048,204.73,128.02,828747.0399999999,460747.69,350801.35
Sub-Saharan Africa,Rwanda,Cosmetics,Offline,H,2013-10-12,SYN003691,2013-12-01,4318,430.8,236.95,1860194.4000000001,1176122.26,726555.54
Sub-Saharan Africa,The Gambia,Baby Food,Offline,M,2014-01-28,SYN003692,2014-03-15,5649,267.34,172.56,1510203.66,820966.63,463429.4
Sub-Saharan Africa,Djibouti,Cereal,Online,H,2017-05-26,SYN003693,2017-06-23,8215,218.16,111.94,1792184.4,1035634.16,740744.77
Europe,Portugal,Baby Food,Online,H,2015-07-29,SYN003694,2015-09-05,1339,224.43,168.86,300511.77,197805.29,127751.23
Europe,Norway,Baby Food,Online,L,2014-05-16,SYN003695,2014-06-27,7170,261.64,166.4,1875958.7999999998,1255394.0,720756.0
Europe,Iceland,Cosmetics,Online,C,2017-01-03,SYN003696,2017-01-02,8480,456.3,289.11,3869424.0,2202709.91,1587429.58
Sub-Saharan Africa,Sao Tome and Principe,Fruits,Offline,H,2013-09-20,SYN003697,2013-10-23,7687,8.98,6.74,69029.26000000001,53110.68,17710.04
Sub-Saharan Africa,The Gambia,Meat,Online,M,2017-01-10,SYN003698,2017-01-22,4708,429.6,348.98,2022556.8,1751796.74,263119.85
Middle East and North Africa,Saudi Arabia,Cereal,Online,M,2013-03-27,SYN003699,2013-03-27,4343,212.61,119.3,923365.2300000001,487555.59,322891.18
Central America and the Caribbean,Haiti,Cosmetics,Offline,H,2013-10-17,SYN003700,2013-11-12,1659,440.99,278.82,731602.41,471072.1,294740.21
Middle East and North Africa,Azerbaijan,Office Supplies,Online,M,2012-06-13,SYN003701,2012-07-18,2239,682.32,529.58,1527714.4800000002,1006235.77,249475.07
Central America and the Caribbean,Grenada,Cereal,Online,C,2012-08-25,SYN003702,2012-09-18,2925,201.62,115.31,589738.5,339246.14,235527.71
North America,Mexico,Household,Offline,C,2014-11-06,SYN003703,2014-12-13,6416,656.22,464.16,4210307.5200000005,3701328.78,1077565.66
Sub-Saharan Africa,Rwanda,Office Supplies,Offline,L,2013-01-30,SYN003704,2013-02-04,4943,617.32,531.15,3051412.7600000002,2754641.99,634052.53
Sub-Saharan Africa,Mozambique,Household,Offline,L,2012-02-15,SYN003705,2012-02-22,5377,634.47,500.55,3411545.19,2658530.0,933529.85
Middle East and North Africa,Azerbaijan,Cosmetics,Online,M,2010-02-06,SYN003706,2010-02-28,7719,433.66,222.25,3347421.54,1813611.33,1260622.23
Australia and Oceania,Australia,Beverages,Offline,H,2014-07-09,SYN003707,2014-07-16,9144,50.35,31.69,460400.4,305862.03,147325.65
Middle East and North Africa,Syria,Fruits,Online,L,2011-11-27,SYN003708,2011-12-05,4072,8.77,6.97,35711.439999999995,25909.85,9097.45
Central America and the Caribbean,Belize,Clothes,Offline,M,2016-07-19,SYN003709,2016-08-31,5841,113.1,36.79,660617.1,201118.04,364541.34
Sub-Saharan Africa,Republic of the Congo,Personal Care,Offline,M,2015-07-18,SYN003710,2015-08-22,6232,81.54,60.07,508157.28,347108.84,146138.79
Australia and Oceania,New Zealand,Fruits,Online,H,2014-09-15,SYN003711,2014-10-01,2322,9.81,7.16,22778.82,14871.67,5098.67
Sub-Saharan Africa,Mali,Clothes,Online,M,2011-07-22,SYN003712,2011-09-06,870,114.16,34.95,99319.2,34416.06,64826.49
Sub-Saharan Africa,Cape Verde,Clothes,Offline,H,2014-07-27,SYN003713,2014-08-21,4158,107.19,37.77,445696.02,143727.98,302666.33
Europe,Moldova,Personal Care,Online,L,2016-04-30,SYN003714,2016-05-07,5195,85.16,57.97,442406.19999999995,279481.36,135458.79
Sub-Saharan Africa,Cote d'Ivoire,Clothes,Online,C,2012-06-05,SYN003715,2012-06-21,3510,110.98,33.69,389539.8,134724.81,261542.13
Sub-Saharan Africa,Rwanda,Cosmetics,Offline,H,2013-10-13,SYN003716,2013-11-18,4493,467.77,275.15,2101690.61,1128170.9,778282.31
Europe,Russia,Office Supplies,Offline,L,2014-05-06,SYN003717,2014-05-03,1837,664.14,540.86,1220025.18,992842.22,213335.14
North America,Mexico,Personal Care,Offline,L,2012-02-13,SYN003718,2012-03-14,6107,77.55,57.32,473597.85,387541.47,166575.83
Sub-Saharan Africa,Sao Tome and Principe,Fruits,Offline,H,2013-09-12,SYN003719,2013-10-28,7889,10.08,6.87,79521.12,50450.48,17176.31
North America,Mexico,Personal Care,Offline,M,2015-08-01,SYN003720,2015-08-12,5517,82.6,58.57,455704.19999999995,329612.17,144550.2
Asia,Laos,Vegetables,Offline,C,2011-09-22,SYN003721,2011-10-29,3627,152.41,87.97,552791.07,320708.4,221823.64
Asia,Myanmar,Clothes,Online,H,2015-11-08,SYN003722,2015-11-14,6199,112.15,37.85,695217.8500000001,192267.8,463191.65
Sub-Saharan Africa,The Gambia,Household,Offline,L,2012-05-26,SYN003723,2012-06-14,2511,738.81,536.95,1855151.91,1184743.19,427580.81
Sub-Saharan Africa,Democratic Republic of the Congo,Beverages,Online,C,2011-06-02,SYN003724,2011-07-09,5914,52.32,30.5,309420.48,200046.65,91081.56
Sub-Saharan Africa,Gabon,Personal Care,Offline,L,2012-07-04,SYN003725,2012-07-15,8644,77.32,63.62,668354.08,548361.54,225826.18
Sub-Saharan Africa,Rwanda,Cosmetics,Offline,H,2013-10-11,SYN003726,2013-12-02,4225,428.79,256.28,1811637.75,1151756.01,786078.06
Europe,Norway,Baby Food,Online,L,2014-05-14,SYN003727,2014-06-30,8211,262.02,156.05,2151446.2199999997,1158866.0,752345.0
Europe,Switzerland,Personal Care,Online,M,2010-12-19,SYN003728,2011-01-26,278,83.3,58.21,23157.399999999998,15190.33,6764.88
Asia,Mongolia,Personal Care,Offline,C,2014-02-16,SYN003729,2014-02-23,4979,84.69,58.41,421671.51,279209.99,116385.36
Central America and the Caribbean,Haiti,Cosmetics,Offline,H,2013-10-16,SYN003730,2013-11-20,1721,414.02,299.49,712528.4199999999,479431.86,286093.63
Sub-Saharan Africa,Burkina Faso,Vegetables,Online,H,2012-07-24,SYN003731,2012-07-26,8034,149.61,83.38,1201966.7400000002,729236.43,509209.12
Sub-Saharan Africa,Mali,Fruits,Online,L,2010-05-06,SYN003732,2010-05-16,5939,8.66,7.05,51431.74,39920.49,13063.17
Europe,United Kingdom,Household,Online,L,2012-01-07,SYN003733,2012-02-09,286,603.67,464.68,172649.62,125046.58,47537.81
Asia,Malaysia,Fruits,Offline,L,2011-11-17,SYN003734,2011-12-27,6422,9.05,6.88,58119.100000000006,45159.73,14701.75
Australia and Oceania,Solomon Islands,Baby Food,Online,C,2015-02-05,SYN003735,2015-02-26,2977,258.67,171.66,770060.5900000001,437539.56,270803.5
Australia and Oceania,Tuvalu,Baby Food,Offline,H,2010-05-29,SYN003736,2010-06-23,10110,242.87,162.99,2455415.7,1358613.79,943169.91
Europe,Lithuania,Office Supplies,Offline,H,2010-10-26,SYN003737,2010-11-15,8587,637.81,498.22,5476874.47,4279111.7,1093279.58
Sub-Saharan Africa,Sao Tome and Principe,Fruits,Online,C,2014-06-25,SYN003738,2014-06-30,7923,10.42,7.28,82557.66,57513.82,19886.49
Sub-Saharan Africa,Cape Verde,Clothes,Offline,H,2014-08-03,SYN003739,2014-08-13,3748,100.59,34.54,377011.32,151357.62,302157.01
Europe,Norway,Beverages,Offline,C,2014-07-22,SYN003740,2014-08-03,5088,50.16,33.98,255214.08,165939.55,75535.04
Europe,Portugal,Baby Food,Online,H,2015-07-30,SYN003741,2015-09-01,1381,264.75,165.76,365619.75,203576.63,113251.18
Australia and Oceania,Kiribati,Fruits,Online,M,2014-10-07,SYN003742,2014-11-09,5558,9.01,7.07,50077.58,36708.05,12145.23
Europe,France,Cosmetics,Online,H,2017-05-26,SYN003743,2017-06-10,1780,427.52,271.69,760985.6,467280.32,319509.36
Asia,Turkmenistan,Household,Offline,L,2011-01-03,SYN003744,2011-01-16,3347,703.0,482.11,2352941.0,1833209.07,651204.85
Australia and Oceania,Australia,Cereal,Offline,H,2013-06-11,SYN003745,2013-07-01,669,218.64,115.51,146270.16,76345.03,61564.75
Asia,Brunei,Office Supplies,Online,L,2012-03-30,SYN003746,2012-05-03,6819,668.17,518.31,4556251.2299999995,3554976.28,861393.0
Central America and the Caribbean,Nicaragua,Beverages,Offline,C,2011-02-14,SYN003747,2011-03-25,8328,48.64,30.7,405073.92,261918.69,138341.95
Central America and the Caribbean,Costa Rica,Personal Care,Offline,L,2017-05-05,SYN003748,2017-05-25,6555,85.69,52.51,561697.95,360018.15,158134.77
Europe,Albania,Clothes,Online,C,2010-01-31,SYN003749,2010-03-14,2230,110.93,36.8,247373.90000000002,76011.04,166746.36
Sub-Saharan Africa,South Sudan,Personal Care,Offline,C,2014-01-02,SYN003750,2014-01-24,2339,81.8,55.18,191330.19999999998,118700.37,58333.25
Middle East and North Africa,Saudi Arabia,Cereal,Online,M,2013-03-28,SYN003751,2013-03-31,4288,203.95,127.67,874537.6,452702.29,396207.77
Sub-Saharan Africa,Cameroon,Beverages,Offline,C,2015-03-31,SYN003752,2015-04-15,5485,48.18,29.86,264267.3,165214.93,82527.51
Asia,Malaysia,Fruits,Offline,L,2011-11-18,SYN003753,2012-01-03,6304,9.1,7.16,57366.399999999994,44074.05,14802.37
Australia and Oceania,Kiribati,Fruits,Online,M,2014-10-08,SYN003754,2014-11-16,5336,8.86,6.92,47276.96,39348.4,13803.21
Australia and Oceania,Solomon Islands,Baby Food,Online,C,2015-02-02,SYN003755,2015-02-24,3200,260.13,156.41,832416.0,443585.18,305631.86
Europe,Slovakia,Vegetables,Online,H,2012-10-13,SYN003756,2012-11-13,171,145.76,95.39,24924.96,15799.32,10254.85
Asia,Laos,Vegetables,Offline,C,2011-09-21,SYN003757,2011-10-30,3921,156.08,81.94,611989.68,330188.0,245641.34
Sub-Saharan Africa,The Gambia,Baby Food,Offline,M,2014-01-27,SYN003758,2014-03-17,6144,236.99,165.92,1456066.56,916477.99,550478.81
Europe,Moldova,Personal Care,Online,L,2016-05-13,SYN003759,2016-05-10,4342,77.95,55.41,338458.9,288504.39,128897.5
Sub-Saharan Africa,Cameroon,Beverages,Offline,C,2015-04-04,SYN003760,2015-04-11,5565,52.03,32.89,289546.95,173600.96,87128.69
Sub-Saharan Africa,Sierra Leone,Office Supplies,Offline,H,2016-12-01,SYN003761,2016-12-15,913,630.13,557.73,575308.69,447048.14,115353.0
Australia and Oceania,Kiribati,Fruits,Online,M,2014-10-11,SYN003762,2014-11-10,5445,9.02,7.08,49113.899999999994,34250.35,13126.27
Sub-Saharan Africa,Sao Tome and Principe,Fruits,Offline,H,2013-09-13,SYN003763,2013-10-25,7538,8.98,6.68,67691.24,56118.62,18705.8
Asia,Sri Lanka,Cosmetics,Offline,M,2016-11-24,SYN003764,2016-12-13,6759,415.9,257.87,2811068.0999999996,1928134.06,1246427.84
Sub-Saharan Africa,Sao Tome and Principe,Beverages,Offline,C,2011-01-16,SYN003765,2011-01-22,8675,50.7,30.71,439822.5,292402.88,133504.37
Europe,Monaco,Baby Food,Offline,H,2012-06-04,SYN003766,2012-05-28,8645,259.28,154.09,2241475.5999999996,1509196.17,865170.67
Australia and Oceania,Australia,Beverages,Offline,H,2014-06-30,SYN003767,2014-07-13,8644,51.15,33.49,442140.6,316180.26,129917.22
Australia and Oceania,Solomon Islands,Baby Food,Online,C,2015-02-03,SYN003768,2015-02-16,2921,266.59,176.57,778709.3899999999,489964.53,269050.26
Sub-Saharan Africa,Burkina Faso,Vegetables,Online,H,2012-07-23,SYN003769,2012-08-02,8088,164.36,88.84,1329343.6800000002,718332.46,471991.74
Europe,France,Cosmetics,Online,H,2017-05-25,SYN003770,2017-06-07,1969,446.59,283.19,879335.71,481976.81,311723.32
Europe,Macedonia,Clothes,Offline,C,2014-10-10,SYN003771,2014-11-14,8283,100.09,34.13,829045.47,279710.13,562273.34
Australia and Oceania,Tuvalu,Baby Food,Offline,H,2010-06-02,SYN003772,2010-06-26,9286,255.64,158.99,2373873.04,1547686.38,977165.84
Central America and the Caribbean,Belize,Clothes,Offline,M,2016-07-26,SYN003773,2016-09-01,5326,115.54,35.15,615366.04,200529.75,368463.47
Asia,Myanmar,Household,Offline,H,2015-01-16,SYN003774,2015-02-22,8303,700.88,475.66,5819406.64,3956717.0,1327159.82
North America,Mexico,Personal Care,Offline,M,2015-07-28,SYN003775,2015-08-08,5536,81.68,55.87,452180.48000000004,341413.81,155530.71
Sub-Saharan Africa,Angola,Household,Offline,M,2011-04-23,SYN003776,2011-04-22,3734,629.25,489.21,2349619.5,2270649.71,681963.96
Europe,Slovenia,Beverages,Offline,C,2016-10-18,SYN003777,2016-11-29,4500,53.02,33.19,238590.0,150482.94,73654.17
Europe,Monaco,Baby Food,Offline,H,2012-05-27,SYN003778,2012-06-02,8845,258.0,146.6,2282010.0,1352118.41,768298.61
Middle East and North Africa,Azerbaijan,Cosmetics,Online,M,2010-02-09,SYN003779,2010-02-18,7698,434.08,272.87,3341547.84,1944475.46,1302634.58
Asia,Kyrgyzstan,Vegetables,Online,H,2011-06-20,SYN003780,2011-07-14,130,160.96,92.05,20924.8,10636.44,7439.27
North America,Mexico,Personal Care,Offline,L,2012-02-21,SYN003781,2012-03-24,5963,81.05,62.21,483301.14999999997,361724.85,154091.54
Australia and Oceania,Tuvalu,Baby Food,Offline,H,2010-05-22,SYN003782,2010-06-26,9793,256.57,159.22,2512590.01,1544981.88,986107.76
North America,Mexico,Personal Care,Offline,M,2015-07-27,SYN003783,2015-08-04,5129,86.99,55.61,446171.70999999996,328898.16,144124.46
Asia,Mongolia,Personal Care,Offline,C,2014-02-17,SYN003784,2014-02-19,5404,80.28,55.06,433833.12,263944.4,120223.73
Sub-Saharan Africa,The Gambia,Cereal,Offline,H,2012-06-12,SYN003785,2012-06-08,2185,200.5,120.77,438092.5,241003.86,185379.94
Middle East and North Africa,Libya,Fruits,Online,L,2015-08-13,SYN003786,2015-10-01,645,8.92,7.2,5753.4,4907.94,1438.29
Europe,Moldova,Personal Care,Online,L,2016-05-03,SYN003787,2016-05-09,4685,84.39,62.34,395367.15,294677.11,130102.22
Sub-Saharan Africa,Senegal,Cereal,Online,H,2014-04-18,SYN003788,2014-05-30,6693,216.07,129.46,1446156.51,741863.06,562326.12
Europe,Russia,Office Supplies,Offline,L,2014-05-02,SYN003789,2014-05-04,1653,701.24,565.2,1159149.72,930206.02,238966.09
Australia and Oceania,Tuvalu,Baby Food,Offline,H,2010-05-24,SYN003790,2010-06-23,10227,245.96,153.41,2515432.92,1721703.51,924341.77
Europe,Bulgaria,Office Supplies,Online,M,2012-02-18,SYN003791,2012-02-29,3938,696.13,541.61,2741359.94,2079233.52,493265.51
Europe,Portugal,Baby Food,Online,H,2015-07-25,SYN003792,2015-09-03,1299,268.36,146.42,348599.64,202179.44,128426.0
Asia,Malaysia,Fruits,Offline,L,2011-11-13,SYN003793,2011-12-27,6599,9.6,6.96,63350.399999999994,41703.55,13514.8
Europe,Albania,Clothes,Online,C,2010-01-28,SYN003794,2010-03-11,2193,104.77,37.11,229760.61,80744.27,155573.12
Sub-Saharan Africa,Burkina Faso,Vegetables,Online,H,2012-07-11,SYN003795,2012-08-01,7586,153.13,92.25,1161644.18,682597.86,525373.45
Asia,Bangladesh,Clothes,Online,L,2017-01-13,SYN003796,2017-03-03,8229,101.55,35.28,835654.95,318421.95,581063.94
Asia,Bangladesh,Clothes,Online,L,2017-01-07,SYN003797,2017-02-25,8308,101.44,34.75,842763.52,298672.43,573789.86
Europe,Albania,Clothes,Online,C,2010-01-31,SYN003798,2010-03-15,2303,105.06,35.26,241953.18,79456.63,174056.77
Sub-Saharan Africa,Burkina Faso,Vegetables,Online,H,2012-07-22,SYN003799,2012-07-29,7666,159.14,100.71,1219967.24,746110.48,500596.12
Middle East and North Africa,Lebanon,Clothes,Online,L,2012-09-19,SYN003800,2012-10-10,8363,99.85,33.9,835045.5499999999,269974.25,578221.18
Sub-Saharan Africa,Mozambique,Household,Offline,L,2012-02-13,SYN003801,2012-02-15,5748,613.28,524.82,3525133.44,2509188.43,892225.38
Sub-Saharan Africa,Gabon,Personal Care,Offline,L,2012-07-09,SYN003802,2012-07-13,9998,75.62,57.55,756048.76,517775.6,224986.2
Sub-Saharan Africa,Sao Tome and Principe,Beverages,Offline,C,2011-01-14,SYN003803,2011-01-24,9273,45.64,31.07,423219.72000000003,279953.05,130759.56
Asia,Bangladesh,Clothes,Online,L,2017-01-16,SYN003804,2017-03-08,8870,107.37,37.04,952371.9,307147.86,651556.06
Europe,Slovakia,Vegetables,Online,H,2012-10-11,SYN003805,2012-11-07,172,144.32,87.08,24823.039999999997,15833.12,10505.39
Europe,Russia,Office Supplies,Offline,L,2014-04-29,SYN003806,2014-05-01,1588,679.15,559.95,1078490.2,962346.91,237096.46
Sub-Saharan Africa,Kenya,Vegetables,Online,L,2012-03-24,SYN003807,2012-03-31,6369,141.57,88.09,901659.33,599977.92,406404.86
Sub-Saharan Africa,Lesotho,Fruits,Online,L,2013-08-16,SYN003808,2013-09-11,10337,9.23,7.17,95410.51000000001,71380.41,24281.65
Australia and Oceania,Australia,Cereal,Offline,H,2013-06-11,SYN003809,2013-06-30,686,199.61,115.15,136932.46000000002,77773.77,53707.92
Australia and Oceania,New Zealand,Fruits,Online,H,2014-09-04,SYN003810,2014-10-09,2141,8.86,6.8,18969.26,14253.21,5171.37
Central America and the Caribbean,Nicaragua,Beverages,Offline,C,2011-02-15,SYN003811,2011-03-16,8660,47.43,31.63,410743.8,273528.76,133873.79
Sub-Saharan Africa,Rwanda,Cosmetics,Offline,H,2013-10-17,SYN003812,2013-11-27,4403,433.3,261.06,1907819.9000000001,1174462.32,840740.11
Europe,Monaco,Baby Food,Offline,H,2012-05-24,SYN003813,2012-06-08,8626,236.87,151.0,2043240.62,1324051.54,798929.69
Central America and the Caribbean,Costa Rica,Personal Care,Offline,L,2017-05-11,SYN003814,2017-05-21,6441,84.27,56.17,542783.07,337896.11,172023.03
Europe,United Kingdom,Household,Online,L,2011-12-31,SYN003815,2012-02-10,288,681.8,512.54,196358.4,147824.81,43942.12
Sub-Saharan Africa,Djibouti,Snacks,Online,M,2017-03-03,SYN003816,2017-02-20,6580,152.38,90.65,1002660.4,702421.76,402162.04
Europe,Slovenia,Beverages,Offline,C,2016-10-17,SYN003817,2016-11-28,4643,46.3,31.29,214970.9,137163.74,74623.9
Europe,Norway,Beverages,Offline,C,2014-07-13,SYN003818,2014-07-24,4715,48.45,29.75,228441.75,161603.93,82775.36
Sub-Saharan Africa,Djibouti,Snacks,Online,M,2017-02-25,SYN003819,2017-02-25,7263,144.87,103.68,1052190.81,737561.48,438662.35
Asia,Myanmar,Clothes,Online,H,2015-11-17,SYN003820,2015-11-11,6400,113.4,38.76,725760.0,183608.43,442899.63
Asia,Turkmenistan,Household,Offline,L,2010-12-26,SYN003821,2011-01-18,3858,625.15,492.23,2411828.6999999997,1904328.58,610116.43
Europe,Slovenia,Beverages,Offline,C,2016-10-19,SYN003822,2016-11-18,4813,48.08,31.78,231409.03999999998,146401.23,76354.91
Europe,Russia,Office Supplies,Offline,L,2014-04-29,SYN003823,2014-05-14,1808,565.34,531.98,1022134.7200000001,997277.66,205602.38
Australia and Oceania,New Zealand,Fruits,Online,H,2014-09-15,SYN003824,2014-10-06,2285,8.7,7.17,19879.5,15006.96,5590.63
Sub-Saharan Africa,Rwanda,Office Supplies,Offline,L,2013-02-01,SYN003825,2013-02-03,5237,642.84,519.73,3366553.08,2822777.68,650212.99
Sub-Saharan Africa,Comoros,Cereal,Offline,H,2016-04-05,SYN003826,2016-05-01,996,205.47,120.45,204648.12,116435.66,84470.74
Central America and the Caribbean,Honduras,Household,Offline,H,2017-02-11,SYN003827,2017-02-16,8897,658.51,527.39,5858763.47,4360649.5,1556375.27
Europe,Macedonia,Clothes,Offline,C,2014-10-11,SYN003828,2014-11-12,8054,110.89,37.42,893108.06,305336.08,584974.15
Sub-Saharan Africa,Lesotho,Fruits,Online,L,2013-08-16,SYN003829,2013-09-17,10134,8.63,6.37,87456.42000000001,70865.7,23236.83
Sub-Saharan Africa,Comoros,Cereal,Offline,H,2016-04-04,SYN003830,2016-04-27,969,215.21,108.88,208538.49000000002,105722.24,80624.89
Europe,Moldova,Personal Care,Online,L,2016-05-08,SYN003831,2016-05-17,5163,74.96,57.68,387018.48,257383.82,124671.18
Asia,Brunei,Office Supplies,Online,L,2012-04-04,SYN003832,2012-05-12,6779,699.26,511.35,4740283.54,3676940.29,802228.0
Sub-Saharan Africa,Cameroon,Office Supplies,Online,M,2011-11-13,SYN003833,2011-11-19,5485,580.34,483.77,3183164.9000000004,2755473.81,701742.44
Europe,France,Cosmetics,Online,H,2017-05-15,SYN003834,2017-05-29,1731,441.8,261.43,764755.8,441828.41,339340.81
Central America and the Caribbean,Costa Rica,Personal Care,Offline,L,2017-05-14,SYN003835,2017-05-28,6643,84.44,62.94,560934.92,336294.19,157652.06
Sub-Saharan Africa,Comoros,Cereal,Offline,H,2016-04-04,SYN003836,2016-04-24,989,209.4,120.77,207096.6,106770.43,80366.52
Australia and Oceania,Samoa,Cosmetics,Online,H,2013-07-24,SYN003837,2013-08-09,9663,424.81,287.19,4104939.03,2448870.34,1581249.06
Australia and Oceania,Australia,Cereal,Offline,H,2013-06-16,SYN003838,2013-06-29,741,198.16,122.37,146836.56,84647.83,59927.28
Sub-Saharan Africa,Mauritania,Office Supplies,Offline,C,2012-01-07,SYN003839,2012-01-19,1284,666.5,554.6,855786.0,661306.99,154153.58
Sub-Saharan Africa,Sao Tome and Principe,Fruits,Online,C,2014-06-25,SYN003840,2014-06-30,8144,10.13,6.59,82498.72,58845.24,18563.64
North America,Mexico,Personal Care,Offline,M,2015-07-31,SYN003841,2015-08-05,6029,81.9,56.5,493775.10000000003,311605.47,150834.72
Central America and the Caribbean,Honduras,Snacks,Online,L,2016-07-07,SYN003842,2016-08-01,2340,148.5,96.3,347490.0,217919.0,128101.97
Sub-Saharan Africa,Lesotho,Fruits,Online,L,2013-08-25,SYN003843,2013-09-15,9252,9.22,6.74,85303.44,67619.28,23112.96
Europe,Monaco,Baby Food,Offline,H,2012-06-01,SYN003844,2012-05-30,7205,244.1,148.24,1758740.5,1307485.32,876320.55
Europe,Russia,Office Supplies,Offline,L,2014-05-06,SYN003845,2014-05-15,1760,604.79,547.64,1064430.4,930427.04,242339.6
Asia,Myanmar,Clothes,Online,H,2015-11-08,SYN003846,2015-11-20,5907,110.77,36.89,654318.39,199199.31,457933.49
Europe,Iceland,Cosmetics,Online,C,2017-01-03,SYN003847,2016-12-29,8453,393.89,242.27,3329552.17,2391342.81,1667543.96
Sub-Saharan Africa,Gabon,Personal Care,Offline,L,2012-07-12,SYN003848,2012-07-15,8441,79.61,55.79,671988.01,440192.81,219291.23
Middle East and North Africa,Azerbaijan,Cosmetics,Online,M,2010-02-10,SYN003849,2010-03-04,7054,434.9,262.57,3067784.5999999996,2034419.41,1272405.63
Australia and Oceania,Federated States of Micronesia,Beverages,Online,C,2014-10-24,SYN003850,2014-11-19,9149,49.17,31.43,449856.33,272212.55,150549.55
Sub-Saharan Africa,Mali,Clothes,Online,M,2011-08-01,SYN003851,2011-09-04,956,110.84,33.15,105963.04000000001,29859.78,65429.13
Europe,Switzerland,Cosmetics,Offline,M,2012-09-14,SYN003852,2012-10-13,9220,450.56,263.06,4154163.2,2290771.75,1423864.47
Sub-Saharan Africa,Rwanda,Cosmetics,Offline,H,2013-10-06,SYN003853,2013-11-23,4601,439.02,285.36,2019931.02,1189078.1,802711.49
Sub-Saharan Africa,Sierra Leone,Office Supplies,Offline,H,2016-12-07,SYN003854,2016-12-18,843,660.31,553.07,556641.33,495297.05,110157.0
Australia and Oceania,Kiribati,Fruits,Online,M,2014-10-15,SYN003855,2014-11-07,5433,10.01,6.87,54384.33,36569.32,12360.09
Asia,Myanmar,Clothes,Online,H,2015-11-10,SYN003856,2015-11-24,5481,120.05,36.9,657994.0499999999,205758.83,444832.2
Europe,Albania,Clothes,Online,C,2010-01-31,SYN003857,2010-03-24,2259,109.36,38.63,247044.24,82308.52,155785.45
Sub-Saharan Africa,Madagascar,Clothes,Offline,L,2015-04-24,SYN003858,2015-06-03,7279,107.41,37.41,781837.39,247965.44,574630.79
Middle East and North Africa,Azerbaijan,Cosmetics,Online,M,2010-02-04,SYN003859,2010-02-28,7720,424.23,259.18,3275055.6,1912620.03,1304220.49
Sub-Saharan Africa,Cote d'Ivoire,Clothes,Online,C,2012-06-07,SYN003860,2012-06-24,3301,123.33,32.97,407112.33,118499.09,258370.62
Sub-Saharan Africa,The Gambia,Household,Offline,L,2012-05-29,SYN003861,2012-06-10,2387,666.07,535.16,1589909.09,1143882.33,415786.46
Europe,Slovenia,Beverages,Offline,C,2016-10-17,SYN003862,2016-11-22,4962,43.13,29.25,214011.06000000003,149401.42,72547.45
Asia,Kyrgyzstan,Vegetables,Online,H,2011-06-22,SYN003863,2011-07-18,110,146.18,91.05,16079.800000000001,12355.69,7690.81
Europe,United Kingdom,Household,Online,L,2012-01-12,SYN003864,2012-02-20,293,583.32,504.85,170912.76,135590.41,48768.16
Asia,Turkmenistan,Household,Offline,L,2011-01-06,SYN003865,2011-01-21,3860,697.12,482.51,2690883.2,1923932.68,654326.77
Sub-Saharan Africa,Cameroon,Office Supplies,Online,M,2011-11-08,SYN003866,2011-11-21,5813,639.89,546.05,3719680.57,3117567.12,684708.15
Asia,Kyrgyzstan,Vegetables,Online,H,2011-06-21,SYN003867,2011-07-08,124,152.42,86.32,18900.079999999998,11062.85,7412.24
Europe,Norway,Baby Food,Online,L,2014-05-08,SYN003868,2014-06-25,7429,245.8,163.81,1826048.2000000002,1153378.0,676925.0
Middle East and North Africa,Azerbaijan,Cosmetics,Online,M,2010-02-07,SYN003869,2010-02-18,6844,436.53,257.91,2987611.32,1828362.32,1270027.81
Europe,Slovakia,Vegetables,Online,H,2012-10-07,SYN003870,2012-11-03,161,165.61,94.23,26663.210000000003,16834.25,10274.91
Australia and Oceania,East Timor,Meat,Online,L,2012-07-29,SYN003871,2012-09-11,5716,426.86,369.16,2439931.7600000002,2111268.28,349105.41
Central America and the Caribbean,Honduras,Household,Offline,H,2017-02-10,SYN003872,2017-02-09,8655,677.12,519.96,5860473.6,4390281.24,1518723.23
Sub-Saharan Africa,Mauritania,Office Supplies,Offline,C,2012-01-14,SYN003873,2012-01-09,1221,585.03,555.26,714321.63,668810.24,169161.74
Asia,Myanmar,Household,Offline,H,2015-01-09,SYN003874,2015-02-22,8463,713.66,532.08,6039704.58,4498770.0,1345115.99
Asia,Laos,Vegetables,Offline,C,2011-09-21,SYN003875,2011-10-21,3633,142.97,88.75,519410.01,383006.12,242811.14
Europe,Lithuania,Office Supplies,Offline,H,2010-10-26,SYN003876,2010-11-24,7701,648.3,493.54,4992558.3,4903294.19,1088826.13
Sub-Saharan Africa,The Gambia,Baby Food,Offline,M,2014-01-31,SYN003877,2014-03-26,5176,253.12,148.09,1310149.12,907316.78,511186.12
Sub-Saharan Africa,Niger,Personal Care,Online,H,2017-03-18,SYN003878,2017-03-21,3222,81.36,55.17,262141.91999999998,170974.4,73574.45
Central America and the Caribbean,Haiti,Cosmetics,Offline,H,2013-10-18,SYN003879,2013-11-23,1867,461.29,244.31,861228.43,451402.83,300706.43
Asia,Laos,Vegetables,Offline,C,2011-09-08,SYN003880,2011-10-25,3440,142.7,93.72,490887.99999999994,352847.69,239796.26
Sub-Saharan Africa,Mauritania,Office Supplies,Offline,C,2012-01-07,SYN003881,2012-01-13,1215,615.44,540.82,747759.6000000001,650556.6,159263.59
Sub-Saharan Africa,The Gambia,Baby Food,Offline,M,2014-02-06,SYN003882,2014-03-27,5845,255.1,162.12,1491059.5,866869.53,564453.48
Europe,San Marino,Baby Food,Online,L,2013-06-23,SYN003883,2013-07-08,4773,250.19,156.7,1194156.8699999999,788774.0,447064.0
Asia,Sri Lanka,Cosmetics,Offline,M,2016-11-18,SYN003884,2016-12-11,6836,404.88,255.31,2767759.68,1807272.96,1196948.92
Sub-Saharan Africa,Mali,Fruits,Online,L,2010-05-03,SYN003885,2010-05-09,5538,9.57,7.28,52998.66,42207.62,13564.45
Sub-Saharan Africa,Sierra Leone,Vegetables,Offline,C,2016-06-04,SYN003886,2016-06-23,1447,150.1,91.54,217194.69999999998,141695.33,98922.87
Sub-Saharan Africa,Cape Verde,Clothes,Offline,H,2014-08-05,SYN003887,2014-08-16,4189,106.06,36.59,444285.34,156596.02,307240.26
Sub-Saharan Africa,Senegal,Cereal,Online,H,2014-04-16,SYN003888,2014-06-04,6877,216.95,125.69,1491965.15,762700.51,599318.34
Sub-Saharan Africa,Sierra Leone,Office Supplies,Offline,H,2016-12-01,SYN003889,2016-12-13,931,657.39,554.44,612030.09,513392.15,118310.0
Asia,Mongolia,Personal Care,Offline,C,2014-02-13,SYN003890,2014-02-19,4623,81.01,53.87,374509.23000000004,286447.73,126428.43
Central America and the Caribbean,Honduras,Household,Offline,H,2017-02-03,SYN003891,2017-02-18,8690,698.6,506.11,6070834.0,4319936.94,1590085.63
Europe,Moldova,Personal Care,Online,L,2016-05-03,SYN003892,2016-05-11,5195,76.75,51.82,398716.25,260793.22,129550.02
Europe,Switzerland,Personal Care,Online,M,2010-12-29,SYN003893,2011-01-25,297,80.77,59.08,23988.69,15100.54,7118.86
Central America and the Caribbean,Belize,Clothes,Offline,M,2016-07-21,SYN003894,2016-09-10,5089,112.12,36.86,570578.68,201775.12,368158.54
Sub-Saharan Africa,Sao Tome and Principe,Beverages,Offline,C,2011-01-13,SYN003895,2011-01-26,8370,45.92,31.72,384350.4,266852.08,144669.78
Australia and Oceania,Australia,Beverages,Offline,H,2014-07-03,SYN003896,2014-07-12,9471,46.34,33.66,438886.14,289753.99,152843.49
Europe,Moldova,Personal Care,Online,L,2016-05-04,SYN003897,2016-05-15,4933,80.4,58.2,396613.2,284087.74,119810.0
Asia,Kyrgyzstan,Vegetables,Online,H,2011-06-20,SYN003898,2011-07-19,122,145.92,93.11,17802.239999999998,11124.05,8239.49
Europe,Monaco,Baby Food,Offline,H,2012-06-02,SYN003899,2012-06-07,7843,249.34,152.84,1955573.62,1338034.0,842171.92
Europe,Slovenia,Beverages,Offline,C,2016-10-29,SYN003900,2016-11-25,4710,43.42,31.74,204508.2,152688.77,73064.84
Europe,Switzerland,Cosmetics,Offline,M,2012-09-11,SYN003901,2012-10-22,8658,415.84,245.07,3600342.7199999997,2099999.99,1471707.36
Asia,Myanmar,Clothes,Online,H,2015-11-20,SYN003902,2015-11-23,5554,116.53,34.68,647207.62,204071.94,436645.77
Australia and Oceania,Tuvalu,Baby Food,Offline,H,2010-05-30,SYN003903,2010-07-03,9131,238.95,153.54,2181852.4499999997,1729804.43,979960.57
Europe,Bulgaria,Office Supplies,Online,M,2012-02-19,SYN003904,2012-02-23,3977,687.77,507.9,2735261.29,2066415.84,490075.18
Australia and Oceania,Kiribati,Fruits,Online,M,2014-10-06,SYN003905,2014-11-11,5367,9.86,6.67,52918.619999999995,35536.92,12439.52
Sub-Saharan Africa,Zambia,Snacks,Online,L,2011-01-08,SYN003906,2011-01-10,3945,153.31,100.0,604807.95,398203.13,241664.22
Sub-Saharan Africa,Djibouti,Cosmetics,Offline,H,2014-04-12,SYN003907,2014-04-23,7901,420.46,263.19,3322054.46,1836500.43,1312789.59
Sub-Saharan Africa,Sierra Leone,Office Supplies,Offline,H,2016-12-08,SYN003908,2016-12-17,946,636.45,527.79,602081.7000000001,514299.04,130215.0
Central America and the Caribbean,Belize,Clothes,Offline,M,2016-07-23,SYN003909,2016-09-09,5326,95.43,34.73,508260.18000000005,202381.28,390218.09
Europe,Norway,Beverages,Offline,C,2014-07-17,SYN003910,2014-08-03,5039,47.06,34.1,237135.34000000003,169393.39,80795.85
Sub-Saharan Africa,Cameroon,Beverages,Offline,C,2015-04-03,SYN003911,2015-04-16,5946,45.11,29.86,268224.06,165988.33,83271.22
Sub-Saharan Africa,Sierra Leone,Vegetables,Offline,C,2016-06-06,SYN003912,2016-06-30,1467,149.85,95.46,219829.94999999998,138236.18,101091.12
Sub-Saharan Africa,Rwanda,Cosmetics,Offline,H,2013-10-06,SYN003913,2013-11-25,4516,449.1,261.18,2028135.6,1205097.22,802652.47
Sub-Saharan Africa,Senegal,Cereal,Online,H,2014-04-14,SYN003914,2014-05-30,6429,192.13,102.05,1235203.77,727335.14,611282.74
Europe,Iceland,Cosmetics,Online,C,2016-12-31,SYN003915,2017-01-04,9319,459.59,255.62,4282919.21,2483468.24,1607374.3
Australia and Oceania,Federated States of Micronesia,Beverages,Online,C,2014-10-27,SYN003916,2014-11-12,8810,48.08,31.16,423584.8,304374.79,134905.53
Central America and the Caribbean,Honduras,Snacks,Online,L,2016-07-04,SYN003917,2016-07-19,2120,160.11,81.44,339433.2,222738.0,121452.27
Sub-Saharan Africa,Zambia,Snacks,Online,L,2011-01-04,SYN003918,2011-01-02,4155,156.6,106.1,650673.0,416515.52,222781.06
Australia and Oceania,Solomon Islands,Baby Food,Online,C,2015-01-29,SYN003919,2015-02-23,2795,259.01,168.98,723932.95,463193.23,272324.88
Sub-Saharan Africa,Zambia,Snacks,Online,L,2011-01-08,SYN003920,2010-12-29,4044,172.19,98.55,696336.36,400006.89,229986.06
Asia,Myanmar,Clothes,Online,H,2015-11-20,SYN003921,2015-11-19,5814,109.54,37.45,636865.56,210044.24,444116.1
Europe,San Marino,Baby Food,Online,L,2013-07-02,SYN003922,2013-06-30,4845,252.37,175.94,1222732.65,769519.0,394268.0
Sub-Saharan Africa,Djibouti,Cereal,Online,H,2017-05-27,SYN003923,2017-06-20,8577,191.88,116.01,1645754.76,1031554.85,774943.08
Sub-Saharan Africa,Cameroon,Office Supplies,Online,M,2011-11-12,SYN003924,2011-11-09,5786,603.28,523.06,3490578.08,3134339.58,644758.14
Europe,France,Cosmetics,Online,H,2017-05-28,SYN003925,2017-06-08,1654,457.53,286.82,756754.62,481302.93,310750.34
Sub-Saharan Africa,Angola,Household,Offline,M,2011-04-21,SYN003926,2011-04-26,4297,649.43,466.32,2790600.71,2148610.91,729466.48
Asia,Myanmar,Household,Offline,H,2015-01-14,SYN003927,2015-03-02,8757,736.79,493.0,6452070.029999999,3808864.0,1337806.42
Australia and Oceania,Federated States of Micronesia,Beverages,Online,C,2014-10-26,SYN003928,2014-11-21,8998,47.78,31.65,429924.44,290740.47,140769.59
Sub-Saharan Africa,Cameroon,Beverages,Offline,C,2015-03-30,SYN003929,2015-04-13,4629,44.22,31.69,204694.38,178333.95,79022.78
Europe,Bulgaria,Clothes,Online,M,2012-04-27,SYN003930,2012-06-01,1689,111.8,33.51,188830.19999999998,56759.81,113312.66
Sub-Saharan Africa,Cape Verde,Clothes,Offline,H,2014-07-30,SYN003931,2014-08-26,4286,99.42,36.3,426114.12,134526.54,286194.09
Asia,Myanmar,Clothes,Online,H,2015-11-13,SYN003932,2015-11-12,5899,108.54,37.25,640277.4600000001,194340.27,431166.71
Sub-Saharan Africa,Niger,Personal Care,Online,H,2017-03-13,SYN003933,2017-03-23,3248,76.55,61.46,248634.4,189676.77,81216.55
Sub-Saharan Africa,Mauritania,Office Supplies,Offline,C,2012-01-12,SYN003934,2012-01-10,1351,698.57,474.22,943768.0700000001,633228.13,156637.9
Australia and Oceania,Australia,Office Supplies,Online,C,2015-10-25,SYN003935,2015-12-02,2920,667.43,538.04,1948895.5999999999,1551988.28,421686.0
Europe,Norway,Baby Food,Online,L,2014-05-16,SYN003936,2014-06-21,7595,238.54,147.5,1811711.3,1213543.0,704633.0
Asia,Mongolia,Personal Care,Offline,C,2014-02-15,SYN003937,2014-02-23,4893,81.45,60.3,398534.85000000003,282849.61,110796.94
Sub-Saharan Africa,Cape Verde,Clothes,Offline,H,2014-07-31,SYN003938,2014-08-25,4231,103.79,35.97,439135.49000000005,162859.77,291628.98
Europe,Norway,Beverages,Offline,C,2014-07-15,SYN003939,2014-08-04,5678,45.13,30.16,256248.14,162357.3,78084.81
Australia and Oceania,Fiji,Clothes,Offline,C,2010-06-25,SYN003940,2010-07-31,10953,106.69,37.51,1168575.57,327437.49,697418.2
Europe,Spain,Household,Offline,L,2012-10-17,SYN003941,2012-12-01,4602,584.31,489.51,2688994.6199999996,2095590.21,849533.76
Sub-Saharan Africa,Gabon,Personal Care,Offline,L,2012-07-09,SYN003942,2012-07-09,8291,91.65,57.51,759870.15,513422.95,209762.27
Australia and Oceania,New Zealand,Fruits,Online,H,2014-09-08,SYN003943,2014-10-08,2237,9.89,6.76,22123.93,16255.35,5376.32
Asia,Sri Lanka,Cosmetics,Offline,M,2016-11-19,SYN003944,2016-12-18,7592,433.69,264.64,3292574.48,1747891.5,1154857.69
Middle East and North Africa,Libya,Fruits,Online,L,2015-08-18,SYN003945,2015-10-07,718,10.23,6.68,7345.14,4600.96,1710.43
Europe,Iceland,Cosmetics,Online,C,2017-01-03,SYN003946,2017-01-02,8204,446.44,258.09,3662593.76,2356159.45,1539556.17
Sub-Saharan Africa,Sao Tome and Principe,Beverages,Offline,C,2011-01-17,SYN003947,2011-01-26,9172,46.65,31.66,427873.8,280951.02,143681.3
Europe,Slovenia,Beverages,Offline,C,2016-10-16,SYN003948,2016-11-21,4649,44.8,35.04,208275.19999999998,158576.82,71696.32
Europe,Portugal,Baby Food,Online,H,2015-07-25,SYN003949,2015-09-07,1244,254.98,157.58,317195.12,196754.95,131602.02
Sub-Saharan Africa,Niger,Personal Care,Online,H,2017-03-10,SYN003950,2017-03-28,2957,81.13,54.55,239901.40999999997,160835.42,76599.13
Europe,Albania,Clothes,Online,C,2010-02-04,SYN003951,2010-03-19,2219,112.66,36.75,249992.53999999998,81291.16,178432.2
Sub-Saharan Africa,Lesotho,Fruits,Online,L,2013-08-11,SYN003952,2013-09-20,9049,9.24,7.19,83612.76,68896.87,23106.24
Sub-Saharan Africa,Niger,Personal Care,Online,H,2017-03-06,SYN003953,2017-03-23,3507,81.09,60.3,284382.63,171108.13,80114.02
Asia,Myanmar,Household,Offline,H,2015-01-19,SYN003954,2015-03-05,8219,649.53,440.13,5338487.069999999,4515181.0,1482364.2
Europe,Norway,Baby Food,Online,L,2014-05-16,SYN003955,2014-06-23,7565,248.51,170.91,1879978.15,1119444.0,776714.0
Sub-Saharan Africa,Djibouti,Cosmetics,Offline,H,2014-04-12,SYN003956,2014-04-25,7000,416.11,238.54,2912770.0,1967348.05,1308623.94
Asia,Bangladesh,Clothes,Online,L,2017-01-15,SYN003957,2017-03-05,8111,109.69,34.85,889695.59,315030.98,609912.8
Asia,Myanmar,Clothes,Online,H,2015-11-20,SYN003958,2015-11-20,6152,109.11,31.34,671244.72,230478.17,401458.67
Australia and Oceania,Samoa,Cosmetics,Online,H,2013-07-16,SYN003959,2013-08-08,10829,457.83,286.62,4957841.069999999,2421801.18,1649571.18
Middle East and North Africa,Lebanon,Clothes,Online,L,2012-09-20,SYN003960,2012-10-07,7618,108.42,34.47,825943.56,288951.97,583623.75
Middle East and North Africa,Azerbaijan,Cosmetics,Online,M,2010-02-01,SYN003961,2010-02-27,7918,439.65,240.61,3481148.6999999997,1924766.11,1140807.01
Sub-Saharan Africa,Gabon,Personal Care,Offline,L,2012-07-13,SYN003962,2012-07-11,9355,87.21,58.83,815849.5499999999,489773.53,216380.94
Australia and Oceania,Fiji,Clothes,Offline,C,2010-07-01,SYN003963,2010-07-26,9142,107.23,37.68,980296.66,370869.25,689784.07
Europe,Albania,Clothes,Online,C,2010-02-08,SYN003964,2010-03-17,2549,115.72,31.46,294970.27999999997,79613.83,167304.42
Sub-Saharan Africa,The Gambia,Meat,Online,M,2017-01-12,SYN003965,2017-01-23,4741,412.38,372.12,1955093.58,1627985.96,290659.4
Sub-Saharan Africa,Democratic Republic of the Congo,Beverages,Online,C,2011-05-29,SYN003966,2011-07-21,5896,46.82,28.52,276050.72000000003,181192.77,89769.42
Middle East and North Africa,Lebanon,Clothes,Online,L,2012-09-16,SYN003967,2012-10-07,8157,112.63,33.7,918722.9099999999,282166.23,568433.85
Europe,United Kingdom,Household,Online,L,2011-12-30,SYN003968,2012-02-20,292,691.31,471.73,201862.52,135473.67,46894.64
Asia,Sri Lanka,Cosmetics,Offline,M,2016-11-19,SYN003969,2016-12-18,6759,413.37,261.11,2793967.83,1915122.62,1221163.29
Australia and Oceania,Fiji,Clothes,Offline,C,2010-06-25,SYN003970,2010-08-06,9450,109.93,35.74,1038838.5000000001,312156.46,672669.98
Sub-Saharan Africa,Mali,Fruits,Online,L,2010-05-11,SYN003971,2010-05-05,5983,8.98,7.45,53727.340000000004,40727.95,13205.77
Sub-Saharan Africa,Sierra Leone,Office Supplies,Offline,H,2016-11-30,SYN003972,2016-12-17,985,677.46,521.15,667298.1000000001,510735.71,120646.0
Sub-Saharan Africa,Sierra Leone,Office Supplies,Offline,H,2016-12-09,SYN003973,2016-12-12,972,629.67,509.43,612039.24,461140.39,108759.0
Asia,Sri Lanka,Cosmetics,Offline,M,2016-11-24,SYN003974,2016-12-24,6749,428.15,238.13,2889584.3499999996,1829020.55,1184338.37
Sub-Saharan Africa,Djibouti,Cereal,Online,H,2017-05-21,SYN003975,2017-06-12,9178,201.12,100.3,1845879.36,1069079.3,796844.63
Middle East and North Africa,Pakistan,Cosmetics,Offline,L,2013-07-08,SYN003976,2013-08-17,10055,450.26,262.89,4527364.3,2515115.3,1610744.91
Australia and Oceania,Fiji,Clothes,Offline,C,2010-06-26,SYN003977,2010-07-28,10461,105.43,35.22,1102903.23,364856.0,724100.01
Middle East and North Africa,Libya,Fruits,Online,L,2015-08-13,SYN003978,2015-09-30,675,9.88,7.07,6669.000000000001,4759.17,1553.79
Middle East and North Africa,Lebanon,Clothes,Online,L,2012-09-25,SYN003979,2012-10-03,7872,105.37,36.21,829472.64,273584.46,571501.3
Australia and Oceania,Solomon Islands,Baby Food,Online,C,2015-02-06,SYN003980,2015-02-22,2580,233.64,159.96,602791.2,474457.39,274781.09
Sub-Saharan Africa,Djibouti,Snacks,Online,M,2017-02-22,SYN003981,2017-02-26,7201,157.93,105.24,1137253.93,737061.97,428711.03
Asia,Bangladesh,Clothes,Online,L,2017-01-18,SYN003982,2017-02-22,7432,112.33,36.84,834836.5599999999,310494.93,604975.15
Sub-Saharan Africa,Cameroon,Office Supplies,Online,M,2011-11-04,SYN003983,2011-11-14,5010,698.06,558.45,3497280.5999999996,2852323.8,692973.48
Australia and Oceania,Solomon Islands,Baby Food,Online,C,2015-02-11,SYN003984,2015-02-25,3229,241.75,145.71,780610.75,487410.87,270819.52
Australia and Oceania,Australia,Office Supplies,Online,C,2015-10-27,SYN003985,2015-11-18,2903,686.45,501.39,1992764.35,1597239.82,395584.0
Sub-Saharan Africa,Madagascar,Clothes,Offline,L,2015-05-01,SYN003986,2015-05-28,7281,105.17,37.52,765742.77,250073.86,571823.19
Asia,Malaysia,Fruits,Offline,L,2011-11-11,SYN003987,2011-12-30,6460,9.2,7.18,59431.99999999999,41821.66,15880.64
Central America and the Caribbean,Belize,Clothes,Offline,M,2016-07-23,SYN003988,2016-09-10,5641,111.74,37.02,630325.34,204294.23,444832.53
Sub-Saharan Africa,The Gambia,Baby Food,Offline,M,2014-02-03,SYN003989,2014-03-19,5572,247.03,140.03,1376451.16,846336.24,527510.32
Sub-Saharan Africa,Madagascar,Clothes,Offline,L,2015-04-22,SYN003990,2015-05-30,7387,111.12,34.72,820843.4400000001,274557.95,525241.34
Sub-Saharan Africa,Rwanda,Office Supplies,Offline,L,2013-02-08,SYN003991,2013-01-31,4701,657.83,458.63,3092458.83,2828902.88,653686.19
Sub-Saharan Africa,Cape Verde,Clothes,Offline,H,2014-07-29,SYN003992,2014-08-15,4247,114.82,34.2,487640.54,149021.86,281763.55
Sub-Saharan Africa,Mali,Fruits,Online,L,2010-05-04,SYN003993,2010-05-13,5779,9.87,7.55,57038.729999999996,40786.97,14708.04
Middle East and North Africa,Iran,Cosmetics,Online,H,2016-11-13,SYN003994,2016-12-11,6880,389.57,238.1,2680241.6,1656216.18,1253723.72
Europe,Lithuania,Office Supplies,Offline,H,2010-10-30,SYN003995,2010-11-12,8232,661.43,528.89,5444891.76,4690517.48,1042134.95
Sub-Saharan Africa,Madagascar,Clothes,Offline,L,2015-04-24,SYN003996,2015-05-24,7360,107.45,36.27,790832.0,240875.4,529604.49
Sub-Saharan Africa,South Sudan,Personal Care,Offline,C,2013-12-30,SYN003997,2014-01-22,2225,77.8,59.72,173105.0,119895.12,53238.6
Europe,Russia,Office Supplies,Offline,L,2014-05-07,SYN003998,2014-05-06,1849,607.04,527.93,1122416.96,960791.62,216383.61
Central America and the Caribbean,Grenada,Cereal,Online,C,2012-08-17,SYN003999,2012-09-12,2916,195.37,115.38,569698.92,295779.29,247909.03
Sub-Saharan Africa,Lesotho,Fruits,Online,L,2013-08-18,SYN004000,2013-09-11,9848,9.5,6.7,93556.0,65300.68,22118.71
Asia,Turkmenistan,Household,Offline,L,2011-01-02,SYN004001,2011-01-27,3911,721.32,527.69,2821082.52,1934148.39,664537.86
Middle East and North Africa,Kuwait,Fruits,Online,M,2012-04-28,SYN004002,2012-05-23,488,10.27,7.41,5011.76,3667.46,1385.22
Sub-Saharan Africa,Sierra Leone,Vegetables,Offline,C,2016-06-03,SYN004003,2016-06-23,1476,162.48,93.16,239820.47999999998,143752.73,90339.22
Europe,Bulgaria,Office Supplies,Online,M,2012-02-11,SYN004004,2012-02-27,4182,621.41,513.89,2598736.6199999996,2167373.3,514678.73
North America,Mexico,Personal Care,Offline,L,2012-02-21,SYN004005,2012-03-19,6557,82.02,56.47,537805.14,358205.87,162550.46
Sub-Saharan Africa,Kenya,Vegetables,Online,L,2012-03-24,SYN004006,2012-04-07,6871,158.9,97.75,1091801.9000000001,613736.24,439478.1
Australia and Oceania,Australia,Cereal,Offline,H,2013-06-07,SYN004007,2013-07-06,672,205.69,121.02,138223.68,68906.69,61645.08
Sub-Saharan Africa,Democratic Republic of the Congo,Beverages,Online,C,2011-05-21,SYN004008,2011-07-11,5726,46.12,30.1,264083.12,174794.49,86540.2
Asia,Myanmar,Clothes,Online,H,2015-11-21,SYN004009,2015-11-16,5717,111.06,37.66,634930.02,218868.46,475277.81
Australia and Oceania,Samoa,Cosmetics,Online,H,2013-07-15,SYN004010,2013-08-09,9457,461.94,263.15,4368566.58,2534730.48,1604027.27
Middle East and North Africa,Saudi Arabia,Cereal,Online,M,2013-03-29,SYN004011,2013-03-27,4059,202.47,103.58,821825.73,464236.1,342096.11
Sub-Saharan Africa,The Gambia,Cereal,Offline,H,2012-06-12,SYN004012,2012-06-06,2171,198.58,119.92,431117.18000000005,251420.39,181436.24
Sub-Saharan Africa,Mali,Clothes,Online,M,2011-07-27,SYN004013,2011-09-09,846,106.06,35.11,89726.76,31413.32,63400.38
Middle East and North Africa,Saudi Arabia,Cereal,Online,M,2013-03-20,SYN004014,2013-03-28,3990,213.43,110.98,851585.7000000001,523106.82,366363.0
Asia,Kyrgyzstan,Vegetables,Online,H,2011-06-27,SYN004015,2011-07-16,124,143.45,92.43,17787.8,11518.03,8162.39
Asia,Brunei,Office Supplies,Online,L,2012-03-31,SYN004016,2012-05-04,6811,658.56,542.0,4485452.159999999,3383437.15,899324.0
Sub-Saharan Africa,Sao Tome and Principe,Fruits,Online,C,2014-06-24,SYN004017,2014-07-06,8577,8.89,7.0,76249.53,58802.31,18914.87
North America,Mexico,Personal Care,Offline,M,2015-07-30,SYN004018,2015-08-04,5418,81.09,64.02,439345.62,313416.49,154360.29
Europe,Bulgaria,Office Supplies,Online,M,2012-02-09,SYN004019,2012-03-02,4019,625.66,521.69,2514527.54,2068869.14,529176.07
Central America and the Caribbean,Grenada,Cereal,Online,C,2012-08-27,SYN004020,2012-09-22,2869,206.89,108.12,593567.4099999999,323059.72,238659.29
Sub-Saharan Africa,The Gambia,Meat,Online,M,2017-01-16,SYN004021,2017-01-29,4681,429.23,379.91,2009225.6300000001,1598025.47,266843.62
Australia and Oceania,Tuvalu,Baby Food,Offline,H,2010-06-03,SYN004022,2010-06-20,9157,254.85,162.05,2333661.4499999997,1572939.25,953506.27
Australia and Oceania,Federated States of Micronesia,Beverages,Online,C,2014-10-24,SYN004023,2014-11-16,9357,46.15,30.71,431825.55,284086.0,151220.94
Sub-Saharan Africa,The Gambia,Cereal,Offline,H,2012-06-05,SYN004024,2012-06-14,2045,215.01,124.65,439695.44999999995,249286.41,196834.72
Asia,Myanmar,Clothes,Online,H,2015-11-19,SYN004025,2015-11-12,6042,115.19,35.41,695977.98,214194.14,427315.49
Sub-Saharan Africa,Rwanda,Cosmetics,Offline,H,2013-10-16,SYN004026,2013-12-02,4906,414.62,265.32,2034125.72,1225691.25,755962.44
Middle East and North Africa,Pakistan,Cosmetics,Offline,L,2013-07-11,SYN004027,2013-08-13,9521,457.31,268.49,4354048.51,2815735.62,1713969.87
Europe,Russia,Office Supplies,Offline,L,2014-04-27,SYN004028,2014-05-01,1835,673.55,533.6,1235964.25,926009.07,227013.95
Sub-Saharan Africa,Republic of the Congo,Personal Care,Offline,M,2015-07-21,SYN004029,2015-08-31,5931,80.26,54.32,476022.06000000006,349432.78,162600.58
Asia,Turkmenistan,Office Supplies,Online,M,2013-04-21,SYN004030,2013-05-27,4839,573.3,560.22,2774198.6999999997,2631445.86,633113.31
Sub-Saharan Africa,Senegal,Cereal,Online,H,2014-04-23,SYN004031,2014-06-01,6672,209.15,114.73,1395448.8,778896.98,618079.67
Europe,Romania,Cosmetics,Online,H,2010-11-23,SYN004032,2010-12-20,7725,407.05,267.94,3144461.25,2009038.85,1408494.09
Asia,Myanmar,Clothes,Online,H,2015-11-19,SYN004033,2015-11-21,5404,116.26,37.76,628269.04,211666.49,405833.93
Middle East and North Africa,Pakistan,Cosmetics,Offline,L,2013-07-12,SYN004034,2013-08-19,9541,408.12,249.2,3893872.92,2816877.88,1747586.33
Sub-Saharan Africa,South Sudan,Personal Care,Offline,C,2013-12-31,SYN004035,2014-01-21,2063,84.66,58.26,174653.58,119482.48,55266.37
Sub-Saharan Africa,Cote d'Ivoire,Clothes,Online,C,2012-06-09,SYN004036,2012-06-25,3597,104.27,39.41,375059.19,128101.31,251220.67
Sub-Saharan Africa,Sao Tome and Principe,Fruits,Offline,H,2013-09-21,SYN004037,2013-10-23,7377,9.54,6.79,70376.57999999999,53103.05,19279.53
Sub-Saharan Africa,The Gambia,Baby Food,Offline,M,2014-02-02,SYN004038,2014-03-20,5720,260.5,149.48,1490060.0,988431.44,518789.73
Sub-Saharan Africa,Sao Tome and Principe,Beverages,Offline,C,2011-01-10,SYN004039,2011-01-22,8201,48.46,30.02,397420.46,299770.39,137122.94
Australia and Oceania,Tuvalu,Baby Food,Offline,H,2010-05-28,SYN004040,2010-06-24,10570,249.89,159.5,2641337.3,1570545.47,897234.12
Sub-Saharan Africa,Sao Tome and Principe,Beverages,Offline,C,2011-01-10,SYN004041,2011-01-19,9561,48.91,29.64,467628.50999999995,280754.5,130840.18
Sub-Saharan Africa,Senegal,Cereal,Online,H,2014-04-18,SYN004042,2014-05-28,6618,210.69,116.74,1394346.42,773304.71,579308.54
Central America and the Caribbean,Belize,Clothes,Offline,M,2016-07-24,SYN004043,2016-09-14,5331,105.31,37.51,561407.61,206518.63,394256.74
Europe,Macedonia,Clothes,Offline,C,2014-10-08,SYN004044,2014-11-15,7352,109.82,35.72,807396.6399999999,283655.79,554145.44
Australia and Oceania,Samoa,Cosmetics,Online,H,2013-07-13,SYN004045,2013-08-02,9948,438.48,266.0,4361999.04,2470340.54,1869614.27
Middle East and North Africa,Saudi Arabia,Cereal,Online,M,2013-04-01,SYN004046,2013-03-31,4192,210.96,107.78,884344.3200000001,480130.82,391449.1
Sub-Saharan Africa,Lesotho,Fruits,Online,L,2013-08-16,SYN004047,2013-09-11,10472,9.46,6.87,99065.12000000001,61398.55,21519.36
Sub-Saharan Africa,Burkina Faso,Vegetables,Online,H,2012-07-21,SYN004048,2012-07-29,8554,157.1,89.23,1343833.4,718332.93,564995.86
Europe,Norway,Baby Food,Online,L,2014-05-12,SYN004049,2014-06-23,8058,260.65,146.86,2100317.6999999997,1272314.0,752946.0
Europe,United Kingdom,Household,Online,L,2012-01-02,SYN004050,2012-02-16,295,636.12,516.41,187655.4,150263.42,46313.3
Europe,San Marino,Baby Food,Online,L,2013-06-29,SYN004051,2013-07-05,4979,246.86,150.85,1229115.9400000002,826335.0,438936.0
Sub-Saharan Africa,Niger,Personal Care,Online,H,2017-03-16,SYN004052,2017-03-25,3228,94.21,53.61,304109.88,169538.11,78615.87
Sub-Saharan Africa,Zambia,Snacks,Online,L,2010-12-29,SYN004053,2011-01-03,3879,139.33,96.37,540461.0700000001,391035.51,209338.31
Central America and the Caribbean,Honduras,Snacks,Online,L,2016-06-30,SYN004054,2016-07-19,2190,154.68,97.25,338749.2,203433.0,118428.21
Europe,Slovenia,Beverages,Offline,C,2016-10-23,SYN004055,2016-11-30,4582,48.05,30.56,220165.09999999998,146681.68,71431.37
Sub-Saharan Africa,Cote d'Ivoire,Clothes,Online,C,2012-06-05,SYN004056,2012-06-25,3112,100.0,37.44,311200.0,121828.52,267831.46
Europe,Moldova,Personal Care,Online,L,2016-04-30,SYN004057,2016-05-08,5094,73.7,59.06,375427.8,261517.13,133620.24
Sub-Saharan Africa,South Sudan,Personal Care,Offline,C,2013-12-31,SYN004058,2014-02-04,2268,84.02,52.74,190557.36,121650.44,51992.49
Central America and the Caribbean,Belize,Clothes,Offline,M,2016-07-19,SYN004059,2016-09-03,5701,116.72,35.88,665420.72,197907.27,362446.48
Sub-Saharan Africa,Mauritania,Office Supplies,Offline,C,2012-01-17,SYN004060,2012-01-10,1300,620.09,537.55,806117.0,706051.87,159887.61
Europe,Portugal,Baby Food,Online,H,2015-07-24,SYN004061,2015-09-02,1343,254.47,154.71,341753.21,223882.59,118730.67
Europe,Monaco,Baby Food,Offline,H,2012-05-27,SYN004062,2012-06-04,8477,250.89,143.28,2126794.53,1341289.62,845979.58
Europe,United Kingdom,Household,Online,L,2011-12-31,SYN004063,2012-02-16,273,656.97,506.86,179352.81,137369.86,49499.72
Middle East and North Africa,Saudi Arabia,Cereal,Online,M,2013-03-22,SYN004064,2013-03-24,4176,194.63,119.02,812774.88,502951.64,377871.0
Middle East and North Africa,Libya,Fruits,Online,L,2015-08-17,SYN004065,2015-09-27,682,9.08,7.2,6192.56,4819.7,1781.0
Asia,Myanmar,Clothes,Online,H,2015-11-17,SYN004066,2015-11-20,5995,120.92,33.86,724915.4,194603.22,414606.5
Sub-Saharan Africa,Niger,Personal Care,Online,H,2017-03-10,SYN004067,2017-03-30,2981,82.86,55.3,247005.66,164427.98,68561.75
Australia and Oceania,Federated States of Micronesia,Beverages,Online,C,2014-11-01,SYN004068,2014-11-20,9272,46.91,32.04,434949.51999999996,291900.44,153750.68
Australia and Oceania,Australia,Beverages,Offline,H,2014-07-14,SYN004069,2014-07-13,9379,47.18,33.1,442501.22,295573.2,152915.61
Sub-Saharan Africa,Sierra Leone,Office Supplies,Offline,M,2011-11-30,SYN004070,2012-01-12,3657,657.21,572.6,2403416.97,1794735.7,454004.12
Asia,Mongolia,Personal Care,Offline,C,2014-02-18,SYN004071,2014-03-02,4773,81.89,56.65,390860.97000000003,270034.62,115083.58
Australia and Oceania,Kiribati,Fruits,Online,M,2014-10-06,SYN004072,2014-11-14,5539,9.5,6.78,52620.5,34826.2,12543.0
Australia and Oceania,Kiribati,Fruits,Online,M,2014-10-13,SYN004073,2014-11-13,5207,9.39,7.09,48893.73,37233.53,13728.6
Central America and the Caribbean,Nicaragua,Beverages,Offline,C,2011-02-13,SYN004074,2011-03-19,8149,47.86,30.65,390011.14,241606.39,130863.33
Central America and the Caribbean,Haiti,Cosmetics,Offline,H,2013-10-09,SYN004075,2013-11-17,1772,454.99,273.61,806242.28,466171.07,300715.67
Sub-Saharan Africa,Mali,Clothes,Online,M,2011-07-22,SYN004076,2011-09-03,887,110.69,35.59,98182.03,31434.86,61780.95
Asia,Malaysia,Fruits,Offline,L,2011-11-15,SYN004077,2012-01-03,5798,9.57,6.97,55486.86,42617.16,15216.08
Central America and the Caribbean,Nicaragua,Beverages,Offline,C,2011-02-08,SYN004078,2011-03-17,8122,46.74,29.4,379622.28,260965.4,129942.3
Sub-Saharan Africa,Sierra Leone,Vegetables,Offline,C,2016-05-26,SYN004079,2016-06-24,1533,154.4,93.83,236695.2,139687.31,103231.98
Australia and Oceania,East Timor,Meat,Online,L,2012-08-04,SYN004080,2012-09-08,5861,445.02,376.27,2608262.2199999997,2019500.52,306285.13
North America,Mexico,Personal Care,Offline,M,2015-08-04,SYN004081,2015-08-06,5360,80.42,58.15,431051.2,312218.36,134500.52
Asia,Sri Lanka,Cosmetics,Offline,M,2016-11-24,SYN004082,2016-12-24,6597,458.05,257.89,3021755.85,1643853.34,1206724.84
Australia and Oceania,Solomon Islands,Baby Food,Online,C,2015-02-06,SYN004083,2015-02-24,3110,245.19,169.19,762540.9,463956.93,292455.78
Sub-Saharan Africa,Djibouti,Cereal,Online,H,2017-05-24,SYN004084,2017-06-18,8287,210.67,120.41,1745822.2899999998,1088752.38,799310.04
Europe,Macedonia,Clothes,Offline,C,2014-10-09,SYN004085,2014-11-13,7456,109.44,33.13,815984.64,273839.29,628967.43
Sub-Saharan Africa,Djibouti,Cosmetics,Offline,H,2014-04-13,SYN004086,2014-04-25,7702,440.72,293.98,3394425.4400000004,1980676.51,1178663.01
Australia and Oceania,Solomon Islands,Baby Food,Online,C,2015-02-01,SYN004087,2015-02-21,3220,287.4,155.02,925427.9999999999,487238.77,286576.35
Europe,Switzerland,Personal Care,Online,M,2010-12-26,SYN004088,2011-01-28,265,77.1,58.08,20431.5,15049.77,6835.07
Sub-Saharan Africa,Mauritania,Office Supplies,Offline,C,2012-01-18,SYN004089,2012-01-15,1179,607.55,502.49,716301.45,735620.63,163889.81
Sub-Saharan Africa,Cote d'Ivoire,Clothes,Online,C,2012-06-09,SYN004090,2012-06-21,3657,106.28,37.29,388665.96,133748.86,252366.43
Sub-Saharan Africa,Sierra Leone,Office Supplies,Offline,M,2011-11-26,SYN004091,2012-01-11,3388,698.26,510.34,2365704.88,1825369.57,434461.36
Asia,Brunei,Office Supplies,Online,L,2012-03-28,SYN004092,2012-05-01,6783,631.49,491.01,4283396.67,3532404.06,960507.0
Sub-Saharan Africa,Sierra Leone,Office Supplies,Offline,M,2011-11-23,SYN004093,2012-01-09,3434,634.96,526.03,2180452.64,1818982.21,439437.35
Europe,Austria,Cosmetics,Offline,H,2015-03-02,SYN004094,2015-03-04,2662,429.7,240.97,1143861.4,728535.22,502696.41
North America,Mexico,Household,Offline,C,2014-11-06,SYN004095,2014-12-11,6357,689.37,452.34,4382325.09,3426817.88,1049682.09
Sub-Saharan Africa,The Gambia,Baby Food,Offline,M,2014-02-01,SYN004096,2014-03-24,5781,239.28,170.18,1383277.68,837392.59,483088.98
Asia,Myanmar,Clothes,Online,H,2015-11-16,SYN004097,2015-11-23,5988,106.66,36.23,638680.08,215096.53,394666.89
Asia,Sri Lanka,Cosmetics,Offline,M,2016-11-17,SYN004098,2016-12-15,7087,429.26,253.31,3042165.62,1864961.86,1161571.9
Sub-Saharan Africa,Djibouti,Cereal,Online,H,2017-05-20,SYN004099,2017-06-12,8178,196.83,118.65,1609675.74,955907.29,711909.95
Sub-Saharan Africa,Gabon,Personal Care,Offline,L,2012-07-15,SYN004100,2012-07-05,9135,86.79,53.81,792826.65,443801.63,213254.03
Europe,Bulgaria,Office Supplies,Online,M,2012-02-10,SYN004101,2012-02-28,3951,582.0,534.95,2299482.0,2053172.07,519740.99
Sub-Saharan Africa,Cameroon,Beverages,Offline,C,2015-03-29,SYN004102,2015-04-12,4990,47.78,33.09,238422.2,186571.27,87286.7
Europe,Portugal,Baby Food,Online,H,2015-07-29,SYN004103,2015-09-04,1301,250.67,162.81,326121.67,196545.25,118067.02
Sub-Saharan Africa,Sierra Leone,Office Supplies,Offline,H,2016-12-06,SYN004104,2016-12-21,985,627.84,539.0,618422.4,489104.36,123344.0
Middle East and North Africa,Pakistan,Cosmetics,Offline,L,2013-06-28,SYN004105,2013-08-17,9965,456.13,257.51,4545335.45,2497234.56,1698043.7
Australia and Oceania,Federated States of Micronesia,Beverages,Online,C,2014-10-23,SYN004106,2014-11-18,9986,47.44,29.57,473735.83999999997,306325.28,142570.25
Australia and Oceania,Australia,Beverages,Offline,H,2014-07-06,SYN004107,2014-07-14,9991,53.29,34.62,532420.39,295550.83,147298.05
Europe,France,Cosmetics,Online,H,2017-05-19,SYN004108,2017-05-29,1857,421.63,244.22,782966.91,486947.87,311723.95
Europe,Spain,Household,Offline,L,2012-10-23,SYN004109,2012-11-28,4394,662.08,489.05,2909179.52,2272297.28,759097.05
Australia and Oceania,Tuvalu,Baby Food,Offline,H,2010-05-31,SYN004110,2010-06-30,10252,250.57,150.23,2568843.64,1553856.39,927221.32
Sub-Saharan Africa,Niger,Personal Care,Online,H,2017-03-17,SYN004111,2017-03-26,2977,75.71,57.8,225388.66999999998,165636.29,75377.66
Asia,Bangladesh,Clothes,Online,L,2017-01-16,SYN004112,2017-02-25,7766,102.46,35.4,795704.36,310787.14,590957.28
Sub-Saharan Africa,Cape Verde,Clothes,Offline,H,2014-08-03,SYN004113,2014-08-18,4787,104.85,33.65,501916.94999999995,151948.27,309748.04
Australia and Oceania,Solomon Islands,Baby Food,Online,C,2015-02-03,SYN004114,2015-02-25,2999,264.71,150.23,793865.2899999999,480932.19,279885.62
Sub-Saharan Africa,Djibouti,Cereal,Online,H,2017-05-17,SYN004115,2017-06-13,8011,214.72,109.3,1720121.92,1107458.5,776844.43
Asia,Sri Lanka,Cosmetics,Offline,M,2016-11-25,SYN004116,2016-12-19,6959,414.72,305.42,2886036.48,1719830.34,1158451.91
Asia,Bangladesh,Clothes,Online,L,2017-01-11,SYN004117,2017-03-06,8774,108.02,34.29,947767.48,284040.25,594292.11
Middle East and North Africa,Libya,Fruits,Online,L,2015-08-10,SYN004118,2015-10-04,678,8.84,6.82,5993.5199999999995,4030.86,1440.03
Europe,Moldova,Personal Care,Online,L,2016-05-10,SYN004119,2016-05-15,5111,81.16,53.59,414808.76,301788.2,133266.29
Sub-Saharan Africa,Mali,Clothes,Online,M,2011-08-01,SYN004120,2011-09-04,872,102.98,37.49,89798.56,30746.68,64843.4
Middle East and North Africa,Saudi Arabia,Cereal,Online,M,2013-03-31,SYN004121,2013-03-31,3920,207.3,116.02,812616.0,481613.01,363834.73
Europe,Norway,Baby Food,Online,L,2014-05-13,SYN004122,2014-07-03,7273,243.16,162.0,1768502.68,1160638.0,688097.0
Middle East and North Africa,Lebanon,Clothes,Online,L,2012-09-11,SYN004123,2012-10-05,8719,104.49,36.85,911048.3099999999,268868.26,613284.12
Australia and Oceania,Australia,Office Supplies,Online,C,2015-11-02,SYN004124,2015-11-19,2995,632.69,574.67,1894906.5500000003,1648528.79,344675.0
Australia and Oceania,Tuvalu,Baby Food,Offline,H,2010-05-28,SYN004125,2010-06-24,10034,264.45,159.43,2653491.3,1646039.12,993320.93
Central America and the Caribbean,Costa Rica,Personal Care,Offline,L,2017-05-13,SYN004126,2017-05-28,6160,82.41,57.0,507645.6,352480.07,158026.98
Europe,Iceland,Cosmetics,Online,C,2016-12-24,SYN004127,2016-12-30,8593,443.1,280.22,3807558.3000000003,2083547.51,1486427.45
Sub-Saharan Africa,Sierra Leone,Vegetables,Offline,C,2016-06-08,SYN004128,2016-06-22,1505,150.35,91.25,226276.75,143482.03,93769.78
Australia and Oceania,Samoa,Cosmetics,Online,H,2013-07-13,SYN004129,2013-08-03,9344,384.39,257.86,3591740.1599999997,2637529.06,1635483.95
Asia,Laos,Vegetables,Offline,C,2011-09-08,SYN004130,2011-10-18,3710,152.02,81.46,563994.2000000001,322824.96,244480.04
Sub-Saharan Africa,Cape Verde,Clothes,Offline,H,2014-07-29,SYN004131,2014-08-25,4297,101.33,36.47,435415.01,159603.89,327655.27
Sub-Saharan Africa,Rwanda,Cosmetics,Offline,H,2013-10-14,SYN004132,2013-11-24,4219,419.07,222.7,1768056.33,1118122.77,794263.57
Middle East and North Africa,Saudi Arabia,Cereal,Online,M,2013-03-29,SYN004133,2013-03-26,3568,189.58,120.61,676421.4400000001,448928.27,388194.18
Central America and the Caribbean,Honduras,Household,Offline,H,2017-02-02,SYN004134,2017-02-16,8756,647.14,558.32,5666357.84,4255775.91,1583969.49
Europe,Switzerland,Cosmetics,Offline,M,2012-09-15,SYN004135,2012-10-14,8220,439.89,280.24,3615895.8,2145907.86,1387121.6
Europe,Spain,Household,Offline,L,2012-10-16,SYN004136,2012-11-25,4750,683.75,516.24,3247812.5,2124966.06,761863.54
Europe,Lithuania,Office Supplies,Offline,H,2010-10-29,SYN004137,2010-11-13,8515,605.38,518.47,5154810.7,4210822.66,937305.2
Sub-Saharan Africa,Sierra Leone,Office Supplies,Offline,H,2016-12-06,SYN004138,2016-12-15,936,682.72,532.28,639025.92,514450.05,115084.0
Europe,Monaco,Baby Food,Offline,H,2012-05-31,SYN004139,2012-05-27,8713,237.4,146.94,2068466.2,1455472.67,857352.78
Sub-Saharan Africa,Cote d'Ivoire,Clothes,Online,C,2012-06-10,SYN004140,2012-06-28,3603,112.57,33.04,405589.70999999996,135618.82,250255.64
Sub-Saharan Africa,The Gambia,Household,Offline,L,2012-05-27,SYN004141,2012-06-13,2455,682.2,545.22,1674801.0,1202845.1,419098.36
Sub-Saharan Africa,The Gambia,Cereal,Offline,H,2012-06-14,SYN004142,2012-06-05,2234,219.74,109.53,490899.16000000003,253069.23,205016.68
Sub-Saharan Africa,Rwanda,Cosmetics,Offline,H,2013-10-10,SYN004143,2013-11-25,4301,454.13,277.85,1953213.13,1139041.17,806683.13
Central America and the Caribbean,Honduras,Household,Offline,H,2017-02-10,SYN004144,2017-02-06,9651,618.9,501.07,5973003.899999999,4677115.48,1610612.57
Sub-Saharan Africa,Zambia,Snacks,Online,L,2011-01-09,SYN004145,2011-01-04,4085,169.53,102.47,692530.05,413317.94,220483.2
Asia,Kyrgyzstan,Vegetables,Online,H,2011-06-22,SYN004146,2011-07-17,123,151.02,90.11,18575.460000000003,11154.34,8214.98
Sub-Saharan Africa,The Gambia,Meat,Online,M,2017-01-15,SYN004147,2017-01-27,4967,364.36,317.57,1809776.12,1665062.28,280032.02
Sub-Saharan Africa,Burkina Faso,Vegetables,Online,H,2012-07-24,SYN004148,2012-08-02,8461,151.5,85.93,1281841.5,722993.48,518878.52
Sub-Saharan Africa,Angola,Household,Offline,M,2011-04-21,SYN004149,2011-04-22,4338,642.34,506.83,2786470.92,2007273.01,679864.83
Asia,Bangladesh,Clothes,Online,L,2017-01-09,SYN004150,2017-02-27,7898,106.02,32.03,837345.96,302632.7,611238.59
Sub-Saharan Africa,Gabon,Personal Care,Offline,L,2012-07-14,SYN004151,2012-07-02,9000,88.16,57.87,793440.0,433137.1,219762.26
Asia,Malaysia,Fruits,Offline,L,2011-11-09,SYN004152,2011-12-29,6468,9.28,6.95,60023.03999999999,44708.16,15011.12
Europe,Switzerland,Cosmetics,Offline,M,2012-09-19,SYN004153,2012-10-16,8118,455.42,255.62,3697099.56,2165256.31,1485483.45
Sub-Saharan Africa,Niger,Personal Care,Online,H,2017-03-05,SYN004154,2017-04-03,3176,79.52,57.36,252555.52,159166.86,78065.84
Sub-Saharan Africa,Sao Tome and Principe,Beverages,Offline,C,2011-01-21,SYN004155,2011-01-15,8286,46.57,28.03,385879.02,261598.53,138081.86
Sub-Saharan Africa,Burkina Faso,Vegetables,Online,H,2012-07-11,SYN004156,2012-08-03,8177,141.28,87.88,1155246.56,756555.96,513763.42
Middle East and North Africa,Azerbaijan,Cosmetics,Online,M,2010-02-06,SYN004157,2010-02-24,6815,423.26,256.44,2884516.9,1841241.08,1240609.83
Europe,Spain,Household,Offline,L,2012-10-25,SYN004158,2012-11-29,4476,757.46,484.51,3390390.96,2328399.4,749602.0
Middle East and North Africa,Libya,Clothes,Offline,H,2010-10-28,SYN004159,2010-11-15,6636,108.51,33.75,720072.36,217283.94,455592.67
Europe,Spain,Household,Offline,L,2012-10-14,SYN004160,2012-12-05,4621,680.15,515.78,3142973.15,2334539.96,745772.17
Asia,Sri Lanka,Cosmetics,Offline,M,2016-11-19,SYN004161,2016-12-12,7289,433.98,275.47,3163280.22,1775139.13,1158941.25
Sub-Saharan Africa,Madagascar,Clothes,Offline,L,2015-04-23,SYN004162,2015-05-23,7577,102.34,34.41,775430.18,250716.72,538837.77
Middle East and North Africa,Saudi Arabia,Cereal,Online,M,2013-03-23,SYN004163,2013-03-21,3830,177.94,110.39,681510.2,471924.18,346339.16
Australia and Oceania,Fiji,Clothes,Offline,C,2010-07-07,SYN004164,2010-08-08,10354,112.57,32.56,1165549.78,352441.08,762861.22
Middle East and North Africa,Saudi Arabia,Cereal,Online,M,2013-03-27,SYN004165,2013-03-23,3924,195.62,112.82,767612.88,452697.83,334407.22
Sub-Saharan Africa,Comoros,Cereal,Offline,H,2016-03-29,SYN004166,2016-05-04,1041,212.71,122.64,221431.11000000002,116103.6,80186.5
Sub-Saharan Africa,Djibouti,Cosmetics,Offline,H,2014-04-03,SYN004167,2014-04-17,7775,424.29,257.05,3298854.75,2003358.17,1327115.06
Middle East and North Africa,Pakistan,Cosmetics,Offline,L,2013-07-07,SYN004168,2013-08-21,9328,456.59,265.78,4259071.52,2486386.55,1746318.7
Central America and the Caribbean,Grenada,Cereal,Online,C,2012-08-25,SYN004169,2012-09-17,2769,209.67,115.22,580576.23,317171.11,249647.3
Europe,Norway,Beverages,Offline,C,2014-07-23,SYN004170,2014-08-05,4821,48.79,32.8,235216.59,165719.27,74540.21
Sub-Saharan Africa,Madagascar,Clothes,Offline,L,2015-04-19,SYN004171,2015-05-24,7131,108.48,36.77,773570.88,250717.2,509081.53
Sub-Saharan Africa,Cape Verde,Clothes,Offline,H,2014-08-04,SYN004172,2014-08-14,4497,116.88,37.99,525609.36,144645.24,304573.61
Sub-Saharan Africa,Sierra Leone,Office Supplies,Offline,M,2011-11-26,SYN004173,2012-01-03,3351,655.71,508.59,2197284.21,1639147.64,448742.27
Sub-Saharan Africa,Mozambique,Household,Offline,L,2012-02-13,SYN004174,2012-02-12,5520,645.19,528.74,3561448.8000000003,2684400.63,929612.79
Europe,Monaco,Baby Food,Offline,H,2012-06-01,SYN004175,2012-06-04,8926,234.78,164.24,2095646.28,1391733.2,829190.6
Central America and the Caribbean,Honduras,Household,Offline,H,2017-02-01,SYN004176,2017-02-13,8868,656.61,540.0,5822817.48,4757859.08,1496122.56
Middle East and North Africa,Lebanon,Clothes,Online,L,2012-09-11,SYN004177,2012-10-01,7616,111.92,37.05,852382.72,275467.03,592551.49
Australia and Oceania,East Timor,Meat,Online,L,2012-08-04,SYN004178,2012-09-14,6263,447.24,368.62,2801064.12,2100379.33,323447.69
Sub-Saharan Africa,Mali,Clothes,Online,M,2011-07-19,SYN004179,2011-09-08,830,103.32,32.06,85755.59999999999,31610.18,65843.6
Sub-Saharan Africa,Sierra Leone,Office Supplies,Offline,H,2016-12-06,SYN004180,2016-12-09,936,652.68,546.72,610908.48,514471.16,123419.0
Europe,Moldova,Personal Care,Online,L,2016-05-06,SYN004181,2016-05-05,5004,90.01,58.56,450410.04000000004,278790.47,135253.15
Middle East and North Africa,Lebanon,Clothes,Online,L,2012-09-11,SYN004182,2012-10-04,8602,110.17,34.46,947682.34,279902.28,565564.12
Europe,Portugal,Baby Food,Online,H,2015-08-01,SYN004183,2015-09-07,1274,270.37,154.93,344451.38,208522.02,126136.41
Europe,Russia,Office Supplies,Offline,L,2014-04-28,SYN004184,2014-05-02,1776,668.3,550.06,1186900.7999999998,894286.42,226675.75
Australia and Oceania,East Timor,Meat,Online,L,2012-08-01,SYN004185,2012-09-16,6027,445.64,388.77,2685872.28,2176374.04,355843.82
Australia and Oceania,Tuvalu,Baby Food,Offline,H,2010-05-24,SYN004186,2010-06-26,10111,274.0,167.6,2770414.0,1525201.81,967255.15
Sub-Saharan Africa,Mozambique,Household,Offline,L,2012-02-13,SYN004187,2012-02-19,5376,664.58,472.45,3572782.08,2807986.43,924041.19
Sub-Saharan Africa,Sierra Leone,Office Supplies,Offline,H,2016-12-07,SYN004188,2016-12-19,1024,598.0,549.63,612352.0,500989.14,119572.0
Sub-Saharan Africa,Kenya,Vegetables,Online,L,2012-03-23,SYN004189,2012-04-11,6216,146.25,98.86,909090.0,578814.77,390907.98
Europe,Romania,Cosmetics,Online,H,2010-11-26,SYN004190,2010-12-29,7828,455.74,274.99,3567532.72,2115049.76,1247380.62
Australia and Oceania,Samoa,Cosmetics,Online,H,2013-07-13,SYN004191,2013-08-11,9583,455.04,281.48,4360648.32,2455148.03,1605321.08
Sub-Saharan Africa,Djibouti,Cosmetics,Offline,H,2014-04-08,SYN004192,2014-04-18,7250,436.78,271.11,3166655.0,2032638.75,1240824.15
Sub-Saharan Africa,Djibouti,Snacks,Online,M,2017-03-02,SYN004193,2017-02-18,7639,159.52,102.91,1218573.28,744818.46,421835.47
North America,Mexico,Personal Care,Offline,M,2015-08-05,SYN004194,2015-08-08,5491,78.3,52.53,429945.3,323349.4,153356.72
Sub-Saharan Africa,Sierra Leone,Office Supplies,Offline,H,2016-12-10,SYN004195,2016-12-21,950,499.48,522.39,474506.0,520688.69,110166.0
Central America and the Caribbean,Honduras,Snacks,Online,L,2016-06-30,SYN004196,2016-08-01,2314,144.24,96.78,333771.36000000004,224635.0,114288.57
Europe,France,Cosmetics,Online,H,2017-05-16,SYN004197,2017-06-01,1886,411.03,285.95,775202.58,537860.11,290859.0
Sub-Saharan Africa,Djibouti,Cosmetics,Offline,H,2014-03-31,SYN004198,2014-04-17,7274,448.96,270.23,3265735.04,1792920.93,1263535.83
Sub-Saharan Africa,Mauritania,Office Supplies,Offline,C,2012-01-17,SYN004199,2012-01-07,1245,606.76,507.32,755416.2,636919.82,170812.99
Sub-Saharan Africa,The Gambia,Baby Food,Offline,M,2014-02-02,SYN004200,2014-03-15,5730,260.13,143.62,1490544.9,844577.75,521487.09
Sub-Saharan Africa,Mauritania,Office Supplies,Offline,C,2012-01-18,SYN004201,2012-01-15,1215,632.67,548.72,768694.0499999999,688204.59,149795.18
Europe,Romania,Cosmetics,Online,H,2010-11-27,SYN004202,2010-12-29,8880,417.09,266.49,3703759.1999999997,2213103.63,1462681.67
Sub-Saharan Africa,Sao Tome and Principe,Fruits,Offline,H,2013-09-14,SYN004203,2013-10-19,7973,8.53,6.83,68009.68999999999,49144.26,19058.36
Middle East and North Africa,Saudi Arabia,Cereal,Online,M,2013-03-26,SYN004204,2013-03-25,4266,201.25,113.26,858532.5,499690.48,352776.32
Sub-Saharan Africa,Zambia,Snacks,Online,L,2011-01-05,SYN004205,2011-01-11,4465,162.96,95.25,727616.4,416376.37,222350.55
Europe,Bulgaria,Clothes,Online,M,2012-04-30,SYN004206,2012-06-08,1741,116.48,36.05,202791.68,59537.0,122232.43
Sub-Saharan Africa,Sierra Leone,Office Supplies,Offline,M,2011-12-02,SYN004207,2012-01-11,3539,605.57,552.7,2143112.23,1743468.85,438241.23
Europe,Romania,Cosmetics,Online,H,2010-11-20,SYN004208,2010-12-23,8601,413.94,246.66,3560297.94,2127179.5,1408358.28
Middle East and North Africa,Lebanon,Clothes,Online,L,2012-09-11,SYN004209,2012-10-13,7751,113.66,34.84,880978.6599999999,275307.46,540892.79
Sub-Saharan Africa,Madagascar,Clothes,Offline,L,2015-04-25,SYN004210,2015-05-25,7897,109.22,35.45,862510.34,248176.55,525475.13
Europe,Romania,Cosmetics,Online,H,2010-11-25,SYN004211,2010-12-27,8250,438.6,216.97,3618450.0,2140923.92,1327964.43
Australia and Oceania,Fiji,Clothes,Offline,C,2010-07-03,SYN004212,2010-08-01,9723,93.32,33.83,907350.36,342268.18,705112.44
Sub-Saharan Africa,Comoros,Cereal,Offline,H,2016-04-03,SYN004213,2016-05-06,961,217.84,119.01,209344.24,101241.97,78858.91
Europe,San Marino,Baby Food,Online,L,2013-06-27,SYN004214,2013-07-02,4874,265.1,160.8,1292097.4000000001,792596.0,450527.0
Sub-Saharan Africa,South Sudan,Personal Care,Offline,C,2013-12-22,SYN004215,2014-02-04,1904,87.7,56.43,166980.80000000002,113278.38,58944.16
Europe,Iceland,Cosmetics,Online,C,2016-12-27,SYN004216,2017-01-06,8959,475.54,267.99,4260362.86,2328479.74,1607086.38
Sub-Saharan Africa,South Sudan,Personal Care,Offline,C,2013-12-26,SYN004217,2014-02-04,2166,82.28,61.39,178218.48,122361.13,57215.59
Australia and Oceania,Australia,Office Supplies,Online,C,2015-10-26,SYN004218,2015-11-24,3079,650.27,479.91,2002181.3299999998,1585613.3,375917.0
Central America and the Caribbean,Costa Rica,Personal Care,Offline,L,2017-05-05,SYN004219,2017-05-16,6633,76.77,55.15,509215.41,344035.87,156234.28
Sub-Saharan Africa,Sao Tome and Principe,Fruits,Online,C,2014-06-16,SYN004220,2014-06-30,8205,9.2,6.33,75486.0,57217.62,20398.7
Europe,Monaco,Baby Food,Offline,H,2012-05-29,SYN004221,2012-05-29,7721,234.99,164.26,1814357.79,1434769.35,799008.76
Middle East and North Africa,Libya,Fruits,Online,L,2015-08-15,SYN004222,2015-10-06,630,9.33,6.48,5877.9,4650.99,1597.03
Sub-Saharan Africa,Kenya,Vegetables,Online,L,2012-03-18,SYN004223,2012-04-14,6432,160.25,92.09,1030728.0,558486.83,431262.49
Middle East and North Africa,Libya,Clothes,Offline,H,2010-10-23,SYN004224,2010-11-19,6394,103.24,37.38,660116.5599999999,225843.21,443175.31
Sub-Saharan Africa,Kenya,Vegetables,Online,L,2012-03-19,SYN004225,2012-04-07,6449,158.88,87.34,1024617.12,553177.18,410136.45
Australia and Oceania,Solomon Islands,Baby Food,Online,C,2015-01-28,SYN004226,2015-02-25,3031,263.07,170.81,797365.1699999999,474626.95,275987.31
Middle East and North Africa,Azerbaijan,Office Supplies,Online,M,2012-06-15,SYN004227,2012-07-18,1973,649.28,531.02,1281029.44,1073324.16,269408.23
Sub-Saharan Africa,The Gambia,Baby Food,Offline,M,2014-02-09,SYN004228,2014-03-16,5495,245.09,163.46,1346769.55,889352.14,541575.31
Sub-Saharan Africa,Djibouti,Cereal,Online,H,2017-05-14,SYN004229,2017-06-18,8992,220.31,119.73,1981027.52,987898.72,761223.2
Europe,Switzerland,Cosmetics,Offline,M,2012-09-12,SYN004230,2012-10-19,9015,419.19,284.75,3778997.85,2286260.21,1445617.65
Sub-Saharan Africa,Democratic Republic of the Congo,Beverages,Online,C,2011-05-29,SYN004231,2011-07-18,6271,48.62,29.69,304896.01999999996,184413.28,87754.24
Middle East and North Africa,Azerbaijan,Office Supplies,Online,M,2012-06-18,SYN004232,2012-07-21,1853,695.92,519.16,1289539.76,1076071.23,266628.85
Asia,Turkmenistan,Household,Offline,L,2011-01-02,SYN004233,2011-01-23,3817,669.05,528.03,2553763.8499999996,2006159.73,632685.98
Sub-Saharan Africa,Mali,Fruits,Online,L,2010-05-04,SYN004234,2010-05-12,6229,9.5,7.19,59175.5,43724.27,14144.21
Sub-Saharan Africa,Djibouti,Cereal,Online,H,2017-05-20,SYN004235,2017-06-14,8304,215.41,111.59,1788764.64,1020388.4,755915.01
Central America and the Caribbean,Costa Rica,Personal Care,Offline,L,2017-05-03,SYN004236,2017-05-24,6597,80.43,56.63,530596.7100000001,369225.47,158804.2
Australia and Oceania,Australia,Office Supplies,Online,C,2015-10-23,SYN004237,2015-11-26,3014,662.85,548.81,1997829.9000000001,1568803.73,365524.0
Australia and Oceania,Australia,Beverages,Offline,H,2014-07-06,SYN004238,2014-07-07,8368,46.62,32.03,390116.16,302733.71,151619.19
Sub-Saharan Africa,South Sudan,Personal Care,Offline,C,2014-01-04,SYN004239,2014-01-31,2161,75.78,57.73,163760.58000000002,114844.42,54299.49
Australia and Oceania,Solomon Islands,Baby Food,Online,C,2015-02-05,SYN004240,2015-02-26,2969,262.48,156.57,779303.1200000001,467028.02,274954.19
Sub-Saharan Africa,Cameroon,Beverages,Offline,C,2015-04-07,SYN004241,2015-04-15,5539,46.23,31.64,256067.96999999997,175622.39,80484.07
North America,Mexico,Household,Offline,C,2014-11-04,SYN004242,2014-12-08,7171,685.77,461.7,4917656.67,3303587.59,1213918.79
Asia,Myanmar,Household,Offline,H,2015-01-23,SYN004243,2015-03-06,8321,652.58,511.75,5430118.180000001,3948185.0,1438147.06
Europe,Norway,Beverages,Offline,C,2014-07-24,SYN004244,2014-08-04,5024,46.06,31.45,231405.44,167822.19,77720.13
Sub-Saharan Africa,Mali,Clothes,Online,M,2011-07-19,SYN004245,2011-09-04,950,107.18,34.91,101821.0,34814.64,66842.94
Asia,Laos,Vegetables,Offline,C,2011-09-19,SYN004246,2011-10-17,4006,143.82,82.41,576142.9199999999,331822.97,239308.46
Middle East and North Africa,Libya,Clothes,Offline,H,2010-10-27,SYN004247,2010-11-18,5762,105.28,34.39,606623.36,239935.37,451429.91
Sub-Saharan Africa,Mali,Fruits,Online,L,2010-04-30,SYN004248,2010-05-08,5498,8.93,7.27,49097.14,41277.41,13118.48
Europe,Macedonia,Clothes,Offline,C,2014-10-13,SYN004249,2014-11-14,7369,102.17,39.96,752890.73,275314.85,561284.06
Middle East and North Africa,Libya,Fruits,Online,L,2015-08-12,SYN004250,2015-09-29,672,9.0,6.69,6048.0,4759.97,1603.84
Sub-Saharan Africa,Sierra Leone,Office Supplies,Offline,H,2016-12-13,SYN004251,2016-12-19,966,624.05,516.03,602832.2999999999,507918.95,122702.0
Middle East and North Africa,Azerbaijan,Office Supplies,Online,M,2012-06-18,SYN004252,2012-07-21,1990,658.03,499.01,1309479.7,1037510.34,233010.08
Central America and the Caribbean,Costa Rica,Personal Care,Offline,L,2017-05-09,SYN004253,2017-05-18,6778,81.89,58.98,555050.42,344251.38,157246.71
Sub-Saharan Africa,Sao Tome and Principe,Beverages,Offline,C,2011-01-14,SYN004254,2011-01-23,8140,46.56,32.11,378998.4,293020.23,141957.1
Sub-Saharan Africa,The Gambia,Meat,Online,M,2017-01-07,SYN004255,2017-01-27,4581,428.17,378.06,1961446.77,1741677.23,277822.11
Australia and Oceania,Tuvalu,Baby Food,Offline,H,2010-05-26,SYN004256,2010-07-01,9942,265.02,150.13,2634828.84,1549158.24,868653.29
Europe,Bulgaria,Clothes,Online,M,2012-04-22,SYN004257,2012-06-09,1549,110.42,34.62,171040.58000000002,60707.36,113465.84
Sub-Saharan Africa,Comoros,Cereal,Offline,H,2016-04-05,SYN004258,2016-05-01,899,225.82,121.13,203012.18,113359.06,85198.19
Middle East and North Africa,Libya,Clothes,Offline,H,2010-11-04,SYN004259,2010-11-17,5445,111.76,33.37,608533.2000000001,225592.07,439578.62
Sub-Saharan Africa,Sierra Leone,Office Supplies,Offline,H,2016-12-04,SYN004260,2016-12-15,945,583.69,537.76,551587.05,442569.32,118945.0
Australia and Oceania,East Timor,Meat,Online,L,2012-07-26,SYN004261,2012-09-04,6252,437.73,361.2,2736687.96,2108364.92,325723.95
Europe,Albania,Clothes,Online,C,2010-02-04,SYN004262,2010-03-14,2210,106.72,36.93,235851.2,84497.07,176794.99
Central America and the Caribbean,Honduras,Household,Offline,H,2017-02-13,SYN004263,2017-02-08,8715,668.34,490.6,5824583.100000001,4985195.38,1513462.31
Europe,France,Cosmetics,Online,H,2017-05-19,SYN004264,2017-06-02,1853,428.74,253.59,794455.22,506417.82,324899.73
Sub-Saharan Africa,Djibouti,Cosmetics,Offline,H,2014-04-09,SYN004265,2014-04-23,6620,457.66,262.29,3029709.2,1939170.78,1215751.59
Asia,Myanmar,Household,Offline,H,2015-01-12,SYN004266,2015-02-26,8135,663.35,470.47,5396352.25,4411116.0,1322026.73
Sub-Saharan Africa,Burkina Faso,Vegetables,Online,H,2012-07-18,SYN004267,2012-07-22,8297,150.55,88.65,1249113.35,760302.05,517936.97
Sub-Saharan Africa,The Gambia,Household,Offline,L,2012-05-28,SYN004268,2012-06-07,2400,626.48,501.43,1503552.0,1222575.43,362449.99
Sub-Saharan Africa,The Gambia,Cereal,Offline,H,2012-06-13,SYN004269,2012-06-13,2110,204.86,108.8,432254.60000000003,246820.37,203685.12
Sub-Saharan Africa,Kenya,Vegetables,Online,L,2012-03-20,SYN004270,2012-04-03,6471,159.41,90.86,1031542.11,596078.03,402527.51
Europe,San Marino,Baby Food,Online,L,2013-06-20,SYN004271,2013-07-04,4815,239.17,157.57,1151603.55,725886.0,480297.0
Middle East and North Africa,Libya,Clothes,Offline,H,2010-10-27,SYN004272,2010-11-13,6576,101.47,36.89,667266.72,238753.66,457181.76
Europe,Albania,Clothes,Online,C,2010-02-01,SYN004273,2010-03-11,2201,119.0,34.2,261919.0,88438.25,181492.1
Sub-Saharan Africa,Cote d'Ivoire,Clothes,Online,C,2012-06-01,SYN004274,2012-06-26,3558,102.5,35.86,364695.0,114922.15,261531.26
Sub-Saharan Africa,Senegal,Cereal,Online,H,2014-04-18,SYN004275,2014-06-05,6667,200.52,114.38,1336866.84,866807.25,602450.26
Australia and Oceania,Kiribati,Fruits,Online,M,2014-10-16,SYN004276,2014-11-13,5479,9.47,6.69,51886.130000000005,36601.19,11964.41
Middle East and North Africa,Azerbaijan,Cosmetics,Online,M,2010-01-30,SYN004277,2010-03-03,6851,434.15,261.75,2974361.65,1987992.32,1351043.41
Asia,Turkmenistan,Household,Offline,L,2010-12-30,SYN004278,2011-01-21,4028,679.54,562.81,2737187.1199999996,1982514.24,611275.93
Europe,Romania,Cosmetics,Online,H,2010-11-26,SYN004279,2010-12-28,7883,430.89,264.1,3396705.87,2005852.06,1330314.03
Sub-Saharan Africa,Sierra Leone,Office Supplies,Offline,M,2011-11-27,SYN004280,2011-12-31,3696,659.36,524.32,2436994.56,1930763.14,469800.42
Asia,Sri Lanka,Cosmetics,Offline,M,2016-11-14,SYN004281,2016-12-23,7127,431.07,264.93,3072235.89,1903363.7,1206531.68
Europe,Norway,Beverages,Offline,C,2014-07-18,SYN004282,2014-08-04,4649,48.05,26.57,223384.44999999998,158806.97,82849.17
Sub-Saharan Africa,Senegal,Cereal,Online,H,2014-04-24,SYN004283,2014-06-06,6972,207.66,109.95,1447805.52,753446.8,570527.54
Australia and Oceania,Solomon Islands,Baby Food,Online,C,2015-01-29,SYN004284,2015-02-22,2877,257.05,162.45,739532.85,416966.0,297738.31
Sub-Saharan Africa,Sao Tome and Principe,Fruits,Online,C,2014-06-27,SYN004285,2014-06-28,7972,8.68,7.08,69196.95999999999,57213.75,18613.7
Sub-Saharan Africa,Madagascar,Clothes,Offline,L,2015-04-23,SYN004286,2015-05-31,7334,113.71,35.6,833949.1399999999,264317.14,499316.81
Sub-Saharan Africa,Republic of the Congo,Personal Care,Offline,M,2015-07-12,SYN004287,2015-08-18,6012,71.62,55.16,430579.44,331955.99,158601.21
Sub-Saharan Africa,Mali,Fruits,Online,L,2010-05-07,SYN004288,2010-05-11,5565,8.7,6.91,48415.49999999999,39590.06,13623.53
Sub-Saharan Africa,Senegal,Cereal,Online,H,2014-04-20,SYN004289,2014-05-26,6353,214.07,119.76,1359986.71,842667.56,568915.63
Sub-Saharan Africa,Mali,Clothes,Online,M,2011-07-31,SYN004290,2011-08-31,900,104.0,34.68,93600.0,30528.17,60734.76
Europe,Bulgaria,Office Supplies,Online,M,2012-02-09,SYN004291,2012-02-24,3764,624.57,521.86,2350881.48,2139762.99,509561.64
Sub-Saharan Africa,Cameroon,Office Supplies,Online,M,2011-11-10,SYN004292,2011-11-10,5456,607.69,467.79,3315556.64,3039625.29,726349.75
Sub-Saharan Africa,Sierra Leone,Vegetables,Offline,C,2016-05-28,SYN004293,2016-07-06,1425,151.52,85.67,215916.00000000003,141407.15,88436.05
Asia,Myanmar,Clothes,Online,H,2015-11-17,SYN004294,2015-11-11,5996,98.49,34.15,590546.0399999999,216368.75,454955.04
Sub-Saharan Africa,Burkina Faso,Vegetables,Online,H,2012-07-23,SYN004295,2012-08-02,7850,154.61,89.93,1213688.5,730628.43,509389.09
Middle East and North Africa,Iran,Cosmetics,Online,H,2016-11-15,SYN004296,2016-12-06,5925,435.7,252.1,2581522.5,1807073.42,1118533.86
Europe,Lithuania,Office Supplies,Offline,H,2010-10-23,SYN004297,2010-11-10,8053,638.2,507.9,5139424.600000001,4772147.55,1016496.27
Australia and Oceania,Solomon Islands,Baby Food,Online,C,2015-02-11,SYN004298,2015-02-22,2881,243.26,159.53,700832.0599999999,468590.38,289327.53
Europe,Russia,Office Supplies,Offline,L,2014-05-09,SYN004299,2014-05-03,1792,627.47,505.11,1124426.24,945178.99,227949.76
Asia,Turkmenistan,Office Supplies,Online,M,2013-04-17,SYN004300,2013-05-16,5558,678.56,544.77,3771436.4799999995,2625858.05,611713.29
Sub-Saharan Africa,Cameroon,Office Supplies,Online,M,2011-11-10,SYN004301,2011-11-20,5338,635.56,543.31,3392619.28,2637988.06,673552.38
Asia,Turkmenistan,Office Supplies,Online,M,2013-04-24,SYN004302,2013-05-21,4846,664.41,507.63,3219730.86,2666141.9,683614.74
Europe,Switzerland,Cosmetics,Offline,M,2012-09-10,SYN004303,2012-10-16,8787,439.95,254.09,3865840.65,2315015.77,1573136.73
Australia and Oceania,Fiji,Clothes,Offline,C,2010-06-23,SYN004304,2010-07-27,9435,113.5,34.26,1070872.5,356628.23,698841.98
Asia,Malaysia,Fruits,Offline,L,2011-11-04,SYN004305,2012-01-04,6030,9.3,7.3,56079.00000000001,42574.84,15580.92
Europe,Portugal,Baby Food,Online,H,2015-07-31,SYN004306,2015-09-10,1216,254.0,159.77,308864.0,195319.95,108932.4
Europe,Switzerland,Cosmetics,Offline,M,2012-09-24,SYN004307,2012-10-20,8209,474.02,251.03,3891230.1799999997,2081643.97,1462702.46
Asia,Bangladesh,Clothes,Online,L,2017-01-16,SYN004308,2017-03-07,8612,109.2,37.77,940430.4,287289.16,630028.04
Australia and Oceania,Australia,Beverages,Offline,H,2014-07-11,SYN004309,2014-07-09,9166,48.27,31.72,442442.82,293638.32,126405.17
Sub-Saharan Africa,Sao Tome and Principe,Beverages,Offline,C,2011-01-17,SYN004310,2011-01-20,8589,49.75,32.51,427302.75,282591.75,141904.37
Middle East and North Africa,Iran,Cosmetics,Online,H,2016-11-17,SYN004311,2016-12-08,6591,443.92,255.89,2925876.72,1627012.11,1076069.34
Sub-Saharan Africa,Sierra Leone,Vegetables,Offline,C,2016-06-03,SYN004312,2016-06-25,1570,161.12,90.61,252958.4,137896.73,88687.49
Sub-Saharan Africa,South Sudan,Personal Care,Offline,C,2013-12-23,SYN004313,2014-01-25,2275,79.87,60.74,181704.25,116107.51,49390.51
Europe,Romania,Cosmetics,Online,H,2010-11-25,SYN004314,2010-12-25,8209,439.44,271.26,3607362.96,1906903.07,1309711.31
Europe,Albania,Clothes,Online,C,2010-02-05,SYN004315,2010-03-13,2323,107.08,35.84,248746.84,81001.64,160116.17
Middle East and North Africa,Syria,Fruits,Online,L,2011-11-26,SYN004316,2011-11-30,3970,8.72,6.98,34618.4,24578.08,8615.34
Asia,Laos,Vegetables,Offline,C,2011-09-12,SYN004317,2011-10-16,3494,156.91,90.52,548243.54,336125.96,225849.61
Sub-Saharan Africa,Mali,Fruits,Online,L,2010-05-13,SYN004318,2010-05-16,5481,10.18,6.97,55796.58,38724.23,13381.71
Europe,Norway,Beverages,Offline,C,2014-07-14,SYN004319,2014-07-30,5090,50.04,30.91,254703.6,180732.98,80513.6
Australia and Oceania,Tuvalu,Baby Food,Offline,H,2010-05-22,SYN004320,2010-07-03,9648,223.58,149.35,2157099.8400000003,1552831.07,937487.88
Europe,Albania,Clothes,Online,C,2010-01-31,SYN004321,2010-03-25,2184,106.04,38.41,231591.36000000002,79387.16,169159.36
Sub-Saharan Africa,Republic of the Congo,Personal Care,Offline,M,2015-07-14,SYN004322,2015-08-18,6331,85.48,53.92,541173.88,331159.5,149155.01
Australia and Oceania,Australia,Beverages,Offline,H,2014-07-05,SYN004323,2014-07-11,9517,48.76,33.69,464048.92,297538.13,139436.9
Sub-Saharan Africa,Kenya,Vegetables,Online,L,2012-03-18,SYN004324,2012-03-31,6586,142.03,89.78,935409.58,564821.52,356541.05
Central America and the Caribbean,Costa Rica,Personal Care,Offline,L,2017-05-10,SYN004325,2017-05-24,6632,85.02,54.62,563852.64,353878.73,175902.9
Sub-Saharan Africa,Djibouti,Snacks,Online,M,2017-02-21,SYN004326,2017-02-20,7446,150.38,101.18,1119729.48,752523.38,391498.17
Australia and Oceania,Federated States of Micronesia,Beverages,Online,C,2014-11-03,SYN004327,2014-11-16,10043,46.5,30.36,466999.5,305077.14,161298.18
Australia and Oceania,Australia,Office Supplies,Online,C,2015-10-24,SYN004328,2015-11-26,2988,659.2,501.54,1969689.6,1609389.65,340468.0
Sub-Saharan Africa,Cape Verde,Clothes,Offline,H,2014-08-07,SYN004329,2014-08-25,4398,109.53,35.27,481712.94,145207.7,310294.04
Central America and the Caribbean,Honduras,Household,Offline,H,2017-02-07,SYN004330,2017-02-12,7611,650.15,502.16,4948291.649999999,4272774.25,1451662.79
Central America and the Caribbean,Belize,Clothes,Offline,M,2016-08-01,SYN004331,2016-09-14,5655,123.53,38.68,698562.15,206685.88,385200.22
Sub-Saharan Africa,Republic of the Congo,Personal Care,Offline,M,2015-07-19,SYN004332,2015-08-23,6201,84.65,57.97,524914.65,368706.07,158864.12
Middle East and North Africa,Iran,Cosmetics,Online,H,2016-11-17,SYN004333,2016-12-05,6484,464.84,224.94,3014022.56,1591798.69,1175254.53
Asia,Myanmar,Household,Offline,H,2015-01-15,SYN004334,2015-03-01,8373,699.36,519.4,5855741.28,4417476.0,1287997.1
Europe,Austria,Cosmetics,Offline,H,2015-02-22,SYN004335,2015-03-01,2766,458.88,269.63,1269262.08,707550.26,503428.96
Sub-Saharan Africa,Sierra Leone,Office Supplies,Offline,H,2016-12-05,SYN004336,2016-12-11,1016,677.48,582.74,688319.68,486808.47,121796.0
Central America and the Caribbean,Honduras,Household,Offline,H,2017-02-15,SYN004337,2017-02-08,9074,667.58,506.2,6057620.92,4530756.8,1405147.88
Sub-Saharan Africa,Sierra Leone,Vegetables,Offline,C,2016-06-08,SYN004338,2016-07-06,1439,168.98,96.64,243162.21999999997,140117.19,100132.24
Sub-Saharan Africa,Madagascar,Clothes,Offline,L,2015-04-26,SYN004339,2015-06-04,7034,119.7,36.57,841969.8,255448.44,541369.12
Middle East and North Africa,Libya,Fruits,Online,L,2015-08-16,SYN004340,2015-10-02,718,9.05,6.56,6497.900000000001,4594.6,1615.93
Sub-Saharan Africa,Sierra Leone,Office Supplies,Offline,M,2011-12-01,SYN004341,2012-01-11,3231,681.77,514.48,2202798.87,1881227.53,452387.82
Europe,Russia,Office Supplies,Offline,L,2014-04-30,SYN004342,2014-05-03,1878,672.46,523.07,1262879.8800000001,1016274.19,229356.9
Sub-Saharan Africa,Lesotho,Fruits,Online,L,2013-08-24,SYN004343,2013-09-22,9889,8.44,6.57,83463.15999999999,69228.25,23976.63
Middle East and North Africa,Kuwait,Fruits,Online,M,2012-05-01,SYN004344,2012-05-22,514,9.27,7.03,4764.78,3308.8,1346.07
Asia,Brunei,Office Supplies,Online,L,2012-03-25,SYN004345,2012-05-12,6205,644.52,510.16,3999246.6,3256150.74,840675.0
Sub-Saharan Africa,Mozambique,Household,Offline,L,2012-02-08,SYN004346,2012-02-18,4944,680.98,511.58,3366765.12,2420790.2,915115.18
Sub-Saharan Africa,Mali,Clothes,Online,M,2011-08-02,SYN004347,2011-08-27,860,110.16,35.45,94737.59999999999,35034.62,64869.73
Sub-Saharan Africa,Sao Tome and Principe,Fruits,Online,C,2014-06-13,SYN004348,2014-07-01,8010,8.77,6.99,70247.7,58318.65,19950.0
Europe,Iceland,Cosmetics,Online,C,2016-12-27,SYN004349,2016-12-25,8316,477.62,240.17,3971887.92,2288024.57,1503111.7
Australia and Oceania,Kiribati,Fruits,Online,M,2014-10-19,SYN004350,2014-11-03,5010,8.85,6.98,44338.5,34550.77,11880.82
Sub-Saharan Africa,Mali,Fruits,Online,L,2010-05-10,SYN004351,2010-05-12,5703,9.09,6.32,51840.27,43110.2,13506.9
North America,Mexico,Household,Offline,C,2014-11-13,SYN004352,2014-12-07,7206,619.23,516.49,4462171.38,3574242.44,1098462.8
Asia,Myanmar,Clothes,Online,H,2015-11-15,SYN004353,2015-11-19,6371,102.25,37.01,651434.75,208233.25,460451.65
Central America and the Caribbean,Costa Rica,Personal Care,Offline,L,2017-05-07,SYN004354,2017-05-26,6978,84.32,62.71,588384.96,372604.74,159812.18
Central America and the Caribbean,Honduras,Household,Offline,H,2017-02-12,SYN004355,2017-02-20,8135,641.79,506.97,5220961.649999999,4631839.32,1419753.85
Middle East and North Africa,Libya,Clothes,Offline,H,2010-11-06,SYN004356,2010-11-21,6469,115.83,32.81,749304.27,221694.34,460238.7
Australia and Oceania,East Timor,Meat,Online,L,2012-08-07,SYN004357,2012-09-10,5908,403.04,368.28,2381160.3200000003,2097322.71,344543.0
Asia,Laos,Vegetables,Offline,C,2011-09-08,SYN004358,2011-10-21,3900,165.57,95.04,645723.0,355595.33,221201.49
Central America and the Caribbean,Honduras,Snacks,Online,L,2016-07-02,SYN004359,2016-07-26,2179,160.9,105.45,350601.10000000003,218356.0,130820.61
Sub-Saharan Africa,The Gambia,Cereal,Offline,H,2012-05-31,SYN004360,2012-06-01,2207,213.01,116.42,470113.07,256782.45,197856.78
Sub-Saharan Africa,Djibouti,Snacks,Online,M,2017-02-21,SYN004361,2017-02-26,7892,137.85,94.95,1087912.2,700480.92,392037.24
Sub-Saharan Africa,Djibouti,Cereal,Online,H,2017-05-21,SYN004362,2017-06-22,9068,214.79,127.26,1947715.72,949347.61,760732.03
Central America and the Caribbean,Honduras,Snacks,Online,L,2016-07-04,SYN004363,2016-07-25,2120,151.61,97.16,321413.2,239811.0,122966.15
Asia,Laos,Vegetables,Offline,C,2011-09-15,SYN004364,2011-10-25,3669,149.38,83.93,548075.22,328321.28,250480.8
Sub-Saharan Africa,Cameroon,Office Supplies,Online,M,2011-11-03,SYN004365,2011-11-11,5121,710.64,514.54,3639187.44,2768977.04,696254.15
Europe,Switzerland,Personal Care,Online,M,2010-12-23,SYN004366,2011-02-07,264,76.69,51.98,20246.16,14961.21,6564.43
North America,Mexico,Household,Offline,C,2014-11-04,SYN004367,2014-12-19,6621,634.81,511.18,4203077.01,3569287.2,1250432.31
Sub-Saharan Africa,Madagascar,Clothes,Offline,L,2015-04-24,SYN004368,2015-05-29,8324,101.76,37.81,847050.24,259730.74,496492.79
Sub-Saharan Africa,The Gambia,Meat,Online,M,2017-01-21,SYN004369,2017-01-22,4802,443.55,347.17,2129927.1,1677879.57,261779.91
Australia and Oceania,Australia,Office Supplies,Online,C,2015-10-24,SYN004370,2015-11-25,3001,622.19,485.63,1867192.1900000002,1527796.29,383157.0
Asia,Laos,Vegetables,Offline,C,2011-09-09,SYN004371,2011-10-27,3706,170.52,91.32,631947.12,362296.67,258849.21
Europe,Slovenia,Beverages,Offline,C,2016-10-16,SYN004372,2016-11-18,4204,48.18,29.89,202548.72,157189.32,73606.77
Asia,Malaysia,Fruits,Offline,L,2011-11-08,SYN004373,2011-12-27,6644,9.58,6.92,63649.520000000004,41698.08,15997.14
Sub-Saharan Africa,Gabon,Personal Care,Offline,L,2012-07-11,SYN004374,2012-07-12,9052,77.7,55.88,703340.4,522560.03,228450.12
Europe,Albania,Clothes,Online,C,2010-01-29,SYN004375,2010-03-21,2242,110.09,35.74,246821.78,85679.28,172494.12
Australia and Oceania,Australia,Beverages,Offline,H,2014-06-30,SYN004376,2014-07-10,9568,48.85,31.44,467396.8,288884.82,140123.08
Sub-Saharan Africa,Djibouti,Cereal,Online,H,2017-05-26,SYN004377,2017-06-18,9231,219.19,108.17,2023342.89,1045609.74,862015.86
Sub-Saharan Africa,Kenya,Vegetables,Online,L,2012-03-11,SYN004378,2012-04-10,6285,145.85,85.27,916667.25,593213.2,426854.16
Sub-Saharan Africa,Sao Tome and Principe,Beverages,Offline,C,2011-01-14,SYN004379,2011-01-21,9116,47.36,31.57,431733.76,262605.65,127531.28
Sub-Saharan Africa,South Sudan,Personal Care,Offline,C,2013-12-27,SYN004380,2014-01-29,2087,80.6,54.26,168212.19999999998,126204.44,48324.11
Sub-Saharan Africa,The Gambia,Cereal,Offline,H,2012-06-10,SYN004381,2012-06-10,2288,227.57,117.59,520680.16,233599.41,184875.19
Australia and Oceania,Samoa,Cosmetics,Online,H,2013-07-13,SYN004382,2013-08-11,9264,419.42,278.1,3885506.8800000004,2253933.92,1601489.19
Sub-Saharan Africa,Rwanda,Office Supplies,Offline,L,2013-01-28,SYN004383,2013-02-06,5135,678.44,523.27,3483789.4000000004,2875685.05,658077.99
Middle East and North Africa,Saudi Arabia,Cereal,Online,M,2013-03-25,SYN004384,2013-04-01,4065,212.06,114.6,862023.9,480888.46,360772.12
Central America and the Caribbean,Costa Rica,Personal Care,Offline,L,2017-05-05,SYN004385,2017-05-23,7021,82.01,59.61,575792.2100000001,349348.88,165476.68
Sub-Saharan Africa,Cape Verde,Clothes,Offline,H,2014-08-09,SYN004386,2014-08-12,4046,101.02,37.59,408726.92,152153.87,310762.61
Australia and Oceania,Australia,Office Supplies,Online,C,2015-10-21,SYN004387,2015-12-01,2944,672.5,522.33,1979840.0,1475589.14,352722.0
Central America and the Caribbean,Honduras,Household,Offline,H,2017-02-04,SYN004388,2017-02-14,8265,605.43,514.39,5003878.949999999,4415069.52,1441003.78
Sub-Saharan Africa,Mali,Clothes,Online,M,2011-07-28,SYN004389,2011-09-01,918,102.18,37.21,93801.24,32379.12,68130.31
Sub-Saharan Africa,The Gambia,Household,Offline,L,2012-05-21,SYN004390,2012-06-09,2567,683.81,520.4,1755340.2699999998,1246234.53,420265.44
Middle East and North Africa,Saudi Arabia,Cereal,Online,M,2013-03-30,SYN004391,2013-03-22,4131,218.99,116.56,904647.6900000001,423035.69,341663.77
Sub-Saharan Africa,Comoros,Cereal,Offline,H,2016-04-04,SYN004392,2016-05-04,983,205.01,129.38,201524.83,110793.42,85866.21
Sub-Saharan Africa,Angola,Household,Offline,M,2011-04-17,SYN004393,2011-04-22,4314,657.49,486.47,2836411.86,2166718.92,695697.7
Europe,Bulgaria,Clothes,Online,M,2012-04-29,SYN004394,2012-06-08,1698,96.21,39.31,163364.58,59133.6,120545.13
Central America and the Caribbean,Honduras,Household,Offline,H,2017-02-14,SYN004395,2017-02-18,9166,619.14,481.83,5675037.24,4488028.31,1463985.78
Sub-Saharan Africa,Mauritania,Office Supplies,Offline,C,2012-01-11,SYN004396,2012-01-12,1235,630.92,512.75,779186.2,658801.63,171964.07
Central America and the Caribbean,Honduras,Snacks,Online,L,2016-06-28,SYN004397,2016-07-26,2192,146.98,99.17,322180.16,216929.0,136880.25
Sub-Saharan Africa,Sao Tome and Principe,Fruits,Online,C,2014-06-21,SYN004398,2014-07-10,8308,9.42,6.63,78261.36,57149.92,20427.53
Sub-Saharan Africa,Sierra Leone,Office Supplies,Offline,H,2016-12-02,SYN004399,2016-12-11,995,670.41,533.48,667057.95,476580.39,122499.0
Sub-Saharan Africa,The Gambia,Cereal,Offline,H,2012-06-10,SYN004400,2012-06-10,2132,203.14,123.7,433094.48,235106.24,197927.73
Sub-Saharan Africa,Zambia,Snacks,Online,L,2010-12-31,SYN004401,2010-12-31,4431,153.68,97.79,680956.0800000001,411849.97,226030.21
Sub-Saharan Africa,Mauritania,Office Supplies,Offline,C,2012-01-12,SYN004402,2012-01-15,1241,686.44,532.95,851872.04,687644.4,163943.69
Sub-Saharan Africa,The Gambia,Meat,Online,M,2017-01-11,SYN004403,2017-01-17,5250,464.82,355.32,2440305.0,1747622.77,282312.41
Sub-Saharan Africa,Mauritania,Office Supplies,Offline,C,2012-01-12,SYN004404,2012-01-18,1326,640.13,534.62,848812.38,682897.84,149799.75
Sub-Saharan Africa,Zambia,Snacks,Online,L,2011-01-10,SYN004405,2011-01-03,4162,155.76,101.77,648273.12,425438.24,227127.19
Asia,Kyrgyzstan,Vegetables,Online,H,2011-06-28,SYN004406,2011-07-18,117,150.66,87.27,17627.22,12086.64,7415.17
Asia,Myanmar,Household,Offline,H,2015-01-14,SYN004407,2015-02-25,7947,650.25,495.2,5167536.75,4509589.0,1394611.9
North America,Mexico,Household,Offline,C,2014-11-09,SYN004408,2014-12-11,6449,670.52,535.99,4324183.4799999995,3286731.97,1204798.29
Sub-Saharan Africa,Sao Tome and Principe,Beverages,Offline,C,2011-01-21,SYN004409,2011-01-19,8371,45.94,32.35,384563.74,278110.42,134153.21
Sub-Saharan Africa,Cape Verde,Clothes,Offline,H,2014-07-26,SYN004410,2014-08-22,4316,106.27,34.29,458661.32,142202.57,313917.71
Europe,San Marino,Baby Food,Online,L,2013-06-30,SYN004411,2013-07-05,4933,255.95,158.11,1262601.3499999999,797829.0,449029.0
Sub-Saharan Africa,Sao Tome and Principe,Fruits,Online,C,2014-06-16,SYN004412,2014-06-29,7732,9.61,6.51,74304.51999999999,53868.62,19528.73
Sub-Saharan Africa,Zambia,Snacks,Online,L,2011-01-01,SYN004413,2011-01-08,4085,149.97,96.3,612627.45,409707.52,228514.77
Asia,Mongolia,Personal Care,Offline,C,2014-02-21,SYN004414,2014-02-20,4777,77.42,52.73,369835.34,303007.02,131975.12
Sub-Saharan Africa,Cote d'Ivoire,Clothes,Online,C,2012-06-01,SYN004415,2012-06-24,2859,104.12,34.66,297679.08,122127.36,230179.12
Sub-Saharan Africa,Sierra Leone,Vegetables,Offline,C,2016-05-26,SYN004416,2016-07-03,1589,147.71,89.94,234711.19,137979.57,89458.08
Australia and Oceania,Australia,Beverages,Offline,H,2014-07-09,SYN004417,2014-07-10,9186,46.76,32.05,429537.36,309259.86,129603.39
Australia and Oceania,Kiribati,Fruits,Online,M,2014-10-14,SYN004418,2014-11-08,5332,8.53,6.14,45481.96,35635.32,13370.46
Australia and Oceania,Kiribati,Fruits,Online,M,2014-10-08,SYN004419,2014-11-16,5168,9.52,7.07,49199.36,38790.98,13598.59
Europe,United Kingdom,Household,Online,L,2011-12-30,SYN004420,2012-02-15,258,704.36,575.78,181724.88,134130.96,44173.76
Europe,Macedonia,Clothes,Offline,C,2014-10-18,SYN004421,2014-11-19,7816,111.84,35.43,874141.4400000001,279237.96,615973.03
Europe,Bulgaria,Clothes,Online,M,2012-04-24,SYN004422,2012-05-29,1628,94.08,37.64,153162.24,60280.82,123812.0
Sub-Saharan Africa,Gabon,Personal Care,Offline,L,2012-07-14,SYN004423,2012-07-03,8633,80.82,53.01,697719.0599999999,507012.23,201037.22
Europe,Austria,Cosmetics,Offline,H,2015-02-19,SYN004424,2015-02-25,2971,421.02,286.4,1250850.42,791216.1,471504.95
Europe,Romania,Cosmetics,Online,H,2010-11-30,SYN004425,2010-12-23,7206,429.19,268.3,3092743.14,2191068.77,1439059.2
Central America and the Caribbean,Nicaragua,Beverages,Offline,C,2011-02-03,SYN004426,2011-03-23,8344,43.21,33.55,360544.24,256820.66,132414.04
Australia and Oceania,Tuvalu,Baby Food,Offline,H,2010-06-01,SYN004427,2010-07-01,9987,249.67,173.69,2493454.29,1491819.23,957863.9
Asia,Brunei,Office Supplies,Online,L,2012-03-31,SYN004428,2012-05-07,5734,659.79,518.92,3783235.86,3660523.11,876940.0
Australia and Oceania,Solomon Islands,Baby Food,Online,C,2015-01-31,SYN004429,2015-02-22,2801,265.89,155.26,744757.89,449398.59,269449.09
Sub-Saharan Africa,Senegal,Cereal,Online,H,2014-04-24,SYN004430,2014-06-04,6591,211.21,115.06,1392085.11,731179.55,575150.48
Middle East and North Africa,Libya,Clothes,Offline,H,2010-11-05,SYN004431,2010-11-12,5917,110.13,35.96,651639.21,218823.5,447106.54
Central America and the Caribbean,Nicaragua,Beverages,Offline,C,2011-02-04,SYN004432,2011-03-21,8461,45.62,30.73,385990.82,270167.58,128794.12
Middle East and North Africa,Kuwait,Fruits,Online,M,2012-05-04,SYN004433,2012-05-18,537,8.89,6.78,4773.93,4036.48,1258.4
Central America and the Caribbean,Grenada,Cereal,Online,C,2012-08-21,SYN004434,2012-09-09,2872,203.66,125.17,584911.52,322996.22,224513.33
Asia,Myanmar,Household,Offline,H,2015-01-12,SYN004435,2015-03-08,8748,685.11,554.17,5993342.28,3888813.0,1256692.92
Middle East and North Africa,Pakistan,Cosmetics,Offline,L,2013-07-04,SYN004436,2013-08-12,8775,469.8,270.01,4122495.0,2567462.8,1745567.55
Sub-Saharan Africa,Cape Verde,Clothes,Offline,H,2014-07-27,SYN004437,2014-08-13,3991,113.17,36.31,451661.47000000003,139970.79,307782.64
Sub-Saharan Africa,Lesotho,Fruits,Online,L,2013-08-25,SYN004438,2013-09-22,9648,9.14,7.01,88182.72,70708.18,22106.63
Europe,Romania,Cosmetics,Online,H,2010-11-30,SYN004439,2010-12-21,8004,466.55,251.04,3734266.2,2147552.47,1411602.64
Europe,Bulgaria,Office Supplies,Online,M,2012-02-09,SYN004440,2012-02-22,3784,638.45,516.51,2415894.8000000003,2018715.47,448420.06
Europe,Iceland,Cosmetics,Online,C,2017-01-05,SYN004441,2017-01-01,9099,451.2,225.58,4105468.8,2342269.6,1583398.5
Europe,Norway,Beverages,Offline,C,2014-07-20,SYN004442,2014-08-05,4852,52.64,33.04,255409.28,170211.55,75051.31
Sub-Saharan Africa,Sao Tome and Principe,Fruits,Online,C,2014-06-19,SYN004443,2014-07-11,7970,9.06,7.33,72208.2,53785.66,21704.69
Sub-Saharan Africa,Rwanda,Office Supplies,Offline,L,2013-01-27,SYN004444,2013-01-31,4738,674.4,542.88,3195307.1999999997,2689364.45,684968.48
Sub-Saharan Africa,Cameroon,Beverages,Offline,C,2015-04-05,SYN004445,2015-04-12,5403,46.62,29.67,251887.86,150698.83,87261.74
Europe,Austria,Cosmetics,Offline,H,2015-03-02,SYN004446,2015-02-28,2872,488.57,249.89,1403173.04,797844.1,499838.41
Sub-Saharan Africa,Mali,Fruits,Online,L,2010-05-09,SYN004447,2010-05-17,5554,9.98,7.06,55428.920000000006,40243.63,14386.14
Europe,Portugal,Baby Food,Online,H,2015-08-04,SYN004448,2015-09-07,1250,246.41,164.7,308012.5,213522.04,119577.2
Sub-Saharan Africa,The Gambia,Baby Food,Offline,M,2014-01-31,SYN004449,2014-03-26,5873,256.97,160.08,1509184.81,919561.8,569973.16
Asia,Kyrgyzstan,Vegetables,Online,H,2011-06-30,SYN004450,2011-07-15,123,138.13,89.15,16989.989999999998,11281.05,8076.99
Sub-Saharan Africa,The Gambia,Baby Food,Offline,M,2014-02-02,SYN004451,2014-03-18,5228,226.54,160.81,1184351.1199999999,960084.49,546872.49
Australia and Oceania,Australia,Beverages,Offline,H,2014-07-04,SYN004452,2014-07-14,10244,44.03,30.21,451043.32,302833.59,135038.92
Sub-Saharan Africa,Niger,Personal Care,Online,H,2017-03-13,SYN004453,2017-03-29,2875,86.62,51.91,249032.5,163669.55,84858.29
Sub-Saharan Africa,Sierra Leone,Vegetables,Offline,C,2016-05-26,SYN004454,2016-07-06,1379,158.92,101.2,219150.68,141613.56,89792.17
Sub-Saharan Africa,The Gambia,Baby Food,Offline,M,2014-02-10,SYN004455,2014-03-16,5843,278.81,153.17,1629086.83,930512.24,486653.95
Europe,Moldova,Personal Care,Online,L,2016-05-14,SYN004456,2016-05-09,4827,86.23,57.43,416232.21,276820.95,124698.71
Middle East and North Africa,Saudi Arabia,Cereal,Online,M,2013-04-01,SYN004457,2013-03-23,4425,208.28,116.4,921639.0,486301.66,309840.57
Australia and Oceania,Federated States of Micronesia,Beverages,Online,C,2014-11-03,SYN004458,2014-11-09,8831,45.69,29.13,403488.38999999996,274461.27,130892.73
Sub-Saharan Africa,Mali,Clothes,Online,M,2011-07-22,SYN004459,2011-08-30,877,102.28,38.66,89699.56,32391.82,60142.28
Sub-Saharan Africa,The Gambia,Meat,Online,M,2017-01-21,SYN004460,2017-01-27,4748,401.06,355.55,1904232.8800000001,1624826.65,263161.61
Sub-Saharan Africa,Mali,Clothes,Online,M,2011-07-25,SYN004461,2011-08-31,849,107.37,37.28,91157.13,34158.55,67869.48
Middle East and North Africa,Saudi Arabia,Cereal,Online,M,2013-03-18,SYN004462,2013-04-02,4214,195.42,119.1,823499.88,450097.97,362323.79
Europe,Spain,Household,Offline,L,2012-10-14,SYN004463,2012-11-29,4366,679.82,482.86,2968094.12,2310792.57,780747.77
Europe,Albania,Clothes,Online,C,2010-01-30,SYN004464,2010-03-25,2303,104.34,39.04,240295.02000000002,80118.64,172032.53
Sub-Saharan Africa,Sao Tome and Principe,Fruits,Online,C,2014-06-25,SYN004465,2014-07-04,8308,8.7,6.99,72279.59999999999,52755.59,20539.52
Central America and the Caribbean,Honduras,Household,Offline,H,2017-02-01,SYN004466,2017-02-07,9785,599.52,486.63,5866303.2,4305751.93,1387065.53
Sub-Saharan Africa,Democratic Republic of the Congo,Beverages,Online,C,2011-05-19,SYN004467,2011-07-12,5569,45.27,33.03,252108.63,182465.76,91709.92
Australia and Oceania,Solomon Islands,Baby Food,Online,C,2015-01-28,SYN004468,2015-02-20,2880,257.71,160.35,742204.7999999999,479062.39,280192.55
Asia,Turkmenistan,Office Supplies,Online,M,2013-04-25,SYN004469,2013-05-21,5082,711.47,514.14,3615690.54,2519292.16,665285.21
Sub-Saharan Africa,Sierra Leone,Vegetables,Offline,C,2016-05-27,SYN004470,2016-06-29,1583,143.09,90.28,226511.47,134692.25,89074.06
Asia,Bangladesh,Clothes,Online,L,2017-01-18,SYN004471,2017-03-07,7943,120.87,37.67,960070.41,258682.33,601191.83
Sub-Saharan Africa,Cape Verde,Clothes,Offline,H,2014-08-04,SYN004472,2014-08-12,3730,100.79,32.29,375946.7,157496.16,296330.07
Middle East and North Africa,Saudi Arabia,Cereal,Online,M,2013-03-21,SYN004473,2013-03-24,4359,203.68,119.13,887841.12,464402.89,350044.34
Europe,Switzerland,Cosmetics,Offline,M,2012-09-23,SYN004474,2012-10-25,8693,406.62,284.15,3534747.66,2374493.66,1437138.31
Australia and Oceania,Tuvalu,Baby Food,Offline,H,2010-05-22,SYN004475,2010-06-21,10144,241.41,172.46,2448863.04,1742280.91,994846.32
Sub-Saharan Africa,Kenya,Vegetables,Online,L,2012-03-22,SYN004476,2012-04-03,6639,161.15,93.78,1069874.85,591039.25,393155.77
Sub-Saharan Africa,Mozambique,Household,Offline,L,2012-02-13,SYN004477,2012-02-20,5050,658.79,512.88,3326889.5,2599842.39,820887.37
Australia and Oceania,Kiribati,Fruits,Online,M,2014-10-20,SYN004478,2014-11-10,4945,9.32,6.74,46087.4,38119.67,12756.5
Europe,Switzerland,Personal Care,Online,M,2010-12-24,SYN004479,2011-01-29,267,81.99,54.71,21891.329999999998,14446.12,6509.41
Sub-Saharan Africa,Sierra Leone,Office Supplies,Offline,H,2016-12-13,SYN004480,2016-12-12,857,674.98,526.98,578457.86,505165.15,121574.0
Europe,Romania,Cosmetics,Online,H,2010-11-29,SYN004481,2010-12-29,7715,456.36,239.66,3520817.4,2064525.08,1389134.62
Europe,Monaco,Baby Food,Offline,H,2012-05-22,SYN004482,2012-06-01,8703,255.26,169.96,2221527.78,1480352.38,849954.15
Sub-Saharan Africa,Mauritania,Office Supplies,Offline,C,2012-01-10,SYN004483,2012-01-15,1326,572.99,480.43,759784.74,642236.67,156237.76
Europe,San Marino,Baby Food,Online,L,2013-06-25,SYN004484,2013-07-08,5283,246.99,153.88,1304848.1700000002,760103.0,449687.0
Middle East and North Africa,Azerbaijan,Cosmetics,Online,M,2010-02-12,SYN004485,2010-02-20,6655,502.69,278.15,3345401.95,1923224.94,1221501.12
Australia and Oceania,Tuvalu,Baby Food,Offline,H,2010-05-24,SYN004486,2010-07-02,9800,239.03,141.9,2342494.0,1630586.92,930854.23
Australia and Oceania,Kiribati,Fruits,Online,M,2014-10-12,SYN004487,2014-11-09,5346,9.77,6.58,52230.42,37936.62,13106.42
Asia,Sri Lanka,Cosmetics,Offline,M,2016-11-23,SYN004488,2016-12-24,6988,473.44,257.0,3308398.72,1842597.4,1259671.85
Sub-Saharan Africa,Mozambique,Household,Offline,L,2012-02-10,SYN004489,2012-02-20,5746,733.48,464.32,4214576.08,2833154.01,897005.73
Sub-Saharan Africa,Djibouti,Snacks,Online,M,2017-02-28,SYN004490,2017-03-04,7442,154.21,98.06,1147630.82,699034.71,393284.23
Middle East and North Africa,Iran,Cosmetics,Online,H,2016-11-16,SYN004491,2016-12-09,6620,422.71,251.61,2798340.1999999997,1594622.1,1045095.53
Australia and Oceania,Solomon Islands,Baby Food,Online,C,2015-02-03,SYN004492,2015-02-26,2845,240.85,179.65,685218.25,452785.19,286242.34
Middle East and North Africa,Azerbaijan,Cosmetics,Online,M,2010-02-02,SYN004493,2010-03-04,6518,408.06,262.98,2659735.08,1974547.32,1228151.65
Europe,Russia,Office Supplies,Offline,L,2014-05-01,SYN004494,2014-05-06,1869,642.5,533.09,1200832.5,998844.83,223330.79
Central America and the Caribbean,Honduras,Snacks,Online,L,2016-06-24,SYN004495,2016-07-29,2142,155.24,98.08,332524.08,204280.0,117718.02
Europe,Switzerland,Cosmetics,Offline,M,2012-09-21,SYN004496,2012-10-18,8953,449.34,294.78,4022941.0199999996,2246418.96,1640902.9
Europe,Albania,Clothes,Online,C,2010-02-05,SYN004497,2010-03-16,2280,120.1,37.57,273828.0,92147.12,141846.59
Sub-Saharan Africa,Niger,Personal Care,Online,H,2017-03-06,SYN004498,2017-03-24,3149,71.46,53.29,225027.53999999998,175507.04,79029.87
North America,Mexico,Personal Care,Offline,M,2015-08-01,SYN004499,2015-08-04,5717,85.01,56.32,486002.17000000004,318347.83,149484.18
Europe,Macedonia,Clothes,Offline,C,2014-10-08,SYN004500,2014-11-13,8729,103.87,38.04,906681.2300000001,316939.91,576636.97
North America,Mexico,Personal Care,Offline,M,2015-08-04,SYN004501,2015-08-14,5897,85.1,52.29,501834.69999999995,342641.83,144679.76
North America,Mexico,Household,Offline,C,2014-11-07,SYN004502,2014-12-19,7048,690.49,474.98,4866573.5200000005,3697238.76,1212034.78
Europe,Spain,Household,Offline,L,2012-10-23,SYN004503,2012-11-26,4653,704.15,434.83,3276409.9499999997,2219922.68,768385.66
Sub-Saharan Africa,Mali,Clothes,Online,M,2011-07-31,SYN004504,2011-08-31,823,110.73,36.59,91130.79000000001,30644.99,66581.06
Central America and the Caribbean,Grenada,Cereal,Online,C,2012-08-27,SYN004505,2012-09-10,2678,223.58,110.85,598747.24,313254.17,241464.76
North America,Mexico,Household,Offline,C,2014-11-03,SYN004506,2014-12-10,6710,719.14,527.98,4825429.4,3027589.0,1124958.01
Middle East and North Africa,Azerbaijan,Cosmetics,Online,M,2010-02-13,SYN004507,2010-02-26,7288,464.28,265.95,3383672.6399999997,2026710.54,1267064.21
Europe,Slovakia,Vegetables,Online,H,2012-10-08,SYN004508,2012-11-09,168,149.6,75.88,25132.8,14888.45,10218.9
Central America and the Caribbean,Nicaragua,Beverages,Offline,C,2011-02-15,SYN004509,2011-03-21,8304,47.51,31.74,394523.04,265264.58,140134.14
Australia and Oceania,New Zealand,Fruits,Online,H,2014-09-06,SYN004510,2014-09-28,2283,10.27,6.37,23446.41,15734.8,5231.78
Sub-Saharan Africa,South Sudan,Personal Care,Offline,C,2013-12-27,SYN004511,2014-01-31,2026,81.01,53.98,164126.26,122505.46,52914.96
Europe,Iceland,Cosmetics,Online,C,2016-12-27,SYN004512,2017-01-05,8877,447.21,251.61,3969883.17,2470515.26,1661783.79
Sub-Saharan Africa,Rwanda,Office Supplies,Offline,L,2013-01-30,SYN004513,2013-02-07,5032,670.39,516.85,3373402.48,2637523.47,584417.16
Middle East and North Africa,Kuwait,Fruits,Online,M,2012-05-07,SYN004514,2012-05-21,509,10.29,6.5,5237.61,3284.06,1269.81
Asia,Bangladesh,Clothes,Online,L,2017-01-11,SYN004515,2017-03-07,8329,110.02,36.75,916356.58,297253.41,640917.32
Australia and Oceania,Australia,Office Supplies,Online,C,2015-10-29,SYN004516,2015-11-28,2704,590.83,537.94,1597604.32,1471586.54,347433.0
Sub-Saharan Africa,Sao Tome and Principe,Fruits,Online,C,2014-06-14,SYN004517,2014-07-02,7754,9.24,7.05,71646.96,56409.16,19276.42
Sub-Saharan Africa,Cameroon,Beverages,Offline,C,2015-04-01,SYN004518,2015-04-15,5083,47.89,33.27,243424.87,181664.73,87291.83
Sub-Saharan Africa,The Gambia,Meat,Online,M,2017-01-20,SYN004519,2017-01-17,4769,411.49,349.02,1962395.81,1754291.04,292537.39
Europe,Lithuania,Office Supplies,Offline,H,2010-10-18,SYN004520,2010-11-19,8255,675.19,535.65,5573693.45,4626040.26,1126062.04
Sub-Saharan Africa,Cameroon,Beverages,Offline,C,2015-04-03,SYN004521,2015-04-12,5263,49.3,29.9,259465.9,181781.72,88133.56
Sub-Saharan Africa,Republic of the Congo,Personal Care,Offline,M,2015-07-15,SYN004522,2015-08-21,6003,76.8,54.99,461030.39999999997,354909.03,154015.76
Australia and Oceania,Federated States of Micronesia,Beverages,Online,C,2014-10-21,SYN004523,2014-11-10,9435,47.25,27.09,445803.75,298318.27,141765.94
Middle East and North Africa,Libya,Fruits,Online,L,2015-08-21,SYN004524,2015-09-28,703,8.82,6.8,6200.46,4502.0,1756.37
Middle East and North Africa,Kuwait,Fruits,Online,M,2012-05-06,SYN004525,2012-05-12,540,9.32,6.19,5032.8,3626.7,1255.21
Sub-Saharan Africa,Senegal,Cereal,Online,H,2014-04-23,SYN004526,2014-05-25,6473,213.06,128.12,1379137.3800000001,823101.26,537728.32
Asia,Malaysia,Fruits,Offline,L,2011-11-13,SYN004527,2012-01-03,6593,8.78,7.17,57886.53999999999,42302.49,13334.8
Central America and the Caribbean,Honduras,Snacks,Online,L,2016-07-06,SYN004528,2016-07-31,2223,150.66,94.93,334917.18,229243.0,120745.36
Asia,Myanmar,Clothes,Online,H,2015-11-09,SYN004529,2015-11-15,6208,112.89,32.02,700821.12,231760.63,463312.45
Central America and the Caribbean,Belize,Clothes,Offline,M,2016-07-25,SYN004530,2016-09-10,5748,111.69,36.2,641994.12,191646.91,406813.12
Australia and Oceania,Australia,Beverages,Offline,H,2014-07-04,SYN004531,2014-07-07,9129,46.89,32.28,428058.81,295276.72,132692.69
Europe,Slovenia,Beverages,Offline,C,2016-10-29,SYN004532,2016-11-26,4436,46.25,33.65,205165.0,147571.33,67256.28
Sub-Saharan Africa,Sierra Leone,Vegetables,Offline,C,2016-05-25,SYN004533,2016-06-26,1553,148.57,82.74,230729.21,141218.47,86274.22
Sub-Saharan Africa,Mali,Fruits,Online,L,2010-05-05,SYN004534,2010-05-06,6193,9.49,7.17,58771.57,39138.46,14310.42
Europe,Macedonia,Clothes,Offline,C,2014-10-14,SYN004535,2014-11-12,8167,106.9,34.85,873052.3,302126.74,562484.32
Australia and Oceania,Australia,Office Supplies,Online,C,2015-10-20,SYN004536,2015-11-27,2895,707.66,545.51,2048675.7,1454230.7,380456.0
Asia,Turkmenistan,Household,Offline,L,2010-12-27,SYN004537,2011-01-16,3781,668.2,494.68,2526464.2,2197490.61,599516.79
Asia,Brunei,Office Supplies,Online,L,2012-04-08,SYN004538,2012-05-05,6612,670.81,522.87,4435395.72,3309073.79,802882.0
Sub-Saharan Africa,Cameroon,Beverages,Offline,C,2015-03-28,SYN004539,2015-04-16,5842,48.05,30.64,280708.1,174831.4,86530.76
Australia and Oceania,East Timor,Meat,Online,L,2012-08-01,SYN004540,2012-09-05,6116,397.49,423.94,2431048.84,2191594.18,338740.13
Central America and the Caribbean,Honduras,Household,Offline,H,2017-02-08,SYN004541,2017-02-11,9426,703.53,488.52,6631473.779999999,4318765.43,1463802.68
Europe,Monaco,Baby Food,Offline,H,2012-05-23,SYN004542,2012-06-07,8769,260.47,153.91,2284061.43,1382088.13,894188.8
Sub-Saharan Africa,The Gambia,Household,Offline,L,2012-05-29,SYN004543,2012-06-12,2546,600.1,517.77,1527854.6,1104159.36,385458.37
Sub-Saharan Africa,The Gambia,Meat,Online,M,2017-01-09,SYN004544,2017-01-16,4859,433.35,357.75,2105647.65,1863108.29,276780.54
Central America and the Caribbean,Costa Rica,Personal Care,Offline,L,2017-05-01,SYN004545,2017-05-14,6012,78.09,56.91,469477.08,351634.38,155290.31
Asia,Kyrgyzstan,Vegetables,Online,H,2011-06-21,SYN004546,2011-07-09,121,142.3,92.41,17218.300000000003,10864.52,8338.79
Sub-Saharan Africa,Kenya,Vegetables,Online,L,2012-03-16,SYN004547,2012-04-06,6396,146.21,95.26,935159.16,590308.36,422330.86
Sub-Saharan Africa,Sierra Leone,Office Supplies,Offline,M,2011-11-21,SYN004548,2012-01-10,3205,596.57,535.18,1912006.85,1911316.67,473832.94
North America,Mexico,Personal Care,Offline,L,2012-02-19,SYN004549,2012-03-24,5898,79.72,58.68,470188.56,350213.13,163916.98
Central America and the Caribbean,Belize,Clothes,Offline,M,2016-07-28,SYN004550,2016-09-01,5239,113.87,35.72,596564.93,195165.48,396026.63
Australia and Oceania,Federated States of Micronesia,Beverages,Online,C,2014-11-03,SYN004551,2014-11-14,9604,50.25,31.18,482601.0,300273.7,148423.02
Europe,Austria,Cosmetics,Offline,H,2015-02-21,SYN004552,2015-02-27,2830,430.66,261.07,1218767.8,728248.24,465476.56
Sub-Saharan Africa,Djibouti,Cereal,Online,H,2017-05-20,SYN004553,2017-06-11,9258,199.61,109.48,1847989.3800000001,1035940.13,750231.67
Australia and Oceania,Fiji,Clothes,Offline,C,2010-07-04,SYN004554,2010-08-07,10471,105.82,35.05,1108041.22,359791.15,775644.27
Sub-Saharan Africa,Sao Tome and Principe,Fruits,Offline,H,2013-09-24,SYN004555,2013-10-18,7609,9.51,7.07,72361.59,55793.75,20553.04
Sub-Saharan Africa,Cote d'Ivoire,Clothes,Online,C,2012-06-02,SYN004556,2012-06-24,3386,110.98,35.89,375778.28,117139.34,261630.31
Europe,Austria,Cosmetics,Offline,H,2015-02-20,SYN004557,2015-02-25,2807,422.45,262.13,1185817.15,719845.05,523304.21
Europe,Albania,Clothes,Online,C,2010-02-04,SYN004558,2010-03-13,2186,113.72,32.3,248591.91999999998,80759.01,162608.49
Sub-Saharan Africa,Democratic Republic of the Congo,Beverages,Online,C,2011-05-25,SYN004559,2011-07-11,5754,42.89,30.69,246789.06,155604.81,83948.6
Sub-Saharan Africa,Cameroon,Beverages,Offline,C,2015-03-27,SYN004560,2015-04-19,5463,43.14,30.45,235673.82,179226.52,80254.28
Sub-Saharan Africa,Cape Verde,Clothes,Offline,H,2014-07-29,SYN004561,2014-08-26,4496,108.19,35.19,486422.24,152168.95,307093.27
Europe,Moldova,Personal Care,Online,L,2016-05-05,SYN004562,2016-05-07,5205,85.17,54.35,443309.85000000003,285215.51,121904.62
Sub-Saharan Africa,The Gambia,Meat,Online,M,2017-01-19,SYN004563,2017-01-23,4977,439.62,396.12,2187988.74,1698219.07,245389.79
Sub-Saharan Africa,Cameroon,Office Supplies,Online,M,2011-11-14,SYN004564,2011-11-16,5621,659.94,550.83,3709522.74,2630126.95,668177.4
Australia and Oceania,Federated States of Micronesia,Beverages,Online,C,2014-10-21,SYN004565,2014-11-13,9262,47.65,29.0,441334.3,298895.74,134033.75
Central America and the Caribbean,Costa Rica,Personal Care,Offline,L,2017-05-05,SYN004566,2017-05-20,6728,85.15,57.93,572889.2000000001,365973.38,175567.1
Sub-Saharan Africa,Sierra Leone,Office Supplies,Offline,H,2016-12-07,SYN004567,2016-12-14,928,692.3,537.85,642454.3999999999,488952.19,125529.0
North America,Mexico,Household,Offline,C,2014-10-30,SYN004568,2014-12-09,6822,660.83,521.11,4508182.260000001,3832406.18,1095504.11
Sub-Saharan Africa,Sao Tome and Principe,Fruits,Offline,H,2013-09-10,SYN004569,2013-10-20,8144,9.14,6.71,74436.16,53628.1,18833.48
Middle East and North Africa,Azerbaijan,Office Supplies,Online,M,2012-06-17,SYN004570,2012-07-18,1907,680.34,536.1,1297408.3800000001,1068345.82,247524.24
Europe,Switzerland,Cosmetics,Offline,M,2012-09-14,SYN004571,2012-10-23,9081,450.31,278.35,4089265.11,2177355.27,1469958.47
Central America and the Caribbean,Haiti,Cosmetics,Offline,H,2013-10-16,SYN004572,2013-11-12,1765,415.84,256.11,733957.6,442839.41,315449.01
Europe,Russia,Office Supplies,Offline,L,2014-05-01,SYN004573,2014-05-15,1760,618.6,535.37,1088736.0,871934.18,220572.11
Asia,Kyrgyzstan,Vegetables,Online,H,2011-06-26,SYN004574,2011-07-13,126,151.08,90.24,19036.08,10976.77,8206.93
Europe,Norway,Beverages,Offline,C,2014-07-12,SYN004575,2014-07-27,5345,43.35,33.28,231705.75,156081.87,79626.98
North America,Mexico,Personal Care,Offline,L,2012-02-11,SYN004576,2012-03-22,5626,73.65,57.24,414354.9,395352.08,151420.29
Europe,Macedonia,Clothes,Offline,C,2014-10-17,SYN004577,2014-11-18,7942,106.33,33.35,844472.86,264276.04,575218.83
Europe,Macedonia,Clothes,Offline,C,2014-10-21,SYN004578,2014-11-08,7590,99.72,35.74,756874.8,286456.47,547709.91
Europe,Austria,Cosmetics,Offline,H,2015-02-17,SYN004579,2015-02-23,2771,429.76,248.57,1190864.96,768279.26,489396.24
Sub-Saharan Africa,Djibouti,Snacks,Online,M,2017-03-02,SYN004580,2017-03-02,7480,153.89,101.32,1151097.2,723621.39,399697.9
Europe,Norway,Baby Food,Online,L,2014-05-12,SYN004581,2014-06-28,7531,248.44,160.28,1871001.64,1114786.0,738942.0
Europe,Switzerland,Cosmetics,Offline,M,2012-09-13,SYN004582,2012-10-17,8875,438.92,280.84,3895415.0,2479665.33,1559628.38
Sub-Saharan Africa,Comoros,Cereal,Offline,H,2016-03-25,SYN004583,2016-05-04,945,204.13,127.09,192902.85,111578.29,84012.21
Australia and Oceania,East Timor,Meat,Online,L,2012-07-26,SYN004584,2012-09-14,6499,432.14,380.79,2808477.86,2022051.21,328522.53
Middle East and North Africa,Libya,Clothes,Offline,H,2010-10-26,SYN004585,2010-11-17,6102,108.12,35.6,659748.24,212613.87,439892.49
Australia and Oceania,New Zealand,Fruits,Online,H,2014-09-03,SYN004586,2014-10-02,2265,8.98,6.7,20339.7,15071.57,4989.57
Central America and the Caribbean,Costa Rica,Personal Care,Offline,L,2017-05-11,SYN004587,2017-05-14,6050,78.49,56.99,474864.49999999994,354620.95,158363.48
Australia and Oceania,East Timor,Meat,Online,L,2012-07-28,SYN004588,2012-09-17,6196,427.77,354.24,2650462.92,2127773.93,304945.27
Europe,Spain,Household,Offline,L,2012-10-15,SYN004589,2012-12-03,4454,642.43,523.64,2861383.2199999997,2229794.7,769802.75
Australia and Oceania,Fiji,Clothes,Offline,C,2010-07-01,SYN004590,2010-08-02,9329,109.5,34.16,1021525.5,355963.43,691570.0
Europe,Switzerland,Cosmetics,Offline,M,2012-09-16,SYN004591,2012-10-27,9548,410.82,262.17,3922509.36,2387023.88,1352187.81
Sub-Saharan Africa,Mali,Clothes,Online,M,2011-07-22,SYN004592,2011-09-03,803,115.67,36.74,92883.01,29384.58,64400.11
Middle East and North Africa,Iran,Cosmetics,Online,H,2016-11-16,SYN004593,2016-12-01,6276,455.44,268.07,2858341.44,1818531.54,1253957.43
Sub-Saharan Africa,The Gambia,Baby Food,Offline,M,2014-02-01,SYN004594,2014-03-14,5545,264.91,171.27,1468925.9500000002,920300.03,470833.44
Sub-Saharan Africa,Sao Tome and Principe,Fruits,Offline,H,2013-09-14,SYN004595,2013-10-26,7733,8.89,6.99,68746.37000000001,56618.14,17417.57
Middle East and North Africa,Pakistan,Cosmetics,Offline,L,2013-06-29,SYN004596,2013-08-23,10499,442.0,256.43,4640558.0,2577395.43,1672059.5
Middle East and North Africa,Iran,Cosmetics,Online,H,2016-11-15,SYN004597,2016-12-06,6316,444.23,278.65,2805756.68,1736915.46,1187327.54
Europe,Moldova,Personal Care,Online,L,2016-05-01,SYN004598,2016-05-05,4723,80.51,56.78,380248.73000000004,295013.43,129739.12
Sub-Saharan Africa,Republic of the Congo,Personal Care,Offline,M,2015-07-07,SYN004599,2015-08-24,6124,75.89,55.28,464750.36,333188.05,160474.62
Europe,Bulgaria,Clothes,Online,M,2012-04-21,SYN004600,2012-06-05,1718,100.73,34.75,173054.14,65015.68,130289.92
Middle East and North Africa,Azerbaijan,Cosmetics,Online,M,2010-01-31,SYN004601,2010-02-28,7325,471.78,262.12,3455788.5,1948853.32,1284037.72
Europe,Norway,Baby Food,Online,L,2014-05-21,SYN004602,2014-06-26,7954,286.35,157.41,2277627.9000000004,1130475.0,677547.0
Asia,Brunei,Office Supplies,Online,L,2012-04-02,SYN004603,2012-05-15,7611,641.35,519.87,4881314.850000001,3607092.29,797136.0
Asia,Mongolia,Personal Care,Offline,C,2014-02-25,SYN004604,2014-02-24,5544,82.25,59.38,455994.0,288455.24,111687.09
Sub-Saharan Africa,Cameroon,Beverages,Offline,C,2015-03-30,SYN004605,2015-04-17,5500,48.98,34.05,269390.0,176860.57,80054.86
Europe,Spain,Household,Offline,L,2012-10-16,SYN004606,2012-12-07,4654,718.67,566.3,3344690.1799999997,2138866.12,763662.0
Middle East and North Africa,Kuwait,Fruits,Online,M,2012-04-25,SYN004607,2012-05-11,562,8.5,7.02,4777.0,3492.01,1272.21
Europe,Slovakia,Vegetables,Online,H,2012-10-03,SYN004608,2012-11-15,177,157.89,92.87,27946.53,15436.86,11234.29
Europe,France,Cosmetics,Online,H,2017-05-18,SYN004609,2017-06-12,1974,488.57,265.5,964437.1799999999,459944.94,333747.44
Middle East and North Africa,Syria,Fruits,Online,L,2011-11-22,SYN004610,2011-11-26,3970,9.7,7.35,38509.0,26171.33,9179.3
Sub-Saharan Africa,Gabon,Personal Care,Offline,L,2012-07-05,SYN004611,2012-07-10,8922,76.08,55.67,678785.76,462179.95,225650.92
Sub-Saharan Africa,Mozambique,Household,Offline,L,2012-02-04,SYN004612,2012-02-17,5176,613.53,469.71,3175631.28,2565376.63,955145.14
Middle East and North Africa,Lebanon,Clothes,Online,L,2012-09-11,SYN004613,2012-10-04,8008,103.01,37.21,824904.0800000001,282859.56,595854.29
Australia and Oceania,New Zealand,Fruits,Online,H,2014-09-12,SYN004614,2014-10-06,2018,9.39,7.25,18949.02,14909.87,5384.52
Middle East and North Africa,Saudi Arabia,Cereal,Online,M,2013-03-18,SYN004615,2013-03-23,4251,218.01,124.67,926760.51,477537.18,369629.38
Europe,Austria,Cosmetics,Offline,H,2015-02-28,SYN004616,2015-03-01,2643,441.37,259.41,1166540.91,766738.47,491113.06
Australia and Oceania,Fiji,Clothes,Offline,C,2010-07-01,SYN004617,2010-08-01,10068,105.4,34.89,1061167.2,372774.87,740930.87
Sub-Saharan Africa,Niger,Personal Care,Online,H,2017-03-15,SYN004618,2017-04-02,3095,85.65,55.8,265086.75,180312.98,75013.58
Sub-Saharan Africa,Gabon,Personal Care,Offline,L,2012-07-11,SYN004619,2012-07-13,8377,81.55,63.42,683144.35,469769.36,229771.33
Sub-Saharan Africa,Sao Tome and Principe,Beverages,Offline,C,2011-01-16,SYN004620,2011-01-21,8724,46.71,32.93,407498.04,265365.46,140704.53
Sub-Saharan Africa,Cape Verde,Clothes,Offline,H,2014-07-30,SYN004621,2014-08-13,4287,107.3,36.07,459995.1,146271.7,292951.41
Sub-Saharan Africa,Sao Tome and Principe,Fruits,Offline,H,2013-09-20,SYN004622,2013-10-20,7253,9.4,6.48,68178.2,52041.29,18315.24
Sub-Saharan Africa,Mozambique,Household,Offline,L,2012-02-14,SYN004623,2012-02-18,5354,703.25,469.82,3765200.5,2679855.62,927536.33
Asia,Kyrgyzstan,Vegetables,Online,H,2011-06-18,SYN004624,2011-07-10,136,170.39,89.41,23173.039999999997,11194.07,7535.26
Asia,Kyrgyzstan,Vegetables,Online,H,2011-06-23,SYN004625,2011-07-16,124,157.03,93.88,19471.72,9994.1,8033.75
Europe,Albania,Clothes,Online,C,2010-02-08,SYN004626,2010-03-22,2349,114.17,37.81,268185.33,87308.84,177211.14
Sub-Saharan Africa,Sierra Leone,Office Supplies,Offline,M,2011-11-22,SYN004627,2012-01-05,3211,637.26,491.1,2046241.8599999999,1875501.32,402459.78
Middle East and North Africa,Libya,Clothes,Offline,H,2010-10-23,SYN004628,2010-11-15,5864,106.85,38.21,626568.4,221706.88,425625.43
Central America and the Caribbean,Haiti,Cosmetics,Offline,H,2013-10-08,SYN004629,2013-11-13,1683,427.73,248.53,719869.5900000001,415212.76,282105.32
Sub-Saharan Africa,The Gambia,Meat,Online,M,2017-01-16,SYN004630,2017-01-27,4831,439.35,370.69,2122499.85,1794101.79,273007.93
Middle East and North Africa,Kuwait,Fruits,Online,M,2012-04-23,SYN004631,2012-05-13,462,9.76,6.88,4509.12,3538.44,1325.94
Sub-Saharan Africa,Burkina Faso,Vegetables,Online,H,2012-07-23,SYN004632,2012-07-22,8067,162.66,86.46,1312178.22,777526.4,496938.36
Asia,Turkmenistan,Office Supplies,Online,M,2013-04-20,SYN004633,2013-05-18,5087,689.0,519.42,3504943.0,2730382.97,663457.18
Sub-Saharan Africa,Lesotho,Fruits,Online,L,2013-08-20,SYN004634,2013-09-15,10232,9.36,6.88,95771.51999999999,66447.66,20452.89
Sub-Saharan Africa,Lesotho,Fruits,Online,L,2013-08-22,SYN004635,2013-09-14,9554,10.1,6.52,96495.4,66525.54,24617.29
Europe,France,Cosmetics,Online,H,2017-05-20,SYN004636,2017-06-05,1832,446.67,269.28,818299.4400000001,516347.76,331752.24
Middle East and North Africa,Lebanon,Clothes,Online,L,2012-09-24,SYN004637,2012-10-06,7471,100.49,36.17,750760.7899999999,271451.04,578384.4
Central America and the Caribbean,Honduras,Snacks,Online,L,2016-06-23,SYN004638,2016-08-01,2079,145.33,99.88,302141.07,203788.0,116722.3
Asia,Malaysia,Fruits,Offline,L,2011-11-08,SYN004639,2011-12-23,6552,8.82,6.91,57788.64,45447.12,15602.05
Asia,Malaysia,Fruits,Offline,L,2011-11-08,SYN004640,2011-12-24,5947,8.95,6.56,53225.649999999994,42285.66,16240.06
Europe,Romania,Cosmetics,Online,H,2010-12-01,SYN004641,2010-12-26,7772,409.04,270.46,3179058.8800000004,1817865.92,1433740.79
Sub-Saharan Africa,Mozambique,Household,Offline,L,2012-02-12,SYN004642,2012-02-18,5465,701.81,522.75,3835391.65,2588660.29,842407.77
Sub-Saharan Africa,Lesotho,Fruits,Online,L,2013-08-25,SYN004643,2013-09-21,9149,9.45,7.52,86458.04999999999,65704.78,23833.47
Europe,Bulgaria,Clothes,Online,M,2012-04-22,SYN004644,2012-06-09,1596,105.2,37.05,167899.2,66722.96,124754.99
Europe,United Kingdom,Household,Online,L,2012-01-05,SYN004645,2012-02-13,271,698.95,495.19,189415.45,141084.74,49018.14
North America,Mexico,Personal Care,Offline,L,2012-02-16,SYN004646,2012-03-14,6093,84.59,58.1,515406.87,342900.01,148542.24
Central America and the Caribbean,Grenada,Cereal,Online,C,2012-08-18,SYN004647,2012-09-12,2910,211.06,130.47,614184.6,331365.04,238160.27
Australia and Oceania,Tuvalu,Baby Food,Offline,H,2010-05-24,SYN004648,2010-06-29,9951,263.64,167.58,2623481.6399999997,1555701.77,911685.76
Sub-Saharan Africa,The Gambia,Baby Food,Offline,M,2014-02-06,SYN004649,2014-03-23,5798,263.28,155.1,1526497.44,839610.92,496993.73
Sub-Saharan Africa,Mozambique,Household,Offline,L,2012-02-05,SYN004650,2012-02-10,5442,702.98,511.73,3825617.16,2712722.54,860000.46
Europe,Macedonia,Clothes,Offline,C,2014-10-09,SYN004651,2014-11-10,7706,108.23,38.89,834020.38,282844.06,607141.15
Sub-Saharan Africa,Sao Tome and Principe,Fruits,Offline,H,2013-09-24,SYN004652,2013-10-28,7323,9.5,7.35,69568.5,55216.85,17478.86
Australia and Oceania,Samoa,Cosmetics,Online,H,2013-07-26,SYN004653,2013-08-08,9510,462.79,288.22,4401132.9,2523472.82,1725765.77
Australia and Oceania,Solomon Islands,Baby Food,Online,C,2015-02-11,SYN004654,2015-02-16,2743,245.34,150.44,672967.62,465273.95,269819.68
Europe,Russia,Office Supplies,Offline,L,2014-05-09,SYN004655,2014-05-01,1637,696.64,559.71,1140399.68,885526.51,228459.0
Asia,Laos,Vegetables,Offline,C,2011-09-19,SYN004656,2011-10-18,3738,152.32,87.66,569372.16,319621.43,251618.93
Central America and the Caribbean,Costa Rica,Personal Care,Offline,L,2017-05-05,SYN004657,2017-05-18,6453,80.11,60.14,516949.83,334132.6,164132.53
North America,Mexico,Personal Care,Offline,M,2015-08-01,SYN004658,2015-08-07,5751,88.72,61.74,510228.72,330956.72,137208.83
Europe,France,Cosmetics,Online,H,2017-05-16,SYN004659,2017-05-30,1869,412.94,279.04,771784.86,488283.2,297315.07
Europe,Russia,Office Supplies,Offline,L,2014-04-29,SYN004660,2014-05-04,1748,661.53,545.1,1156354.44,871066.4,208752.69
Europe,Lithuania,Office Supplies,Offline,H,2010-10-25,SYN004661,2010-11-20,8360,714.79,510.77,5975644.399999999,4493632.77,1096263.91
Europe,Russia,Office Supplies,Offline,L,2014-05-05,SYN004662,2014-05-06,1886,675.24,510.62,1273502.6400000001,963009.9,209300.68
Europe,Slovenia,Beverages,Offline,C,2016-10-24,SYN004663,2016-11-19,4999,46.11,31.07,230503.88999999998,144814.91,66611.9
Europe,Lithuania,Office Supplies,Offline,H,2010-10-22,SYN004664,2010-11-13,7951,677.97,509.39,5390539.470000001,4295136.82,1170467.52
Europe,Monaco,Baby Food,Offline,H,2012-05-30,SYN004665,2012-05-27,8875,257.48,169.58,2285135.0,1449988.63,805439.93
Europe,Austria,Cosmetics,Offline,H,2015-02-23,SYN004666,2015-03-02,3041,462.62,272.32,1406827.42,738621.3,510759.7
Asia,Turkmenistan,Office Supplies,Online,M,2013-04-30,SYN004667,2013-05-27,5214,641.75,532.2,3346084.5,2897299.11,682048.64
Sub-Saharan Africa,Djibouti,Cereal,Online,H,2017-05-24,SYN004668,2017-06-20,8641,206.03,115.04,1780305.23,1000053.49,821166.35
Sub-Saharan Africa,Democratic Republic of the Congo,Beverages,Online,C,2011-05-26,SYN004669,2011-07-17,5943,50.97,29.86,302914.71,178800.56,80846.03
Sub-Saharan Africa,Djibouti,Cereal,Online,H,2017-05-20,SYN004670,2017-06-13,8525,207.94,117.99,1772688.5,984550.71,784894.4
Sub-Saharan Africa,Mozambique,Household,Offline,L,2012-02-15,SYN004671,2012-02-17,4932,644.1,479.0,3176701.2,2734206.13,859262.13
Central America and the Caribbean,Honduras,Household,Offline,H,2017-02-09,SYN004672,2017-02-14,8891,649.59,513.09,5775504.69,4237796.11,1541537.33
Sub-Saharan Africa,Angola,Household,Offline,M,2011-04-25,SYN004673,2011-04-30,4039,689.85,525.55,2786304.15,2179789.24,698705.3
Sub-Saharan Africa,Rwanda,Office Supplies,Offline,L,2013-01-25,SYN004674,2013-02-05,5288,677.72,534.64,3583783.3600000003,2490707.15,659842.91
Asia,Laos,Vegetables,Offline,C,2011-09-22,SYN004675,2011-10-22,3593,152.05,96.62,546315.65,342662.32,229587.68
Europe,San Marino,Baby Food,Online,L,2013-06-22,SYN004676,2013-06-24,4638,255.94,169.2,1187049.72,746961.0,418427.0
Middle East and North Africa,Azerbaijan,Cosmetics,Online,M,2010-01-30,SYN004677,2010-02-24,7087,460.05,272.15,3260374.35,1875292.21,1286512.42
Sub-Saharan Africa,The Gambia,Baby Food,Offline,M,2014-02-05,SYN004678,2014-03-16,5641,245.96,156.41,1387460.36,909219.87,549548.95
Middle East and North Africa,Libya,Clothes,Offline,H,2010-11-01,SYN004679,2010-11-23,5763,115.58,34.49,666087.54,209862.27,443207.62
Sub-Saharan Africa,Cape Verde,Clothes,Offline,H,2014-08-04,SYN004680,2014-08-13,4143,108.39,32.73,449059.77,145764.98,302919.48
Central America and the Caribbean,Costa Rica,Personal Care,Offline,L,2017-05-14,SYN004681,2017-05-23,6348,88.75,56.49,563385.0,363599.06,173097.64
Middle East and North Africa,Saudi Arabia,Cereal,Online,M,2013-03-20,SYN004682,2013-04-01,4255,214.49,115.19,912654.9500000001,495624.16,370197.42
Middle East and North Africa,Syria,Fruits,Online,L,2011-11-18,SYN004683,2011-12-07,3862,9.11,7.23,35182.82,25499.51,9360.95
Sub-Saharan Africa,Sao Tome and Principe,Fruits,Online,C,2014-06-24,SYN004684,2014-07-09,8422,9.89,6.5,83293.58,52988.63,21358.58
Australia and Oceania,New Zealand,Fruits,Online,H,2014-09-07,SYN004685,2014-10-05,2076,9.79,7.01,20324.039999999997,16403.03,5856.01
Europe,Norway,Beverages,Offline,C,2014-07-22,SYN004686,2014-07-28,4831,44.35,32.04,214254.85,144604.9,81880.48
Sub-Saharan Africa,Sao Tome and Principe,Beverages,Offline,C,2011-01-09,SYN004687,2011-01-24,8125,46.8,32.91,380250.0,302459.76,138560.15
Asia,Turkmenistan,Household,Offline,L,2010-12-29,SYN004688,2011-01-27,3860,683.25,429.67,2637345.0,2046433.04,665440.59
Europe,United Kingdom,Household,Online,L,2012-01-04,SYN004689,2012-02-08,273,674.22,471.19,184062.06,141957.73,48980.45
Sub-Saharan Africa,Mauritania,Office Supplies,Offline,C,2012-01-16,SYN004690,2012-01-10,1070,662.45,467.16,708821.5,666550.16,149959.5
Sub-Saharan Africa,Burkina Faso,Vegetables,Online,H,2012-07-14,SYN004691,2012-07-23,7725,164.4,91.79,1269990.0,698712.0,501536.13
Asia,Turkmenistan,Household,Offline,L,2010-12-29,SYN004692,2011-01-22,4102,730.63,485.48,2997044.26,2060617.1,606829.48
Sub-Saharan Africa,Kenya,Vegetables,Online,L,2012-03-13,SYN004693,2012-04-05,6385,159.98,92.54,1021472.2999999999,610909.65,413678.72
Sub-Saharan Africa,Sierra Leone,Vegetables,Offline,C,2016-05-28,SYN004694,2016-06-30,1534,166.32,92.45,255134.87999999998,127225.41,97600.65
Sub-Saharan Africa,Burkina Faso,Vegetables,Online,H,2012-07-15,SYN004695,2012-07-26,8051,161.51,86.67,1300317.01,695538.45,542256.62
Middle East and North Africa,Saudi Arabia,Cereal,Online,M,2013-03-18,SYN004696,2013-03-24,4030,189.76,116.68,764732.7999999999,483449.87,339012.44
Sub-Saharan Africa,Senegal,Cereal,Online,H,2014-04-16,SYN004697,2014-06-02,6838,199.75,115.13,1365890.5,707693.8,578927.2
Europe,Norway,Baby Food,Online,L,2014-05-14,SYN004698,2014-07-04,7601,238.76,167.08,1814814.76,1173934.0,711668.0
Central America and the Caribbean,Nicaragua,Beverages,Offline,C,2011-02-09,SYN004699,2011-03-15,7851,49.6,33.64,389409.60000000003,249861.27,123164.43
Australia and Oceania,Australia,Beverages,Offline,H,2014-07-08,SYN004700,2014-07-16,9734,45.72,32.66,445038.48,305849.31,140181.2
Asia,Bangladesh,Clothes,Online,L,2017-01-20,SYN004701,2017-03-01,7804,111.5,34.5,870146.0,265528.92,611756.39
Sub-Saharan Africa,Gabon,Personal Care,Offline,L,2012-07-06,SYN004702,2012-07-09,8399,73.11,55.59,614050.89,522204.28,201505.82
Sub-Saharan Africa,Zambia,Snacks,Online,L,2010-12-28,SYN004703,2010-12-31,4340,143.12,94.38,621140.8,358891.4,235719.92
Central America and the Caribbean,Belize,Clothes,Offline,M,2016-07-20,SYN004704,2016-09-14,5035,111.08,34.63,559287.8,213380.11,440986.71
Australia and Oceania,Fiji,Clothes,Offline,C,2010-06-26,SYN004705,2010-08-05,9920,105.12,32.03,1042790.4,344582.32,685590.4
Middle East and North Africa,Libya,Clothes,Offline,H,2010-10-25,SYN004706,2010-11-16,6191,108.17,37.69,669680.47,209706.56,432613.44
Asia,Brunei,Office Supplies,Online,L,2012-04-08,SYN004707,2012-05-09,6880,690.29,499.9,4749195.2,3322969.12,846337.0
Sub-Saharan Africa,Burkina Faso,Vegetables,Online,H,2012-07-22,SYN004708,2012-07-27,7995,161.71,94.04,1292871.45,709946.19,491497.73
Europe,Portugal,Baby Food,Online,H,2015-07-27,SYN004709,2015-09-09,1351,257.09,144.13,347328.58999999997,203087.8,114558.63
Sub-Saharan Africa,Cameroon,Office Supplies,Online,M,2011-11-01,SYN004710,2011-11-10,5739,630.94,473.17,3620964.66,2803296.1,747947.42
Sub-Saharan Africa,Mauritania,Office Supplies,Offline,C,2012-01-13,SYN004711,2012-01-20,1251,645.23,516.06,807182.73,645065.86,166344.06
Central America and the Caribbean,Honduras,Household,Offline,H,2017-02-04,SYN004712,2017-02-19,9212,665.92,519.58,6134455.04,4280812.77,1516669.76
Middle East and North Africa,Saudi Arabia,Cereal,Online,M,2013-03-30,SYN004713,2013-03-28,4202,188.49,121.81,792034.98,488938.77,344138.08
Asia,Brunei,Office Supplies,Online,L,2012-04-04,SYN004714,2012-05-05,6452,642.8,524.7,4147345.5999999996,3284992.48,823117.0
Central America and the Caribbean,Belize,Clothes,Offline,M,2016-07-19,SYN004715,2016-09-01,5422,111.04,37.65,602058.88,185649.87,410252.08
Middle East and North Africa,Azerbaijan,Office Supplies,Online,M,2012-06-13,SYN004716,2012-07-23,2115,700.45,561.93,1481451.75,1135016.2,252383.61
Middle East and North Africa,Kuwait,Fruits,Online,M,2012-05-04,SYN004717,2012-05-24,529,9.37,7.0,4956.73,3494.88,1209.69
Europe,Macedonia,Clothes,Offline,C,2014-10-10,SYN004718,2014-11-09,8173,115.31,37.95,942428.63,269419.79,590263.22
Asia,Myanmar,Clothes,Online,H,2015-11-21,SYN004719,2015-11-12,5713,100.24,36.08,572671.12,212467.48,450028.33
Europe,Russia,Office Supplies,Offline,L,2014-04-29,SYN004720,2014-05-12,1810,658.64,539.22,1192138.4,984577.02,234098.34
Middle East and North Africa,Kuwait,Fruits,Online,M,2012-04-26,SYN004721,2012-05-16,548,9.41,6.96,5156.68,3954.91,1219.77
Asia,Kyrgyzstan,Vegetables,Online,H,2011-06-29,SYN004722,2011-07-07,127,153.41,94.79,19483.07,11163.28,8829.67
North America,Mexico,Personal Care,Offline,L,2012-02-13,SYN004723,2012-03-21,6023,83.62,60.22,503643.26,356310.93,158458.43
Middle East and North Africa,Saudi Arabia,Cereal,Online,M,2013-03-18,SYN004724,2013-03-25,4337,219.4,121.85,951537.8,474096.48,347352.88
Australia and Oceania,Tuvalu,Baby Food,Offline,H,2010-06-02,SYN004725,2010-07-03,9149,252.35,149.56,2308750.15,1447189.19,898684.82
Sub-Saharan Africa,Senegal,Cereal,Online,H,2014-04-23,SYN004726,2014-06-01,6433,223.6,117.51,1438418.8,812138.11,596260.6
Sub-Saharan Africa,Sao Tome and Principe,Fruits,Offline,H,2013-09-23,SYN004727,2013-10-26,7520,9.32,6.11,70086.40000000001,53154.14,16834.53
Sub-Saharan Africa,Republic of the Congo,Personal Care,Offline,M,2015-07-13,SYN004728,2015-08-26,6009,70.84,56.28,425677.56,351252.54,144511.87
Middle East and North Africa,Libya,Fruits,Online,L,2015-08-15,SYN004729,2015-09-23,652,9.03,6.8,5887.5599999999995,4692.9,1666.91
Middle East and North Africa,Azerbaijan,Office Supplies,Online,M,2012-06-15,SYN004730,2012-07-18,2022,686.68,550.4,1388466.96,988243.69,239536.57
Sub-Saharan Africa,Sierra Leone,Vegetables,Offline,C,2016-05-26,SYN004731,2016-06-25,1354,150.54,89.94,203831.16,124813.97,93511.26
Sub-Saharan Africa,Republic of the Congo,Personal Care,Offline,M,2015-07-18,SYN004732,2015-08-24,6349,79.63,58.5,505570.87,344337.96,144692.93
Middle East and North Africa,Azerbaijan,Office Supplies,Online,M,2012-06-15,SYN004733,2012-07-26,2150,623.58,505.6,1340697.0,1076384.57,237219.51
Central America and the Caribbean,Nicaragua,Beverages,Offline,C,2011-02-10,SYN004734,2011-03-26,8057,47.06,31.89,379162.42000000004,254979.05,127460.97
Sub-Saharan Africa,Rwanda,Office Supplies,Offline,L,2013-02-08,SYN004735,2013-02-05,4535,714.43,512.33,3239940.05,2635643.61,605279.75
Sub-Saharan Africa,Niger,Personal Care,Online,H,2017-03-13,SYN004736,2017-04-01,2865,78.36,60.44,224501.4,167759.06,71142.6
Sub-Saharan Africa,Mauritania,Office Supplies,Offline,C,2012-01-14,SYN004737,2012-01-06,1270,669.51,487.28,850277.7,683384.48,153923.66
Sub-Saharan Africa,Cameroon,Office Supplies,Online,M,2011-11-08,SYN004738,2011-11-12,5290,622.31,514.43,3292019.9,3078748.57,756420.18
Europe,Switzerland,Personal Care,Online,M,2010-12-23,SYN004739,2011-02-04,286,84.21,57.03,24084.059999999998,15779.99,7024.24
Sub-Saharan Africa,Burkina Faso,Vegetables,Online,H,2012-07-14,SYN004740,2012-08-02,7807,163.49,92.46,1276366.4300000002,715516.88,520063.82
Australia and Oceania,Tuvalu,Baby Food,Offline,H,2010-05-25,SYN004741,2010-06-24,10958,246.96,151.83,2706187.68,1683990.15,907712.84
Sub-Saharan Africa,South Sudan,Personal Care,Offline,C,2013-12-24,SYN004742,2014-01-31,2206,82.02,54.07,180936.12,118692.38,54519.79
Asia,Brunei,Office Supplies,Online,L,2012-03-28,SYN004743,2012-05-09,7057,643.43,474.84,4540685.51,3555087.89,892218.0
Asia,Bangladesh,Clothes,Online,L,2017-01-16,SYN004744,2017-03-08,8903,109.04,38.61,970783.1200000001,309284.32,569795.05
Europe,Moldova,Personal Care,Online,L,2016-05-10,SYN004745,2016-05-06,5516,90.96,56.86,501735.36,287596.9,122034.19
Europe,Austria,Cosmetics,Offline,H,2015-03-01,SYN004746,2015-03-01,3019,474.66,269.35,1432998.54,825719.57,544081.9
Asia,Mongolia,Personal Care,Offline,C,2014-02-26,SYN004747,2014-02-16,4284,82.17,60.1,352016.28,284324.58,126946.22
Sub-Saharan Africa,Rwanda,Cosmetics,Offline,H,2013-10-06,SYN004748,2013-11-20,4782,504.81,267.03,2414001.42,1233623.56,763500.4
Asia,Bangladesh,Clothes,Online,L,2017-01-18,SYN004749,2017-03-06,7716,110.53,35.66,852849.48,317470.94,626862.89
Australia and Oceania,New Zealand,Fruits,Online,H,2014-09-07,SYN004750,2014-10-05,2072,10.66,7.03,22087.52,14603.23,4689.63
Asia,Turkmenistan,Office Supplies,Online,M,2013-04-26,SYN004751,2013-05-16,5223,680.18,518.37,3552580.1399999997,2388286.7,603129.66
Australia and Oceania,Fiji,Clothes,Offline,C,2010-07-07,SYN004752,2010-08-06,9940,113.34,37.19,1126599.6,339166.09,741175.84
Europe,San Marino,Baby Food,Online,L,2013-06-22,SYN004753,2013-06-27,4578,270.92,162.89,1240271.76,716914.0,457768.0
Sub-Saharan Africa,Republic of the Congo,Personal Care,Offline,M,2015-07-11,SYN004754,2015-08-20,5911,85.67,58.91,506395.37,317601.21,146891.5
North America,Mexico,Personal Care,Offline,M,2015-08-04,SYN004755,2015-08-10,5621,81.93,52.19,460528.53,335467.62,142629.42
Sub-Saharan Africa,Mozambique,Household,Offline,L,2012-02-03,SYN004756,2012-02-14,5254,692.15,484.42,3636556.1,2539954.02,812639.62
Central America and the Caribbean,Costa Rica,Personal Care,Offline,L,2017-05-14,SYN004757,2017-05-18,6450,73.53,63.09,474268.5,332056.6,152592.03
Central America and the Caribbean,Belize,Clothes,Offline,M,2016-07-26,SYN004758,2016-09-13,5086,103.46,36.76,526197.5599999999,207614.08,414129.07
Sub-Saharan Africa,Djibouti,Snacks,Online,M,2017-02-26,SYN004759,2017-02-27,7701,166.79,102.74,1284449.79,690097.24,355714.21
Sub-Saharan Africa,Sao Tome and Principe,Beverages,Offline,C,2011-01-23,SYN004760,2011-01-21,8796,45.82,28.87,403032.72000000003,286374.42,144505.54
Europe,Albania,Clothes,Online,C,2010-02-06,SYN004761,2010-03-15,2133,107.61,37.24,229532.13,68921.42,170255.37
Asia,Turkmenistan,Office Supplies,Online,M,2013-04-21,SYN004762,2013-05-19,4999,630.93,516.14,3154019.07,2524426.4,635632.88
North America,Mexico,Personal Care,Offline,L,2012-02-23,SYN004763,2012-03-24,6190,80.94,53.06,501018.6,360276.55,158189.96
Australia and Oceania,Australia,Beverages,Offline,H,2014-07-01,SYN004764,2014-07-15,9779,46.56,29.09,455310.24000000005,310138.05,156834.14
North America,Mexico,Household,Offline,C,2014-11-12,SYN004765,2014-12-06,6901,725.95,516.05,5009780.95,3314778.14,1091333.3
Australia and Oceania,Australia,Cereal,Offline,H,2013-06-03,SYN004766,2013-06-27,683,218.89,113.33,149501.87,76935.27,61740.33
Sub-Saharan Africa,The Gambia,Cereal,Offline,H,2012-06-05,SYN004767,2012-06-02,2139,213.71,116.37,457125.69,239896.07,189843.07
Middle East and North Africa,Saudi Arabia,Cereal,Online,M,2013-03-29,SYN004768,2013-03-25,3942,193.51,112.38,762816.4199999999,473677.87,394703.74
Middle East and North Africa,Azerbaijan,Office Supplies,Online,M,2012-06-12,SYN004769,2012-07-19,2083,619.03,544.07,1289439.49,1139463.63,249350.68
Europe,Bulgaria,Office Supplies,Online,M,2012-02-23,SYN004770,2012-02-29,3782,609.85,517.48,2306452.7,2140147.53,517087.32
Asia,Brunei,Office Supplies,Online,L,2012-04-03,SYN004771,2012-05-14,6848,694.31,473.22,4754634.88,3749688.47,855102.0
Sub-Saharan Africa,Burkina Faso,Vegetables,Online,H,2012-07-18,SYN004772,2012-07-24,8161,157.09,87.89,1282011.49,731250.1,550552.43
Sub-Saharan Africa,Gabon,Personal Care,Offline,L,2012-07-03,SYN004773,2012-07-09,8617,80.84,56.91,696598.28,501781.75,205387.05
Europe,Moldova,Personal Care,Online,L,2016-05-13,SYN004774,2016-05-09,4871,82.01,54.37,399470.71,294232.08,133180.99
Middle East and North Africa,Lebanon,Clothes,Online,L,2012-09-21,SYN004775,2012-10-01,7979,110.99,37.94,885589.21,286957.21,566509.87
Sub-Saharan Africa,Sierra Leone,Office Supplies,Offline,H,2016-12-10,SYN004776,2016-12-10,974,629.46,551.22,613094.04,526996.94,122732.0
Sub-Saharan Africa,The Gambia,Meat,Online,M,2017-01-16,SYN004777,2017-01-29,4685,403.62,388.69,1890959.7,1698744.67,285581.9
Central America and the Caribbean,Costa Rica,Personal Care,Offline,L,2017-05-15,SYN004778,2017-05-15,5129,77.02,57.82,395035.57999999996,361564.14,169797.14
Europe,Romania,Cosmetics,Online,H,2010-11-29,SYN004779,2010-12-30,7279,488.1,254.9,3552879.9000000004,1990962.42,1414526.81
Sub-Saharan Africa,Djibouti,Cereal,Online,H,2017-05-20,SYN004780,2017-06-21,7784,211.83,115.87,1648884.7200000002,1067931.53,738732.69
Europe,Norway,Baby Food,Online,L,2014-05-18,SYN004781,2014-06-30,7174,266.09,155.07,1908929.66,1183482.0,798758.0
Central America and the Caribbean,Costa Rica,Personal Care,Offline,L,2017-05-02,SYN004782,2017-05-19,5986,72.8,59.95,435780.8,387010.05,159216.03
Sub-Saharan Africa,Burkina Faso,Vegetables,Online,H,2012-07-12,SYN004783,2012-07-22,8022,149.61,98.22,1200171.4200000002,766522.26,491941.36
Sub-Saharan Africa,Sao Tome and Principe,Fruits,Offline,H,2013-09-15,SYN004784,2013-10-31,7896,9.69,7.24,76512.23999999999,52536.81,17768.08
Sub-Saharan Africa,The Gambia,Cereal,Offline,H,2012-05-31,SYN004785,2012-06-02,2106,214.55,109.46,451842.30000000005,224769.81,195721.53
Asia,Turkmenistan,Household,Offline,L,2011-01-02,SYN004786,2011-01-23,3749,678.04,515.46,2541971.96,1962790.97,633766.64
Europe,Iceland,Cosmetics,Online,C,2017-01-04,SYN004787,2016-12-29,8858,450.02,266.5,3986277.1599999997,2329042.99,1566813.91
Sub-Saharan Africa,Sao Tome and Principe,Fruits,Offline,H,2013-09-10,SYN004788,2013-10-22,7642,9.87,7.3,75426.54,54821.58,17950.9
Europe,Slovenia,Beverages,Offline,C,2016-10-17,SYN004789,2016-12-01,4523,46.71,33.7,211269.33000000002,121155.26,70334.91
Sub-Saharan Africa,Djibouti,Cereal,Online,H,2017-05-22,SYN004790,2017-06-15,8819,215.57,120.83,1901111.8299999998,1043315.96,750585.37
Sub-Saharan Africa,Zambia,Snacks,Online,L,2011-01-06,SYN004791,2011-01-03,4375,161.77,103.14,707743.75,400261.22,233287.87
Asia,Turkmenistan,Household,Offline,L,2010-12-30,SYN004792,2011-01-14,3618,704.31,446.13,2548193.5799999996,2030253.57,647647.87
North America,Mexico,Personal Care,Offline,M,2015-08-03,SYN004793,2015-08-13,5713,78.95,59.26,451041.35000000003,294848.5,129819.46
Europe,Slovenia,Beverages,Offline,C,2016-10-30,SYN004794,2016-11-29,4508,49.13,33.22,221478.04,142549.91,69794.41
Sub-Saharan Africa,The Gambia,Baby Food,Offline,M,2014-02-05,SYN004795,2014-03-21,5671,274.36,159.08,1555895.56,896367.15,485354.8
Europe,Austria,Cosmetics,Offline,H,2015-02-18,SYN004796,2015-03-08,2986,454.99,268.17,1358600.1400000001,837919.85,537724.98
Europe,Romania,Cosmetics,Online,H,2010-11-26,SYN004797,2010-12-24,7819,403.35,256.97,3153793.6500000004,2206998.26,1366333.89
Europe,San Marino,Baby Food,Online,L,2013-06-27,SYN004798,2013-06-28,4528,241.49,156.02,1093466.72,774422.0,444592.0
Europe,Romania,Cosmetics,Online,H,2010-11-30,SYN004799,2010-12-28,8284,402.41,262.75,3333564.4400000004,2111895.55,1382729.39
Sub-Saharan Africa,Zambia,Snacks,Online,L,2011-01-04,SYN004800,2011-01-01,4196,138.85,97.76,582614.6,415378.21,226503.12
Sub-Saharan Africa,Sao Tome and Principe,Fruits,Offline,H,2013-09-15,SYN004801,2013-10-17,7425,9.91,7.43,73581.75,50304.89,19184.29
Sub-Saharan Africa,Cameroon,Office Supplies,Online,M,2011-11-13,SYN004802,2011-11-14,5578,654.32,497.93,3649796.9600000004,2924752.17,646161.8
Asia,Turkmenistan,Household,Offline,L,2011-01-01,SYN004803,2011-01-17,3576,659.61,457.24,2358765.36,1979384.75,552961.23
Sub-Saharan Africa,Niger,Personal Care,Online,H,2017-03-07,SYN004804,2017-03-22,3129,79.13,55.54,247597.77,187865.8,80859.66
Europe,France,Cosmetics,Online,H,2017-05-17,SYN004805,2017-06-09,1670,412.51,254.13,688891.7,434754.87,310979.65
North America,Mexico,Household,Offline,C,2014-11-05,SYN004806,2014-12-05,6861,645.9,477.07,4431519.899999999,3444326.01,1147066.47
Europe,Spain,Household,Offline,L,2012-10-26,SYN004807,2012-12-04,4804,712.77,530.43,3424147.08,2340468.53,697458.33
Sub-Saharan Africa,Cameroon,Office Supplies,Online,M,2011-11-10,SYN004808,2011-11-13,5566,616.72,512.34,3432663.52,2858601.94,687085.97
Central America and the Caribbean,Nicaragua,Beverages,Offline,C,2011-02-05,SYN004809,2011-03-19,7395,47.12,33.0,348452.39999999997,242886.59,131557.42
Europe,Spain,Household,Offline,L,2012-10-21,SYN004810,2012-11-24,4249,676.39,512.89,2873981.11,2271807.8,732856.04
Australia and Oceania,Tuvalu,Baby Food,Offline,H,2010-06-02,SYN004811,2010-06-20,9028,254.18,162.2,2294737.04,1724595.57,928301.59
Europe,Switzerland,Personal Care,Online,M,2010-12-26,SYN004812,2011-01-28,273,77.74,54.18,21223.019999999997,15798.98,7008.62
Sub-Saharan Africa,Sierra Leone,Office Supplies,Offline,M,2011-11-29,SYN004813,2012-01-09,3437,658.34,500.62,2262714.58,1746845.51,382003.49
Sub-Saharan Africa,The Gambia,Household,Offline,L,2012-05-25,SYN004814,2012-06-05,2393,636.87,500.79,1524029.91,1105324.75,394891.03
Sub-Saharan Africa,Djibouti,Cereal,Online,H,2017-05-24,SYN004815,2017-06-11,9294,191.59,125.66,1780637.46,1037427.19,736933.39
North America,Mexico,Household,Offline,C,2014-10-31,SYN004816,2014-12-15,6939,703.07,529.74,4878602.73,3641149.26,1119473.51
Sub-Saharan Africa,Djibouti,Snacks,Online,M,2017-03-04,SYN004817,2017-02-27,6780,144.09,102.17,976930.2000000001,716094.43,439259.35
Europe,Russia,Office Supplies,Offline,L,2014-05-08,SYN004818,2014-05-07,1754,650.4,475.72,1140801.5999999999,920829.55,219498.66
Sub-Saharan Africa,The Gambia,Meat,Online,M,2017-01-18,SYN004819,2017-01-29,5083,428.55,378.09,2178319.65,1731575.67,252839.42
Europe,Switzerland,Personal Care,Online,M,2010-12-22,SYN004820,2011-01-26,308,79.94,55.56,24621.52,16780.72,6750.12
Europe,Iceland,Cosmetics,Online,C,2016-12-30,SYN004821,2017-01-02,8178,450.02,247.83,3680263.56,2360938.56,1608587.27
Middle East and North Africa,Pakistan,Cosmetics,Offline,L,2013-07-09,SYN004822,2013-08-10,10131,465.8,286.7,4719019.8,2710226.35,1777006.13
Central America and the Caribbean,Nicaragua,Beverages,Offline,C,2011-02-15,SYN004823,2011-03-22,8296,46.05,32.22,382030.8,245832.3,128172.29
Sub-Saharan Africa,Sierra Leone,Vegetables,Offline,C,2016-05-31,SYN004824,2016-06-27,1525,140.63,89.43,214460.75,139505.73,92294.35
Asia,Myanmar,Household,Offline,H,2015-01-14,SYN004825,2015-02-23,7960,640.18,520.69,5095832.8,4031442.0,1295549.13
Australia and Oceania,Samoa,Cosmetics,Online,H,2013-07-15,SYN004826,2013-08-07,9529,403.56,254.38,3845523.24,2520420.05,1720689.17
Europe,Switzerland,Cosmetics,Offline,M,2012-09-13,SYN004827,2012-10-14,8749,439.9,244.23,3848685.0999999996,2301076.51,1483746.08
Europe,Austria,Cosmetics,Offline,H,2015-02-27,SYN004828,2015-02-25,2795,454.1,252.69,1269209.5,733128.08,471961.34
Australia and Oceania,Tuvalu,Baby Food,Offline,H,2010-05-31,SYN004829,2010-06-29,9090,263.23,173.77,2392760.7,1460390.69,975488.45
Australia and Oceania,New Zealand,Fruits,Online,H,2014-09-06,SYN004830,2014-10-09,2165,9.7,7.16,21000.5,15339.65,5073.45
Central America and the Caribbean,Nicaragua,Beverages,Offline,C,2011-02-01,SYN004831,2011-03-25,7706,49.61,29.02,382294.66,250648.57,129580.56
Europe,Bulgaria,Office Supplies,Online,M,2012-02-12,SYN004832,2012-02-23,4013,706.27,520.1,2834261.51,1934627.97,562029.69
Asia,Kyrgyzstan,Vegetables,Online,H,2011-06-25,SYN004833,2011-07-16,117,152.78,89.71,17875.26,10653.73,7459.42
Middle East and North Africa,Azerbaijan,Cosmetics,Online,M,2010-02-06,SYN004834,2010-02-27,6696,440.38,264.41,2948784.48,1870183.12,1191871.13
Asia,Kyrgyzstan,Vegetables,Online,H,2011-06-26,SYN004835,2011-07-14,123,149.66,93.73,18408.18,12029.37,7265.07
Middle East and North Africa,Azerbaijan,Cosmetics,Online,M,2010-01-30,SYN004836,2010-02-18,7218,441.93,266.48,3189850.74,1761394.31,1434217.1
Middle East and North Africa,Azerbaijan,Cosmetics,Online,M,2010-01-31,SYN004837,2010-02-19,7401,445.62,277.28,3298033.62,1829114.07,1292483.63
Sub-Saharan Africa,Sierra Leone,Office Supplies,Offline,M,2011-11-26,SYN004838,2012-01-14,3814,607.64,581.23,2317538.96,1823997.0,423027.9
Europe,Macedonia,Clothes,Offline,C,2014-10-16,SYN004839,2014-11-12,8388,110.03,34.99,922931.64,262676.92,548588.96
Central America and the Caribbean,Costa Rica,Personal Care,Offline,L,2017-05-10,SYN004840,2017-05-23,6833,79.97,56.55,546435.01,346495.25,159577.88
Sub-Saharan Africa,Democratic Republic of the Congo,Beverages,Online,C,2011-05-31,SYN004841,2011-07-08,5767,45.8,33.21,264128.6,182578.06,90053.15
Europe,Switzerland,Cosmetics,Offline,M,2012-09-20,SYN004842,2012-10-17,8773,488.18,270.48,4282803.14,2028542.44,1574612.57
Europe,France,Cosmetics,Online,H,2017-05-25,SYN004843,2017-06-08,1817,461.42,262.66,838400.14,519077.16,304205.03
Europe,Romania,Cosmetics,Online,H,2010-11-27,SYN004844,2010-12-18,7706,439.17,235.91,3384244.02,2011431.69,1353902.26
Sub-Saharan Africa,Mali,Clothes,Online,M,2011-07-29,SYN004845,2011-09-04,874,109.11,37.51,95362.14,30652.93,63917.64
Middle East and North Africa,Libya,Clothes,Offline,H,2010-11-02,SYN004846,2010-11-10,6429,106.1,39.21,682116.8999999999,218996.58,422974.86
Sub-Saharan Africa,Sierra Leone,Vegetables,Offline,C,2016-06-02,SYN004847,2016-06-22,1690,147.94,91.06,250018.6,133393.8,101471.98
Australia and Oceania,Tuvalu,Baby Food,Offline,H,2010-05-22,SYN004848,2010-06-22,10353,257.07,161.88,2661445.71,1658054.99,1010713.02
Middle East and North Africa,Iran,Cosmetics,Online,H,2016-11-13,SYN004849,2016-12-08,6501,439.24,262.86,2855499.24,1765917.5,1210707.72
Middle East and North Africa,Libya,Clothes,Offline,H,2010-11-04,SYN004850,2010-11-18,6058,110.25,36.25,667894.5,229670.42,447219.71
Asia,Bangladesh,Clothes,Online,L,2017-01-18,SYN004851,2017-03-07,8435,106.71,37.67,900098.85,324443.57,596194.91
Sub-Saharan Africa,Lesotho,Fruits,Online,L,2013-08-13,SYN004852,2013-09-25,9659,8.93,6.74,86254.87,73062.26,24179.24
Asia,Turkmenistan,Office Supplies,Online,M,2013-04-28,SYN004853,2013-05-27,4928,671.95,555.56,3311369.6,2886552.39,651449.56
Europe,Romania,Cosmetics,Online,H,2010-11-30,SYN004854,2010-12-31,7985,418.53,261.36,3341962.05,2138405.45,1477513.62
Sub-Saharan Africa,Djibouti,Cosmetics,Offline,H,2014-04-02,SYN004855,2014-04-25,7606,497.34,277.3,3782768.04,1907899.39,1241094.62
Europe,Switzerland,Personal Care,Online,M,2010-12-23,SYN004856,2011-01-26,288,79.54,58.62,22907.52,15571.15,6793.46
Sub-Saharan Africa,Republic of the Congo,Personal Care,Offline,M,2015-07-21,SYN004857,2015-08-31,5584,83.14,49.76,464253.76,351414.22,170468.27
Sub-Saharan Africa,Djibouti,Cosmetics,Offline,H,2014-04-13,SYN004858,2014-04-25,6767,425.07,266.85,2876448.69,1999874.91,1318996.1
Sub-Saharan Africa,Sao Tome and Principe,Fruits,Online,C,2014-06-20,SYN004859,2014-07-04,8087,9.92,6.85,80223.04,56967.81,20024.66
Australia and Oceania,Samoa,Cosmetics,Online,H,2013-07-14,SYN004860,2013-07-31,9604,419.37,263.97,4027629.48,2546461.32,1666498.35
North America,Mexico,Personal Care,Offline,M,2015-07-30,SYN004861,2015-08-14,5620,81.86,56.52,460053.2,311352.71,157009.29
Middle East and North Africa,Pakistan,Cosmetics,Offline,L,2013-07-11,SYN004862,2013-08-10,10726,460.11,261.36,4935139.86,2697470.49,1651835.94
Asia,Mongolia,Personal Care,Offline,C,2014-02-21,SYN004863,2014-02-18,4874,87.04,56.9,424232.96,300769.66,119478.57
Sub-Saharan Africa,Kenya,Vegetables,Online,L,2012-03-18,SYN004864,2012-04-02,6613,155.93,89.16,1031165.0900000001,531748.8,417851.2
Europe,Romania,Cosmetics,Online,H,2010-11-28,SYN004865,2010-12-18,8182,424.98,286.2,3477186.3600000003,2009716.74,1254315.33
Europe,Bulgaria,Clothes,Online,M,2012-04-16,SYN004866,2012-06-02,1758,103.37,37.1,181724.46000000002,60620.7,125099.11
Europe,Switzerland,Personal Care,Online,M,2010-12-21,SYN004867,2011-01-25,267,82.43,57.33,22008.81,15714.45,6765.47
Europe,Switzerland,Personal Care,Online,M,2010-12-22,SYN004868,2011-01-31,264,78.67,57.56,20768.88,15901.36,7212.91
Europe,Monaco,Baby Food,Offline,H,2012-05-23,SYN004869,2012-05-26,9095,264.86,172.74,2408901.7,1440477.88,806137.72
Europe,Moldova,Personal Care,Online,L,2016-05-01,SYN004870,2016-05-16,4850,81.82,57.06,396826.99999999994,277711.58,125361.29
Central America and the Caribbean,Honduras,Snacks,Online,L,2016-06-30,SYN004871,2016-07-19,2204,161.48,93.52,355901.92,203497.0,117915.58
Middle East and North Africa,Libya,Clothes,Offline,H,2010-10-29,SYN004872,2010-11-18,5801,102.92,35.63,597038.92,233390.81,445603.88
Sub-Saharan Africa,Cameroon,Beverages,Offline,C,2015-04-03,SYN004873,2015-04-21,6005,50.15,33.65,301150.75,176395.15,83611.28
Europe,Russia,Office Supplies,Offline,L,2014-05-06,SYN004874,2014-05-15,1741,640.27,509.11,1114710.07,924233.07,230161.72
Sub-Saharan Africa,Cameroon,Beverages,Offline,C,2015-04-05,SYN004875,2015-04-22,4989,50.62,32.71,252543.18,163314.31,78821.56
Sub-Saharan Africa,The Gambia,Baby Food,Offline,M,2014-02-10,SYN004876,2014-03-19,5487,262.48,154.96,1440227.76,972903.81,558705.4
Asia,Mongolia,Personal Care,Offline,C,2014-02-13,SYN004877,2014-02-24,4807,76.68,56.2,368600.76,289791.44,129752.97
Europe,Lithuania,Office Supplies,Offline,H,2010-10-20,SYN004878,2010-11-21,7590,641.66,508.62,4870199.399999999,4053861.16,1046719.92
Sub-Saharan Africa,South Sudan,Personal Care,Offline,C,2013-12-31,SYN004879,2014-01-21,2154,80.57,59.94,173547.78,127518.09,57888.02
Asia,Mongolia,Personal Care,Offline,C,2014-02-22,SYN004880,2014-03-01,5462,94.28,53.99,514957.36,268978.03,126323.22
North America,Mexico,Personal Care,Offline,M,2015-07-24,SYN004881,2015-08-15,5740,77.17,55.36,442955.8,322674.75,130739.89
Australia and Oceania,Solomon Islands,Baby Food,Online,C,2015-02-09,SYN004882,2015-02-24,2902,238.45,148.12,691981.9,447446.28,257949.57
Europe,Monaco,Baby Food,Offline,H,2012-05-27,SYN004883,2012-05-29,8901,268.27,160.83,2387871.27,1477230.57,826814.83
Europe,Iceland,Cosmetics,Online,C,2016-12-25,SYN004884,2016-12-29,8964,411.07,263.87,3684831.48,2295952.55,1547585.51
Asia,Sri Lanka,Cosmetics,Offline,M,2016-11-17,SYN004885,2016-12-14,5892,419.17,286.03,2469749.64,1662886.94,1255939.93
North America,Mexico,Household,Offline,C,2014-11-12,SYN004886,2014-12-05,7554,662.09,512.16,5001427.86,3514873.82,1269377.92
Sub-Saharan Africa,The Gambia,Baby Food,Offline,M,2014-02-04,SYN004887,2014-03-21,5339,250.14,170.9,1335497.46,944774.27,530162.91
Sub-Saharan Africa,Cameroon,Office Supplies,Online,M,2011-11-01,SYN004888,2011-11-17,5352,653.66,518.63,3498388.32,2788790.01,664789.27
Asia,Sri Lanka,Cosmetics,Offline,M,2016-11-26,SYN004889,2016-12-21,6947,445.34,282.4,3093776.98,1791117.13,1186811.83
Sub-Saharan Africa,The Gambia,Baby Food,Offline,M,2014-02-05,SYN004890,2014-03-18,5424,248.96,155.65,1350359.04,852998.43,565339.68
Europe,San Marino,Baby Food,Online,L,2013-06-21,SYN004891,2013-07-02,4909,269.15,157.64,1321257.3499999999,718247.0,474713.0
Central America and the Caribbean,Honduras,Snacks,Online,L,2016-07-07,SYN004892,2016-07-26,2255,168.32,105.16,379561.6,197544.0,124266.11
Middle East and North Africa,Iran,Cosmetics,Online,H,2016-11-21,SYN004893,2016-12-06,6807,439.29,245.99,2990247.0300000003,1770262.02,1109366.04
Sub-Saharan Africa,Cameroon,Beverages,Offline,C,2015-04-08,SYN004894,2015-04-25,6049,45.58,29.86,275713.42,145860.54,83302.65
Australia and Oceania,Solomon Islands,Baby Food,Online,C,2015-02-08,SYN004895,2015-02-16,3023,252.74,165.85,764033.02,418192.07,283860.87
Middle East and North Africa,Kuwait,Fruits,Online,M,2012-04-27,SYN004896,2012-05-16,502,9.02,6.81,4528.04,3648.4,1179.87
Europe,Slovakia,Vegetables,Online,H,2012-10-02,SYN004897,2012-11-07,168,160.11,88.2,26898.480000000003,15457.82,10624.06
Middle East and North Africa,Pakistan,Cosmetics,Offline,L,2013-07-04,SYN004898,2013-08-13,10124,431.03,238.74,4363747.72,2738517.74,1637565.65
Middle East and North Africa,Iran,Cosmetics,Online,H,2016-11-22,SYN004899,2016-12-06,5910,465.07,281.41,2748563.7,1629299.28,1119479.04
Australia and Oceania,Samoa,Cosmetics,Online,H,2013-07-13,SYN004900,2013-08-11,9523,424.72,258.14,4044608.56,2381365.92,1791240.24
Sub-Saharan Africa,Kenya,Vegetables,Online,L,2012-03-25,SYN004901,2012-04-07,6409,158.56,94.48,1016211.04,578681.44,431561.04
Sub-Saharan Africa,The Gambia,Meat,Online,M,2017-01-21,SYN004902,2017-01-28,4522,368.58,399.09,1666718.76,1603153.24,274937.85
Australia and Oceania,East Timor,Meat,Online,L,2012-08-03,SYN004903,2012-09-08,5777,431.68,348.99,2493815.36,2086300.64,311615.88
Europe,Moldova,Personal Care,Online,L,2016-05-13,SYN004904,2016-05-03,4613,79.82,52.84,368209.66,286900.53,132762.55
Sub-Saharan Africa,Cameroon,Office Supplies,Online,M,2011-11-12,SYN004905,2011-11-12,5095,675.36,511.96,3440959.2,3121142.88,731118.53
Middle East and North Africa,Azerbaijan,Office Supplies,Online,M,2012-06-19,SYN004906,2012-07-29,2033,667.5,533.11,1357027.5,955523.24,258853.37
Australia and Oceania,Australia,Cereal,Offline,H,2013-06-02,SYN004907,2013-06-26,669,201.9,103.99,135071.1,85703.8,59781.06
Europe,Switzerland,Personal Care,Online,M,2010-12-27,SYN004908,2011-02-05,289,77.87,54.49,22504.43,16012.99,6500.47
Sub-Saharan Africa,South Sudan,Personal Care,Offline,C,2014-01-04,SYN004909,2014-01-30,1955,86.61,60.6,169322.55,117464.44,53105.76
Middle East and North Africa,Iran,Cosmetics,Online,H,2016-11-16,SYN004910,2016-12-04,6461,450.13,258.95,2908289.93,1808077.03,1160033.35
Sub-Saharan Africa,Mauritania,Office Supplies,Offline,C,2012-01-07,SYN004911,2012-01-16,1312,667.95,545.89,876350.4,635970.51,159148.79
Sub-Saharan Africa,Mozambique,Household,Offline,L,2012-02-09,SYN004912,2012-02-22,5554,692.38,510.18,3845478.52,2800231.09,964294.2
Asia,Bangladesh,Clothes,Online,L,2017-01-08,SYN004913,2017-03-07,7977,103.61,39.89,826496.97,247517.13,577010.14
Australia and Oceania,Australia,Office Supplies,Online,C,2015-11-02,SYN004914,2015-11-19,2644,704.56,533.33,1862856.64,1431689.31,389973.0
Middle East and North Africa,Syria,Fruits,Online,L,2011-11-17,SYN004915,2011-12-04,3731,9.02,7.52,33653.619999999995,28284.23,9194.29
Sub-Saharan Africa,Cameroon,Beverages,Offline,C,2015-04-03,SYN004916,2015-04-22,5273,44.01,31.92,232064.72999999998,173882.89,74416.07
Europe,United Kingdom,Household,Online,L,2012-01-04,SYN004917,2012-02-13,264,701.54,484.5,185206.56,130988.53,45906.31
Sub-Saharan Africa,Sierra Leone,Office Supplies,Offline,M,2011-12-03,SYN004918,2012-01-03,3740,640.54,506.46,2395619.6,1889541.46,434744.25
Middle East and North Africa,Libya,Fruits,Online,L,2015-08-20,SYN004919,2015-10-06,634,9.01,7.16,5712.34,4909.64,1531.45
Asia,Kyrgyzstan,Vegetables,Online,H,2011-06-28,SYN004920,2011-07-06,125,155.97,96.08,19496.25,12349.94,7911.9
Sub-Saharan Africa,Sao Tome and Principe,Fruits,Offline,H,2013-09-15,SYN004921,2013-10-21,7702,9.46,6.76,72860.92000000001,54461.94,19232.75
Middle East and North Africa,Libya,Clothes,Offline,H,2010-10-29,SYN004922,2010-11-22,6447,95.08,37.38,612980.76,205765.03,410222.46
Middle East and North Africa,Saudi Arabia,Cereal,Online,M,2013-03-23,SYN004923,2013-03-27,4226,216.48,117.92,914844.48,410156.59,311944.87
Australia and Oceania,Australia,Cereal,Offline,H,2013-06-08,SYN004924,2013-06-28,719,211.07,107.85,151759.33,83244.79,56444.39
Sub-Saharan Africa,Rwanda,Office Supplies,Offline,L,2013-01-26,SYN004925,2013-02-03,5285,708.15,469.61,3742572.75,2526273.04,532325.86
Middle East and North Africa,Azerbaijan,Cosmetics,Online,M,2010-02-07,SYN004926,2010-02-18,7050,400.03,241.12,2820211.5,1755955.88,1263756.21
Sub-Saharan Africa,Niger,Personal Care,Online,H,2017-03-08,SYN004927,2017-03-26,3109,80.23,54.27,249435.07,159478.19,74100.36
Sub-Saharan Africa,Cameroon,Office Supplies,Online,M,2011-11-01,SYN004928,2011-11-17,5668,727.06,527.63,4120976.0799999996,2600817.36,703074.92
Sub-Saharan Africa,Djibouti,Cereal,Online,H,2017-05-15,SYN004929,2017-06-23,8471,202.88,111.32,1718596.48,1019211.63,794202.3
Sub-Saharan Africa,Rwanda,Office Supplies,Offline,L,2013-02-03,SYN004930,2013-02-10,4892,614.84,553.84,3007797.2800000003,2692881.77,663829.42
Central America and the Caribbean,Honduras,Household,Offline,H,2017-02-07,SYN004931,2017-02-09,8308,652.42,518.15,5420305.359999999,4602831.7,1426321.5
Australia and Oceania,Tuvalu,Baby Food,Offline,H,2010-05-25,SYN004932,2010-06-23,10294,246.71,154.7,2539632.74,1426969.93,944609.03
Europe,Bulgaria,Office Supplies,Online,M,2012-02-10,SYN004933,2012-03-03,4132,668.42,535.23,2761911.44,2091052.72,511141.23
Sub-Saharan Africa,Mauritania,Office Supplies,Offline,C,2012-01-10,SYN004934,2012-01-10,1189,679.51,529.64,807937.39,671862.89,167922.48
Sub-Saharan Africa,Republic of the Congo,Personal Care,Offline,M,2015-07-19,SYN004935,2015-08-29,6313,76.45,57.33,482628.85000000003,342229.85,155367.53
Central America and the Caribbean,Grenada,Cereal,Online,C,2012-08-18,SYN004936,2012-09-12,2921,214.97,114.16,627927.37,328998.05,265954.2
Middle East and North Africa,Libya,Fruits,Online,L,2015-08-07,SYN004937,2015-09-24,721,9.1,6.88,6561.099999999999,4145.87,1583.62
Australia and Oceania,Australia,Beverages,Offline,H,2014-07-08,SYN004938,2014-07-13,9804,45.02,28.72,441376.08,280412.24,141024.99
Sub-Saharan Africa,Djibouti,Snacks,Online,M,2017-03-03,SYN004939,2017-02-20,7243,141.24,93.02,1023001.3200000001,690778.87,381277.49
Europe,Norway,Beverages,Offline,C,2014-07-14,SYN004940,2014-07-26,5126,45.99,30.79,235744.74000000002,163917.58,78492.24
Middle East and North Africa,Syria,Fruits,Online,L,2011-11-27,SYN004941,2011-11-27,3608,9.46,6.93,34131.68,26379.21,8965.29
Asia,Kyrgyzstan,Vegetables,Online,H,2011-06-30,SYN004942,2011-07-19,123,169.63,91.55,20864.489999999998,10497.35,8238.94
Europe,Norway,Beverages,Offline,C,2014-07-18,SYN004943,2014-07-24,5306,46.76,31.91,248108.56,163231.33,82939.64
Europe,Russia,Office Supplies,Offline,L,2014-05-02,SYN004944,2014-05-13,1813,639.92,495.54,1160174.96,932219.7,219875.99
Asia,Sri Lanka,Cosmetics,Offline,M,2016-11-24,SYN004945,2016-12-16,6877,414.62,269.25,2851341.74,1650029.08,1162132.24
Sub-Saharan Africa,Sao Tome and Principe,Fruits,Offline,H,2013-09-16,SYN004946,2013-10-27,7736,9.07,7.05,70165.52,52988.66,17457.59
Sub-Saharan Africa,The Gambia,Cereal,Offline,H,2012-06-14,SYN004947,2012-06-13,2087,204.65,119.41,427104.55,232999.76,182216.53
Sub-Saharan Africa,Djibouti,Cosmetics,Offline,H,2014-04-02,SYN004948,2014-04-21,7203,440.71,237.53,3174434.13,1951687.96,1228205.4
Middle East and North Africa,Iran,Cosmetics,Online,H,2016-11-17,SYN004949,2016-12-01,6724,434.39,253.19,2920838.36,1728394.31,1124787.68
Sub-Saharan Africa,Sierra Leone,Vegetables,Offline,C,2016-06-08,SYN004950,2016-06-25,1515,136.16,88.58,206282.4,136026.76,92312.47
Sub-Saharan Africa,Cote d'Ivoire,Clothes,Online,C,2012-06-04,SYN004951,2012-07-02,3559,110.18,35.79,392130.62,126951.03,241372.26
Sub-Saharan Africa,Zambia,Snacks,Online,L,2010-12-29,SYN004952,2011-01-02,4480,150.55,100.63,674464.0,411664.21,231104.91
Sub-Saharan Africa,Gabon,Personal Care,Offline,L,2012-07-13,SYN004953,2012-07-15,8628,85.47,60.04,737435.16,526235.92,217743.04
Asia,Mongolia,Personal Care,Offline,C,2014-02-21,SYN004954,2014-02-20,4948,82.42,57.32,407814.16000000003,296276.46,114143.42
Sub-Saharan Africa,Djibouti,Cosmetics,Offline,H,2014-04-10,SYN004955,2014-04-18,7327,439.35,267.91,3219117.45,1942923.3,1241425.75
Sub-Saharan Africa,Sierra Leone,Office Supplies,Offline,H,2016-12-02,SYN004956,2016-12-13,911,686.59,534.98,625483.49,520805.52,121438.0
Sub-Saharan Africa,South Sudan,Personal Care,Offline,C,2013-12-23,SYN004957,2014-02-02,2207,78.88,53.93,174088.16,109688.49,52343.82
Middle East and North Africa,Saudi Arabia,Cereal,Online,M,2013-03-18,SYN004958,2013-03-22,3844,199.7,112.47,767646.7999999999,507064.51,365711.87
Sub-Saharan Africa,Niger,Personal Care,Online,H,2017-03-09,SYN004959,2017-03-25,3089,89.89,58.07,277670.21,183583.31,77669.26
Sub-Saharan Africa,The Gambia,Baby Food,Offline,M,2014-01-29,SYN004960,2014-03-26,5919,243.86,162.15,1443407.34,849069.64,542170.81
Asia,Sri Lanka,Cosmetics,Offline,M,2016-11-21,SYN004961,2016-12-11,6403,410.8,276.51,2630352.4,1729237.49,1224862.11
Europe,Switzerland,Cosmetics,Offline,M,2012-09-20,SYN004962,2012-10-24,8054,435.92,256.21,3510899.68,2280138.67,1463652.36
Middle East and North Africa,Iran,Cosmetics,Online,H,2016-11-18,SYN004963,2016-12-15,7073,483.2,267.6,3417673.6,1671855.7,1132470.26
Sub-Saharan Africa,Cape Verde,Clothes,Offline,H,2014-07-30,SYN004964,2014-08-26,4344,112.2,38.31,487396.8,150338.7,292452.7
Sub-Saharan Africa,Rwanda,Office Supplies,Offline,L,2013-01-28,SYN004965,2013-02-01,5036,599.79,496.73,3020542.44,2607078.63,633348.34
Sub-Saharan Africa,Cote d'Ivoire,Clothes,Online,C,2012-06-14,SYN004966,2012-06-30,3651,107.46,34.19,392336.45999999996,119919.96,245652.27
Sub-Saharan Africa,Djibouti,Cereal,Online,H,2017-05-19,SYN004967,2017-06-23,9117,209.05,129.42,1905908.85,907612.02,792948.31
Sub-Saharan Africa,The Gambia,Baby Food,Offline,M,2014-02-08,SYN004968,2014-03-18,5385,289.09,171.27,1556749.65,885780.54,523119.22
Middle East and North Africa,Iran,Cosmetics,Online,H,2016-11-09,SYN004969,2016-12-08,6417,437.92,258.78,2810132.64,1811247.3,1067039.15
Australia and Oceania,Federated States of Micronesia,Beverages,Online,C,2014-11-04,SYN004970,2014-11-22,9059,48.54,32.48,439723.86,307818.28,147721.79
Sub-Saharan Africa,Senegal,Cereal,Online,H,2014-04-21,SYN004971,2014-05-29,6878,203.74,120.74,1401323.72,656665.2,555368.58
Middle East and North Africa,Iran,Cosmetics,Online,H,2016-11-15,SYN004972,2016-12-12,6758,422.58,259.42,2855795.6399999997,1730216.13,1071615.07
Asia,Laos,Vegetables,Offline,C,2011-09-08,SYN004973,2011-10-30,3860,151.73,91.23,585677.7999999999,357293.74,238579.99
Central America and the Caribbean,Honduras,Household,Offline,H,2017-02-03,SYN004974,2017-02-13,8861,687.09,520.44,6088304.49,4783322.68,1461844.52
Europe,Slovenia,Beverages,Offline,C,2016-10-22,SYN004975,2016-11-30,4408,50.73,29.2,223617.84,146046.32,68854.43
Asia,Malaysia,Fruits,Offline,L,2011-11-08,SYN004976,2011-12-24,6223,9.06,6.28,56380.380000000005,45216.07,15843.24
Europe,Slovenia,Beverages,Offline,C,2016-10-22,SYN004977,2016-11-22,4634,45.54,34.61,211032.36,133648.9,72687.05
Europe,Portugal,Baby Food,Online,H,2015-07-25,SYN004978,2015-08-28,1213,258.03,153.1,312990.38999999996,203642.54,120340.85
Europe,United Kingdom,Household,Online,L,2012-01-10,SYN004979,2012-02-17,281,639.59,521.24,179724.79,138735.69,48250.75
Europe,Russia,Office Supplies,Offline,L,2014-04-29,SYN004980,2014-05-12,1724,660.87,509.58,1139339.8800000001,951876.92,224415.32
Europe,Norway,Baby Food,Online,L,2014-05-20,SYN004981,2014-07-04,7179,259.4,151.23,1862232.5999999999,1176128.0,711020.0
Middle East and North Africa,Lebanon,Clothes,Online,L,2012-09-23,SYN004982,2012-10-14,8051,112.55,32.8,906140.0499999999,280226.08,578337.16
Asia,Sri Lanka,Cosmetics,Offline,M,2016-11-18,SYN004983,2016-12-13,6768,393.44,255.79,2662801.92,1816295.05,1183530.82
Sub-Saharan Africa,The Gambia,Household,Offline,L,2012-05-30,SYN004984,2012-06-03,2471,646.29,508.72,1596982.5899999999,1165730.94,402791.74
Sub-Saharan Africa,Mauritania,Office Supplies,Offline,C,2012-01-06,SYN004985,2012-01-09,1250,651.92,441.88,814900.0,669995.41,150257.55
Europe,Norway,Baby Food,Online,L,2014-05-14,SYN004986,2014-06-26,6972,225.6,159.11,1572883.2,1089146.0,705051.0
Sub-Saharan Africa,Democratic Republic of the Congo,Beverages,Online,C,2011-05-28,SYN004987,2011-07-09,5561,47.66,35.6,265037.26,158712.41,92361.87
Europe,Russia,Office Supplies,Offline,L,2014-05-07,SYN004988,2014-05-12,1620,598.39,527.44,969391.7999999999,932255.78,217722.76
Sub-Saharan Africa,Mauritania,Office Supplies,Offline,C,2012-01-04,SYN004989,2012-01-19,1232,638.24,547.74,786311.68,647516.77,166437.73
Middle East and North Africa,Saudi Arabia,Cereal,Online,M,2013-03-31,SYN004990,2013-03-25,3949,195.98,111.71,773925.0199999999,488828.1,356458.25
Australia and Oceania,Australia,Office Supplies,Online,C,2015-10-25,SYN004991,2015-11-30,2808,649.94,505.06,1825031.5200000003,1726896.4,360616.0
Australia and Oceania,Australia,Beverages,Offline,H,2014-07-08,SYN004992,2014-07-16,9744,52.21,33.13,508734.24,299738.43,151476.4
Sub-Saharan Africa,Madagascar,Clothes,Offline,L,2015-04-26,SYN004993,2015-05-22,7081,100.44,33.77,711215.64,274889.54,541264.04
Australia and Oceania,Kiribati,Fruits,Online,M,2014-10-11,SYN004994,2014-11-14,4504,8.77,6.73,39500.079999999994,37218.35,13301.98
North America,Mexico,Personal Care,Offline,L,2012-02-11,SYN004995,2012-03-18,6429,83.94,58.23,539650.26,350250.82,141541.34
Sub-Saharan Africa,Rwanda,Office Supplies,Offline,L,2013-02-06,SYN004996,2013-02-02,5141,606.23,501.16,3116628.43,2581842.92,665740.85
Central America and the Caribbean,Haiti,Cosmetics,Offline,H,2013-10-16,SYN004997,2013-11-19,1662,436.72,271.41,725828.64,430498.06,277382.91
Sub-Saharan Africa,Lesotho,Fruits,Online,L,2013-08-23,SYN004998,2013-09-12,9422,9.79,6.85,92241.37999999999,63625.36,24118.62
Asia,Laos,Vegetables,Offline,C,2011-09-18,SYN004999,2011-10-17,3567,143.01,93.03,510116.67,369492.81,238438.55
Sub-Saharan Africa,Rwanda,Cosmetics,Offline,H,2013-10-05,SYN005000,2013-11-27,4182,444.44,243.05,1858648.08,1215129.24,819858.56
