Order ID,Date,Product,Category,Price,Quantity,Total Sales,Customer Name,Customer Location,Payment Method,Status
ORD0001,15-04-25,Smartphone,Electronics,507,1,507,Isabella Taylor,New York,Debit Card,Completed
ORD0002,13-04-25,T-Shirt,Clothing,20,5,100,Michael Smith,Denver,Gift Card,Pending
ORD0003,06-03-25,Running Shoes,Footwear,63,1,63,Liam Doe,Miami,Credit Card,Completed
ORD0004,03-02-25,Smartphone,Electronics,501,3,1503,Daniel Doe,Seattle,Debit Card,Pending
ORD0005,23-03-25,Refrigerator,Home Appliances,1226,1,1226,Chris White,Boston,PayPal,Completed
ORD0006,03-04-25,Running Shoes,Footwear,62,3,186,Chris White,Denver,Gift Card,Completed
ORD0007,08-03-25,Laptop,Electronics,770,1,770,Sophia White,Boston,PayPal,Pending
ORD0008,12-03-25,Smartphone,Electronics,502,1,502,Ava Anderson,Dallas,Debit Card,Cancelled
ORD0009,09-04-25,Running Shoes,Footwear,59,3,177,Alex Wilson,Los Angeles,Amazon Pay,Completed
ORD0010,07-02-25,Smartwatch,Electronics,156,1,156,Chris Wilson,Chicago,Gift Card,Completed
ORD0011,11-02-25,Book,Books,16,1,16,Isabella Doe,Dallas,Credit Card,Completed
ORD0012,25-04-25,Smartphone,Electronics,482,3,1446,Michael Miller,Seattle,Debit Card,Pending
ORD0013,27-02-25,Washing Machine,Home Appliances,590,1,590,Emily Doe,Houston,Credit Card,Completed
ORD0014,11-04-25,Washing Machine,Home Appliances,579,2,1158,Lucas White,Houston,Gift Card,Pending
ORD0015,01-04-25,Smartwatch,Electronics,151,4,604,Isabella Johnson,Denver,Gift Card,Completed
ORD0016,20-03-25,Jeans,Clothing,40,2,80,Chris Harris,Boston,Amazon Pay,Completed
ORD0017,01-03-25,Running Shoes,Footwear,60,4,240,Michael Garcia,Denver,PayPal,Completed
ORD0018,16-02-25,Laptop,Electronics,777,1,777,Noah Harris,Houston,Debit Card,Pending
ORD0019,07-03-25,Smartphone,Electronics,497,1,497,Noah Miller,San Francisco,PayPal,Completed
ORD0020,02-04-25,Book,Books,15,1,15,Mia Wilson,New York,Debit Card,Completed
ORD0021,28-03-25,Washing Machine,Home Appliances,585,2,1170,David Johnson,Seattle,Debit Card,Pending
ORD0022,09-03-25,Smartwatch,Electronics,156,4,624,Jane Brown,Seattle,Gift Card,Completed
ORD0023,09-02-25,Smartwatch,Electronics,150,1,150,Michael Taylor,Houston,Credit Card,Pending
ORD0024,25-02-25,Smartwatch,Electronics,156,1,156,Mia Clark,Houston,PayPal,Cancelled
ORD0025,21-04-25,Jeans,Clothing,42,5,210,David Taylor,New York,Credit Card,Completed
ORD0026,03-04-25,Running Shoes,Footwear,58,4,232,Alex Garcia,Seattle,Amazon Pay,Completed
ORD0027,22-02-25,T-Shirt,Clothing,21,5,105,Noah Garcia,New York,Amazon Pay,Completed
ORD0028,04-02-25,Running Shoes,Footwear,60,2,120,Emma Harris,Los Angeles,Gift Card,Completed
ORD0029,23-02-25,Headphones,Electronics,101,2,202,Sophia Taylor,Denver,Credit Card,Pending
ORD0030,07-04-25,Jeans,Clothing,38,2,76,Michael Martinez,Chicago,Credit Card,Completed
ORD0031,03-03-25,Refrigerator,Home Appliances,1217,1,1217,Lucas White,Denver,Debit Card,Completed
ORD0032,12-02-25,Laptop,Electronics,826,3,2478,Olivia Taylor,New York,Credit Card,Completed
ORD0033,16-02-25,Book,Books,15,2,30,Emma Clark,Denver,Credit Card,Pending
ORD0034,06-04-25,T-Shirt,Clothing,20,5,100,Emily White,Chicago,Debit Card,Completed
ORD0035,15-03-25,Headphones,Electronics,95,2,190,Daniel White,Denver,Debit Card,Completed
ORD0036,12-04-25,Running Shoes,Footwear,60,3,180,Ethan Taylor,Chicago,Amazon Pay,Completed
ORD0037,05-03-25,Washing Machine,Home Appliances,600,5,3000,Sophia Anderson,Houston,Gift Card,Cancelled
ORD0038,27-03-25,T-Shirt,Clothing,19,4,76,Emma Lee,Los Angeles,Amazon Pay,Completed
ORD0039,11-04-25,Book,Books,15,5,75,Isabella Taylor,Miami,Debit Card,Pending
ORD0040,17-02-25,Running Shoes,Footwear,62,3,186,Alex Clark,New York,Debit Card,Completed
ORD0041,03-02-25,Laptop,Electronics,799,3,2397,Isabella Johnson,Boston,PayPal,Cancelled
ORD0042,28-04-25,Jeans,Clothing,39,2,78,Chris Doe,Seattle,Amazon Pay,Completed
ORD0043,26-03-25,T-Shirt,Clothing,20,2,40,Jane Johnson,Miami,Credit Card,Pending
ORD0044,02-04-25,Smartphone,Electronics,487,1,487,Emma Johnson,Miami,Amazon Pay,Completed
ORD0045,28-04-25,Refrigerator,Home Appliances,1200,4,4800,Olivia Lee,Boston,Credit Card,Pending
ORD0046,11-02-25,Running Shoes,Footwear,60,4,240,Emma Miller,Los Angeles,PayPal,Pending
ORD0047,03-03-25,Running Shoes,Footwear,58,3,174,Ethan Harris,Boston,Gift Card,Completed
ORD0048,11-04-25,T-Shirt,Clothing,20,2,40,Daniel Brown,San Francisco,Credit Card,Pending
ORD0049,22-04-25,Refrigerator,Home Appliances,1235,2,2470,Daniel White,Chicago,Gift Card,Cancelled
ORD0050,27-03-25,T-Shirt,Clothing,21,2,42,David Smith,Denver,PayPal,Completed
ORD0051,04-02-25,Smartwatch,Electronics,148,1,148,John Clark,Dallas,Credit Card,Pending
ORD0052,20-02-25,Book,Books,16,5,80,Ethan Clark,Boston,PayPal,Completed
ORD0053,08-04-25,Book,Books,15,1,15,Jane Anderson,Denver,Debit Card,Completed
ORD0054,13-02-25,Jeans,Clothing,42,1,42,Noah Brown,Denver,Debit Card,Completed
ORD0055,09-04-25,Smartwatch,Electronics,145,5,725,Chris Garcia,Denver,Amazon Pay,Completed
ORD0056,27-03-25,Smartphone,Electronics,500,2,1000,Sophia Martinez,Seattle,Gift Card,Completed
ORD0057,12-04-25,Washing Machine,Home Appliances,602,1,602,Emma Martinez,Dallas,PayPal,Cancelled
ORD0058,29-04-25,Headphones,Electronics,99,3,297,Daniel Smith,Dallas,Credit Card,Pending
ORD0059,12-02-25,T-Shirt,Clothing,21,2,42,Liam Harris,Los Angeles,Amazon Pay,Cancelled
ORD0060,05-03-25,Smartwatch,Electronics,145,2,290,Ava Miller,Dallas,Amazon Pay,Pending
ORD0061,12-03-25,Laptop,Electronics,829,4,3316,Mia Johnson,Los Angeles,Amazon Pay,Completed
ORD0062,14-03-25,Refrigerator,Home Appliances,1232,1,1232,Michael Lee,San Francisco,Debit Card,Completed
ORD0063,07-03-25,Laptop,Electronics,773,1,773,Daniel Miller,Chicago,Debit Card,Completed
ORD0064,02-04-25,Running Shoes,Footwear,58,1,58,Liam Brown,New York,PayPal,Completed
ORD0065,16-03-25,Running Shoes,Footwear,58,4,232,Ethan Anderson,Miami,Debit Card,Completed
ORD0066,27-02-25,Jeans,Clothing,40,3,120,Ethan Lee,Houston,Debit Card,Pending
ORD0067,28-03-25,Jeans,Clothing,40,4,160,Daniel Doe,Houston,Amazon Pay,Cancelled
ORD0068,29-03-25,Running Shoes,Footwear,63,4,252,Ava Anderson,Miami,Credit Card,Pending
ORD0069,27-04-25,Running Shoes,Footwear,63,1,63,Daniel Wilson,Houston,Debit Card,Completed
ORD0070,26-02-25,Smartphone,Electronics,500,2,1000,Noah Miller,Boston,Debit Card,Completed
ORD0071,18-04-25,Laptop,Electronics,776,2,1552,Noah Wilson,Chicago,Credit Card,Cancelled
ORD0072,06-02-25,Headphones,Electronics,97,2,194,Isabella Johnson,San Francisco,Amazon Pay,Cancelled
ORD0073,27-03-25,Smartwatch,Electronics,146,1,146,Liam Clark,Los Angeles,PayPal,Completed
ORD0074,13-02-25,Refrigerator,Home Appliances,1215,1,1215,Emily Wilson,Houston,Debit Card,Completed
ORD0075,13-04-25,Washing Machine,Home Appliances,626,1,626,Noah Taylor,San Francisco,Credit Card,Completed
ORD0076,28-03-25,Smartwatch,Electronics,151,1,151,Ava Johnson,San Francisco,Credit Card,Completed
ORD0077,04-02-25,Jeans,Clothing,38,2,76,Isabella Lee,San Francisco,Credit Card,Pending
ORD0078,18-02-25,Smartphone,Electronics,518,5,2590,Ethan Doe,Boston,Gift Card,Cancelled
ORD0079,21-03-25,Washing Machine,Home Appliances,615,1,615,Daniel Wilson,Boston,Credit Card,Completed
ORD0080,26-02-25,Laptop,Electronics,819,1,819,Daniel Clark,Seattle,Amazon Pay,Completed
ORD0081,23-04-25,Headphones,Electronics,96,1,96,Daniel Garcia,Seattle,Gift Card,Completed
ORD0082,19-04-25,Smartwatch,Electronics,144,1,144,David White,Denver,PayPal,Completed
ORD0083,05-04-25,Washing Machine,Home Appliances,598,1,598,Ava Harris,San Francisco,Debit Card,Pending
ORD0084,01-02-25,Smartwatch,Electronics,146,3,438,John Doe,San Francisco,Gift Card,Completed
ORD0085,25-03-25,Headphones,Electronics,105,3,315,Ethan Smith,San Francisco,Gift Card,Completed
ORD0086,24-03-25,Smartphone,Electronics,501,1,501,Ethan Johnson,Boston,Credit Card,Pending
ORD0087,28-03-25,Washing Machine,Home Appliances,589,1,589,Daniel Wilson,Boston,Amazon Pay,Pending
ORD0088,19-03-25,Laptop,Electronics,790,1,790,Daniel Brown,Boston,Amazon Pay,Completed
ORD0089,16-02-25,Smartwatch,Electronics,150,1,150,Isabella Taylor,Dallas,Debit Card,Cancelled
ORD0090,11-03-25,Book,Books,16,4,64,Daniel Smith,Miami,Credit Card,Completed
ORD0091,02-03-25,Washing Machine,Home Appliances,628,1,628,Emily Miller,Dallas,Credit Card,Completed
ORD0092,05-03-25,Running Shoes,Footwear,57,2,114,Michael Brown,New York,Debit Card,Completed
ORD0093,10-02-25,Washing Machine,Home Appliances,604,2,1208,Ethan Lee,Houston,Credit Card,Pending
ORD0094,03-03-25,Laptop,Electronics,770,1,770,Alex Garcia,Houston,Amazon Pay,Completed
ORD0095,26-03-25,Refrigerator,Home Appliances,1242,1,1242,Daniel Smith,Denver,Debit Card,Pending
ORD0096,20-04-25,Headphones,Electronics,98,1,98,Daniel Anderson,Miami,Debit Card,Pending
ORD0097,25-02-25,Smartphone,Electronics,504,3,1512,Jane Lee,Boston,PayPal,Completed
ORD0098,18-02-25,Washing Machine,Home Appliances,610,1,610,Olivia Anderson,Seattle,Credit Card,Completed
ORD0099,18-03-25,Jeans,Clothing,41,1,41,Noah Johnson,Dallas,Debit Card,Completed
ORD0100,21-04-25,Smartwatch,Electronics,152,2,304,Noah Martinez,New York,Gift Card,Completed
ORD0101,23-04-25,Smartphone,Electronics,515,3,1545,John Martinez,Dallas,Amazon Pay,Completed
ORD0102,07-04-25,T-Shirt,Clothing,21,5,105,Ava Taylor,Los Angeles,Debit Card,Completed
ORD0103,12-02-25,Book,Books,14,1,14,David Doe,Chicago,PayPal,Completed
ORD0104,17-02-25,Smartphone,Electronics,486,5,2430,Isabella Doe,San Francisco,Gift Card,Completed
ORD0105,08-03-25,Washing Machine,Home Appliances,579,1,579,Emma Brown,San Francisco,Credit Card,Completed
ORD0106,10-02-25,Running Shoes,Footwear,62,1,62,Jane Smith,Boston,PayPal,Completed
ORD0107,03-04-25,T-Shirt,Clothing,20,5,100,Emily Johnson,Boston,Amazon Pay,Completed
ORD0108,08-03-25,Jeans,Clothing,40,5,200,Chris Anderson,Houston,PayPal,Completed
ORD0109,15-04-25,Smartwatch,Electronics,143,1,143,Ethan Martinez,Houston,Debit Card,Completed
ORD0110,10-03-25,Laptop,Electronics,829,3,2487,Noah White,Boston,Debit Card,Pending
ORD0111,18-02-25,Smartwatch,Electronics,155,3,465,Liam Miller,New York,Debit Card,Pending
ORD0112,02-02-25,Washing Machine,Home Appliances,585,4,2340,Daniel Brown,Miami,PayPal,Completed
ORD0113,22-03-25,Smartphone,Electronics,496,2,992,David Miller,Houston,Gift Card,Completed
ORD0114,01-04-25,Jeans,Clothing,42,4,168,Noah White,Denver,Amazon Pay,Cancelled
ORD0115,14-04-25,T-Shirt,Clothing,21,1,21,Alex Wilson,Houston,PayPal,Pending
ORD0116,17-03-25,Smartphone,Electronics,509,5,2545,Olivia Johnson,New York,Debit Card,Pending
ORD0117,16-03-25,Jeans,Clothing,39,5,195,Emma Lee,Boston,Debit Card,Completed
ORD0118,23-02-25,Washing Machine,Home Appliances,625,1,625,Michael Garcia,Chicago,PayPal,Pending
ORD0119,15-03-25,Refrigerator,Home Appliances,1218,1,1218,Alex Johnson,New York,PayPal,Completed
ORD0120,27-03-25,Smartphone,Electronics,520,1,520,John Wilson,Los Angeles,Gift Card,Pending
ORD0121,02-02-25,Laptop,Electronics,827,5,4135,Sophia Johnson,Denver,Credit Card,Completed
ORD0122,25-04-25,Book,Books,16,1,16,Emily Miller,Los Angeles,Amazon Pay,Completed
ORD0123,13-03-25,Jeans,Clothing,39,4,156,Olivia Johnson,Dallas,Debit Card,Completed
ORD0124,25-04-25,Running Shoes,Footwear,58,5,290,Isabella Martinez,Miami,Gift Card,Cancelled
ORD0125,12-02-25,Laptop,Electronics,811,3,2433,Emma Martinez,Boston,PayPal,Pending
ORD0126,18-03-25,T-Shirt,Clothing,19,5,95,David Anderson,Boston,Gift Card,Completed
ORD0127,31-03-25,Smartwatch,Electronics,155,4,620,Noah Anderson,Boston,Amazon Pay,Completed
ORD0128,28-02-25,Running Shoes,Footwear,61,2,122,Lucas Johnson,Seattle,PayPal,Completed
ORD0129,22-02-25,T-Shirt,Clothing,20,2,40,Emma Doe,Los Angeles,Credit Card,Completed
ORD0130,15-03-25,Smartphone,Electronics,485,2,970,Emily Taylor,Chicago,PayPal,Completed
ORD0131,13-03-25,Smartphone,Electronics,488,5,2440,Sophia White,Los Angeles,Debit Card,Completed
ORD0132,28-02-25,T-Shirt,Clothing,20,1,20,Chris Wilson,Boston,Debit Card,Completed
ORD0133,18-02-25,Book,Books,14,3,42,Daniel Doe,Boston,Credit Card,Completed
ORD0134,20-03-25,Laptop,Electronics,835,3,2505,Daniel White,Chicago,PayPal,Completed
ORD0135,14-04-25,Washing Machine,Home Appliances,585,1,585,Daniel Brown,Boston,Gift Card,Completed
ORD0136,21-03-25,Smartwatch,Electronics,150,4,600,Lucas Brown,Boston,PayPal,Completed
ORD0137,27-02-25,Washing Machine,Home Appliances,594,1,594,Olivia Brown,Dallas,Credit Card,Completed
ORD0138,23-02-25,Running Shoes,Footwear,62,1,62,Emily Miller,Dallas,Credit Card,Completed
ORD0139,24-02-25,Headphones,Electronics,96,1,96,Chris Doe,Houston,PayPal,Completed
ORD0140,08-02-25,Jeans,Clothing,41,4,164,Ethan White,Houston,Debit Card,Cancelled
ORD0141,08-03-25,T-Shirt,Clothing,20,5,100,Emma Anderson,New York,PayPal,Completed
ORD0142,05-03-25,Washing Machine,Home Appliances,597,1,597,Alex Brown,New York,Amazon Pay,Pending
ORD0143,05-02-25,Running Shoes,Footwear,61,3,183,Noah Wilson,Dallas,Gift Card,Completed
ORD0144,06-03-25,Smartphone,Electronics,498,2,996,Sophia Lee,Seattle,PayPal,Pending
ORD0145,22-02-25,Laptop,Electronics,764,1,764,David Wilson,Denver,PayPal,Completed
ORD0146,09-04-25,Jeans,Clothing,41,5,205,Alex White,San Francisco,Debit Card,Completed
ORD0147,29-04-25,Jeans,Clothing,40,3,120,Mia Anderson,Boston,Debit Card,Completed
ORD0148,10-02-25,Book,Books,15,2,30,Emily Miller,Houston,Credit Card,Completed
ORD0149,20-03-25,Washing Machine,Home Appliances,574,2,1148,Daniel Brown,Seattle,Credit Card,Cancelled
ORD0150,16-04-25,Running Shoes,Footwear,58,3,174,Mia Brown,Houston,PayPal,Completed
ORD0151,04-03-25,Headphones,Electronics,102,1,102,Daniel Miller,San Francisco,Credit Card,Completed
ORD0152,29-04-25,Book,Books,15,5,75,Noah Clark,New York,Amazon Pay,Completed
ORD0153,03-02-25,Smartphone,Electronics,487,1,487,Emily Anderson,Denver,Credit Card,Completed
ORD0154,17-03-25,Laptop,Electronics,837,1,837,Lucas White,Denver,Debit Card,Completed
ORD0155,09-02-25,Smartwatch,Electronics,157,2,314,Olivia Johnson,Miami,Debit Card,Completed
ORD0156,25-03-25,Smartphone,Electronics,491,1,491,David Doe,Miami,Gift Card,Cancelled
ORD0157,11-02-25,Headphones,Electronics,99,5,495,Daniel Brown,Los Angeles,Gift Card,Completed
ORD0158,24-03-25,Running Shoes,Footwear,57,4,228,John Doe,Dallas,Debit Card,Completed
ORD0159,09-02-25,Refrigerator,Home Appliances,1143,3,3429,Michael Wilson,Los Angeles,Credit Card,Completed
ORD0160,28-02-25,Smartphone,Electronics,497,5,2485,Chris Anderson,Chicago,Credit Card,Completed
ORD0161,18-04-25,Washing Machine,Home Appliances,616,4,2464,Emma Harris,Dallas,Amazon Pay,Pending
ORD0162,16-02-25,Headphones,Electronics,101,2,202,Mia Clark,Houston,PayPal,Pending
ORD0163,29-04-25,Washing Machine,Home Appliances,580,1,580,Chris Brown,Miami,PayPal,Completed
ORD0164,15-02-25,Running Shoes,Footwear,62,2,124,Daniel Clark,San Francisco,Credit Card,Completed
ORD0165,04-03-25,Refrigerator,Home Appliances,1187,1,1187,Isabella Brown,Los Angeles,Gift Card,Cancelled
ORD0166,30-03-25,Jeans,Clothing,42,3,126,Sophia Anderson,Denver,Debit Card,Pending
ORD0167,18-04-25,Jeans,Clothing,38,1,38,Michael Taylor,Seattle,Gift Card,Completed
ORD0168,22-03-25,Jeans,Clothing,41,2,82,Ava Garcia,Seattle,Gift Card,Completed
ORD0169,16-04-25,Refrigerator,Home Appliances,1180,1,1180,Isabella Martinez,Seattle,Amazon Pay,Cancelled
ORD0170,27-02-25,T-Shirt,Clothing,20,1,20,Mia White,Houston,PayPal,Completed
ORD0171,06-03-25,Smartphone,Electronics,493,1,493,John Johnson,Chicago,Debit Card,Completed
ORD0172,01-02-25,Book,Books,15,5,75,Daniel Garcia,San Francisco,Amazon Pay,Pending
ORD0173,21-03-25,Jeans,Clothing,40,1,40,Emma Taylor,Denver,Credit Card,Completed
ORD0174,14-04-25,Laptop,Electronics,786,4,3144,Olivia Miller,Houston,Credit Card,Cancelled
ORD0175,15-03-25,Book,Books,15,4,60,Noah Taylor,Denver,PayPal,Completed
ORD0176,27-02-25,Smartwatch,Electronics,151,2,302,Daniel Garcia,Houston,Amazon Pay,Completed
ORD0177,13-04-25,Book,Books,15,4,60,Daniel Anderson,Los Angeles,Gift Card,Cancelled
ORD0178,12-03-25,Refrigerator,Home Appliances,1215,1,1215,Alex Doe,Los Angeles,Gift Card,Completed
ORD0179,26-03-25,T-Shirt,Clothing,20,3,60,Ethan Smith,Houston,Debit Card,Completed
ORD0180,06-04-25,Running Shoes,Footwear,61,4,244,Noah Garcia,Seattle,Amazon Pay,Completed
ORD0181,13-04-25,Book,Books,14,3,42,Olivia Harris,Los Angeles,Debit Card,Completed
ORD0182,25-04-25,Smartwatch,Electronics,157,1,157,Emily Garcia,Dallas,Amazon Pay,Completed
ORD0183,21-03-25,Smartwatch,Electronics,153,1,153,Alex Garcia,Chicago,Credit Card,Pending
ORD0184,20-04-25,Smartphone,Electronics,476,1,476,Jane Brown,Houston,Debit Card,Completed
ORD0185,07-03-25,Washing Machine,Home Appliances,588,1,588,Lucas Lee,New York,Gift Card,Completed
ORD0186,05-02-25,Running Shoes,Footwear,62,5,310,Alex Smith,San Francisco,Credit Card,Cancelled
ORD0187,08-02-25,Jeans,Clothing,40,5,200,Sophia Smith,Los Angeles,Gift Card,Completed
ORD0188,07-03-25,T-Shirt,Clothing,20,1,20,Michael Smith,Seattle,Debit Card,Pending
ORD0189,05-03-25,Washing Machine,Home Appliances,587,1,587,Emma Martinez,Chicago,Gift Card,Completed
ORD0190,01-02-25,Headphones,Electronics,99,4,396,Chris Brown,Boston,Debit Card,Pending
ORD0191,17-03-25,T-Shirt,Clothing,21,1,21,Daniel Brown,Dallas,Credit Card,Completed
ORD0192,26-04-25,T-Shirt,Clothing,19,2,38,Daniel White,San Francisco,Credit Card,Pending
ORD0193,06-03-25,Smartphone,Electronics,480,3,1440,Daniel Johnson,New York,PayPal,Completed
ORD0194,25-02-25,Refrigerator,Home Appliances,1247,2,2494,Mia Brown,Dallas,PayPal,Completed
ORD0195,23-02-25,Refrigerator,Home Appliances,1215,2,2430,Daniel Anderson,Dallas,Credit Card,Pending
ORD0196,06-03-25,T-Shirt,Clothing,20,1,20,Daniel Anderson,Chicago,Amazon Pay,Completed
ORD0197,19-04-25,Laptop,Electronics,768,2,1536,Michael Taylor,Seattle,Amazon Pay,Pending
ORD0198,14-04-25,Book,Books,16,2,32,Sophia White,Denver,Credit Card,Cancelled
ORD0199,22-04-25,Refrigerator,Home Appliances,1194,2,2388,Emily Wilson,Seattle,Gift Card,Completed
ORD0200,12-02-25,Laptop,Electronics,831,2,1662,Liam Garcia,Denver,PayPal,Pending
ORD0201,19-04-25,Refrigerator,Home Appliances,1230,2,2460,Daniel Johnson,Los Angeles,PayPal,Completed
ORD0202,22-03-25,Laptop,Electronics,795,2,1590,Lucas Johnson,Chicago,Amazon Pay,Completed
ORD0203,07-03-25,T-Shirt,Clothing,21,5,105,Olivia Johnson,San Francisco,PayPal,Completed
ORD0204,07-02-25,Book,Books,14,1,14,Isabella Garcia,Miami,Gift Card,Completed
ORD0205,04-03-25,Book,Books,15,4,60,Olivia Martinez,Houston,Gift Card,Pending
ORD0206,08-02-25,Smartphone,Electronics,503,4,2012,David Doe,Chicago,Amazon Pay,Completed
ORD0207,17-04-25,Jeans,Clothing,38,3,114,Chris White,Houston,Amazon Pay,Pending
ORD0208,08-03-25,Running Shoes,Footwear,62,3,186,Isabella Brown,Houston,Credit Card,Completed
ORD0209,01-03-25,Headphones,Electronics,105,3,315,Noah Taylor,Dallas,Debit Card,Completed
ORD0210,29-03-25,Headphones,Electronics,104,4,416,Liam Johnson,Boston,Credit Card,Completed
ORD0211,09-04-25,Headphones,Electronics,101,3,303,Isabella Smith,Miami,Debit Card,Pending
ORD0212,17-04-25,T-Shirt,Clothing,19,2,38,Ethan Smith,Los Angeles,Credit Card,Completed
ORD0213,21-02-25,T-Shirt,Clothing,21,5,105,Olivia Garcia,Los Angeles,Credit Card,Completed
ORD0214,21-04-25,Washing Machine,Home Appliances,612,1,612,Daniel Harris,Boston,Credit Card,Completed
ORD0215,24-02-25,Jeans,Clothing,39,5,195,Michael White,New York,PayPal,Completed
ORD0216,13-04-25,Smartphone,Electronics,478,2,956,Daniel Taylor,Dallas,Debit Card,Completed
ORD0217,14-03-25,Refrigerator,Home Appliances,1168,2,2336,David Garcia,Los Angeles,Gift Card,Cancelled
ORD0218,02-04-25,Jeans,Clothing,38,3,114,Emily Lee,Miami,PayPal,Cancelled
ORD0219,19-03-25,Smartwatch,Electronics,151,1,151,David Taylor,Houston,PayPal,Completed
ORD0220,13-02-25,T-Shirt,Clothing,20,2,40,Mia Garcia,Boston,Credit Card,Completed
ORD0221,03-03-25,Washing Machine,Home Appliances,586,1,586,Chris Anderson,New York,Amazon Pay,Pending
ORD0222,22-04-25,Smartphone,Electronics,498,3,1494,Ava Martinez,Los Angeles,PayPal,Completed
ORD0223,13-02-25,Laptop,Electronics,767,4,3068,David Johnson,Houston,Gift Card,Completed
ORD0224,15-04-25,Refrigerator,Home Appliances,1173,2,2346,Olivia Smith,Dallas,Credit Card,Pending
ORD0225,08-02-25,Refrigerator,Home Appliances,1167,1,1167,Olivia Clark,Miami,Debit Card,Completed
ORD0226,18-04-25,Jeans,Clothing,41,2,82,Daniel Anderson,Houston,Credit Card,Cancelled
ORD0227,09-02-25,Book,Books,15,1,15,Sophia Lee,Dallas,PayPal,Completed
ORD0228,17-04-25,T-Shirt,Clothing,21,3,63,Jane Garcia,Dallas,PayPal,Completed
ORD0229,11-03-25,T-Shirt,Clothing,20,1,20,David Doe,Chicago,Amazon Pay,Completed
ORD0230,23-02-25,Laptop,Electronics,840,1,840,Isabella Miller,Chicago,Credit Card,Pending
ORD0231,14-02-25,Smartphone,Electronics,499,5,2495,Chris Anderson,Seattle,Gift Card,Pending
ORD0232,16-02-25,Smartwatch,Electronics,153,5,765,Olivia Anderson,San Francisco,Gift Card,Pending
ORD0233,28-03-25,Jeans,Clothing,40,4,160,John Taylor,Los Angeles,PayPal,Pending
ORD0234,25-03-25,Jeans,Clothing,39,1,39,Ethan Anderson,Chicago,Credit Card,Cancelled
ORD0235,05-03-25,Smartphone,Electronics,487,1,487,Noah White,Dallas,Gift Card,Pending
ORD0236,07-04-25,Headphones,Electronics,96,1,96,Liam Martinez,San Francisco,Debit Card,Completed
ORD0237,03-02-25,Laptop,Electronics,795,1,795,Jane Miller,New York,Credit Card,Cancelled
ORD0238,11-03-25,Laptop,Electronics,831,4,3324,Ava Doe,Los Angeles,Credit Card,Pending
ORD0239,21-04-25,Smartwatch,Electronics,147,1,147,Chris Miller,Denver,Gift Card,Completed
ORD0240,09-02-25,Refrigerator,Home Appliances,1229,3,3687,Isabella Smith,Houston,Debit Card,Completed
ORD0241,09-03-25,Running Shoes,Footwear,62,5,310,Chris Johnson,Los Angeles,Debit Card,Pending
ORD0242,18-03-25,Washing Machine,Home Appliances,594,1,594,Sophia Clark,Dallas,PayPal,Cancelled
ORD0243,28-03-25,Headphones,Electronics,103,1,103,Sophia Johnson,Boston,Credit Card,Pending
ORD0244,03-03-25,Headphones,Electronics,105,1,105,Ethan Brown,Miami,Gift Card,Completed
ORD0245,17-03-25,T-Shirt,Clothing,21,3,63,Ethan Lee,Boston,Debit Card,Completed
ORD0246,26-04-25,Smartwatch,Electronics,153,1,153,Mia Brown,Boston,Credit Card,Pending
ORD0247,22-03-25,Jeans,Clothing,40,1,40,Noah White,Houston,Gift Card,Completed
ORD0248,19-02-25,Jeans,Clothing,41,2,82,Alex Garcia,Miami,Debit Card,Completed
ORD0249,26-03-25,Washing Machine,Home Appliances,585,1,585,Emily Clark,Boston,PayPal,Completed
ORD0250,19-03-25,T-Shirt,Clothing,20,5,100,Jane White,Denver,Credit Card,Completed
ORD0251,09-02-25,T-Shirt,Clothing,20,1,20,Ethan Clark,Los Angeles,Debit Card,Completed
ORD0252,22-03-25,Book,Books,14,2,28,Emily Miller,Houston,Debit Card,Cancelled
ORD0253,23-04-25,Running Shoes,Footwear,59,5,295,Liam Garcia,Los Angeles,Gift Card,Completed
ORD0254,13-03-25,Refrigerator,Home Appliances,1168,3,3504,David Clark,San Francisco,Credit Card,Cancelled
ORD0255,28-02-25,Smartwatch,Electronics,154,2,308,Mia Brown,Seattle,PayPal,Completed
ORD0256,28-03-25,Book,Books,14,5,70,Ava White,Los Angeles,Debit Card,Completed
ORD0257,12-04-25,Refrigerator,Home Appliances,1169,1,1169,Emily Taylor,Dallas,Debit Card,Completed
ORD0258,28-02-25,Refrigerator,Home Appliances,1191,1,1191,Olivia Garcia,Houston,Amazon Pay,Completed
ORD0259,18-03-25,Book,Books,15,5,75,Michael Brown,Boston,Credit Card,Completed
ORD0260,07-04-25,Laptop,Electronics,837,3,2511,Daniel Johnson,New York,Debit Card,Completed
ORD0261,20-02-25,Smartphone,Electronics,519,5,2595,Emma Johnson,Seattle,Debit Card,Completed
ORD0262,09-02-25,Laptop,Electronics,765,2,1530,Alex Wilson,Miami,PayPal,Pending
ORD0263,03-03-25,Book,Books,15,3,45,Michael Brown,Houston,Debit Card,Cancelled
ORD0264,03-02-25,Headphones,Electronics,99,1,99,Daniel Smith,New York,Amazon Pay,Cancelled
ORD0265,08-03-25,Smartphone,Electronics,480,2,960,Michael Doe,San Francisco,Gift Card,Pending
ORD0266,22-02-25,Washing Machine,Home Appliances,583,1,583,John Anderson,Chicago,Debit Card,Completed
ORD0267,15-02-25,Laptop,Electronics,786,5,3930,Ethan Doe,Dallas,Credit Card,Pending
ORD0268,30-03-25,Washing Machine,Home Appliances,622,2,1244,Liam Johnson,Seattle,Debit Card,Completed
ORD0269,10-03-25,Book,Books,15,4,60,Noah Wilson,Boston,PayPal,Completed
ORD0270,09-04-25,T-Shirt,Clothing,19,5,95,Mia White,New York,Gift Card,Completed
ORD0271,16-04-25,Refrigerator,Home Appliances,1241,1,1241,Daniel Wilson,Denver,Gift Card,Completed
ORD0272,27-03-25,Washing Machine,Home Appliances,591,5,2955,Mia Garcia,New York,Credit Card,Completed
ORD0273,27-03-25,Laptop,Electronics,781,4,3124,Liam Garcia,San Francisco,Amazon Pay,Cancelled
ORD0274,04-04-25,Laptop,Electronics,825,1,825,Emma Johnson,New York,Amazon Pay,Completed
ORD0275,10-02-25,Smartphone,Electronics,476,4,1904,Lucas Smith,San Francisco,Debit Card,Completed
ORD0276,24-02-25,T-Shirt,Clothing,20,5,100,Chris Brown,Dallas,PayPal,Cancelled
ORD0277,01-02-25,T-Shirt,Clothing,20,5,100,Jane Clark,Denver,Credit Card,Cancelled
ORD0278,14-03-25,Headphones,Electronics,99,3,297,Sophia White,Denver,Credit Card,Completed
ORD0279,23-02-25,Laptop,Electronics,824,1,824,Noah Harris,Los Angeles,PayPal,Completed
ORD0280,07-04-25,Book,Books,15,1,15,Daniel Garcia,San Francisco,Amazon Pay,Completed
ORD0281,09-04-25,Laptop,Electronics,804,3,2412,John Brown,New York,Amazon Pay,Pending
ORD0282,17-03-25,Jeans,Clothing,42,1,42,Alex Clark,Dallas,Gift Card,Completed
ORD0283,01-04-25,Jeans,Clothing,38,5,190,Emma Johnson,Los Angeles,Debit Card,Completed
ORD0284,17-03-25,Running Shoes,Footwear,59,4,236,Emily Johnson,Miami,PayPal,Completed
ORD0285,26-03-25,Smartphone,Electronics,508,2,1016,Lucas Johnson,San Francisco,Credit Card,Completed
ORD0286,02-03-25,Smartphone,Electronics,493,2,986,Alex Anderson,Houston,Gift Card,Pending
ORD0287,03-02-25,Book,Books,15,5,75,Daniel Clark,Miami,Debit Card,Completed
ORD0288,26-02-25,Headphones,Electronics,99,4,396,Liam Smith,Miami,Debit Card,Completed
ORD0289,25-04-25,Washing Machine,Home Appliances,601,2,1202,Michael Wilson,Chicago,Credit Card,Pending
ORD0290,29-04-25,Laptop,Electronics,828,1,828,Jane Clark,Dallas,Gift Card,Completed
ORD0291,20-02-25,Washing Machine,Home Appliances,628,1,628,Ava Harris,Seattle,Credit Card,Pending
ORD0292,11-02-25,Smartphone,Electronics,487,1,487,David White,New York,Amazon Pay,Completed
ORD0293,23-03-25,Smartphone,Electronics,485,1,485,Liam Lee,San Francisco,PayPal,Completed
ORD0294,09-04-25,Running Shoes,Footwear,62,2,124,Mia Clark,Denver,Gift Card,Completed
ORD0295,03-03-25,Book,Books,16,1,16,Liam Johnson,Miami,Credit Card,Cancelled
ORD0296,04-04-25,Smartphone,Electronics,491,3,1473,Lucas Lee,Houston,Credit Card,Cancelled
ORD0297,21-02-25,Refrigerator,Home Appliances,1171,1,1171,Ethan Doe,Miami,Amazon Pay,Completed
ORD0298,02-03-25,Refrigerator,Home Appliances,1191,1,1191,Liam Clark,New York,Gift Card,Completed
ORD0299,28-02-25,Running Shoes,Footwear,59,4,236,David Taylor,Miami,Amazon Pay,Completed
ORD0300,10-03-25,Smartphone,Electronics,499,3,1497,Emily White,Miami,Credit Card,Pending
ORD0301,11-02-25,Smartwatch,Electronics,150,4,600,John Anderson,Houston,Credit Card,Cancelled
ORD0302,07-04-25,Washing Machine,Home Appliances,619,3,1857,Chris Miller,Boston,Credit Card,Completed
ORD0303,06-04-25,T-Shirt,Clothing,21,3,63,John Taylor,San Francisco,Credit Card,Cancelled
ORD0304,09-04-25,Laptop,Electronics,800,2,1600,Ava Miller,Seattle,PayPal,Completed
ORD0305,20-02-25,Running Shoes,Footwear,57,1,57,Emily Harris,Seattle,Credit Card,Pending
ORD0306,18-04-25,Running Shoes,Footwear,59,3,177,Lucas Wilson,San Francisco,PayPal,Cancelled
ORD0307,11-04-25,Laptop,Electronics,776,1,776,Daniel Harris,Chicago,Gift Card,Completed
ORD0308,21-02-25,Smartwatch,Electronics,148,1,148,Olivia Martinez,New York,PayPal,Completed
ORD0309,17-02-25,Smartwatch,Electronics,143,1,143,Ethan Harris,New York,PayPal,Completed
ORD0310,20-04-25,Laptop,Electronics,783,1,783,John Wilson,San Francisco,Gift Card,Completed
ORD0311,01-04-25,Smartphone,Electronics,499,2,998,Jane Harris,New York,Credit Card,Pending
ORD0312,17-02-25,Running Shoes,Footwear,60,2,120,John Miller,San Francisco,Amazon Pay,Pending
ORD0313,25-02-25,Washing Machine,Home Appliances,580,1,580,Lucas Brown,Chicago,Amazon Pay,Completed
ORD0314,14-04-25,Book,Books,16,3,48,Daniel White,New York,Gift Card,Pending
ORD0315,17-02-25,Headphones,Electronics,101,1,101,Olivia White,Los Angeles,PayPal,Completed
ORD0316,08-04-25,Jeans,Clothing,40,1,40,Isabella Martinez,New York,Amazon Pay,Completed
ORD0317,08-02-25,Smartphone,Electronics,484,2,968,Isabella Johnson,Dallas,Gift Card,Completed
ORD0318,24-04-25,T-Shirt,Clothing,20,5,100,Michael Wilson,Chicago,Credit Card,Completed
ORD0319,13-04-25,Washing Machine,Home Appliances,586,3,1758,Chris Taylor,Chicago,Amazon Pay,Completed
ORD0320,04-03-25,Headphones,Electronics,97,1,97,Noah Harris,Los Angeles,Gift Card,Completed
ORD0321,22-04-25,Smartwatch,Electronics,146,2,292,John White,Los Angeles,Gift Card,Completed
ORD0322,14-04-25,Smartphone,Electronics,480,5,2400,Emily Brown,Denver,Credit Card,Completed
ORD0323,08-02-25,Laptop,Electronics,760,4,3040,Isabella Johnson,Miami,Credit Card,Completed
ORD0324,21-04-25,Smartwatch,Electronics,149,3,447,Daniel Smith,Boston,Amazon Pay,Completed
ORD0325,15-02-25,Smartphone,Electronics,485,3,1455,Lucas Lee,Seattle,Amazon Pay,Pending
ORD0326,27-02-25,Smartwatch,Electronics,151,1,151,Daniel Garcia,Boston,PayPal,Completed
ORD0327,17-02-25,Running Shoes,Footwear,63,2,126,Emily Miller,San Francisco,Gift Card,Completed
ORD0328,06-03-25,T-Shirt,Clothing,20,1,20,Olivia White,Houston,Credit Card,Pending
ORD0329,23-03-25,Washing Machine,Home Appliances,623,1,623,Ava Miller,Chicago,Amazon Pay,Completed
ORD0330,17-02-25,Refrigerator,Home Appliances,1141,1,1141,Jane Doe,Denver,Credit Card,Completed
ORD0331,15-03-25,Laptop,Electronics,823,5,4115,Alex Garcia,Los Angeles,Debit Card,Completed
ORD0332,15-03-25,Jeans,Clothing,40,3,120,Mia Lee,Chicago,Amazon Pay,Completed
ORD0333,10-03-25,Smartphone,Electronics,496,2,992,Liam White,Los Angeles,Credit Card,Completed
ORD0334,29-03-25,Refrigerator,Home Appliances,1163,1,1163,Lucas Wilson,Seattle,Credit Card,Pending
ORD0335,11-02-25,Jeans,Clothing,40,2,80,Daniel Johnson,Los Angeles,Credit Card,Cancelled
ORD0336,23-04-25,Book,Books,15,2,30,Daniel Wilson,Boston,Amazon Pay,Cancelled
ORD0337,17-04-25,Jeans,Clothing,42,5,210,Alex Johnson,Chicago,Amazon Pay,Completed
ORD0338,14-04-25,Running Shoes,Footwear,58,5,290,Emily Clark,New York,Credit Card,Completed
ORD0339,05-03-25,Jeans,Clothing,42,1,42,Lucas Taylor,Miami,Credit Card,Completed
ORD0340,26-03-25,Smartphone,Electronics,502,3,1506,Liam Brown,Chicago,PayPal,Completed
ORD0341,02-03-25,Washing Machine,Home Appliances,602,1,602,Isabella White,Miami,PayPal,Pending
ORD0342,01-02-25,Headphones,Electronics,96,3,288,Ethan Johnson,Dallas,PayPal,Pending
ORD0343,20-04-25,Running Shoes,Footwear,61,4,244,Daniel Wilson,Boston,Credit Card,Completed
ORD0344,04-03-25,T-Shirt,Clothing,19,5,95,Michael Wilson,Dallas,Amazon Pay,Pending
ORD0345,04-02-25,Smartwatch,Electronics,144,3,432,Ethan Harris,Dallas,Gift Card,Pending
ORD0346,21-02-25,Running Shoes,Footwear,58,5,290,Isabella Johnson,Miami,Debit Card,Completed
ORD0347,06-04-25,T-Shirt,Clothing,21,5,105,Alex Martinez,San Francisco,Credit Card,Cancelled
ORD0348,25-03-25,Running Shoes,Footwear,61,3,183,John Miller,Miami,PayPal,Pending
ORD0349,06-04-25,Jeans,Clothing,38,4,152,Emma Miller,Dallas,Gift Card,Pending
ORD0350,01-04-25,Jeans,Clothing,38,1,38,Noah Taylor,Seattle,Credit Card,Pending
ORD0351,12-02-25,Jeans,Clothing,39,2,78,Noah Martinez,San Francisco,Debit Card,Completed
ORD0352,11-04-25,Running Shoes,Footwear,63,4,252,Emily Miller,Chicago,Amazon Pay,Cancelled
ORD0353,05-03-25,Laptop,Electronics,778,5,3890,Ava Miller,San Francisco,Amazon Pay,Completed
ORD0354,17-03-25,T-Shirt,Clothing,20,4,80,John Lee,San Francisco,Gift Card,Completed
ORD0355,17-04-25,Smartphone,Electronics,489,2,978,Mia Lee,Chicago,Gift Card,Pending
ORD0356,06-04-25,Jeans,Clothing,38,2,76,David Wilson,Dallas,Debit Card,Pending
ORD0357,16-04-25,T-Shirt,Clothing,20,3,60,Noah White,Denver,Gift Card,Completed
ORD0358,31-03-25,Book,Books,14,3,42,Lucas Lee,Boston,Amazon Pay,Pending
ORD0359,07-02-25,Laptop,Electronics,761,1,761,Olivia Clark,Seattle,PayPal,Pending
ORD0360,06-04-25,Laptop,Electronics,795,1,795,Daniel Martinez,Denver,PayPal,Completed
ORD0361,16-04-25,Book,Books,15,5,75,Emily Garcia,Houston,Debit Card,Completed
ORD0362,16-04-25,Running Shoes,Footwear,58,1,58,Sophia White,Chicago,Gift Card,Completed
ORD0363,03-02-25,Running Shoes,Footwear,61,4,244,Noah Miller,Los Angeles,Amazon Pay,Cancelled
ORD0364,25-04-25,Washing Machine,Home Appliances,630,1,630,John White,Miami,Credit Card,Completed
ORD0365,19-03-25,Washing Machine,Home Appliances,593,2,1186,Noah White,San Francisco,PayPal,Pending
ORD0366,07-04-25,Headphones,Electronics,104,1,104,Sophia Smith,Denver,Amazon Pay,Pending
ORD0367,25-03-25,Smartphone,Electronics,500,5,2500,Emily Miller,Denver,Debit Card,Completed
ORD0368,24-04-25,Refrigerator,Home Appliances,1222,1,1222,Daniel Anderson,Houston,Gift Card,Completed
ORD0369,03-02-25,Running Shoes,Footwear,60,4,240,Mia White,Dallas,Credit Card,Cancelled
ORD0370,24-02-25,Smartphone,Electronics,496,3,1488,Noah Anderson,San Francisco,Debit Card,Pending
ORD0371,20-02-25,Refrigerator,Home Appliances,1225,1,1225,Jane Smith,Houston,PayPal,Cancelled
ORD0372,23-02-25,Laptop,Electronics,761,4,3044,Noah Garcia,Dallas,Gift Card,Completed
ORD0373,22-04-25,Smartphone,Electronics,503,1,503,Isabella White,Chicago,Debit Card,Completed
ORD0374,17-04-25,Smartphone,Electronics,515,3,1545,Ava White,Seattle,Credit Card,Cancelled
ORD0375,01-03-25,Laptop,Electronics,781,2,1562,Chris Garcia,Houston,PayPal,Pending
ORD0376,10-04-25,Refrigerator,Home Appliances,1243,1,1243,John Martinez,Houston,Credit Card,Completed
ORD0377,09-04-25,Running Shoes,Footwear,61,1,61,Olivia White,Chicago,Credit Card,Cancelled
ORD0378,04-04-25,Smartwatch,Electronics,154,4,616,Liam Anderson,Seattle,Gift Card,Completed
ORD0379,11-02-25,Refrigerator,Home Appliances,1195,1,1195,Jane Clark,New York,Amazon Pay,Completed
ORD0380,19-04-25,Jeans,Clothing,40,2,80,Mia Taylor,Dallas,PayPal,Cancelled
ORD0381,05-03-25,Running Shoes,Footwear,59,2,118,Jane Brown,New York,Debit Card,Cancelled
ORD0382,22-03-25,Smartphone,Electronics,475,2,950,Chris White,Miami,PayPal,Pending
ORD0383,18-03-25,Headphones,Electronics,98,1,98,Daniel Johnson,Los Angeles,Gift Card,Completed
ORD0384,05-02-25,Smartphone,Electronics,480,5,2400,Isabella Anderson,Denver,Debit Card,Cancelled
ORD0385,15-04-25,Washing Machine,Home Appliances,630,1,630,Noah Johnson,San Francisco,Amazon Pay,Pending
ORD0386,15-04-25,Book,Books,15,4,60,Olivia Lee,Denver,Debit Card,Cancelled
ORD0387,02-03-25,Refrigerator,Home Appliances,1153,1,1153,Daniel Harris,Seattle,PayPal,Cancelled
ORD0388,28-02-25,Laptop,Electronics,789,1,789,Emma Brown,Denver,Credit Card,Completed
ORD0389,07-04-25,Smartwatch,Electronics,154,2,308,Alex Doe,Miami,Gift Card,Pending
ORD0390,30-04-25,Laptop,Electronics,826,3,2478,Ava Smith,New York,Debit Card,Cancelled
ORD0391,01-02-25,Smartphone,Electronics,506,2,1012,Emma Wilson,Los Angeles,Credit Card,Completed
ORD0392,27-04-25,Headphones,Electronics,103,2,206,Daniel Garcia,New York,Gift Card,Completed
ORD0393,13-02-25,Smartphone,Electronics,487,1,487,Daniel Taylor,Boston,PayPal,Pending
ORD0394,17-02-25,Headphones,Electronics,96,2,192,Daniel Brown,Los Angeles,Gift Card,Pending
ORD0395,18-03-25,Smartphone,Electronics,515,3,1545,Emma Lee,Denver,Credit Card,Completed
ORD0396,13-03-25,Washing Machine,Home Appliances,600,1,600,Liam Taylor,Miami,PayPal,Completed
ORD0397,20-03-25,Laptop,Electronics,838,5,4190,Isabella Johnson,Boston,Gift Card,Pending
ORD0398,22-02-25,Smartphone,Electronics,516,4,2064,Daniel Wilson,San Francisco,Amazon Pay,Completed
ORD0399,23-03-25,Jeans,Clothing,41,5,205,Mia Johnson,Boston,Credit Card,Pending
ORD0400,26-04-25,T-Shirt,Clothing,20,5,100,Emma Lee,San Francisco,Amazon Pay,Completed
ORD0401,09-03-25,Running Shoes,Footwear,58,5,290,Michael Taylor,New York,Amazon Pay,Cancelled
ORD0402,13-03-25,Laptop,Electronics,787,5,3935,Noah Taylor,Houston,Debit Card,Completed
ORD0403,31-03-25,Refrigerator,Home Appliances,1201,1,1201,Daniel Harris,Boston,Amazon Pay,Completed
ORD0404,11-04-25,Smartphone,Electronics,485,1,485,Sophia Garcia,San Francisco,Debit Card,Completed
ORD0405,24-04-25,Washing Machine,Home Appliances,610,1,610,Ava Martinez,Chicago,PayPal,Pending
ORD0406,01-02-25,T-Shirt,Clothing,20,1,20,Emily Lee,Seattle,Amazon Pay,Completed
ORD0407,16-03-25,Laptop,Electronics,835,1,835,Isabella White,Seattle,Amazon Pay,Completed
ORD0408,12-04-25,Running Shoes,Footwear,60,3,180,Emma Anderson,Denver,PayPal,Completed
ORD0409,18-03-25,Smartphone,Electronics,497,1,497,Chris White,Houston,Amazon Pay,Pending
ORD0410,21-04-25,Washing Machine,Home Appliances,625,1,625,Emma Clark,Boston,Debit Card,Cancelled
ORD0411,15-03-25,Jeans,Clothing,39,1,39,Lucas Anderson,Boston,PayPal,Pending
ORD0412,26-04-25,Headphones,Electronics,99,2,198,David Harris,Miami,PayPal,Pending
ORD0413,27-04-25,Laptop,Electronics,823,1,823,Ava Garcia,Chicago,Gift Card,Completed
ORD0414,11-03-25,Refrigerator,Home Appliances,1179,1,1179,Mia White,Los Angeles,Amazon Pay,Completed
ORD0415,07-03-25,Jeans,Clothing,42,5,210,Chris White,Dallas,Credit Card,Completed
ORD0416,10-04-25,Refrigerator,Home Appliances,1152,1,1152,Ava Anderson,New York,Credit Card,Completed
ORD0417,14-04-25,T-Shirt,Clothing,21,3,63,Olivia Taylor,Chicago,PayPal,Completed
ORD0418,15-02-25,Refrigerator,Home Appliances,1143,4,4572,Noah Johnson,Los Angeles,Gift Card,Pending
ORD0419,10-02-25,Running Shoes,Footwear,60,3,180,Daniel Doe,Miami,Debit Card,Completed
ORD0420,30-04-25,Book,Books,15,1,15,Mia Anderson,Miami,Debit Card,Completed
ORD0421,10-04-25,Laptop,Electronics,802,1,802,Daniel Brown,San Francisco,Amazon Pay,Pending
ORD0422,24-02-25,Washing Machine,Home Appliances,619,1,619,Isabella Anderson,Boston,PayPal,Cancelled
ORD0423,25-02-25,Refrigerator,Home Appliances,1230,1,1230,Ava Smith,Boston,Amazon Pay,Completed
ORD0424,30-04-25,Running Shoes,Footwear,58,5,290,Mia Taylor,Chicago,Amazon Pay,Completed
ORD0425,31-03-25,Running Shoes,Footwear,60,3,180,Olivia Wilson,Miami,Debit Card,Pending
ORD0426,23-04-25,Refrigerator,Home Appliances,1169,2,2338,Daniel Miller,Miami,PayPal,Completed
ORD0427,03-04-25,Jeans,Clothing,42,4,168,David Doe,Miami,Debit Card,Pending
ORD0428,25-04-25,Washing Machine,Home Appliances,574,1,574,Sophia Garcia,San Francisco,PayPal,Completed
ORD0429,03-04-25,T-Shirt,Clothing,19,1,19,Emily Lee,Boston,Credit Card,Pending
ORD0430,07-03-25,Jeans,Clothing,40,5,200,Alex Smith,New York,Amazon Pay,Pending
ORD0431,13-02-25,Book,Books,16,3,48,Ava Johnson,Seattle,Debit Card,Completed
ORD0432,02-03-25,Washing Machine,Home Appliances,593,1,593,Alex Doe,Dallas,Amazon Pay,Completed
ORD0433,23-02-25,Smartphone,Electronics,504,2,1008,Ethan Johnson,Chicago,Gift Card,Completed
ORD0434,15-04-25,Book,Books,15,4,60,Emma Smith,Houston,Credit Card,Cancelled
ORD0435,18-02-25,Book,Books,15,5,75,Lucas Brown,Boston,Amazon Pay,Completed
ORD0436,22-03-25,Refrigerator,Home Appliances,1164,1,1164,Emily Anderson,Los Angeles,Debit Card,Cancelled
ORD0437,06-04-25,Jeans,Clothing,38,4,152,Liam Doe,Dallas,Debit Card,Completed
ORD0438,07-03-25,Jeans,Clothing,39,1,39,Daniel Garcia,Miami,Credit Card,Completed
ORD0439,09-04-25,Washing Machine,Home Appliances,620,1,620,Alex Garcia,Los Angeles,PayPal,Pending
ORD0440,26-04-25,Laptop,Electronics,776,2,1552,Lucas Johnson,Houston,Amazon Pay,Completed
ORD0441,28-02-25,T-Shirt,Clothing,21,5,105,Alex Smith,Boston,PayPal,Pending
ORD0442,02-03-25,Refrigerator,Home Appliances,1226,1,1226,Liam White,Los Angeles,Gift Card,Completed
ORD0443,04-03-25,T-Shirt,Clothing,19,3,57,Noah Johnson,Dallas,PayPal,Cancelled
ORD0444,10-04-25,Jeans,Clothing,41,3,123,Daniel Martinez,New York,Gift Card,Completed
ORD0445,12-04-25,T-Shirt,Clothing,19,1,19,Daniel White,San Francisco,Credit Card,Completed
ORD0446,01-04-25,Washing Machine,Home Appliances,612,2,1224,Emma Clark,New York,Credit Card,Completed
ORD0447,16-04-25,T-Shirt,Clothing,19,2,38,Olivia Johnson,Houston,Credit Card,Cancelled
ORD0448,20-02-25,Smartwatch,Electronics,147,4,588,John Harris,New York,Debit Card,Completed
ORD0449,28-04-25,Headphones,Electronics,97,1,97,Emma Brown,Houston,Debit Card,Completed
ORD0450,11-02-25,Running Shoes,Footwear,61,3,183,Emma White,Chicago,Gift Card,Completed
ORD0451,05-03-25,Book,Books,15,4,60,David Anderson,Seattle,PayPal,Completed
ORD0452,03-02-25,Running Shoes,Footwear,62,4,248,John Garcia,New York,Debit Card,Cancelled
ORD0453,17-02-25,Headphones,Electronics,101,1,101,Daniel Martinez,San Francisco,Gift Card,Pending
ORD0454,06-03-25,Book,Books,15,4,60,Daniel Brown,Seattle,Debit Card,Cancelled
ORD0455,19-02-25,Refrigerator,Home Appliances,1236,1,1236,Lucas Taylor,Denver,Credit Card,Cancelled
ORD0456,27-04-25,Smartwatch,Electronics,148,4,592,John Johnson,Chicago,Credit Card,Completed
ORD0457,05-04-25,Refrigerator,Home Appliances,1144,1,1144,Emily Anderson,Denver,Debit Card,Completed
ORD0458,17-02-25,Headphones,Electronics,101,3,303,Lucas Clark,Miami,Credit Card,Pending
ORD0459,24-03-25,Running Shoes,Footwear,61,3,183,Daniel Miller,San Francisco,Debit Card,Completed
ORD0460,07-03-25,Smartphone,Electronics,477,2,954,John Taylor,Los Angeles,Credit Card,Completed
ORD0461,22-03-25,Washing Machine,Home Appliances,614,1,614,Mia Doe,Seattle,Credit Card,Completed
ORD0462,07-04-25,Laptop,Electronics,820,2,1640,Lucas Clark,Los Angeles,Debit Card,Cancelled
ORD0463,31-03-25,Smartwatch,Electronics,150,1,150,Liam Wilson,Dallas,Debit Card,Completed
ORD0464,28-03-25,Headphones,Electronics,103,1,103,David Lee,Dallas,Amazon Pay,Completed
ORD0465,17-04-25,Smartphone,Electronics,497,5,2485,Michael Clark,New York,Credit Card,Completed
ORD0466,18-02-25,Headphones,Electronics,103,1,103,Daniel Brown,Seattle,PayPal,Completed
ORD0467,13-04-25,Headphones,Electronics,97,1,97,Emily Taylor,Boston,Debit Card,Completed
ORD0468,05-02-25,Running Shoes,Footwear,60,4,240,Daniel Anderson,Denver,Gift Card,Completed
ORD0469,16-03-25,Washing Machine,Home Appliances,606,1,606,Mia Doe,San Francisco,Credit Card,Completed
ORD0470,02-03-25,Washing Machine,Home Appliances,580,3,1740,Daniel Harris,New York,Gift Card,Completed
ORD0471,12-04-25,Washing Machine,Home Appliances,628,1,628,Daniel Doe,New York,PayPal,Cancelled
ORD0472,28-02-25,Running Shoes,Footwear,60,1,60,John Harris,Chicago,PayPal,Completed
ORD0473,14-04-25,Smartwatch,Electronics,145,3,435,Olivia Brown,Houston,Debit Card,Cancelled
ORD0474,18-03-25,T-Shirt,Clothing,21,5,105,Michael Johnson,Houston,PayPal,Completed
ORD0475,17-04-25,Running Shoes,Footwear,60,2,120,Alex Harris,Houston,Amazon Pay,Completed
ORD0476,21-04-25,Refrigerator,Home Appliances,1144,3,3432,Liam Harris,Houston,Amazon Pay,Completed
ORD0477,07-04-25,Running Shoes,Footwear,58,1,58,Daniel Brown,Miami,Debit Card,Pending
ORD0478,03-02-25,Refrigerator,Home Appliances,1255,1,1255,Daniel Garcia,Chicago,Debit Card,Completed
ORD0479,05-04-25,Running Shoes,Footwear,57,4,228,Sophia Johnson,New York,Debit Card,Completed
ORD0480,04-02-25,Running Shoes,Footwear,58,4,232,Chris Johnson,Houston,Credit Card,Completed
ORD0481,17-03-25,T-Shirt,Clothing,20,2,40,Emily Johnson,Dallas,Amazon Pay,Completed
ORD0482,04-04-25,Smartwatch,Electronics,156,2,312,Emma Miller,Miami,PayPal,Pending
ORD0483,11-02-25,Refrigerator,Home Appliances,1241,1,1241,Alex Anderson,Miami,Debit Card,Completed
ORD0484,04-02-25,Washing Machine,Home Appliances,612,1,612,Alex Miller,Chicago,PayPal,Completed
ORD0485,04-02-25,Refrigerator,Home Appliances,1229,1,1229,Daniel Martinez,Denver,Amazon Pay,Completed
ORD0486,17-03-25,Headphones,Electronics,102,2,204,Isabella Johnson,Dallas,Credit Card,Completed
ORD0487,01-02-25,T-Shirt,Clothing,21,3,63,Ava Martinez,New York,PayPal,Completed
ORD0488,02-02-25,T-Shirt,Clothing,19,2,38,Isabella Harris,New York,Gift Card,Pending
ORD0489,11-02-25,Headphones,Electronics,104,2,208,Daniel Smith,Dallas,Amazon Pay,Completed
ORD0490,04-02-25,Running Shoes,Footwear,61,4,244,Daniel Taylor,Dallas,PayPal,Completed
ORD0491,04-04-25,T-Shirt,Clothing,20,2,40,Chris Harris,Denver,Credit Card,Completed
ORD0492,06-02-25,Running Shoes,Footwear,63,2,126,Michael Wilson,Boston,Debit Card,Pending
ORD0493,22-04-25,Washing Machine,Home Appliances,586,1,586,Liam Lee,Los Angeles,Debit Card,Pending
ORD0494,23-02-25,Washing Machine,Home Appliances,628,1,628,Emily Brown,Chicago,Amazon Pay,Completed
ORD0495,06-02-25,Washing Machine,Home Appliances,590,3,1770,Jane Harris,Denver,Debit Card,Cancelled
ORD0496,23-04-25,Refrigerator,Home Appliances,1250,1,1250,Sophia Anderson,Houston,Amazon Pay,Cancelled
ORD0497,19-03-25,Smartphone,Electronics,516,5,2580,Emily White,Seattle,Debit Card,Pending
ORD0498,17-02-25,Smartphone,Electronics,504,1,504,Lucas Anderson,Boston,Credit Card,Completed
ORD0499,03-04-25,Running Shoes,Footwear,57,4,228,Sophia Garcia,San Francisco,PayPal,Completed
ORD0500,07-04-25,Smartwatch,Electronics,147,2,294,Sophia Taylor,San Francisco,Debit Card,Cancelled
ORD0501,03-04-25,Headphones,Electronics,101,1,101,Liam Lee,New York,PayPal,Pending
ORD0502,28-04-25,Smartphone,Electronics,481,3,1443,Emma Clark,Chicago,Credit Card,Completed
ORD0503,20-03-25,T-Shirt,Clothing,19,4,76,Lucas Harris,New York,Amazon Pay,Completed
ORD0504,07-02-25,Laptop,Electronics,833,5,4165,Sophia Garcia,Houston,PayPal,Cancelled
ORD0505,25-02-25,Headphones,Electronics,98,3,294,Lucas White,Los Angeles,Debit Card,Completed
ORD0506,22-02-25,Headphones,Electronics,105,1,105,Michael White,Dallas,PayPal,Completed
ORD0507,15-04-25,T-Shirt,Clothing,21,1,21,Noah Garcia,Seattle,Credit Card,Completed
ORD0508,10-04-25,Washing Machine,Home Appliances,572,3,1716,Ava White,Boston,PayPal,Cancelled
ORD0509,29-04-25,T-Shirt,Clothing,21,1,21,Daniel Taylor,Los Angeles,Debit Card,Completed
ORD0510,17-04-25,Jeans,Clothing,42,1,42,Lucas Smith,Houston,Credit Card,Pending
ORD0511,24-03-25,Smartphone,Electronics,518,4,2072,Alex Miller,Houston,PayPal,Completed
ORD0512,26-03-25,Washing Machine,Home Appliances,570,2,1140,Lucas Miller,Dallas,Debit Card,Completed
ORD0513,21-03-25,Smartwatch,Electronics,144,3,432,Sophia Johnson,Denver,Gift Card,Completed
ORD0514,02-02-25,Running Shoes,Footwear,59,4,236,Olivia Wilson,San Francisco,Debit Card,Completed
ORD0515,26-04-25,Refrigerator,Home Appliances,1157,4,4628,Michael White,Chicago,Amazon Pay,Completed
ORD0516,21-04-25,Running Shoes,Footwear,59,1,59,Lucas Doe,Miami,PayPal,Pending
ORD0517,26-02-25,T-Shirt,Clothing,19,5,95,David Anderson,Los Angeles,Credit Card,Completed
ORD0518,10-03-25,Washing Machine,Home Appliances,575,1,575,Emily Taylor,Chicago,PayPal,Completed
ORD0519,08-04-25,Running Shoes,Footwear,59,5,295,David Smith,Seattle,Debit Card,Completed
ORD0520,06-02-25,Washing Machine,Home Appliances,594,4,2376,Emma Anderson,Miami,Gift Card,Completed
ORD0521,23-03-25,Running Shoes,Footwear,57,5,285,Ava White,Chicago,PayPal,Completed
ORD0522,21-02-25,T-Shirt,Clothing,21,3,63,Ethan Harris,New York,Amazon Pay,Pending
ORD0523,19-03-25,Book,Books,15,4,60,Chris Clark,Dallas,PayPal,Completed
ORD0524,27-04-25,Washing Machine,Home Appliances,575,1,575,Sophia Doe,Boston,PayPal,Completed
ORD0525,18-03-25,Book,Books,15,3,45,Liam Doe,Chicago,Amazon Pay,Completed
ORD0526,28-04-25,Refrigerator,Home Appliances,1252,1,1252,Ava Wilson,Miami,Credit Card,Completed
ORD0527,22-02-25,Jeans,Clothing,39,3,117,Ava Lee,Los Angeles,Amazon Pay,Pending
ORD0528,07-03-25,Running Shoes,Footwear,59,2,118,David Martinez,New York,Credit Card,Completed
ORD0529,09-03-25,Book,Books,15,3,45,John Taylor,Houston,PayPal,Cancelled
ORD0530,28-02-25,T-Shirt,Clothing,19,1,19,Emma Taylor,New York,PayPal,Pending
ORD0531,18-03-25,Headphones,Electronics,98,1,98,Noah Clark,Miami,PayPal,Cancelled
ORD0532,01-04-25,Book,Books,14,2,28,Daniel Anderson,Chicago,PayPal,Completed
ORD0533,06-04-25,Washing Machine,Home Appliances,613,1,613,Jane Johnson,New York,Credit Card,Completed
ORD0534,11-03-25,Washing Machine,Home Appliances,599,1,599,Jane Garcia,New York,Gift Card,Cancelled
ORD0535,18-02-25,Book,Books,15,3,45,Jane Brown,Houston,Amazon Pay,Pending
ORD0536,02-03-25,Laptop,Electronics,802,2,1604,Mia Johnson,Seattle,Credit Card,Completed
ORD0537,12-02-25,Refrigerator,Home Appliances,1174,2,2348,Daniel Taylor,Houston,PayPal,Cancelled
ORD0538,07-04-25,Washing Machine,Home Appliances,624,1,624,Mia Johnson,Houston,Gift Card,Completed
ORD0539,23-04-25,Refrigerator,Home Appliances,1205,1,1205,Liam Harris,Boston,Gift Card,Completed
ORD0540,17-03-25,Smartwatch,Electronics,154,5,770,Ava Smith,Seattle,Credit Card,Completed
ORD0541,18-02-25,Book,Books,15,3,45,Noah Harris,Boston,PayPal,Completed
ORD0542,21-02-25,Smartphone,Electronics,505,2,1010,Ava Clark,Miami,Debit Card,Cancelled
ORD0543,06-03-25,Book,Books,14,4,56,Liam Clark,New York,Debit Card,Cancelled
ORD0544,03-03-25,Smartwatch,Electronics,148,3,444,Daniel Lee,Denver,Debit Card,Completed
ORD0545,07-02-25,Headphones,Electronics,99,1,99,Noah Anderson,San Francisco,Gift Card,Completed
ORD0546,07-02-25,Headphones,Electronics,102,3,306,Isabella Smith,Los Angeles,Debit Card,Completed
ORD0547,04-03-25,Headphones,Electronics,101,1,101,John Clark,Miami,Credit Card,Pending
ORD0548,10-02-25,Headphones,Electronics,96,3,288,Alex Taylor,Seattle,PayPal,Pending
ORD0549,07-02-25,Laptop,Electronics,826,1,826,Daniel Smith,Miami,Debit Card,Cancelled
ORD0550,06-04-25,Running Shoes,Footwear,62,4,248,David Miller,Boston,Credit Card,Completed
ORD0551,19-03-25,Laptop,Electronics,804,2,1608,Olivia Johnson,San Francisco,Amazon Pay,Completed
ORD0552,15-02-25,Refrigerator,Home Appliances,1255,1,1255,Chris Martinez,Los Angeles,Credit Card,Completed
ORD0553,04-02-25,Refrigerator,Home Appliances,1188,2,2376,Noah Wilson,Chicago,Credit Card,Completed
ORD0554,14-03-25,T-Shirt,Clothing,21,5,105,Daniel Lee,Miami,Credit Card,Completed
ORD0555,15-04-25,Smartphone,Electronics,505,1,505,Noah Miller,San Francisco,Amazon Pay,Cancelled
ORD0556,25-04-25,Smartwatch,Electronics,154,1,154,Isabella Clark,San Francisco,PayPal,Pending
ORD0557,08-03-25,Headphones,Electronics,102,1,102,Mia Doe,Dallas,Credit Card,Pending
ORD0558,17-04-25,Running Shoes,Footwear,59,5,295,Daniel Clark,Denver,Debit Card,Pending
ORD0559,04-04-25,Headphones,Electronics,102,2,204,Olivia Lee,Boston,Credit Card,Completed
ORD0560,30-04-25,Smartwatch,Electronics,144,4,576,Daniel Clark,Denver,PayPal,Completed
ORD0561,13-03-25,Smartphone,Electronics,512,1,512,Daniel Garcia,San Francisco,PayPal,Pending
ORD0562,17-02-25,Refrigerator,Home Appliances,1260,1,1260,Olivia Smith,Houston,Gift Card,Pending
ORD0563,01-03-25,Smartphone,Electronics,503,2,1006,Daniel Johnson,Houston,Gift Card,Completed
ORD0564,05-03-25,Washing Machine,Home Appliances,612,1,612,Jane Garcia,San Francisco,Amazon Pay,Completed
ORD0565,29-03-25,Jeans,Clothing,41,1,41,Liam Lee,New York,Debit Card,Completed
ORD0566,26-04-25,Washing Machine,Home Appliances,576,1,576,Sophia Anderson,Dallas,Debit Card,Completed
ORD0567,14-04-25,Headphones,Electronics,103,5,515,Liam Anderson,Miami,Credit Card,Completed
ORD0568,24-02-25,Refrigerator,Home Appliances,1194,1,1194,Liam White,Denver,Gift Card,Completed
ORD0569,19-02-25,Refrigerator,Home Appliances,1248,1,1248,Olivia White,Boston,Debit Card,Pending
ORD0570,23-03-25,Running Shoes,Footwear,59,5,295,Olivia Garcia,Miami,Amazon Pay,Completed
ORD0571,25-03-25,Smartphone,Electronics,508,4,2032,Sophia Taylor,Seattle,Gift Card,Pending
ORD0572,10-03-25,Smartwatch,Electronics,147,2,294,Liam Brown,Seattle,PayPal,Pending
ORD0573,25-04-25,T-Shirt,Clothing,20,4,80,David Doe,Dallas,Debit Card,Completed
ORD0574,21-02-25,Refrigerator,Home Appliances,1227,1,1227,Daniel Brown,New York,Amazon Pay,Pending
ORD0575,06-03-25,Running Shoes,Footwear,60,1,60,Jane Johnson,Miami,Gift Card,Completed
ORD0576,14-04-25,Smartphone,Electronics,484,2,968,Liam Taylor,San Francisco,Gift Card,Cancelled
ORD0577,05-04-25,Jeans,Clothing,39,4,156,Daniel Johnson,Boston,Debit Card,Pending
ORD0578,01-04-25,Book,Books,15,1,15,Daniel Miller,Los Angeles,Amazon Pay,Completed
ORD0579,26-02-25,Laptop,Electronics,776,2,1552,Lucas Brown,Boston,Credit Card,Cancelled
ORD0580,03-02-25,Smartwatch,Electronics,147,1,147,Ava White,San Francisco,Gift Card,Completed
ORD0581,27-02-25,Book,Books,15,2,30,Emma Doe,Seattle,Debit Card,Pending
ORD0582,05-04-25,Laptop,Electronics,797,1,797,Michael Wilson,San Francisco,Amazon Pay,Completed
ORD0583,04-03-25,Running Shoes,Footwear,59,4,236,Chris Harris,Denver,PayPal,Completed
ORD0584,16-02-25,Refrigerator,Home Appliances,1192,2,2384,Sophia Wilson,San Francisco,Amazon Pay,Pending
ORD0585,11-04-25,Book,Books,15,1,15,Isabella Smith,Seattle,PayPal,Completed
ORD0586,27-04-25,Smartwatch,Electronics,155,4,620,John Lee,Houston,Credit Card,Completed
ORD0587,28-03-25,Running Shoes,Footwear,62,2,124,Emma Clark,San Francisco,Gift Card,Pending
ORD0588,08-02-25,Running Shoes,Footwear,59,4,236,Michael White,Denver,Debit Card,Pending
ORD0589,21-02-25,Smartwatch,Electronics,152,5,760,Daniel Lee,Los Angeles,Amazon Pay,Completed
ORD0590,25-04-25,Laptop,Electronics,827,1,827,Liam Clark,Houston,Credit Card,Completed
ORD0591,19-02-25,Smartwatch,Electronics,148,2,296,Noah Smith,Denver,PayPal,Completed
ORD0592,28-04-25,Jeans,Clothing,41,5,205,Daniel Brown,New York,PayPal,Pending
ORD0593,08-03-25,Running Shoes,Footwear,58,2,116,Jane Smith,New York,Gift Card,Completed
ORD0594,15-04-25,Smartphone,Electronics,488,3,1464,Lucas Lee,Miami,PayPal,Completed
ORD0595,07-03-25,T-Shirt,Clothing,19,4,76,Daniel Miller,Los Angeles,Amazon Pay,Completed
ORD0596,17-02-25,Running Shoes,Footwear,62,2,124,Noah Wilson,Boston,Amazon Pay,Pending
ORD0597,29-03-25,T-Shirt,Clothing,21,5,105,Isabella Martinez,New York,Credit Card,Pending
ORD0598,24-02-25,Smartphone,Electronics,489,1,489,Sophia Brown,San Francisco,Gift Card,Completed
ORD0599,07-04-25,Running Shoes,Footwear,62,2,124,Emily Martinez,Seattle,Credit Card,Pending
ORD0600,22-02-25,Smartwatch,Electronics,149,3,447,Daniel Lee,Miami,PayPal,Completed
ORD0601,21-02-25,Jeans,Clothing,39,3,117,David Garcia,Los Angeles,Debit Card,Pending
ORD0602,21-04-25,T-Shirt,Clothing,20,2,40,Liam Brown,Los Angeles,Debit Card,Completed
ORD0603,08-02-25,Book,Books,16,4,64,Alex Garcia,Chicago,Gift Card,Pending
ORD0604,07-03-25,Washing Machine,Home Appliances,579,1,579,Daniel Garcia,Denver,Gift Card,Completed
ORD0605,27-04-25,Headphones,Electronics,103,3,309,Ava White,Boston,Debit Card,Completed
ORD0606,16-03-25,Refrigerator,Home Appliances,1155,1,1155,David Anderson,Los Angeles,Amazon Pay,Completed
ORD0607,30-04-25,Jeans,Clothing,41,5,205,Emma Lee,New York,Debit Card,Pending
ORD0608,21-03-25,Laptop,Electronics,764,2,1528,Olivia Lee,Seattle,Debit Card,Completed
ORD0609,23-04-25,Jeans,Clothing,38,2,76,Mia Martinez,Chicago,Debit Card,Completed
ORD0610,19-03-25,Running Shoes,Footwear,61,2,122,Lucas Johnson,Dallas,Credit Card,Completed
ORD0611,04-04-25,Washing Machine,Home Appliances,578,1,578,Emma White,Los Angeles,Credit Card,Completed
ORD0612,15-04-25,Jeans,Clothing,40,3,120,Michael Clark,Chicago,PayPal,Completed
ORD0613,09-02-25,Book,Books,15,4,60,Daniel Lee,Chicago,Debit Card,Completed
ORD0614,13-02-25,Washing Machine,Home Appliances,601,2,1202,Isabella Smith,Seattle,Credit Card,Completed
ORD0615,23-04-25,Jeans,Clothing,38,4,152,Isabella White,Los Angeles,Gift Card,Cancelled
ORD0616,27-03-25,Smartwatch,Electronics,144,2,288,Daniel Garcia,Seattle,PayPal,Pending
ORD0617,11-02-25,Book,Books,14,4,56,Olivia Brown,San Francisco,Amazon Pay,Completed
ORD0618,05-02-25,Running Shoes,Footwear,62,2,124,Isabella Harris,San Francisco,PayPal,Pending
ORD0619,07-02-25,T-Shirt,Clothing,19,1,19,Lucas Johnson,Seattle,Gift Card,Completed
ORD0620,24-02-25,Running Shoes,Footwear,57,2,114,Liam Clark,Miami,PayPal,Completed
ORD0621,23-02-25,Jeans,Clothing,41,3,123,Jane Harris,Chicago,PayPal,Completed
ORD0622,28-04-25,T-Shirt,Clothing,20,4,80,Emma Clark,Denver,Credit Card,Completed
ORD0623,02-02-25,Smartphone,Electronics,483,2,966,Isabella Doe,Seattle,Debit Card,Pending
ORD0624,28-03-25,Washing Machine,Home Appliances,602,2,1204,Noah Wilson,Dallas,Gift Card,Completed
ORD0625,14-02-25,Running Shoes,Footwear,62,5,310,Daniel Taylor,San Francisco,PayPal,Cancelled
ORD0626,22-04-25,Running Shoes,Footwear,60,3,180,Alex Harris,Boston,Credit Card,Completed
ORD0627,08-04-25,T-Shirt,Clothing,20,1,20,Olivia Brown,San Francisco,Amazon Pay,Completed
ORD0628,10-02-25,Headphones,Electronics,96,4,384,Emily Garcia,Boston,Amazon Pay,Completed
ORD0629,23-03-25,Smartwatch,Electronics,146,1,146,Mia Doe,Chicago,Debit Card,Completed
ORD0630,18-03-25,Jeans,Clothing,42,3,126,Olivia Clark,Los Angeles,Gift Card,Pending
ORD0631,10-04-25,Smartwatch,Electronics,146,2,292,John Doe,Seattle,Credit Card,Completed
ORD0632,15-02-25,Book,Books,15,1,15,Jane Martinez,Miami,Debit Card,Pending
ORD0633,25-02-25,Running Shoes,Footwear,61,3,183,Daniel Anderson,Chicago,Credit Card,Completed
ORD0634,07-03-25,Smartphone,Electronics,495,1,495,Sophia Doe,Dallas,PayPal,Completed
ORD0635,28-03-25,Smartwatch,Electronics,148,3,444,Liam Doe,Miami,PayPal,Completed
ORD0636,03-02-25,Book,Books,15,3,45,Ethan Martinez,Chicago,Amazon Pay,Pending
ORD0637,21-03-25,Smartphone,Electronics,501,1,501,Michael Martinez,Miami,Credit Card,Pending
ORD0638,13-02-25,Smartwatch,Electronics,143,2,286,David Martinez,Los Angeles,PayPal,Pending
ORD0639,03-04-25,Running Shoes,Footwear,59,5,295,Olivia Lee,Boston,Debit Card,Completed
ORD0640,08-02-25,Washing Machine,Home Appliances,600,1,600,Liam Wilson,Houston,Credit Card,Pending
ORD0641,07-03-25,Book,Books,15,4,60,John Martinez,Chicago,Amazon Pay,Completed
ORD0642,16-03-25,Headphones,Electronics,103,1,103,Chris Clark,Boston,Amazon Pay,Cancelled
ORD0643,06-04-25,T-Shirt,Clothing,20,2,40,Alex Martinez,Dallas,PayPal,Completed
ORD0644,24-04-25,Laptop,Electronics,768,1,768,Mia Clark,San Francisco,Credit Card,Cancelled
ORD0645,16-03-25,Headphones,Electronics,103,2,206,Daniel Doe,Dallas,PayPal,Completed
ORD0646,21-02-25,Laptop,Electronics,805,2,1610,David Martinez,Dallas,Credit Card,Completed
ORD0647,06-04-25,Headphones,Electronics,98,3,294,Chris Wilson,Seattle,Amazon Pay,Completed
ORD0648,15-04-25,Refrigerator,Home Appliances,1140,4,4560,Liam Smith,Boston,PayPal,Completed
ORD0649,04-04-25,Refrigerator,Home Appliances,1221,2,2442,Sophia Doe,Los Angeles,Amazon Pay,Completed
ORD0650,13-04-25,Jeans,Clothing,39,5,195,Daniel Harris,Chicago,Amazon Pay,Completed
ORD0651,13-02-25,Headphones,Electronics,97,1,97,Noah Anderson,New York,Amazon Pay,Completed
ORD0652,04-02-25,Book,Books,16,5,80,Alex Smith,Boston,Debit Card,Completed
ORD0653,12-04-25,Jeans,Clothing,39,4,156,Olivia Harris,San Francisco,Gift Card,Completed
ORD0654,23-04-25,T-Shirt,Clothing,20,2,40,John Doe,Seattle,Gift Card,Completed
ORD0655,03-04-25,Book,Books,14,5,70,Liam Johnson,Boston,PayPal,Completed
ORD0656,26-04-25,Laptop,Electronics,803,2,1606,Ethan Martinez,Houston,Debit Card,Pending
ORD0657,14-02-25,Book,Books,14,1,14,Daniel Smith,Seattle,Credit Card,Completed
ORD0658,11-03-25,Laptop,Electronics,832,1,832,Jane Taylor,Los Angeles,PayPal,Cancelled
ORD0659,03-03-25,Smartwatch,Electronics,157,1,157,Chris Johnson,Boston,Gift Card,Pending
ORD0660,15-03-25,Laptop,Electronics,828,3,2484,Liam White,Miami,Debit Card,Pending
ORD0661,04-04-25,T-Shirt,Clothing,19,5,95,John Brown,Houston,Gift Card,Pending
ORD0662,29-03-25,Laptop,Electronics,776,2,1552,Emma Wilson,Denver,Gift Card,Pending
ORD0663,12-04-25,Jeans,Clothing,41,1,41,Ethan Johnson,Denver,Gift Card,Completed
ORD0664,09-02-25,Running Shoes,Footwear,59,2,118,Daniel Doe,Los Angeles,Debit Card,Completed
ORD0665,22-04-25,Smartwatch,Electronics,148,3,444,Daniel Wilson,Denver,Credit Card,Pending
ORD0666,05-02-25,Smartwatch,Electronics,157,3,471,Liam Johnson,Miami,Gift Card,Pending
ORD0667,18-03-25,Book,Books,15,3,45,Alex Brown,Boston,Credit Card,Completed
ORD0668,13-03-25,Laptop,Electronics,777,1,777,Daniel Brown,Dallas,PayPal,Pending
ORD0669,21-03-25,Refrigerator,Home Appliances,1186,1,1186,Emma Martinez,San Francisco,Credit Card,Pending
ORD0670,20-02-25,Jeans,Clothing,41,2,82,Daniel Harris,Miami,Amazon Pay,Cancelled
ORD0671,10-04-25,Smartphone,Electronics,486,1,486,Ethan Brown,Miami,Credit Card,Completed
ORD0672,15-03-25,Headphones,Electronics,101,1,101,Mia Harris,San Francisco,PayPal,Pending
ORD0673,15-02-25,Smartphone,Electronics,495,3,1485,Jane Clark,Dallas,Gift Card,Cancelled
ORD0674,09-02-25,Washing Machine,Home Appliances,586,1,586,Ava Smith,Denver,Amazon Pay,Completed
ORD0675,19-04-25,Running Shoes,Footwear,61,1,61,Mia Wilson,Denver,Debit Card,Completed
ORD0676,30-04-25,Jeans,Clothing,39,4,156,Jane Wilson,Chicago,Gift Card,Completed
ORD0677,16-03-25,Smartphone,Electronics,500,1,500,Noah Martinez,Seattle,PayPal,Completed
ORD0678,03-04-25,Laptop,Electronics,828,3,2484,Emma Clark,Miami,PayPal,Completed
ORD0679,15-02-25,Jeans,Clothing,40,1,40,Ava Harris,Chicago,Amazon Pay,Completed
ORD0680,21-02-25,T-Shirt,Clothing,20,5,100,Noah Martinez,New York,Credit Card,Completed
ORD0681,23-02-25,Smartwatch,Electronics,155,2,310,Lucas Anderson,Los Angeles,Debit Card,Completed
ORD0682,13-03-25,Smartphone,Electronics,494,2,988,Ava Wilson,Houston,Gift Card,Pending
ORD0683,12-04-25,Smartphone,Electronics,524,1,524,Ava Taylor,Houston,Amazon Pay,Completed
ORD0684,25-03-25,Washing Machine,Home Appliances,588,1,588,Mia Harris,Houston,Gift Card,Completed
ORD0685,12-02-25,Jeans,Clothing,38,1,38,Chris Brown,Boston,Debit Card,Completed
ORD0686,24-02-25,Washing Machine,Home Appliances,581,1,581,Sophia Martinez,Houston,Gift Card,Completed
ORD0687,04-04-25,Smartwatch,Electronics,144,2,288,Ethan Garcia,Dallas,PayPal,Completed
ORD0688,31-03-25,Smartwatch,Electronics,154,5,770,Daniel Clark,Denver,Gift Card,Completed
ORD0689,21-02-25,Washing Machine,Home Appliances,579,1,579,Mia Garcia,Dallas,Credit Card,Pending
ORD0690,12-04-25,T-Shirt,Clothing,20,3,60,Ava Clark,Los Angeles,Amazon Pay,Cancelled
ORD0691,28-03-25,Refrigerator,Home Appliances,1225,5,6125,Daniel Brown,Dallas,Debit Card,Pending
ORD0692,05-02-25,Running Shoes,Footwear,62,1,62,Noah Anderson,Chicago,Amazon Pay,Completed
ORD0693,12-02-25,Refrigerator,Home Appliances,1221,1,1221,Noah Smith,Chicago,Gift Card,Cancelled
ORD0694,11-04-25,Washing Machine,Home Appliances,606,1,606,Jane Garcia,Chicago,Gift Card,Completed
ORD0695,01-02-25,Washing Machine,Home Appliances,576,1,576,Lucas Garcia,San Francisco,Debit Card,Completed
ORD0696,03-04-25,Running Shoes,Footwear,58,3,174,David Johnson,New York,PayPal,Pending
ORD0697,21-04-25,Smartwatch,Electronics,144,2,288,Ethan Brown,Denver,Credit Card,Completed
ORD0698,30-03-25,Smartphone,Electronics,508,2,1016,Ethan Harris,Dallas,Amazon Pay,Completed
ORD0699,19-04-25,Book,Books,15,1,15,Ethan Taylor,Houston,PayPal,Cancelled
ORD0700,13-04-25,Jeans,Clothing,40,4,160,Lucas Garcia,Boston,Credit Card,Cancelled
ORD0701,14-04-25,Smartwatch,Electronics,149,4,596,Daniel Garcia,Denver,Credit Card,Completed
ORD0702,01-04-25,Smartwatch,Electronics,144,2,288,Ethan Johnson,Dallas,Debit Card,Completed
ORD0703,26-04-25,Washing Machine,Home Appliances,589,5,2945,Daniel Brown,Boston,Amazon Pay,Cancelled
ORD0704,13-03-25,Book,Books,15,3,45,Olivia Lee,Boston,Amazon Pay,Completed
ORD0705,02-04-25,Washing Machine,Home Appliances,595,1,595,Isabella Martinez,Miami,Gift Card,Completed
ORD0706,16-02-25,Headphones,Electronics,104,3,312,Daniel Taylor,San Francisco,Credit Card,Pending
ORD0707,21-03-25,T-Shirt,Clothing,20,3,60,John Anderson,Houston,PayPal,Pending
ORD0708,25-04-25,Washing Machine,Home Appliances,590,5,2950,Daniel Taylor,Houston,PayPal,Pending
ORD0709,19-04-25,T-Shirt,Clothing,21,4,84,Michael Harris,San Francisco,Amazon Pay,Pending
ORD0710,17-02-25,Refrigerator,Home Appliances,1238,1,1238,Michael Lee,San Francisco,Credit Card,Pending
ORD0711,08-04-25,Refrigerator,Home Appliances,1212,4,4848,Jane Brown,Los Angeles,Gift Card,Cancelled
ORD0712,19-04-25,Laptop,Electronics,809,1,809,Daniel White,New York,PayPal,Pending
ORD0713,14-02-25,T-Shirt,Clothing,19,5,95,Mia Smith,Houston,Amazon Pay,Completed
ORD0714,12-04-25,Running Shoes,Footwear,62,3,186,Jane Miller,Chicago,Gift Card,Completed
ORD0715,19-02-25,Book,Books,15,3,45,Emily Garcia,New York,Amazon Pay,Cancelled
ORD0716,26-04-25,Smartphone,Electronics,487,2,974,Daniel Johnson,Los Angeles,Credit Card,Pending
ORD0717,13-03-25,T-Shirt,Clothing,21,3,63,Lucas White,Denver,Amazon Pay,Completed
ORD0718,06-02-25,Smartwatch,Electronics,145,5,725,Lucas Brown,New York,Credit Card,Completed
ORD0719,15-02-25,Smartphone,Electronics,493,3,1479,Ethan Johnson,Houston,Amazon Pay,Completed
ORD0720,16-04-25,Book,Books,15,2,30,Lucas Brown,Los Angeles,Debit Card,Pending
ORD0721,26-04-25,Jeans,Clothing,38,5,190,Noah Martinez,New York,Credit Card,Completed
ORD0722,12-03-25,T-Shirt,Clothing,19,3,57,John Johnson,Denver,Credit Card,Completed
ORD0723,09-03-25,Book,Books,16,4,64,Emily Clark,Dallas,PayPal,Completed
ORD0724,30-03-25,Running Shoes,Footwear,62,2,124,John Doe,Seattle,PayPal,Cancelled
ORD0725,03-02-25,Washing Machine,Home Appliances,594,1,594,Isabella Martinez,Los Angeles,Amazon Pay,Completed
ORD0726,10-04-25,Laptop,Electronics,778,2,1556,Emily Lee,New York,PayPal,Cancelled
ORD0727,10-02-25,Washing Machine,Home Appliances,627,1,627,Emma Harris,New York,Amazon Pay,Pending
ORD0728,18-03-25,Washing Machine,Home Appliances,600,4,2400,Daniel Harris,Miami,Gift Card,Completed
ORD0729,17-04-25,Running Shoes,Footwear,59,5,295,Daniel Brown,Denver,PayPal,Pending
ORD0730,01-03-25,Jeans,Clothing,39,4,156,Noah Brown,Denver,Debit Card,Cancelled
ORD0731,18-03-25,Book,Books,15,2,30,Michael Brown,Houston,Credit Card,Pending
ORD0732,06-02-25,Headphones,Electronics,105,1,105,Daniel Harris,Miami,Amazon Pay,Completed
ORD0733,08-04-25,T-Shirt,Clothing,19,5,95,Sophia Anderson,Houston,Credit Card,Pending
ORD0734,06-03-25,Laptop,Electronics,824,2,1648,Daniel Doe,Dallas,Credit Card,Cancelled
ORD0735,28-04-25,Refrigerator,Home Appliances,1156,2,2312,Alex Brown,Seattle,Amazon Pay,Completed
ORD0736,01-04-25,Headphones,Electronics,104,2,208,Ava Wilson,Denver,Gift Card,Completed
ORD0737,16-02-25,Refrigerator,Home Appliances,1163,3,3489,Alex Johnson,New York,Debit Card,Completed
ORD0738,05-03-25,Washing Machine,Home Appliances,576,1,576,Ethan Smith,Miami,Credit Card,Pending
ORD0739,19-03-25,Smartphone,Electronics,512,1,512,Sophia Smith,Chicago,Amazon Pay,Completed
ORD0740,28-03-25,Headphones,Electronics,102,1,102,Emma Garcia,Los Angeles,PayPal,Completed
ORD0741,27-04-25,Jeans,Clothing,39,3,117,Isabella Miller,Miami,PayPal,Cancelled
ORD0742,21-03-25,Smartwatch,Electronics,157,2,314,John Harris,Seattle,PayPal,Completed
ORD0743,22-03-25,Washing Machine,Home Appliances,591,4,2364,Chris Taylor,Chicago,Amazon Pay,Completed
ORD0744,12-03-25,Smartwatch,Electronics,143,1,143,Daniel White,Denver,Gift Card,Completed
ORD0745,04-03-25,T-Shirt,Clothing,19,4,76,Chris Miller,Los Angeles,Debit Card,Pending
ORD0746,27-03-25,Headphones,Electronics,103,1,103,Isabella Anderson,Dallas,PayPal,Completed
ORD0747,23-02-25,Book,Books,15,3,45,Emily White,Miami,PayPal,Completed
ORD0748,16-02-25,Smartwatch,Electronics,146,1,146,David Taylor,Miami,Debit Card,Completed
ORD0749,04-03-25,Smartwatch,Electronics,154,3,462,Lucas Garcia,Los Angeles,Gift Card,Completed
ORD0750,15-02-25,Jeans,Clothing,42,3,126,Mia Smith,Chicago,PayPal,Pending
ORD0751,22-03-25,Refrigerator,Home Appliances,1151,5,5755,Daniel Garcia,Los Angeles,PayPal,Cancelled
ORD0752,27-04-25,Smartphone,Electronics,486,2,972,Olivia Anderson,Boston,Credit Card,Completed
ORD0753,25-03-25,T-Shirt,Clothing,19,1,19,Emily Garcia,New York,Debit Card,Cancelled
ORD0754,12-04-25,Washing Machine,Home Appliances,612,1,612,Daniel Anderson,San Francisco,PayPal,Completed
ORD0755,08-02-25,Smartphone,Electronics,510,2,1020,Alex Brown,Dallas,Amazon Pay,Cancelled
ORD0756,26-04-25,Laptop,Electronics,822,1,822,Mia Wilson,Dallas,Amazon Pay,Completed
ORD0757,28-03-25,Running Shoes,Footwear,59,4,236,David Lee,Seattle,Credit Card,Completed
ORD0758,06-04-25,Laptop,Electronics,839,2,1678,Mia Brown,Los Angeles,Credit Card,Completed
ORD0759,09-04-25,Headphones,Electronics,99,3,297,Ava Wilson,San Francisco,Credit Card,Cancelled
ORD0760,14-02-25,Running Shoes,Footwear,60,2,120,Daniel Doe,Boston,PayPal,Completed
ORD0761,07-04-25,Smartwatch,Electronics,149,1,149,Jane Miller,Los Angeles,Debit Card,Cancelled
ORD0762,29-03-25,Smartwatch,Electronics,155,3,465,John Brown,Boston,Amazon Pay,Cancelled
ORD0763,04-04-25,Washing Machine,Home Appliances,607,1,607,Sophia Clark,Boston,Gift Card,Completed
ORD0764,15-04-25,Running Shoes,Footwear,60,4,240,Noah Doe,San Francisco,Amazon Pay,Completed
ORD0765,17-03-25,T-Shirt,Clothing,20,2,40,Sophia White,Miami,PayPal,Pending
ORD0766,26-03-25,Headphones,Electronics,104,3,312,Sophia Taylor,San Francisco,PayPal,Completed
ORD0767,28-02-25,Refrigerator,Home Appliances,1237,1,1237,Lucas Lee,Dallas,Credit Card,Pending
ORD0768,13-03-25,Refrigerator,Home Appliances,1165,2,2330,Michael Anderson,Boston,Debit Card,Pending
ORD0769,16-03-25,Book,Books,16,5,80,Olivia Martinez,Seattle,Gift Card,Completed
ORD0770,12-02-25,Refrigerator,Home Appliances,1250,1,1250,Daniel Doe,Chicago,Amazon Pay,Completed
ORD0771,22-04-25,Smartphone,Electronics,508,1,508,Michael Johnson,Boston,Credit Card,Completed
ORD0772,20-02-25,Washing Machine,Home Appliances,592,1,592,Noah Harris,Dallas,Debit Card,Completed
ORD0773,13-02-25,Jeans,Clothing,40,2,80,Emma Brown,Chicago,Amazon Pay,Completed
ORD0774,24-04-25,Smartphone,Electronics,524,1,524,Lucas Clark,Chicago,Debit Card,Completed
ORD0775,03-03-25,Smartwatch,Electronics,154,4,616,Emily Smith,Seattle,PayPal,Completed
ORD0776,28-04-25,Jeans,Clothing,40,3,120,Lucas Garcia,Houston,Credit Card,Cancelled
ORD0777,25-02-25,T-Shirt,Clothing,20,4,80,Ethan Anderson,Chicago,Gift Card,Cancelled
ORD0778,17-04-25,Headphones,Electronics,103,3,309,Emma Brown,Los Angeles,Debit Card,Completed
ORD0779,11-04-25,Jeans,Clothing,39,2,78,Ava Taylor,San Francisco,PayPal,Pending
ORD0780,19-02-25,Headphones,Electronics,103,3,309,Daniel Clark,New York,Credit Card,Cancelled
ORD0781,18-04-25,Refrigerator,Home Appliances,1215,1,1215,Michael Garcia,Houston,Debit Card,Pending
ORD0782,07-04-25,T-Shirt,Clothing,21,5,105,Daniel Taylor,Seattle,Amazon Pay,Completed
ORD0783,14-03-25,Book,Books,15,5,75,David Doe,Denver,PayPal,Completed
ORD0784,02-02-25,Smartwatch,Electronics,147,5,735,Isabella Brown,Seattle,PayPal,Completed
ORD0785,19-02-25,T-Shirt,Clothing,20,4,80,Sophia Smith,Seattle,Gift Card,Completed
ORD0786,30-04-25,Book,Books,15,1,15,Ethan Smith,Los Angeles,Gift Card,Cancelled
ORD0787,05-04-25,Washing Machine,Home Appliances,625,1,625,Mia White,New York,Debit Card,Completed
ORD0788,11-04-25,Running Shoes,Footwear,58,2,116,Emily Miller,San Francisco,PayPal,Pending
ORD0789,25-02-25,Washing Machine,Home Appliances,578,1,578,Noah Brown,Boston,Gift Card,Completed
ORD0790,09-04-25,Washing Machine,Home Appliances,597,1,597,Lucas Clark,Denver,Debit Card,Completed
ORD0791,23-03-25,Smartwatch,Electronics,145,1,145,Daniel Lee,Miami,Gift Card,Pending
ORD0792,23-02-25,Running Shoes,Footwear,61,1,61,Michael Doe,Chicago,PayPal,Completed
ORD0793,07-04-25,Jeans,Clothing,41,4,164,Chris Lee,San Francisco,Debit Card,Completed
ORD0794,07-03-25,Washing Machine,Home Appliances,597,1,597,Isabella Wilson,Dallas,Amazon Pay,Completed
ORD0795,11-02-25,Book,Books,15,4,60,Daniel Brown,New York,Gift Card,Cancelled
ORD0796,08-04-25,Laptop,Electronics,770,5,3850,Daniel Miller,Dallas,Amazon Pay,Completed
ORD0797,01-03-25,Smartphone,Electronics,500,2,1000,Emily Clark,Denver,Credit Card,Completed
ORD0798,14-04-25,T-Shirt,Clothing,20,2,40,Liam Garcia,Chicago,Amazon Pay,Completed
ORD0799,22-02-25,Jeans,Clothing,40,4,160,Emily Smith,Denver,Gift Card,Pending
ORD0800,27-04-25,Running Shoes,Footwear,62,2,124,Alex Johnson,Denver,Gift Card,Completed
ORD0801,07-04-25,Laptop,Electronics,773,2,1546,Jane Garcia,San Francisco,Amazon Pay,Completed
ORD0802,25-02-25,Smartphone,Electronics,478,4,1912,Lucas Johnson,San Francisco,PayPal,Completed
ORD0803,06-02-25,Smartphone,Electronics,492,1,492,Daniel Doe,Denver,PayPal,Pending
ORD0804,04-04-25,T-Shirt,Clothing,21,1,21,Liam Lee,San Francisco,Debit Card,Completed
ORD0805,24-03-25,Smartwatch,Electronics,144,1,144,Noah Taylor,Seattle,PayPal,Pending
ORD0806,29-04-25,Jeans,Clothing,38,1,38,Isabella Anderson,New York,Gift Card,Cancelled
ORD0807,11-03-25,Jeans,Clothing,39,1,39,Noah Martinez,Houston,Amazon Pay,Pending
ORD0808,14-04-25,Jeans,Clothing,42,1,42,Michael Lee,Boston,Debit Card,Completed
ORD0809,21-03-25,Laptop,Electronics,825,5,4125,Jane Taylor,Los Angeles,Debit Card,Cancelled
ORD0810,06-03-25,Refrigerator,Home Appliances,1156,1,1156,Lucas Lee,Miami,Debit Card,Pending
ORD0811,17-03-25,Running Shoes,Footwear,61,2,122,David Garcia,Boston,Gift Card,Completed
ORD0812,31-03-25,Smartwatch,Electronics,152,5,760,David Harris,Denver,PayPal,Cancelled
ORD0813,24-04-25,Running Shoes,Footwear,60,4,240,Lucas White,Boston,Gift Card,Completed
ORD0814,31-03-25,Jeans,Clothing,41,1,41,Alex Anderson,San Francisco,Gift Card,Completed
ORD0815,27-02-25,Washing Machine,Home Appliances,601,4,2404,John Lee,San Francisco,Credit Card,Completed
ORD0816,29-04-25,Jeans,Clothing,39,1,39,Daniel Anderson,Dallas,PayPal,Completed
ORD0817,20-04-25,Book,Books,15,3,45,Michael Clark,Miami,PayPal,Cancelled
ORD0818,05-04-25,Book,Books,15,3,45,Jane Doe,San Francisco,PayPal,Completed
ORD0819,14-04-25,T-Shirt,Clothing,20,1,20,Michael Taylor,Boston,Debit Card,Pending
ORD0820,27-02-25,Refrigerator,Home Appliances,1198,1,1198,Ava Doe,Dallas,PayPal,Completed
ORD0821,17-02-25,Book,Books,15,3,45,Emily Wilson,Dallas,PayPal,Completed
ORD0822,03-03-25,Smartwatch,Electronics,147,3,441,Michael Garcia,Boston,Gift Card,Cancelled
ORD0823,24-04-25,Headphones,Electronics,104,2,208,Ava Harris,Chicago,Credit Card,Pending
ORD0824,04-03-25,Headphones,Electronics,100,3,300,Emma Johnson,Houston,Debit Card,Completed
ORD0825,17-02-25,Jeans,Clothing,40,4,160,Isabella Miller,Denver,Debit Card,Pending
ORD0826,18-04-25,Smartwatch,Electronics,153,3,459,Daniel Doe,San Francisco,PayPal,Completed
ORD0827,07-04-25,Headphones,Electronics,104,1,104,Daniel Doe,New York,PayPal,Pending
ORD0828,22-04-25,Jeans,Clothing,39,4,156,Emily Wilson,Dallas,Gift Card,Completed
ORD0829,20-04-25,Jeans,Clothing,41,4,164,Mia Miller,San Francisco,Gift Card,Completed
ORD0830,01-02-25,Smartphone,Electronics,476,4,1904,Emily Clark,Houston,PayPal,Completed
ORD0831,01-02-25,T-Shirt,Clothing,20,3,60,Jane Taylor,Dallas,PayPal,Completed
ORD0832,24-04-25,Laptop,Electronics,763,2,1526,Isabella Miller,New York,Debit Card,Completed
ORD0833,06-04-25,Washing Machine,Home Appliances,625,1,625,Daniel Doe,San Francisco,Credit Card,Pending
ORD0834,30-03-25,T-Shirt,Clothing,21,3,63,Lucas Wilson,Chicago,Amazon Pay,Completed
ORD0835,29-03-25,Book,Books,15,1,15,Alex White,Houston,Debit Card,Cancelled
ORD0836,02-04-25,Refrigerator,Home Appliances,1173,1,1173,David Doe,New York,Debit Card,Completed
ORD0837,15-04-25,Jeans,Clothing,42,4,168,Emma Miller,New York,Gift Card,Completed
ORD0838,03-02-25,Washing Machine,Home Appliances,609,1,609,John Martinez,Chicago,PayPal,Pending
ORD0839,18-02-25,Laptop,Electronics,821,2,1642,Daniel Doe,New York,Gift Card,Pending
ORD0840,10-03-25,Smartwatch,Electronics,143,1,143,Chris Wilson,Miami,Credit Card,Completed
ORD0841,01-04-25,Washing Machine,Home Appliances,582,1,582,Lucas Garcia,San Francisco,Amazon Pay,Completed
ORD0842,29-04-25,Washing Machine,Home Appliances,598,1,598,Daniel Miller,Seattle,Amazon Pay,Completed
ORD0843,02-03-25,T-Shirt,Clothing,20,2,40,Michael Wilson,Los Angeles,Gift Card,Completed
ORD0844,21-04-25,Laptop,Electronics,799,2,1598,Ava Harris,New York,PayPal,Pending
ORD0845,05-04-25,Laptop,Electronics,814,4,3256,Isabella Anderson,Los Angeles,Gift Card,Completed
ORD0846,12-03-25,Running Shoes,Footwear,58,1,58,Ava Lee,Miami,Credit Card,Completed
ORD0847,02-02-25,Smartwatch,Electronics,148,5,740,Liam Garcia,Dallas,Credit Card,Completed
ORD0848,08-04-25,Running Shoes,Footwear,60,1,60,Emily Taylor,Denver,Credit Card,Completed
ORD0849,12-04-25,Headphones,Electronics,101,3,303,Lucas Smith,Houston,Credit Card,Completed
ORD0850,02-04-25,Running Shoes,Footwear,61,4,244,John Doe,New York,PayPal,Completed
ORD0851,16-04-25,T-Shirt,Clothing,21,5,105,Alex Wilson,Miami,Gift Card,Pending
ORD0852,23-04-25,T-Shirt,Clothing,21,1,21,Liam White,Miami,Debit Card,Completed
ORD0853,12-03-25,Smartwatch,Electronics,147,3,441,David Johnson,Boston,Debit Card,Completed
ORD0854,16-02-25,Jeans,Clothing,39,2,78,Olivia White,Chicago,Gift Card,Cancelled
ORD0855,06-03-25,Headphones,Electronics,101,1,101,John Clark,Seattle,Gift Card,Pending
ORD0856,29-03-25,Laptop,Electronics,795,2,1590,Daniel Clark,Boston,Credit Card,Cancelled
ORD0857,07-03-25,Smartphone,Electronics,512,2,1024,Emma Doe,Seattle,Credit Card,Pending
ORD0858,23-03-25,Washing Machine,Home Appliances,585,1,585,Lucas Brown,Dallas,Debit Card,Pending
ORD0859,29-04-25,Smartwatch,Electronics,151,1,151,Mia Wilson,Houston,Amazon Pay,Completed
ORD0860,10-03-25,T-Shirt,Clothing,21,5,105,Olivia Wilson,Houston,Amazon Pay,Completed
ORD0861,06-04-25,Book,Books,15,1,15,Liam Wilson,Houston,Credit Card,Completed
ORD0862,05-02-25,T-Shirt,Clothing,20,3,60,Alex Brown,San Francisco,Debit Card,Completed
ORD0863,18-03-25,T-Shirt,Clothing,20,2,40,Daniel Lee,San Francisco,Amazon Pay,Completed
ORD0864,30-03-25,Laptop,Electronics,766,1,766,Noah Garcia,Chicago,Amazon Pay,Completed
ORD0865,04-02-25,Running Shoes,Footwear,58,4,232,Ethan White,Dallas,Credit Card,Completed
ORD0866,11-04-25,Headphones,Electronics,98,1,98,Alex Clark,New York,Gift Card,Completed
ORD0867,26-02-25,Refrigerator,Home Appliances,1254,1,1254,Chris Johnson,Dallas,Amazon Pay,Completed
ORD0868,09-03-25,Laptop,Electronics,768,1,768,Emily Taylor,Boston,PayPal,Completed
ORD0869,06-02-25,T-Shirt,Clothing,19,1,19,Liam Johnson,Denver,PayPal,Pending
ORD0870,27-02-25,Headphones,Electronics,99,2,198,Emma Brown,Los Angeles,Amazon Pay,Pending
ORD0871,02-04-25,Washing Machine,Home Appliances,622,1,622,Mia Clark,Dallas,Credit Card,Cancelled
ORD0872,11-02-25,Refrigerator,Home Appliances,1156,1,1156,Isabella Brown,Boston,Debit Card,Completed
ORD0873,09-03-25,Jeans,Clothing,39,4,156,Isabella Harris,Boston,PayPal,Cancelled
ORD0874,17-02-25,Smartphone,Electronics,483,1,483,Ethan Clark,Dallas,Amazon Pay,Pending
ORD0875,04-02-25,Running Shoes,Footwear,57,3,171,Jane Wilson,Chicago,PayPal,Pending
ORD0876,02-02-25,Washing Machine,Home Appliances,583,2,1166,Chris Taylor,Denver,Debit Card,Pending
ORD0877,27-03-25,Book,Books,15,5,75,Isabella Taylor,Houston,Credit Card,Pending
ORD0878,10-02-25,T-Shirt,Clothing,19,4,76,David Clark,New York,PayPal,Completed
ORD0879,17-03-25,Book,Books,15,1,15,Sophia Johnson,Chicago,Debit Card,Completed
ORD0880,22-03-25,Refrigerator,Home Appliances,1260,1,1260,Isabella Miller,Los Angeles,Credit Card,Cancelled
ORD0881,08-02-25,Jeans,Clothing,40,2,80,Michael Martinez,New York,Amazon Pay,Pending
ORD0882,20-03-25,Book,Books,15,2,30,Michael Doe,Dallas,PayPal,Completed
ORD0883,05-02-25,Laptop,Electronics,791,1,791,Sophia Lee,Seattle,PayPal,Pending
ORD0884,27-02-25,Laptop,Electronics,775,5,3875,Emily Harris,Los Angeles,PayPal,Completed
ORD0885,29-04-25,Washing Machine,Home Appliances,586,1,586,Ava Martinez,Denver,Gift Card,Pending
ORD0886,14-03-25,Refrigerator,Home Appliances,1145,4,4580,Sophia Smith,Seattle,Gift Card,Completed
ORD0887,03-04-25,Washing Machine,Home Appliances,607,1,607,Emily Miller,Dallas,PayPal,Completed
ORD0888,15-02-25,Jeans,Clothing,39,1,39,David White,Miami,Gift Card,Completed
ORD0889,23-02-25,Smartwatch,Electronics,148,2,296,Sophia Lee,Dallas,Credit Card,Completed
ORD0890,10-03-25,Running Shoes,Footwear,59,1,59,David Clark,Boston,Debit Card,Completed
ORD0891,21-04-25,Running Shoes,Footwear,61,4,244,Michael Martinez,New York,Debit Card,Completed
ORD0892,08-04-25,Smartwatch,Electronics,157,1,157,Daniel Clark,Miami,Gift Card,Cancelled
ORD0893,17-04-25,Refrigerator,Home Appliances,1213,1,1213,Lucas Doe,San Francisco,Amazon Pay,Pending
ORD0894,07-02-25,Refrigerator,Home Appliances,1153,1,1153,Olivia Johnson,Chicago,Gift Card,Pending
ORD0895,06-02-25,T-Shirt,Clothing,19,5,95,Michael Doe,Boston,Credit Card,Pending
ORD0896,14-04-25,Book,Books,15,3,45,John Lee,Dallas,Debit Card,Pending
ORD0897,15-03-25,Jeans,Clothing,41,2,82,Mia Miller,Seattle,Credit Card,Completed
ORD0898,13-03-25,Smartphone,Electronics,520,1,520,Daniel Anderson,Boston,Credit Card,Completed
ORD0899,16-04-25,Smartwatch,Electronics,150,2,300,Daniel Harris,New York,Debit Card,Completed
ORD0900,21-02-25,Headphones,Electronics,104,1,104,Liam Lee,Boston,Debit Card,Pending
ORD0901,16-03-25,Refrigerator,Home Appliances,1185,1,1185,Liam Miller,New York,Debit Card,Completed
ORD0902,27-02-25,T-Shirt,Clothing,20,4,80,Daniel Johnson,Denver,PayPal,Completed
ORD0903,19-02-25,Running Shoes,Footwear,59,1,59,Emma Anderson,Houston,Credit Card,Completed
ORD0904,21-02-25,Washing Machine,Home Appliances,581,1,581,Alex Johnson,Miami,PayPal,Cancelled
ORD0905,09-04-25,Refrigerator,Home Appliances,1196,1,1196,Michael Anderson,Miami,PayPal,Completed
ORD0906,10-02-25,Refrigerator,Home Appliances,1249,1,1249,Emma Johnson,Seattle,Debit Card,Pending
ORD0907,01-03-25,Headphones,Electronics,98,2,196,David Wilson,Boston,Debit Card,Pending
ORD0908,06-04-25,Running Shoes,Footwear,63,4,252,Emma Wilson,Los Angeles,Credit Card,Cancelled
ORD0909,02-02-25,Running Shoes,Footwear,58,4,232,Sophia Clark,New York,Debit Card,Completed
ORD0910,01-02-25,Running Shoes,Footwear,59,5,295,Daniel Wilson,Houston,Amazon Pay,Completed
ORD0911,01-02-25,Washing Machine,Home Appliances,579,1,579,Alex Harris,Los Angeles,Debit Card,Pending
ORD0912,09-03-25,Jeans,Clothing,42,1,42,Olivia Doe,Houston,Debit Card,Pending
ORD0913,07-04-25,Jeans,Clothing,42,3,126,John Martinez,Seattle,Credit Card,Completed
ORD0914,02-02-25,Running Shoes,Footwear,63,5,315,Noah Taylor,New York,Credit Card,Completed
ORD0915,04-02-25,Washing Machine,Home Appliances,617,2,1234,Olivia Wilson,Los Angeles,Gift Card,Cancelled
ORD0916,08-02-25,Laptop,Electronics,785,5,3925,John Brown,Miami,Debit Card,Cancelled
ORD0917,18-03-25,Jeans,Clothing,40,2,80,Daniel Clark,Los Angeles,Debit Card,Completed
ORD0918,29-04-25,Running Shoes,Footwear,62,5,310,Alex Garcia,Dallas,PayPal,Pending
ORD0919,20-02-25,Jeans,Clothing,38,3,114,Liam Clark,Boston,Gift Card,Completed
ORD0920,02-03-25,Washing Machine,Home Appliances,571,5,2855,Emily Doe,New York,Debit Card,Completed
ORD0921,31-03-25,Smartphone,Electronics,508,2,1016,Noah White,New York,Credit Card,Completed
ORD0922,17-04-25,Washing Machine,Home Appliances,593,2,1186,Olivia Harris,Boston,Debit Card,Pending
ORD0923,28-03-25,Laptop,Electronics,801,5,4005,Mia Brown,Miami,Debit Card,Cancelled
ORD0924,16-03-25,Refrigerator,Home Appliances,1161,3,3483,Ethan Garcia,Los Angeles,Credit Card,Completed
ORD0925,08-03-25,Running Shoes,Footwear,62,2,124,Michael Taylor,New York,Debit Card,Completed
ORD0926,27-02-25,Book,Books,16,3,48,Olivia Wilson,Miami,Amazon Pay,Pending
ORD0927,20-02-25,Smartphone,Electronics,510,3,1530,Emma Martinez,Miami,PayPal,Pending
ORD0928,14-02-25,Running Shoes,Footwear,57,2,114,Mia Johnson,Los Angeles,PayPal,Completed
ORD0929,28-04-25,Smartwatch,Electronics,146,1,146,Daniel Lee,Chicago,Amazon Pay,Completed
ORD0930,25-04-25,T-Shirt,Clothing,20,3,60,Ethan Lee,Chicago,PayPal,Cancelled
ORD0931,08-04-25,Smartphone,Electronics,502,1,502,Isabella Johnson,Houston,PayPal,Pending
ORD0932,02-03-25,Smartwatch,Electronics,147,3,441,Alex Taylor,Los Angeles,Credit Card,Completed
ORD0933,15-03-25,Jeans,Clothing,39,1,39,Liam Clark,San Francisco,Amazon Pay,Completed
ORD0934,13-03-25,Smartwatch,Electronics,151,3,453,Liam White,Denver,PayPal,Completed
ORD0935,04-03-25,T-Shirt,Clothing,20,4,80,Daniel Clark,Seattle,Credit Card,Cancelled
ORD0936,22-03-25,Smartphone,Electronics,521,1,521,Ethan Doe,San Francisco,Debit Card,Completed
ORD0937,06-03-25,Smartwatch,Electronics,153,2,306,Sophia Clark,Miami,Debit Card,Completed
ORD0938,02-02-25,Jeans,Clothing,39,1,39,Daniel Brown,Houston,Amazon Pay,Completed
ORD0939,06-02-25,Smartwatch,Electronics,154,1,154,Michael Smith,Boston,Gift Card,Cancelled
ORD0940,22-03-25,Running Shoes,Footwear,60,2,120,Noah Doe,Chicago,PayPal,Pending
ORD0941,03-03-25,Refrigerator,Home Appliances,1199,1,1199,Emma Clark,San Francisco,PayPal,Completed
ORD0942,06-03-25,Smartwatch,Electronics,154,2,308,Michael Clark,Chicago,Debit Card,Pending
ORD0943,21-03-25,Running Shoes,Footwear,62,5,310,Olivia Smith,Chicago,Debit Card,Completed
ORD0944,02-02-25,Laptop,Electronics,812,1,812,Olivia Miller,Dallas,PayPal,Completed
ORD0945,08-03-25,Jeans,Clothing,39,4,156,John Smith,Los Angeles,PayPal,Cancelled
ORD0946,13-03-25,Headphones,Electronics,105,1,105,Emma Lee,Seattle,Gift Card,Completed
ORD0947,15-03-25,T-Shirt,Clothing,21,1,21,Liam Doe,Houston,Gift Card,Completed
ORD0948,04-02-25,Jeans,Clothing,41,1,41,Alex Wilson,Boston,PayPal,Completed
ORD0949,11-02-25,Jeans,Clothing,42,5,210,Michael Wilson,Dallas,Debit Card,Cancelled
ORD0950,27-04-25,Running Shoes,Footwear,62,4,248,Mia Lee,Chicago,Credit Card,Cancelled
ORD0951,22-03-25,Laptop,Electronics,837,5,4185,Alex Lee,Denver,Amazon Pay,Cancelled
ORD0952,02-02-25,Smartphone,Electronics,520,2,1040,Olivia White,Denver,Gift Card,Completed
ORD0953,11-02-25,Refrigerator,Home Appliances,1192,1,1192,Sophia Harris,Miami,Debit Card,Completed
ORD0954,30-04-25,T-Shirt,Clothing,20,2,40,Chris Wilson,Denver,PayPal,Completed
ORD0955,21-04-25,Running Shoes,Footwear,63,2,126,Jane Miller,Seattle,Credit Card,Cancelled
ORD0956,10-02-25,Running Shoes,Footwear,61,3,183,Michael Doe,San Francisco,Amazon Pay,Completed
ORD0957,04-02-25,Headphones,Electronics,104,5,520,Mia White,San Francisco,Debit Card,Completed
ORD0958,22-02-25,Headphones,Electronics,103,3,309,Olivia Johnson,San Francisco,PayPal,Pending
ORD0959,18-03-25,Jeans,Clothing,41,2,82,Lucas Garcia,New York,PayPal,Completed
ORD0960,05-03-25,Refrigerator,Home Appliances,1160,1,1160,Ava Taylor,Denver,Amazon Pay,Completed
ORD0961,24-03-25,Smartphone,Electronics,511,3,1533,Isabella Clark,Los Angeles,Gift Card,Completed
ORD0962,20-04-25,Smartwatch,Electronics,154,1,154,Michael Clark,Seattle,Credit Card,Completed
ORD0963,11-03-25,Headphones,Electronics,99,3,297,Alex Johnson,Dallas,Amazon Pay,Completed
ORD0964,09-03-25,Refrigerator,Home Appliances,1235,1,1235,Liam Garcia,Houston,Amazon Pay,Completed
ORD0965,18-02-25,Washing Machine,Home Appliances,623,1,623,Chris Johnson,San Francisco,Credit Card,Pending
ORD0966,08-02-25,Refrigerator,Home Appliances,1143,1,1143,Ethan Clark,New York,Amazon Pay,Completed
ORD0967,15-02-25,Headphones,Electronics,100,2,200,Michael Doe,Chicago,Amazon Pay,Completed
ORD0968,28-02-25,Smartphone,Electronics,503,2,1006,Daniel Wilson,Denver,Credit Card,Cancelled
ORD0969,07-02-25,Jeans,Clothing,39,5,195,Ava White,Miami,Gift Card,Pending
ORD0970,26-03-25,Headphones,Electronics,100,1,100,Daniel Anderson,Chicago,Credit Card,Completed
ORD0971,31-03-25,Laptop,Electronics,785,1,785,Sophia Martinez,Denver,Gift Card,Cancelled
ORD0972,16-02-25,T-Shirt,Clothing,21,2,42,Lucas Brown,San Francisco,Amazon Pay,Completed
ORD0973,27-03-25,Running Shoes,Footwear,57,3,171,Alex Smith,San Francisco,Debit Card,Pending
ORD0974,26-04-25,Book,Books,15,1,15,Isabella Lee,Boston,PayPal,Cancelled
ORD0975,24-03-25,Smartwatch,Electronics,152,1,152,Mia Clark,Seattle,Amazon Pay,Completed
ORD0976,02-03-25,Smartwatch,Electronics,144,1,144,Noah Brown,Boston,PayPal,Pending
ORD0977,18-03-25,Smartphone,Electronics,517,2,1034,John Martinez,Boston,Debit Card,Completed
ORD0978,09-04-25,Refrigerator,Home Appliances,1157,1,1157,Emily Martinez,Los Angeles,Debit Card,Completed
ORD0979,27-03-25,Laptop,Electronics,772,2,1544,David Clark,Houston,Debit Card,Cancelled
ORD0980,06-02-25,Smartphone,Electronics,520,2,1040,Isabella Lee,Denver,PayPal,Cancelled
ORD0981,05-03-25,T-Shirt,Clothing,19,2,38,Liam Wilson,Seattle,Amazon Pay,Completed
ORD0982,14-02-25,Refrigerator,Home Appliances,1205,1,1205,Olivia Doe,Seattle,Debit Card,Cancelled
ORD0983,31-03-25,Laptop,Electronics,806,1,806,Mia Brown,New York,Gift Card,Cancelled
ORD0984,29-03-25,Jeans,Clothing,41,4,164,Daniel Garcia,Los Angeles,Amazon Pay,Completed
ORD0985,08-04-25,Washing Machine,Home Appliances,612,1,612,David Garcia,San Francisco,PayPal,Completed
ORD0986,23-03-25,Running Shoes,Footwear,58,2,116,Michael Taylor,Los Angeles,Credit Card,Completed
ORD0987,05-03-25,Jeans,Clothing,38,3,114,David Garcia,Miami,Credit Card,Completed
ORD0988,09-04-25,Running Shoes,Footwear,61,5,305,Sophia Miller,Houston,Amazon Pay,Cancelled
ORD0989,13-04-25,Smartwatch,Electronics,150,1,150,Michael Doe,San Francisco,Amazon Pay,Completed
ORD0990,19-02-25,Smartwatch,Electronics,150,1,150,Daniel White,Chicago,PayPal,Completed
ORD0991,12-03-25,Laptop,Electronics,829,1,829,Emma Brown,Boston,Gift Card,Completed
ORD0992,15-03-25,Washing Machine,Home Appliances,573,1,573,Michael Smith,Denver,PayPal,Completed
ORD0993,13-02-25,Smartwatch,Electronics,152,1,152,Ethan Brown,Dallas,Amazon Pay,Pending
ORD0994,29-03-25,Laptop,Electronics,835,2,1670,Michael Smith,Chicago,Credit Card,Cancelled
ORD0995,04-02-25,Jeans,Clothing,39,5,195,Jane Taylor,San Francisco,Amazon Pay,Completed
ORD0996,09-04-25,Smartphone,Electronics,505,1,505,Sophia Taylor,New York,Gift Card,Completed
ORD0997,20-04-25,Smartwatch,Electronics,146,2,292,Jane Taylor,Houston,Amazon Pay,Completed
ORD0998,18-03-25,Jeans,Clothing,41,1,41,Ava Doe,San Francisco,Debit Card,Pending
ORD0999,20-02-25,Smartphone,Electronics,478,1,478,Jane Brown,Miami,Amazon Pay,Pending
ORD1000,24-02-25,Refrigerator,Home Appliances,1189,1,1189,Isabella Smith,New York,Credit Card,Completed
ORD1001,19-03-25,Smartphone,Electronics,489,3,1467,Ava Taylor,Los Angeles,Debit Card,Pending
ORD1002,01-03-25,Running Shoes,Footwear,60,2,120,Emily Harris,Seattle,Credit Card,Pending
ORD1003,29-03-25,Running Shoes,Footwear,58,5,290,John Anderson,Chicago,PayPal,Completed
ORD1004,09-03-25,Headphones,Electronics,104,2,208,Daniel Harris,Dallas,Amazon Pay,Pending
ORD1005,19-02-25,T-Shirt,Clothing,20,2,40,Emily Wilson,Los Angeles,Debit Card,Completed
ORD1006,20-02-25,T-Shirt,Clothing,20,5,100,Chris Johnson,Miami,Debit Card,Completed
ORD1007,21-02-25,Refrigerator,Home Appliances,1260,1,1260,Lucas Brown,Houston,Debit Card,Completed
ORD1008,24-03-25,T-Shirt,Clothing,20,4,80,Ethan Martinez,Los Angeles,Amazon Pay,Completed
ORD1009,25-02-25,Headphones,Electronics,100,5,500,Michael Taylor,Houston,Gift Card,Pending
ORD1010,09-04-25,Laptop,Electronics,804,4,3216,Isabella Miller,Houston,PayPal,Pending
ORD1011,26-04-25,Headphones,Electronics,103,2,206,Mia Miller,Houston,Credit Card,Completed
ORD1012,13-04-25,T-Shirt,Clothing,21,4,84,Emily Wilson,Houston,Amazon Pay,Completed
ORD1013,29-03-25,Smartwatch,Electronics,144,2,288,Daniel Harris,New York,Amazon Pay,Completed
ORD1014,06-03-25,Headphones,Electronics,101,1,101,Noah Garcia,Denver,PayPal,Completed
ORD1015,10-03-25,Book,Books,15,1,15,Lucas Lee,San Francisco,Amazon Pay,Pending
ORD1016,15-04-25,Running Shoes,Footwear,60,3,180,Emily Doe,Seattle,Debit Card,Completed
ORD1017,14-02-25,Refrigerator,Home Appliances,1165,1,1165,Jane Harris,Chicago,Credit Card,Completed
ORD1018,06-03-25,Smartwatch,Electronics,144,4,576,Noah Doe,Dallas,Debit Card,Completed
ORD1019,02-03-25,Refrigerator,Home Appliances,1183,2,2366,Noah Miller,Dallas,Gift Card,Completed
ORD1020,20-04-25,Headphones,Electronics,99,1,99,Michael Wilson,Seattle,PayPal,Pending
ORD1021,25-04-25,Smartwatch,Electronics,144,5,720,Daniel Miller,San Francisco,Amazon Pay,Completed
ORD1022,18-03-25,Smartwatch,Electronics,155,5,775,Emma Lee,Miami,Debit Card,Pending
ORD1023,01-03-25,Refrigerator,Home Appliances,1217,1,1217,Liam Doe,New York,Debit Card,Pending
ORD1024,26-03-25,Refrigerator,Home Appliances,1168,1,1168,Jane Harris,Miami,Amazon Pay,Completed
ORD1025,14-03-25,Washing Machine,Home Appliances,629,2,1258,Emily Lee,Boston,Gift Card,Pending
ORD1026,12-03-25,T-Shirt,Clothing,21,5,105,John Taylor,Chicago,Debit Card,Completed
ORD1027,21-03-25,T-Shirt,Clothing,21,2,42,Sophia Doe,Seattle,Gift Card,Completed
ORD1028,03-02-25,Headphones,Electronics,98,1,98,Ethan Smith,Los Angeles,PayPal,Completed
ORD1029,09-04-25,Laptop,Electronics,790,4,3160,Daniel Wilson,Los Angeles,Gift Card,Completed
ORD1030,03-04-25,Refrigerator,Home Appliances,1169,1,1169,Daniel Garcia,Houston,Amazon Pay,Completed
ORD1031,14-02-25,Headphones,Electronics,103,1,103,Olivia Brown,New York,Debit Card,Cancelled
ORD1032,26-04-25,Jeans,Clothing,42,5,210,Ava Lee,Denver,Credit Card,Completed
ORD1033,28-02-25,T-Shirt,Clothing,20,2,40,Daniel Anderson,Dallas,PayPal,Completed
ORD1034,05-03-25,Book,Books,14,2,28,Ethan Miller,Denver,Credit Card,Pending
ORD1035,06-04-25,Refrigerator,Home Appliances,1174,5,5870,Daniel Garcia,Seattle,PayPal,Pending
ORD1036,27-04-25,Running Shoes,Footwear,60,1,60,Emma Doe,San Francisco,Amazon Pay,Completed
ORD1037,03-04-25,Smartwatch,Electronics,151,2,302,Liam White,New York,Credit Card,Completed
ORD1038,21-04-25,Laptop,Electronics,770,1,770,Daniel Garcia,San Francisco,Amazon Pay,Completed
ORD1039,13-03-25,Book,Books,15,1,15,David Anderson,New York,Gift Card,Completed
ORD1040,04-02-25,Washing Machine,Home Appliances,578,1,578,John Harris,Seattle,Credit Card,Pending
ORD1041,08-04-25,T-Shirt,Clothing,20,4,80,Isabella Harris,New York,Amazon Pay,Pending
ORD1042,10-02-25,Refrigerator,Home Appliances,1156,4,4624,Jane Doe,Chicago,PayPal,Cancelled
ORD1043,08-03-25,Laptop,Electronics,800,1,800,David White,Denver,PayPal,Completed
ORD1044,01-03-25,Book,Books,14,5,70,Sophia Garcia,New York,Debit Card,Completed
ORD1045,23-02-25,Jeans,Clothing,39,4,156,Alex White,Los Angeles,Debit Card,Completed
ORD1046,12-02-25,Running Shoes,Footwear,59,1,59,Ethan Brown,Dallas,Amazon Pay,Pending
ORD1047,30-04-25,Headphones,Electronics,97,2,194,Ethan Johnson,Boston,Amazon Pay,Completed
ORD1048,17-02-25,T-Shirt,Clothing,21,1,21,Noah Clark,Los Angeles,PayPal,Pending
ORD1049,18-04-25,Running Shoes,Footwear,60,1,60,Ethan Harris,Chicago,PayPal,Pending
ORD1050,11-03-25,Jeans,Clothing,39,1,39,Alex White,Miami,Gift Card,Pending
ORD1051,30-04-25,Smartphone,Electronics,478,2,956,Lucas Martinez,Houston,Credit Card,Cancelled
ORD1052,15-02-25,Refrigerator,Home Appliances,1248,4,4992,Noah Anderson,Dallas,Gift Card,Completed
ORD1053,17-03-25,Laptop,Electronics,767,1,767,Ethan Wilson,Miami,Amazon Pay,Completed
ORD1054,04-02-25,Headphones,Electronics,100,1,100,Ava Harris,New York,Debit Card,Completed
ORD1055,09-03-25,T-Shirt,Clothing,19,3,57,Mia Martinez,Denver,PayPal,Completed
ORD1056,03-04-25,Smartphone,Electronics,502,2,1004,Jane Doe,Seattle,Credit Card,Completed
ORD1057,22-03-25,Smartwatch,Electronics,148,2,296,Daniel Anderson,Chicago,Amazon Pay,Pending
ORD1058,06-03-25,Washing Machine,Home Appliances,593,5,2965,Noah Wilson,Los Angeles,Debit Card,Pending
ORD1059,24-04-25,Running Shoes,Footwear,62,3,186,Olivia Doe,Dallas,Amazon Pay,Completed
ORD1060,28-03-25,Refrigerator,Home Appliances,1183,1,1183,Noah Lee,Dallas,Debit Card,Completed
ORD1061,28-04-25,Headphones,Electronics,104,4,416,Ava Harris,Chicago,PayPal,Completed
ORD1062,27-04-25,Jeans,Clothing,42,5,210,Ethan Harris,Seattle,Credit Card,Completed
ORD1063,27-02-25,Laptop,Electronics,776,1,776,Ava Johnson,Dallas,Credit Card,Completed
ORD1064,13-02-25,T-Shirt,Clothing,20,5,100,Daniel Lee,Miami,Debit Card,Cancelled
ORD1065,11-04-25,Laptop,Electronics,779,2,1558,Mia Clark,Miami,Debit Card,Cancelled
ORD1066,10-02-25,Smartwatch,Electronics,149,5,745,Ava Brown,Miami,Debit Card,Completed
ORD1067,13-04-25,Smartwatch,Electronics,148,3,444,Daniel Smith,Seattle,Amazon Pay,Completed
ORD1068,12-03-25,Running Shoes,Footwear,62,5,310,Daniel Miller,Houston,Debit Card,Completed
ORD1069,22-03-25,Laptop,Electronics,835,2,1670,Noah Wilson,Houston,Amazon Pay,Completed
ORD1070,07-03-25,Jeans,Clothing,40,2,80,Liam Doe,New York,Credit Card,Pending
ORD1071,03-04-25,Running Shoes,Footwear,57,4,228,Alex Lee,Boston,PayPal,Pending
ORD1072,09-04-25,Book,Books,15,5,75,Emily Taylor,Miami,Gift Card,Completed
ORD1073,12-04-25,Smartwatch,Electronics,153,1,153,Alex Harris,Boston,Gift Card,Pending
ORD1074,01-04-25,Laptop,Electronics,840,2,1680,David White,Dallas,Credit Card,Completed
ORD1075,09-04-25,T-Shirt,Clothing,19,2,38,Isabella Wilson,Los Angeles,Amazon Pay,Completed
ORD1076,23-03-25,Laptop,Electronics,835,2,1670,Liam Garcia,Miami,Gift Card,Cancelled
ORD1077,09-04-25,Smartphone,Electronics,494,1,494,Chris Clark,Denver,Gift Card,Pending
ORD1078,16-03-25,Laptop,Electronics,819,2,1638,Olivia Wilson,Miami,Credit Card,Pending
ORD1079,26-03-25,Book,Books,15,4,60,Daniel Smith,Seattle,PayPal,Pending
ORD1080,06-02-25,Book,Books,15,4,60,Alex Miller,Boston,Debit Card,Pending
ORD1081,13-02-25,Laptop,Electronics,835,1,835,Michael Garcia,Dallas,Credit Card,Pending
ORD1082,18-02-25,Headphones,Electronics,103,1,103,Daniel Anderson,Boston,PayPal,Completed
ORD1083,22-02-25,Laptop,Electronics,782,1,782,Isabella Doe,Los Angeles,Credit Card,Completed
ORD1084,03-02-25,Headphones,Electronics,100,1,100,Emily Anderson,New York,Credit Card,Completed
ORD1085,20-04-25,Laptop,Electronics,820,2,1640,Lucas Wilson,San Francisco,Gift Card,Completed
ORD1086,22-03-25,Jeans,Clothing,40,4,160,Liam Taylor,Chicago,Credit Card,Pending
ORD1087,25-04-25,Book,Books,16,2,32,Noah Wilson,Seattle,Credit Card,Pending
ORD1088,31-03-25,Headphones,Electronics,101,2,202,Lucas White,Chicago,Gift Card,Pending
ORD1089,11-03-25,Smartwatch,Electronics,151,5,755,John Clark,Chicago,Gift Card,Completed
ORD1090,26-04-25,Running Shoes,Footwear,60,3,180,Michael Anderson,Houston,Debit Card,Completed
ORD1091,24-04-25,Jeans,Clothing,40,4,160,Isabella Brown,New York,Amazon Pay,Pending
ORD1092,24-02-25,Running Shoes,Footwear,60,5,300,David Lee,Denver,Gift Card,Completed
ORD1093,07-03-25,Smartwatch,Electronics,150,2,300,Lucas Lee,Denver,Credit Card,Completed
ORD1094,28-03-25,Washing Machine,Home Appliances,625,1,625,Olivia Anderson,Chicago,PayPal,Completed
ORD1095,06-02-25,Smartphone,Electronics,476,3,1428,David Taylor,Boston,Amazon Pay,Completed
ORD1096,06-04-25,Washing Machine,Home Appliances,624,1,624,Ava Lee,Miami,Amazon Pay,Completed
ORD1097,02-03-25,Washing Machine,Home Appliances,611,1,611,Sophia Johnson,Dallas,Amazon Pay,Completed
ORD1098,02-04-25,Laptop,Electronics,788,2,1576,Chris Johnson,Seattle,Credit Card,Cancelled
ORD1099,24-04-25,Laptop,Electronics,777,1,777,Ava Brown,Los Angeles,Credit Card,Completed
ORD1100,02-02-25,Smartwatch,Electronics,150,1,150,John Anderson,Houston,Gift Card,Pending
ORD1101,22-04-25,Running Shoes,Footwear,58,3,174,John Martinez,Boston,PayPal,Completed
ORD1102,09-03-25,Washing Machine,Home Appliances,571,1,571,Noah Wilson,Los Angeles,Debit Card,Completed
ORD1103,18-02-25,Jeans,Clothing,39,2,78,Michael Lee,Miami,Debit Card,Completed
ORD1104,02-04-25,Laptop,Electronics,835,5,4175,Isabella Clark,Dallas,Credit Card,Cancelled
ORD1105,13-03-25,Running Shoes,Footwear,58,3,174,Jane Brown,Denver,Credit Card,Cancelled
ORD1106,19-03-25,T-Shirt,Clothing,20,1,20,Liam Lee,New York,Credit Card,Pending
ORD1107,09-03-25,T-Shirt,Clothing,20,5,100,Michael Lee,Los Angeles,Gift Card,Pending
ORD1108,19-02-25,Book,Books,16,5,80,Emily Smith,Chicago,PayPal,Completed
ORD1109,15-04-25,Jeans,Clothing,38,5,190,Chris Martinez,Miami,Amazon Pay,Cancelled
ORD1110,28-04-25,Jeans,Clothing,41,3,123,Daniel White,Los Angeles,Credit Card,Completed
ORD1111,29-03-25,Jeans,Clothing,39,4,156,Ava Garcia,Boston,PayPal,Completed
ORD1112,13-03-25,Headphones,Electronics,101,1,101,Michael Smith,Los Angeles,Amazon Pay,Completed
ORD1113,11-04-25,Refrigerator,Home Appliances,1161,1,1161,Noah Smith,New York,Amazon Pay,Completed
ORD1114,29-03-25,Jeans,Clothing,40,5,200,Isabella Lee,Dallas,Debit Card,Cancelled
ORD1115,15-04-25,T-Shirt,Clothing,21,2,42,Emily Wilson,Los Angeles,Credit Card,Completed
ORD1116,08-04-25,Smartphone,Electronics,520,3,1560,Alex White,Houston,Gift Card,Completed
ORD1117,12-02-25,Smartwatch,Electronics,148,1,148,Ethan Taylor,Boston,PayPal,Pending
ORD1118,30-04-25,Book,Books,15,4,60,David Martinez,San Francisco,Debit Card,Cancelled
ORD1119,06-03-25,Washing Machine,Home Appliances,608,1,608,Lucas Martinez,Chicago,Debit Card,Pending
ORD1120,08-04-25,Washing Machine,Home Appliances,593,1,593,Jane Anderson,Los Angeles,Gift Card,Cancelled
ORD1121,22-02-25,Book,Books,15,3,45,John Brown,Boston,Credit Card,Cancelled
ORD1122,13-04-25,Smartphone,Electronics,519,1,519,Michael Doe,San Francisco,Credit Card,Completed
ORD1123,02-02-25,T-Shirt,Clothing,20,4,80,John Miller,Miami,Credit Card,Pending
ORD1124,02-04-25,Headphones,Electronics,104,4,416,Ava Clark,Los Angeles,Credit Card,Completed
ORD1125,22-03-25,Smartphone,Electronics,494,1,494,David Anderson,Houston,Amazon Pay,Pending
ORD1126,12-04-25,Washing Machine,Home Appliances,622,1,622,Daniel Wilson,New York,Gift Card,Pending
ORD1127,19-03-25,Book,Books,15,3,45,Ethan White,Los Angeles,Amazon Pay,Completed
ORD1128,17-02-25,Running Shoes,Footwear,59,4,236,Noah Harris,Miami,Credit Card,Completed
ORD1129,21-04-25,Book,Books,16,5,80,Alex Taylor,Seattle,Amazon Pay,Completed
ORD1130,13-04-25,Refrigerator,Home Appliances,1259,1,1259,Alex Clark,Los Angeles,Gift Card,Pending
ORD1131,06-02-25,Jeans,Clothing,39,1,39,Michael Smith,Miami,Amazon Pay,Completed
ORD1132,17-03-25,T-Shirt,Clothing,21,5,105,David Lee,Miami,Debit Card,Completed
ORD1133,25-03-25,T-Shirt,Clothing,20,4,80,Jane White,Chicago,Gift Card,Pending
ORD1134,01-04-25,Book,Books,15,4,60,Daniel Wilson,Miami,Credit Card,Completed
ORD1135,03-03-25,T-Shirt,Clothing,20,4,80,Ava Wilson,Dallas,Credit Card,Completed
ORD1136,16-04-25,Running Shoes,Footwear,61,2,122,David Johnson,New York,Credit Card,Completed
ORD1137,16-04-25,Smartwatch,Electronics,154,5,770,Chris Brown,Boston,Gift Card,Cancelled
ORD1138,21-04-25,Jeans,Clothing,41,5,205,Ethan Miller,Dallas,Amazon Pay,Cancelled
ORD1139,04-03-25,Smartwatch,Electronics,150,1,150,Emma Doe,Los Angeles,Amazon Pay,Completed
ORD1140,29-03-25,Jeans,Clothing,42,2,84,Emma Wilson,Los Angeles,Gift Card,Pending
ORD1141,19-04-25,T-Shirt,Clothing,21,3,63,Liam Smith,Los Angeles,Credit Card,Completed
ORD1142,11-03-25,Smartphone,Electronics,503,2,1006,Daniel Johnson,Seattle,Gift Card,Pending
ORD1143,20-03-25,Book,Books,15,1,15,Emma Garcia,Chicago,PayPal,Completed
ORD1144,01-03-25,Refrigerator,Home Appliances,1162,2,2324,Daniel Martinez,Houston,Gift Card,Completed
ORD1145,04-03-25,Jeans,Clothing,41,1,41,Olivia Miller,Houston,Gift Card,Cancelled
ORD1146,19-04-25,Jeans,Clothing,41,1,41,Olivia Lee,Dallas,Debit Card,Cancelled
ORD1147,18-03-25,T-Shirt,Clothing,20,2,40,Mia Harris,Houston,Amazon Pay,Pending
ORD1148,02-04-25,Smartwatch,Electronics,150,1,150,Noah Clark,Los Angeles,Gift Card,Completed
ORD1149,04-04-25,T-Shirt,Clothing,21,3,63,Daniel Lee,Los Angeles,Debit Card,Completed
ORD1150,23-02-25,Headphones,Electronics,102,1,102,Emma Johnson,New York,Amazon Pay,Completed
ORD1151,04-03-25,Jeans,Clothing,39,3,117,Emma Wilson,Denver,Gift Card,Completed
ORD1152,15-04-25,Washing Machine,Home Appliances,583,1,583,Alex Smith,Seattle,PayPal,Completed
ORD1153,27-02-25,Jeans,Clothing,39,1,39,Daniel Smith,Denver,PayPal,Completed
ORD1154,12-03-25,Headphones,Electronics,97,1,97,Michael Johnson,Dallas,PayPal,Completed
ORD1155,14-03-25,Headphones,Electronics,98,4,392,Ethan Harris,Seattle,Credit Card,Completed
ORD1156,21-02-25,Jeans,Clothing,42,1,42,Daniel Wilson,Miami,Gift Card,Cancelled
ORD1157,23-02-25,Washing Machine,Home Appliances,574,1,574,Mia Taylor,Denver,PayPal,Cancelled
ORD1158,05-03-25,Laptop,Electronics,805,3,2415,Daniel Johnson,Seattle,Debit Card,Completed
ORD1159,29-03-25,Washing Machine,Home Appliances,603,1,603,Ava Brown,Los Angeles,Gift Card,Completed
ORD1160,25-03-25,Book,Books,14,2,28,Daniel Johnson,Denver,Amazon Pay,Pending
ORD1161,21-04-25,Book,Books,16,2,32,Daniel Taylor,Houston,Gift Card,Cancelled
ORD1162,05-02-25,Jeans,Clothing,39,4,156,Daniel Harris,Seattle,Debit Card,Completed
ORD1163,06-02-25,Washing Machine,Home Appliances,610,1,610,Isabella Clark,Boston,PayPal,Pending
ORD1164,12-02-25,Washing Machine,Home Appliances,604,1,604,Jane Wilson,San Francisco,Credit Card,Cancelled
ORD1165,11-03-25,Smartwatch,Electronics,156,1,156,Michael Taylor,Dallas,PayPal,Completed
ORD1166,23-03-25,Refrigerator,Home Appliances,1141,1,1141,Olivia Garcia,Miami,PayPal,Completed
ORD1167,29-03-25,Laptop,Electronics,788,1,788,Isabella Miller,Dallas,Gift Card,Pending
ORD1168,15-04-25,Jeans,Clothing,42,4,168,Alex Martinez,Dallas,Gift Card,Pending
ORD1169,10-02-25,Smartwatch,Electronics,155,1,155,Daniel Clark,Chicago,Amazon Pay,Cancelled
ORD1170,01-04-25,Smartphone,Electronics,487,1,487,Emily Miller,Seattle,PayPal,Cancelled
ORD1171,02-03-25,Refrigerator,Home Appliances,1190,1,1190,Mia Taylor,Los Angeles,Amazon Pay,Pending
ORD1172,19-03-25,Smartwatch,Electronics,152,4,608,Chris Johnson,San Francisco,Debit Card,Completed
ORD1173,15-04-25,Running Shoes,Footwear,58,5,290,Mia Taylor,Boston,Credit Card,Completed
ORD1174,29-04-25,Smartwatch,Electronics,154,5,770,Emily Miller,New York,Credit Card,Cancelled
ORD1175,22-03-25,Smartwatch,Electronics,151,4,604,Emma Anderson,Denver,Credit Card,Completed
ORD1176,12-04-25,Book,Books,14,2,28,David White,Los Angeles,Gift Card,Pending
ORD1177,19-04-25,Laptop,Electronics,839,3,2517,Chris Lee,Denver,Gift Card,Completed
ORD1178,18-02-25,Jeans,Clothing,38,4,152,Emily Anderson,Miami,Amazon Pay,Pending
ORD1179,17-04-25,Headphones,Electronics,100,2,200,John Clark,Denver,Amazon Pay,Completed
ORD1180,13-03-25,Refrigerator,Home Appliances,1161,1,1161,Chris Anderson,New York,PayPal,Completed
ORD1181,14-02-25,Running Shoes,Footwear,61,4,244,Chris Garcia,New York,Gift Card,Cancelled
ORD1182,22-02-25,Headphones,Electronics,102,1,102,Daniel Wilson,Chicago,PayPal,Completed
ORD1183,17-03-25,Running Shoes,Footwear,63,3,189,Ethan Harris,Miami,Debit Card,Completed
ORD1184,10-04-25,Refrigerator,Home Appliances,1195,1,1195,Emily Miller,Los Angeles,Debit Card,Completed
ORD1185,01-04-25,Refrigerator,Home Appliances,1209,2,2418,Sophia Harris,Denver,Debit Card,Completed
ORD1186,06-03-25,Headphones,Electronics,101,2,202,Noah Martinez,Seattle,Credit Card,Completed
ORD1187,05-03-25,Book,Books,15,5,75,Daniel Lee,New York,Gift Card,Completed
ORD1188,13-03-25,Book,Books,15,5,75,Isabella Wilson,Los Angeles,Gift Card,Pending
ORD1189,04-02-25,Headphones,Electronics,103,1,103,Isabella Smith,Boston,Amazon Pay,Completed
ORD1190,13-03-25,Jeans,Clothing,42,2,84,Ethan Clark,Boston,PayPal,Completed
ORD1191,25-03-25,Smartphone,Electronics,483,5,2415,Michael Martinez,Houston,Debit Card,Completed
ORD1192,11-04-25,T-Shirt,Clothing,20,5,100,Olivia Smith,Denver,Gift Card,Completed
ORD1193,22-02-25,Smartwatch,Electronics,154,1,154,Mia Lee,Miami,Amazon Pay,Cancelled
ORD1194,20-04-25,Jeans,Clothing,39,3,117,Michael Lee,San Francisco,Gift Card,Pending
ORD1195,19-02-25,T-Shirt,Clothing,21,4,84,Sophia Martinez,Los Angeles,Gift Card,Pending
ORD1196,29-03-25,T-Shirt,Clothing,19,4,76,Emma Brown,Miami,Credit Card,Completed
ORD1197,28-04-25,T-Shirt,Clothing,20,1,20,Emma Lee,Seattle,Credit Card,Completed
ORD1198,10-03-25,T-Shirt,Clothing,20,3,60,Sophia Anderson,Los Angeles,Credit Card,Cancelled
ORD1199,23-02-25,T-Shirt,Clothing,19,5,95,Liam Taylor,Denver,Amazon Pay,Completed
ORD1200,25-02-25,Smartwatch,Electronics,154,2,308,Olivia Doe,Chicago,PayPal,Cancelled
ORD1201,29-03-25,Headphones,Electronics,105,3,315,Sophia Clark,Los Angeles,Amazon Pay,Completed
ORD1202,20-03-25,Book,Books,16,5,80,Jane Garcia,New York,Amazon Pay,Completed
ORD1203,24-03-25,Laptop,Electronics,776,1,776,Daniel Johnson,Chicago,PayPal,Completed
ORD1204,23-03-25,Running Shoes,Footwear,59,1,59,Ava White,San Francisco,Debit Card,Completed
ORD1205,12-03-25,Smartphone,Electronics,520,4,2080,Liam Smith,San Francisco,Debit Card,Completed
ORD1206,21-02-25,Laptop,Electronics,831,1,831,Liam Brown,Miami,Gift Card,Pending
ORD1207,11-04-25,Washing Machine,Home Appliances,603,1,603,Chris Anderson,San Francisco,Debit Card,Completed
ORD1208,03-02-25,Washing Machine,Home Appliances,626,1,626,Daniel Doe,San Francisco,Credit Card,Completed
ORD1209,26-04-25,Jeans,Clothing,39,5,195,Noah Doe,Houston,Credit Card,Pending
ORD1210,27-04-25,Washing Machine,Home Appliances,622,1,622,Daniel Johnson,Chicago,PayPal,Completed
ORD1211,07-04-25,Headphones,Electronics,103,1,103,Emily Harris,Boston,Credit Card,Pending
ORD1212,05-03-25,Book,Books,15,2,30,Chris Brown,San Francisco,PayPal,Completed
ORD1213,16-03-25,Jeans,Clothing,42,3,126,Ava Clark,New York,Debit Card,Pending
ORD1214,13-02-25,Running Shoes,Footwear,63,4,252,Liam Johnson,Chicago,Gift Card,Pending
ORD1215,23-04-25,Laptop,Electronics,768,4,3072,Liam Smith,San Francisco,Amazon Pay,Completed
ORD1216,16-02-25,Washing Machine,Home Appliances,590,2,1180,Olivia Miller,Denver,Amazon Pay,Completed
ORD1217,10-04-25,Smartphone,Electronics,515,5,2575,Michael Taylor,New York,Amazon Pay,Cancelled
ORD1218,30-03-25,Book,Books,16,4,64,Daniel Wilson,Boston,PayPal,Pending
ORD1219,30-03-25,Headphones,Electronics,95,5,475,Isabella Harris,Seattle,PayPal,Completed
ORD1220,14-04-25,T-Shirt,Clothing,19,5,95,Jane Taylor,Houston,Credit Card,Completed
ORD1221,23-03-25,T-Shirt,Clothing,20,1,20,Isabella Miller,San Francisco,Debit Card,Pending
ORD1222,13-03-25,Smartwatch,Electronics,154,4,616,Emily Doe,Boston,Amazon Pay,Completed
ORD1223,05-04-25,Washing Machine,Home Appliances,577,1,577,Daniel Garcia,Seattle,Gift Card,Completed
ORD1224,19-04-25,Book,Books,15,5,75,Liam Brown,San Francisco,Credit Card,Completed
ORD1225,09-02-25,Washing Machine,Home Appliances,623,5,3115,Noah Anderson,New York,Gift Card,Completed
ORD1226,10-03-25,T-Shirt,Clothing,20,5,100,Emily Brown,New York,PayPal,Pending
ORD1227,21-04-25,Headphones,Electronics,98,2,196,Emma Clark,Dallas,Amazon Pay,Pending
ORD1228,18-03-25,Headphones,Electronics,96,2,192,Chris Lee,Dallas,Gift Card,Cancelled
ORD1229,18-04-25,Smartphone,Electronics,497,1,497,Ethan Clark,Chicago,Debit Card,Completed
ORD1230,13-04-25,Washing Machine,Home Appliances,571,1,571,Sophia Johnson,Seattle,Gift Card,Completed
ORD1231,03-04-25,Jeans,Clothing,38,3,114,Mia Johnson,San Francisco,Amazon Pay,Completed
ORD1232,19-02-25,Smartwatch,Electronics,153,3,459,Alex Martinez,Chicago,Debit Card,Cancelled
ORD1233,15-02-25,Washing Machine,Home Appliances,598,5,2990,Mia Anderson,Los Angeles,Amazon Pay,Completed
ORD1234,13-03-25,Smartwatch,Electronics,143,5,715,Ethan Anderson,Los Angeles,Credit Card,Completed
ORD1235,11-02-25,Jeans,Clothing,42,5,210,Daniel Brown,Miami,Debit Card,Pending
ORD1236,24-03-25,Headphones,Electronics,102,4,408,Ethan Lee,Dallas,Credit Card,Completed
ORD1237,30-03-25,T-Shirt,Clothing,20,2,40,Liam Martinez,Dallas,PayPal,Cancelled
ORD1238,01-03-25,Washing Machine,Home Appliances,605,1,605,Mia White,Miami,Amazon Pay,Completed
ORD1239,09-04-25,Jeans,Clothing,40,5,200,Emily Miller,Boston,Amazon Pay,Pending
ORD1240,08-02-25,Smartwatch,Electronics,153,1,153,Daniel Clark,Chicago,Debit Card,Completed
ORD1241,05-03-25,Laptop,Electronics,769,4,3076,Ava Smith,San Francisco,Gift Card,Pending
ORD1242,22-02-25,Running Shoes,Footwear,63,2,126,Lucas Brown,Dallas,Debit Card,Pending
ORD1243,08-04-25,Smartwatch,Electronics,146,1,146,Liam White,Houston,Debit Card,Completed
ORD1244,10-02-25,Headphones,Electronics,99,2,198,Alex Wilson,Houston,Gift Card,Completed
ORD1245,22-04-25,T-Shirt,Clothing,20,5,100,Ethan Clark,Houston,Credit Card,Completed
ORD1246,09-04-25,T-Shirt,Clothing,20,5,100,Jane Taylor,Houston,Debit Card,Pending
ORD1247,25-04-25,Smartphone,Electronics,508,4,2032,David White,Boston,Credit Card,Cancelled
ORD1248,23-03-25,Jeans,Clothing,39,1,39,Mia Anderson,Houston,Gift Card,Completed
ORD1249,26-02-25,Book,Books,15,5,75,Ava White,Dallas,Credit Card,Completed
ORD1250,22-03-25,Smartphone,Electronics,491,5,2455,John Wilson,Denver,PayPal,Pending
ORD1251,08-04-25,Smartwatch,Electronics,148,5,740,John Taylor,Chicago,Amazon Pay,Completed
ORD1252,28-04-25,Headphones,Electronics,102,3,306,Jane Martinez,Miami,Debit Card,Completed
ORD1253,02-02-25,Smartphone,Electronics,481,2,962,Noah Miller,San Francisco,Credit Card,Pending
ORD1254,18-04-25,Laptop,Electronics,795,3,2385,Emily Brown,Dallas,Gift Card,Completed
ORD1255,21-02-25,Smartwatch,Electronics,144,1,144,Liam Clark,Los Angeles,PayPal,Cancelled
ORD1256,21-02-25,Book,Books,15,4,60,Emily Garcia,San Francisco,Amazon Pay,Completed
ORD1257,14-02-25,Book,Books,14,2,28,Mia Johnson,Boston,Credit Card,Pending
ORD1258,21-04-25,Smartphone,Electronics,493,1,493,David Lee,Dallas,Credit Card,Completed
ORD1259,02-02-25,Book,Books,15,1,15,Ethan Smith,New York,PayPal,Completed
ORD1260,21-02-25,Book,Books,15,1,15,Emma Lee,Denver,PayPal,Pending
ORD1261,30-03-25,Refrigerator,Home Appliances,1227,1,1227,Lucas Brown,Los Angeles,Credit Card,Completed
ORD1262,12-02-25,T-Shirt,Clothing,20,4,80,Emma Wilson,Denver,Debit Card,Pending
ORD1263,21-02-25,Running Shoes,Footwear,60,4,240,Sophia Clark,Boston,Gift Card,Completed
ORD1264,06-02-25,T-Shirt,Clothing,19,2,38,Isabella Miller,Boston,PayPal,Completed
ORD1265,20-04-25,Book,Books,16,5,80,Emily Doe,Boston,Gift Card,Cancelled
ORD1266,01-04-25,Book,Books,15,2,30,Daniel Wilson,Miami,PayPal,Cancelled
ORD1267,08-04-25,Book,Books,14,4,56,Liam Martinez,New York,Gift Card,Completed
ORD1268,02-04-25,T-Shirt,Clothing,20,1,20,Isabella Anderson,Dallas,PayPal,Completed
ORD1269,06-04-25,Jeans,Clothing,41,3,123,Chris Doe,Miami,Debit Card,Completed
ORD1270,03-04-25,Book,Books,15,3,45,John Taylor,Houston,Amazon Pay,Completed
ORD1271,06-04-25,Book,Books,14,5,70,Daniel Harris,Los Angeles,PayPal,Completed
ORD1272,30-03-25,Smartwatch,Electronics,156,1,156,John Wilson,Miami,PayPal,Pending
ORD1273,12-02-25,Laptop,Electronics,805,2,1610,Daniel Smith,Denver,Debit Card,Completed
ORD1274,08-04-25,Washing Machine,Home Appliances,588,1,588,Emily Martinez,Boston,Credit Card,Completed
ORD1275,30-04-25,Jeans,Clothing,40,1,40,Noah Lee,Dallas,Credit Card,Pending
ORD1276,08-02-25,Washing Machine,Home Appliances,586,1,586,Olivia Clark,New York,Debit Card,Completed
ORD1277,26-04-25,Washing Machine,Home Appliances,580,5,2900,Noah Smith,Los Angeles,PayPal,Completed
ORD1278,07-02-25,Refrigerator,Home Appliances,1209,1,1209,Sophia White,Seattle,Credit Card,Cancelled
ORD1279,03-04-25,Headphones,Electronics,99,5,495,Alex Miller,San Francisco,Debit Card,Completed
ORD1280,21-03-25,T-Shirt,Clothing,20,5,100,Emma Wilson,Houston,Debit Card,Completed
ORD1281,12-03-25,Jeans,Clothing,40,5,200,Sophia Martinez,Denver,Credit Card,Completed
ORD1282,03-04-25,T-Shirt,Clothing,20,3,60,Daniel Brown,Boston,Debit Card,Completed
ORD1283,22-03-25,T-Shirt,Clothing,19,1,19,Lucas Johnson,Miami,Debit Card,Completed
ORD1284,17-02-25,Refrigerator,Home Appliances,1257,1,1257,Sophia Clark,Chicago,Gift Card,Completed
ORD1285,14-04-25,Jeans,Clothing,39,3,117,Ava Wilson,Miami,PayPal,Pending
ORD1286,12-02-25,Smartphone,Electronics,505,1,505,Daniel Anderson,San Francisco,Amazon Pay,Completed
ORD1287,25-02-25,Washing Machine,Home Appliances,572,1,572,Emily Smith,Denver,PayPal,Pending
ORD1288,01-03-25,Smartwatch,Electronics,151,5,755,Chris Lee,Houston,Credit Card,Pending
ORD1289,12-03-25,Refrigerator,Home Appliances,1254,1,1254,Emily Anderson,Los Angeles,Credit Card,Completed
ORD1290,15-04-25,Jeans,Clothing,40,3,120,Daniel Doe,Dallas,Gift Card,Completed
ORD1291,08-03-25,Smartwatch,Electronics,150,2,300,Olivia Doe,Boston,Debit Card,Completed
ORD1292,18-04-25,T-Shirt,Clothing,20,4,80,Michael Doe,Houston,Credit Card,Completed
ORD1293,18-02-25,Refrigerator,Home Appliances,1236,1,1236,Olivia Smith,Chicago,Gift Card,Cancelled
ORD1294,24-02-25,Jeans,Clothing,39,4,156,Emma Clark,New York,Credit Card,Cancelled
ORD1295,05-04-25,Refrigerator,Home Appliances,1167,2,2334,Sophia Lee,Boston,Amazon Pay,Pending
ORD1296,07-02-25,Book,Books,15,5,75,Olivia Wilson,Seattle,Amazon Pay,Completed
ORD1297,08-02-25,Headphones,Electronics,102,2,204,Alex White,Chicago,Debit Card,Completed
ORD1298,26-02-25,Book,Books,15,5,75,Ethan Martinez,Los Angeles,Credit Card,Completed
ORD1299,13-03-25,Jeans,Clothing,38,3,114,Isabella Anderson,Chicago,PayPal,Pending
ORD1300,17-04-25,Running Shoes,Footwear,63,3,189,Michael Wilson,Denver,Amazon Pay,Completed
ORD1301,02-02-25,Headphones,Electronics,105,2,210,Ava Brown,Houston,Debit Card,Completed
ORD1302,08-04-25,Headphones,Electronics,96,2,192,Chris Anderson,Seattle,Gift Card,Completed
ORD1303,17-04-25,Jeans,Clothing,39,3,117,Emily Lee,San Francisco,Gift Card,Completed
ORD1304,28-04-25,Headphones,Electronics,101,3,303,Michael Miller,Los Angeles,PayPal,Pending
ORD1305,29-04-25,Book,Books,15,2,30,Daniel Smith,Houston,PayPal,Completed
ORD1306,04-03-25,Headphones,Electronics,103,1,103,Daniel Martinez,Seattle,PayPal,Cancelled
ORD1307,21-04-25,Headphones,Electronics,98,3,294,Sophia Clark,Houston,Gift Card,Completed
ORD1308,27-03-25,T-Shirt,Clothing,20,1,20,Lucas Doe,Chicago,Gift Card,Cancelled
ORD1309,21-04-25,Refrigerator,Home Appliances,1170,1,1170,John Harris,Seattle,Debit Card,Pending
ORD1310,24-04-25,Laptop,Electronics,778,1,778,Ethan Clark,Seattle,PayPal,Completed
ORD1311,15-02-25,Smartwatch,Electronics,157,1,157,David Garcia,Houston,Gift Card,Pending
ORD1312,17-03-25,Washing Machine,Home Appliances,613,1,613,Noah Brown,San Francisco,Gift Card,Completed
ORD1313,12-04-25,Headphones,Electronics,98,2,196,Emily Brown,Chicago,Gift Card,Pending
ORD1314,12-02-25,Refrigerator,Home Appliances,1192,1,1192,Daniel Wilson,Miami,Gift Card,Completed
ORD1315,07-03-25,Washing Machine,Home Appliances,594,3,1782,David Doe,Denver,Gift Card,Pending
ORD1316,04-03-25,Smartphone,Electronics,491,1,491,Jane Garcia,San Francisco,Credit Card,Pending
ORD1317,20-03-25,Laptop,Electronics,760,1,760,John Clark,Seattle,Amazon Pay,Completed
ORD1318,22-04-25,Book,Books,14,3,42,Chris Johnson,Houston,Amazon Pay,Completed
ORD1319,23-04-25,Refrigerator,Home Appliances,1183,1,1183,Sophia Martinez,Chicago,PayPal,Completed
ORD1320,19-03-25,Book,Books,15,3,45,Michael Clark,New York,Amazon Pay,Cancelled
ORD1321,28-02-25,Smartwatch,Electronics,149,1,149,Olivia Garcia,Boston,Debit Card,Completed
ORD1322,05-04-25,Smartwatch,Electronics,157,3,471,Ethan Clark,Boston,Debit Card,Completed
ORD1323,17-03-25,Book,Books,15,1,15,Jane Garcia,Miami,Debit Card,Completed
ORD1324,04-03-25,Running Shoes,Footwear,61,3,183,Sophia Taylor,Los Angeles,Gift Card,Pending
ORD1325,09-04-25,Laptop,Electronics,787,1,787,Noah Miller,Dallas,Amazon Pay,Pending
ORD1326,21-02-25,Laptop,Electronics,792,2,1584,Emily Garcia,Denver,PayPal,Cancelled
ORD1327,08-04-25,T-Shirt,Clothing,19,5,95,Isabella Taylor,Boston,Gift Card,Cancelled
ORD1328,02-04-25,Refrigerator,Home Appliances,1175,2,2350,Daniel Anderson,Denver,Credit Card,Completed
ORD1329,27-03-25,Smartphone,Electronics,504,2,1008,Liam Johnson,Dallas,Credit Card,Pending
ORD1330,02-04-25,Smartwatch,Electronics,155,4,620,Mia Taylor,Houston,Amazon Pay,Pending
ORD1331,05-03-25,Running Shoes,Footwear,61,2,122,Isabella Martinez,Chicago,Amazon Pay,Cancelled
ORD1332,10-02-25,Jeans,Clothing,38,2,76,Emily Anderson,Miami,Debit Card,Cancelled
ORD1333,07-03-25,Refrigerator,Home Appliances,1141,1,1141,Ethan Doe,Houston,Credit Card,Pending
ORD1334,13-04-25,Smartphone,Electronics,519,2,1038,Alex Doe,San Francisco,Credit Card,Pending
ORD1335,25-04-25,Smartphone,Electronics,500,5,2500,Emily Wilson,New York,Gift Card,Completed
ORD1336,11-04-25,Smartwatch,Electronics,144,3,432,Liam Taylor,New York,Amazon Pay,Completed
ORD1337,29-03-25,Refrigerator,Home Appliances,1200,1,1200,Jane Brown,Houston,Debit Card,Pending
ORD1338,13-02-25,Smartwatch,Electronics,147,3,441,Daniel Taylor,Chicago,Debit Card,Completed
ORD1339,13-02-25,Jeans,Clothing,40,3,120,Daniel Martinez,Dallas,Credit Card,Completed
ORD1340,15-03-25,Refrigerator,Home Appliances,1220,1,1220,Lucas Lee,Boston,Debit Card,Completed
ORD1341,13-02-25,Book,Books,14,1,14,Isabella Brown,Denver,Amazon Pay,Pending
ORD1342,09-02-25,T-Shirt,Clothing,19,2,38,Michael Martinez,Los Angeles,Credit Card,Completed
ORD1343,11-02-25,Jeans,Clothing,39,1,39,Daniel Lee,Denver,Debit Card,Pending
ORD1344,29-03-25,Headphones,Electronics,98,2,196,Liam Clark,San Francisco,Debit Card,Completed
ORD1345,02-02-25,Smartwatch,Electronics,150,2,300,Isabella Doe,Boston,Debit Card,Pending
ORD1346,12-04-25,Refrigerator,Home Appliances,1255,1,1255,Alex Anderson,Dallas,PayPal,Completed
ORD1347,26-04-25,T-Shirt,Clothing,21,3,63,Michael Harris,New York,PayPal,Completed
ORD1348,16-02-25,Washing Machine,Home Appliances,588,1,588,Olivia Garcia,Chicago,Credit Card,Completed
ORD1349,04-03-25,Smartphone,Electronics,477,5,2385,Noah Brown,Miami,Debit Card,Completed
ORD1350,23-03-25,Refrigerator,Home Appliances,1252,2,2504,David Brown,Dallas,Gift Card,Cancelled
ORD1351,15-03-25,Washing Machine,Home Appliances,580,1,580,Daniel Martinez,Seattle,Gift Card,Cancelled
ORD1352,12-02-25,T-Shirt,Clothing,20,4,80,Sophia Wilson,Miami,Amazon Pay,Cancelled
ORD1353,13-02-25,Book,Books,15,3,45,Alex Wilson,Miami,PayPal,Completed
ORD1354,02-04-25,Headphones,Electronics,103,5,515,Daniel Taylor,San Francisco,Amazon Pay,Completed
ORD1355,03-04-25,T-Shirt,Clothing,20,4,80,Noah Miller,Miami,Gift Card,Completed
ORD1356,23-03-25,Refrigerator,Home Appliances,1213,1,1213,John Brown,Chicago,Debit Card,Completed
ORD1357,13-04-25,Refrigerator,Home Appliances,1220,2,2440,Chris Martinez,Los Angeles,Debit Card,Completed
ORD1358,07-04-25,Book,Books,15,1,15,Michael Clark,New York,Debit Card,Completed
ORD1359,23-03-25,Refrigerator,Home Appliances,1255,1,1255,Ava White,Miami,Credit Card,Completed
ORD1360,29-04-25,Laptop,Electronics,800,3,2400,Michael Anderson,Chicago,Credit Card,Completed
ORD1361,10-04-25,Laptop,Electronics,809,1,809,Liam Johnson,Seattle,Debit Card,Completed
ORD1362,27-02-25,Book,Books,15,2,30,Michael Taylor,San Francisco,PayPal,Completed
ORD1363,24-02-25,T-Shirt,Clothing,19,2,38,Emily Smith,Dallas,Credit Card,Cancelled
ORD1364,16-03-25,Headphones,Electronics,100,1,100,Daniel Garcia,San Francisco,Gift Card,Pending
ORD1365,31-03-25,Smartphone,Electronics,512,1,512,Chris Smith,Seattle,Credit Card,Completed
ORD1366,28-03-25,T-Shirt,Clothing,19,1,19,Daniel Lee,Seattle,Debit Card,Pending
ORD1367,25-03-25,Book,Books,14,1,14,Liam Lee,Dallas,Gift Card,Completed
ORD1368,23-02-25,Book,Books,15,4,60,Daniel Miller,Denver,Gift Card,Pending
ORD1369,29-04-25,T-Shirt,Clothing,19,5,95,Sophia Brown,Dallas,Credit Card,Completed
ORD1370,21-02-25,Smartphone,Electronics,507,5,2535,Alex Johnson,San Francisco,Amazon Pay,Pending
ORD1371,01-02-25,Book,Books,16,2,32,Emma Taylor,Denver,Amazon Pay,Completed
ORD1372,09-03-25,Washing Machine,Home Appliances,596,1,596,Alex Clark,Miami,Debit Card,Completed
ORD1373,01-02-25,T-Shirt,Clothing,20,5,100,Liam Smith,Los Angeles,Debit Card,Pending
ORD1374,17-03-25,Laptop,Electronics,801,1,801,Chris Doe,Boston,Gift Card,Completed
ORD1375,01-03-25,Laptop,Electronics,794,1,794,Ava Johnson,Chicago,Gift Card,Completed
ORD1376,22-03-25,Running Shoes,Footwear,61,3,183,Daniel Anderson,Seattle,Debit Card,Completed
ORD1377,29-04-25,Jeans,Clothing,40,1,40,John Brown,Seattle,Debit Card,Completed
ORD1378,18-04-25,T-Shirt,Clothing,19,4,76,Emily Doe,Chicago,Debit Card,Completed
ORD1379,01-02-25,Running Shoes,Footwear,58,2,116,Isabella Miller,Dallas,Credit Card,Completed
ORD1380,11-03-25,Running Shoes,Footwear,57,1,57,David Johnson,Seattle,Credit Card,Pending
ORD1381,13-03-25,Smartphone,Electronics,479,1,479,Sophia Johnson,San Francisco,Debit Card,Completed
ORD1382,04-02-25,Refrigerator,Home Appliances,1236,4,4944,Isabella Garcia,Boston,PayPal,Cancelled
ORD1383,12-02-25,Headphones,Electronics,96,1,96,Jane Johnson,Miami,Gift Card,Completed
ORD1384,27-03-25,Laptop,Electronics,820,2,1640,Jane Garcia,Seattle,Debit Card,Completed
ORD1385,01-04-25,Running Shoes,Footwear,60,4,240,Ethan Smith,Chicago,Credit Card,Pending
ORD1386,07-02-25,Smartwatch,Electronics,157,1,157,Jane Doe,Seattle,Credit Card,Completed
ORD1387,13-02-25,Book,Books,15,3,45,Daniel Clark,Houston,Credit Card,Completed
ORD1388,20-02-25,Washing Machine,Home Appliances,601,2,1202,Lucas Lee,Denver,PayPal,Completed
ORD1389,02-03-25,Laptop,Electronics,761,2,1522,Sophia Wilson,Boston,Debit Card,Pending
ORD1390,19-03-25,Headphones,Electronics,104,4,416,Chris Smith,Boston,Amazon Pay,Cancelled
ORD1391,17-03-25,Smartphone,Electronics,516,3,1548,Chris Smith,Miami,Debit Card,Completed
ORD1392,08-03-25,Book,Books,15,4,60,Mia White,Miami,Gift Card,Pending
ORD1393,24-03-25,Book,Books,15,3,45,Lucas Clark,San Francisco,Credit Card,Completed
ORD1394,28-02-25,Washing Machine,Home Appliances,588,2,1176,Daniel Taylor,San Francisco,PayPal,Completed
ORD1395,17-03-25,Jeans,Clothing,41,1,41,Emma Lee,Miami,Amazon Pay,Completed
ORD1396,12-04-25,Refrigerator,Home Appliances,1146,1,1146,Alex Miller,Chicago,Debit Card,Completed
ORD1397,05-03-25,Washing Machine,Home Appliances,598,2,1196,Olivia Clark,Miami,Amazon Pay,Cancelled
ORD1398,01-02-25,T-Shirt,Clothing,19,2,38,Jane Wilson,Chicago,Debit Card,Pending
ORD1399,22-02-25,Headphones,Electronics,100,2,200,Alex Martinez,Boston,Gift Card,Completed
ORD1400,31-03-25,Running Shoes,Footwear,60,5,300,Daniel Miller,Denver,Credit Card,Pending
ORD1401,15-03-25,Smartphone,Electronics,484,3,1452,Sophia Clark,Seattle,PayPal,Completed
ORD1402,07-02-25,Book,Books,16,5,80,Alex Doe,San Francisco,Credit Card,Completed
ORD1403,01-03-25,Smartphone,Electronics,482,2,964,Daniel Smith,Dallas,PayPal,Completed
ORD1404,09-03-25,T-Shirt,Clothing,21,1,21,Ethan Lee,Boston,Credit Card,Completed
ORD1405,03-03-25,Refrigerator,Home Appliances,1145,1,1145,Jane Smith,Chicago,Gift Card,Completed
ORD1406,20-04-25,Refrigerator,Home Appliances,1237,2,2474,Ethan Taylor,Seattle,Credit Card,Completed
ORD1407,19-03-25,Washing Machine,Home Appliances,600,1,600,Emma White,Houston,PayPal,Pending
ORD1408,12-04-25,Smartphone,Electronics,483,3,1449,Jane Harris,Seattle,Credit Card,Completed
ORD1409,24-02-25,Book,Books,15,2,30,John White,Chicago,Credit Card,Completed
ORD1410,26-04-25,Laptop,Electronics,832,4,3328,John Wilson,Los Angeles,Credit Card,Cancelled
ORD1411,22-02-25,Book,Books,15,1,15,David Garcia,Miami,Credit Card,Completed
ORD1412,27-02-25,Washing Machine,Home Appliances,617,3,1851,Alex Miller,Miami,Gift Card,Cancelled
ORD1413,12-04-25,Headphones,Electronics,102,1,102,Isabella Garcia,Dallas,Credit Card,Pending
ORD1414,15-03-25,Washing Machine,Home Appliances,573,2,1146,Emma Lee,Miami,PayPal,Pending
ORD1415,15-02-25,Headphones,Electronics,96,1,96,Sophia Harris,Seattle,Gift Card,Pending
ORD1416,27-02-25,Smartphone,Electronics,498,1,498,Daniel Lee,San Francisco,Debit Card,Completed
ORD1417,06-03-25,Refrigerator,Home Appliances,1249,1,1249,Emily Martinez,Miami,Amazon Pay,Cancelled
ORD1418,02-02-25,Washing Machine,Home Appliances,622,1,622,Daniel Taylor,Chicago,PayPal,Cancelled
ORD1419,11-03-25,T-Shirt,Clothing,19,4,76,David Martinez,Houston,Debit Card,Completed
ORD1420,08-03-25,Jeans,Clothing,42,5,210,Emily Anderson,Miami,PayPal,Completed
ORD1421,13-02-25,Running Shoes,Footwear,59,5,295,Chris Martinez,Houston,Credit Card,Completed
ORD1422,22-02-25,Headphones,Electronics,102,4,408,David Wilson,Dallas,Amazon Pay,Completed
ORD1423,10-04-25,Smartphone,Electronics,505,1,505,Liam Wilson,New York,PayPal,Cancelled
ORD1424,13-02-25,Washing Machine,Home Appliances,591,1,591,Chris Martinez,Miami,Gift Card,Completed
ORD1425,05-03-25,Headphones,Electronics,100,5,500,Mia Harris,San Francisco,Credit Card,Completed
ORD1426,08-04-25,Smartphone,Electronics,513,3,1539,John Clark,San Francisco,Debit Card,Completed
ORD1427,28-04-25,T-Shirt,Clothing,20,1,20,Sophia Miller,Chicago,Amazon Pay,Pending
ORD1428,20-02-25,Jeans,Clothing,41,4,164,Olivia Harris,Denver,Gift Card,Completed
ORD1429,25-04-25,Refrigerator,Home Appliances,1147,2,2294,Noah Taylor,Chicago,Amazon Pay,Completed
ORD1430,19-02-25,T-Shirt,Clothing,20,3,60,Daniel Brown,Dallas,Amazon Pay,Cancelled
ORD1431,17-02-25,Running Shoes,Footwear,63,3,189,Alex Garcia,Chicago,Debit Card,Completed
ORD1432,03-04-25,Book,Books,16,2,32,Lucas Garcia,Denver,Credit Card,Completed
ORD1433,02-02-25,Book,Books,15,1,15,Daniel Clark,Houston,PayPal,Pending
ORD1434,19-03-25,Smartphone,Electronics,496,2,992,Jane Taylor,Miami,Credit Card,Cancelled
ORD1435,08-03-25,Washing Machine,Home Appliances,621,2,1242,Jane White,Miami,Credit Card,Pending
ORD1436,22-02-25,Refrigerator,Home Appliances,1222,2,2444,Isabella Brown,New York,Gift Card,Pending
ORD1437,14-03-25,Headphones,Electronics,101,1,101,David Miller,Miami,Gift Card,Completed
ORD1438,25-02-25,Running Shoes,Footwear,58,3,174,Alex Lee,Boston,Gift Card,Completed
ORD1439,13-02-25,T-Shirt,Clothing,20,4,80,Olivia Smith,Houston,PayPal,Completed
ORD1440,06-03-25,Jeans,Clothing,40,4,160,Lucas Miller,San Francisco,Amazon Pay,Completed
ORD1441,28-04-25,Smartphone,Electronics,505,1,505,Chris Johnson,Boston,Credit Card,Completed
ORD1442,04-04-25,Laptop,Electronics,834,5,4170,Daniel Anderson,New York,Credit Card,Cancelled
ORD1443,07-04-25,Running Shoes,Footwear,60,4,240,Emma Doe,Los Angeles,PayPal,Completed
ORD1444,05-02-25,Laptop,Electronics,839,3,2517,David Taylor,Chicago,Amazon Pay,Cancelled
ORD1445,08-03-25,Smartwatch,Electronics,155,2,310,Michael White,Dallas,Credit Card,Cancelled
ORD1446,27-02-25,Smartphone,Electronics,478,1,478,Sophia Lee,Los Angeles,PayPal,Pending
ORD1447,28-03-25,Headphones,Electronics,98,1,98,Jane Miller,Miami,Debit Card,Pending
ORD1448,19-04-25,Smartwatch,Electronics,145,1,145,Emma Anderson,New York,Gift Card,Completed
ORD1449,12-04-25,Book,Books,15,5,75,Chris Lee,Denver,Gift Card,Pending
ORD1450,27-02-25,Smartwatch,Electronics,156,2,312,Alex Brown,Houston,PayPal,Completed
ORD1451,13-04-25,Running Shoes,Footwear,60,5,300,Ethan Smith,New York,Debit Card,Pending
ORD1452,10-03-25,Laptop,Electronics,808,5,4040,Noah Wilson,Boston,Amazon Pay,Completed
ORD1453,24-02-25,T-Shirt,Clothing,20,5,100,Ethan Brown,New York,Amazon Pay,Completed
ORD1454,22-03-25,T-Shirt,Clothing,19,4,76,John Lee,Los Angeles,Gift Card,Completed
ORD1455,29-03-25,Washing Machine,Home Appliances,574,1,574,Liam Taylor,Los Angeles,Debit Card,Cancelled
ORD1456,21-03-25,Running Shoes,Footwear,62,2,124,Ethan Doe,Houston,Gift Card,Pending
ORD1457,22-02-25,Smartwatch,Electronics,148,3,444,Lucas Wilson,Houston,Credit Card,Completed
ORD1458,05-02-25,Smartphone,Electronics,481,2,962,John Harris,Boston,Credit Card,Pending
ORD1459,21-02-25,Book,Books,15,5,75,Jane Harris,New York,PayPal,Completed
ORD1460,22-04-25,Refrigerator,Home Appliances,1154,2,2308,Michael Taylor,Houston,Amazon Pay,Completed
ORD1461,22-04-25,Laptop,Electronics,831,3,2493,John Harris,Houston,PayPal,Cancelled
ORD1462,06-04-25,Headphones,Electronics,99,1,99,Emma Garcia,Chicago,Gift Card,Completed
ORD1463,08-04-25,Refrigerator,Home Appliances,1250,2,2500,Chris Miller,Chicago,PayPal,Cancelled
ORD1464,30-04-25,Laptop,Electronics,799,2,1598,Daniel Wilson,Houston,Gift Card,Cancelled
ORD1465,18-02-25,Running Shoes,Footwear,62,1,62,Daniel White,Dallas,Debit Card,Cancelled
ORD1466,17-02-25,Headphones,Electronics,101,2,202,David Harris,New York,Credit Card,Completed
ORD1467,09-02-25,T-Shirt,Clothing,21,4,84,Mia Lee,Los Angeles,PayPal,Cancelled
ORD1468,29-03-25,Washing Machine,Home Appliances,626,2,1252,Ava Wilson,Denver,PayPal,Pending
ORD1469,25-03-25,Headphones,Electronics,99,3,297,Daniel Martinez,Chicago,Amazon Pay,Completed
ORD1470,01-02-25,Jeans,Clothing,40,1,40,Daniel Anderson,Los Angeles,PayPal,Cancelled
ORD1471,30-04-25,Jeans,Clothing,39,4,156,Mia Garcia,Los Angeles,PayPal,Completed
ORD1472,16-02-25,Jeans,Clothing,42,5,210,Alex Johnson,Houston,Debit Card,Cancelled
ORD1473,12-04-25,Refrigerator,Home Appliances,1188,2,2376,Emma Taylor,Houston,Credit Card,Completed
ORD1474,15-04-25,Laptop,Electronics,770,1,770,Liam Taylor,Los Angeles,Debit Card,Cancelled
ORD1475,11-04-25,Refrigerator,Home Appliances,1171,2,2342,Ava Anderson,Denver,Credit Card,Completed
ORD1476,27-02-25,Laptop,Electronics,788,1,788,Emma Harris,San Francisco,PayPal,Completed
ORD1477,24-04-25,Smartwatch,Electronics,155,1,155,Jane Brown,Boston,PayPal,Pending
ORD1478,12-03-25,Running Shoes,Footwear,60,5,300,Michael Garcia,New York,Amazon Pay,Pending
ORD1479,28-02-25,Headphones,Electronics,102,1,102,Chris Lee,Houston,Gift Card,Completed
ORD1480,19-03-25,Smartwatch,Electronics,147,2,294,Daniel Lee,Seattle,Amazon Pay,Completed
ORD1481,14-03-25,Book,Books,15,1,15,Chris Harris,New York,Debit Card,Completed
ORD1482,12-03-25,Running Shoes,Footwear,58,5,290,Michael Garcia,Denver,Amazon Pay,Cancelled
ORD1483,16-02-25,Laptop,Electronics,817,1,817,Lucas Lee,New York,Credit Card,Pending
ORD1484,28-03-25,Book,Books,15,5,75,Ava Johnson,Dallas,Debit Card,Completed
ORD1485,26-03-25,Smartphone,Electronics,499,1,499,Sophia Doe,San Francisco,PayPal,Completed
ORD1486,23-02-25,Refrigerator,Home Appliances,1199,1,1199,Daniel Smith,Chicago,Gift Card,Completed
ORD1487,05-03-25,Refrigerator,Home Appliances,1149,2,2298,David Smith,Denver,Debit Card,Pending
ORD1488,02-03-25,Laptop,Electronics,800,1,800,Isabella Doe,San Francisco,Credit Card,Completed
ORD1489,27-04-25,Jeans,Clothing,41,4,164,Ava Anderson,Dallas,Gift Card,Completed
ORD1490,21-04-25,Refrigerator,Home Appliances,1253,1,1253,Mia Smith,San Francisco,Credit Card,Completed
ORD1491,18-02-25,Headphones,Electronics,102,1,102,Olivia Lee,New York,Amazon Pay,Completed
ORD1492,21-04-25,Laptop,Electronics,762,4,3048,Michael Harris,Seattle,Debit Card,Completed
ORD1493,15-03-25,Washing Machine,Home Appliances,616,2,1232,Daniel Smith,New York,Gift Card,Completed
ORD1494,14-02-25,Refrigerator,Home Appliances,1182,1,1182,David Taylor,Chicago,Debit Card,Pending
ORD1495,17-03-25,Smartwatch,Electronics,151,4,604,Emma Doe,San Francisco,Gift Card,Completed
ORD1496,20-04-25,Running Shoes,Footwear,59,5,295,Noah Garcia,Boston,PayPal,Completed
ORD1497,08-03-25,Smartphone,Electronics,481,1,481,Emily White,New York,Debit Card,Cancelled
ORD1498,18-04-25,Headphones,Electronics,101,2,202,Daniel White,Denver,Credit Card,Completed
ORD1499,16-03-25,Washing Machine,Home Appliances,610,1,610,Ava Johnson,Boston,Credit Card,Cancelled
ORD1500,25-02-25,Washing Machine,Home Appliances,585,1,585,Daniel Doe,Los Angeles,Gift Card,Pending
ORD1501,05-04-25,Smartphone,Electronics,480,1,480,Noah Doe,Denver,Debit Card,Cancelled
ORD1502,12-02-25,Jeans,Clothing,42,1,42,Emma Brown,Los Angeles,Debit Card,Pending
ORD1503,27-02-25,Laptop,Electronics,825,1,825,Jane Martinez,San Francisco,Debit Card,Completed
ORD1504,13-04-25,Refrigerator,Home Appliances,1183,1,1183,Noah Taylor,Chicago,Credit Card,Cancelled
ORD1505,19-04-25,Laptop,Electronics,832,4,3328,Liam Lee,New York,Amazon Pay,Cancelled
ORD1506,17-04-25,Jeans,Clothing,39,1,39,Emma Doe,San Francisco,Gift Card,Completed
ORD1507,06-03-25,Smartphone,Electronics,515,1,515,Sophia Brown,Chicago,Debit Card,Completed
ORD1508,10-03-25,T-Shirt,Clothing,21,4,84,Noah Doe,Chicago,Gift Card,Completed
ORD1509,31-03-25,Washing Machine,Home Appliances,601,2,1202,Lucas Johnson,Chicago,Debit Card,Cancelled
ORD1510,06-04-25,T-Shirt,Clothing,19,4,76,Noah Wilson,Seattle,Credit Card,Completed
ORD1511,10-02-25,T-Shirt,Clothing,19,5,95,Chris Brown,Denver,Amazon Pay,Completed
ORD1512,23-02-25,Running Shoes,Footwear,62,2,124,Liam Miller,Dallas,Debit Card,Pending
ORD1513,19-02-25,Running Shoes,Footwear,59,4,236,Jane Garcia,Miami,Debit Card,Completed
ORD1514,06-02-25,Washing Machine,Home Appliances,626,1,626,Mia Garcia,Chicago,PayPal,Completed
ORD1515,15-03-25,Book,Books,14,3,42,Liam Doe,Dallas,Debit Card,Completed
ORD1516,07-04-25,Smartphone,Electronics,504,5,2520,Ethan Clark,Chicago,PayPal,Pending
ORD1517,28-04-25,Washing Machine,Home Appliances,599,1,599,Michael Garcia,Houston,Credit Card,Completed
ORD1518,31-03-25,Laptop,Electronics,835,1,835,Michael White,Miami,Gift Card,Completed
ORD1519,20-03-25,Book,Books,16,3,48,Noah Miller,Chicago,Gift Card,Pending
ORD1520,09-03-25,Refrigerator,Home Appliances,1222,1,1222,Liam Lee,Miami,Gift Card,Completed
ORD1521,20-02-25,Book,Books,15,2,30,Ethan Lee,Los Angeles,PayPal,Completed
ORD1522,03-03-25,T-Shirt,Clothing,20,4,80,Alex Clark,Seattle,Gift Card,Completed
ORD1523,16-02-25,Washing Machine,Home Appliances,597,1,597,Mia Miller,Seattle,Credit Card,Cancelled
ORD1524,24-02-25,Smartphone,Electronics,491,5,2455,Lucas Johnson,Los Angeles,Amazon Pay,Pending
ORD1525,18-02-25,Smartphone,Electronics,493,1,493,Jane Miller,Seattle,Gift Card,Pending
ORD1526,07-03-25,Refrigerator,Home Appliances,1187,1,1187,Ethan Harris,Los Angeles,Gift Card,Completed
ORD1527,01-03-25,Laptop,Electronics,829,2,1658,Ava Martinez,Chicago,Amazon Pay,Completed
ORD1528,05-03-25,Laptop,Electronics,831,2,1662,David Johnson,Dallas,Gift Card,Completed
ORD1529,22-03-25,Laptop,Electronics,823,2,1646,Alex Lee,Chicago,Credit Card,Completed
ORD1530,13-02-25,Headphones,Electronics,96,2,192,Lucas Anderson,Houston,Debit Card,Pending
ORD1531,12-02-25,Headphones,Electronics,101,2,202,Daniel Anderson,Denver,PayPal,Pending
ORD1532,09-03-25,Refrigerator,Home Appliances,1219,1,1219,Olivia Anderson,Dallas,Debit Card,Pending
ORD1533,27-02-25,Refrigerator,Home Appliances,1249,1,1249,Isabella Wilson,Seattle,Debit Card,Completed
ORD1534,23-02-25,Refrigerator,Home Appliances,1173,1,1173,Emma Clark,New York,Amazon Pay,Pending
ORD1535,09-03-25,Refrigerator,Home Appliances,1218,1,1218,Michael Clark,Chicago,Debit Card,Completed
ORD1536,13-04-25,Book,Books,15,3,45,Alex Brown,Chicago,Gift Card,Pending
ORD1537,05-02-25,Smartwatch,Electronics,147,5,735,Liam Garcia,Seattle,PayPal,Completed
ORD1538,26-04-25,Jeans,Clothing,41,1,41,Olivia Miller,New York,Gift Card,Completed
ORD1539,03-02-25,Book,Books,15,2,30,Chris Taylor,Houston,Amazon Pay,Completed
ORD1540,18-02-25,Washing Machine,Home Appliances,575,1,575,Emily Clark,Miami,Debit Card,Completed
ORD1541,05-03-25,Book,Books,15,2,30,Ava Anderson,Los Angeles,Amazon Pay,Pending
ORD1542,27-03-25,Smartwatch,Electronics,152,1,152,Olivia Doe,San Francisco,Credit Card,Completed
ORD1543,26-04-25,Laptop,Electronics,829,1,829,Michael Clark,Denver,Gift Card,Pending
ORD1544,17-04-25,Jeans,Clothing,41,5,205,Daniel Lee,New York,PayPal,Cancelled
ORD1545,20-02-25,Washing Machine,Home Appliances,593,1,593,Daniel Lee,New York,Credit Card,Pending
ORD1546,09-02-25,Smartwatch,Electronics,151,2,302,Daniel Brown,Chicago,Gift Card,Completed
ORD1547,03-03-25,Laptop,Electronics,793,2,1586,Isabella Clark,Dallas,Debit Card,Pending
ORD1548,02-03-25,Smartwatch,Electronics,153,5,765,Jane Miller,San Francisco,PayPal,Completed
ORD1549,22-04-25,Running Shoes,Footwear,61,5,305,Ethan White,Boston,Credit Card,Completed
ORD1550,28-04-25,Headphones,Electronics,104,2,208,Chris Taylor,Dallas,Amazon Pay,Pending
ORD1551,12-03-25,Jeans,Clothing,40,5,200,Lucas Miller,San Francisco,Gift Card,Completed
ORD1552,15-03-25,Jeans,Clothing,42,4,168,John Miller,Denver,Debit Card,Completed
ORD1553,17-04-25,T-Shirt,Clothing,21,5,105,Daniel Garcia,San Francisco,Amazon Pay,Completed
ORD1554,12-03-25,Laptop,Electronics,779,1,779,Ava Wilson,Chicago,Amazon Pay,Cancelled
ORD1555,26-03-25,Washing Machine,Home Appliances,606,1,606,Liam Brown,Houston,Credit Card,Pending
ORD1556,11-03-25,Book,Books,15,1,15,Ava Wilson,New York,Debit Card,Cancelled
ORD1557,19-03-25,T-Shirt,Clothing,19,4,76,Ethan Taylor,Dallas,Credit Card,Completed
ORD1558,23-03-25,Smartphone,Electronics,483,1,483,Emma White,Miami,PayPal,Pending
ORD1559,03-03-25,Jeans,Clothing,40,5,200,Liam Miller,Los Angeles,Amazon Pay,Pending
ORD1560,18-03-25,T-Shirt,Clothing,20,2,40,Olivia Garcia,Houston,Debit Card,Cancelled
ORD1561,06-02-25,Washing Machine,Home Appliances,590,2,1180,Michael Martinez,Houston,Gift Card,Pending
ORD1562,04-02-25,Book,Books,15,1,15,Emily Miller,New York,Credit Card,Completed
ORD1563,24-03-25,T-Shirt,Clothing,20,4,80,Chris Garcia,Houston,Gift Card,Completed
ORD1564,29-03-25,Headphones,Electronics,101,5,505,Daniel Martinez,Los Angeles,Gift Card,Completed
ORD1565,10-04-25,Washing Machine,Home Appliances,623,5,3115,Mia Smith,Miami,PayPal,Cancelled
ORD1566,18-02-25,Washing Machine,Home Appliances,610,1,610,David Garcia,Seattle,PayPal,Completed
ORD1567,08-04-25,T-Shirt,Clothing,21,2,42,Olivia Lee,Chicago,Credit Card,Completed
ORD1568,31-03-25,T-Shirt,Clothing,19,5,95,Ava Brown,San Francisco,Credit Card,Cancelled
ORD1569,01-03-25,Laptop,Electronics,798,3,2394,Alex Lee,San Francisco,Gift Card,Completed
ORD1570,18-03-25,T-Shirt,Clothing,19,2,38,Alex Clark,Chicago,Credit Card,Pending
ORD1571,14-02-25,Smartphone,Electronics,476,2,952,Mia Johnson,New York,Debit Card,Completed
ORD1572,04-02-25,Smartphone,Electronics,481,1,481,Jane Anderson,Dallas,Credit Card,Completed
ORD1573,09-03-25,Refrigerator,Home Appliances,1243,1,1243,David Lee,Miami,PayPal,Pending
ORD1574,10-04-25,Smartphone,Electronics,487,2,974,Daniel Anderson,Boston,Gift Card,Pending
ORD1575,02-02-25,T-Shirt,Clothing,20,4,80,Daniel Miller,Seattle,Debit Card,Completed
ORD1576,05-02-25,Headphones,Electronics,101,2,202,Olivia Johnson,Boston,PayPal,Completed
ORD1577,03-04-25,Laptop,Electronics,821,2,1642,Mia Garcia,Houston,Credit Card,Completed
ORD1578,27-04-25,Refrigerator,Home Appliances,1203,1,1203,Emma White,Chicago,Gift Card,Completed
ORD1579,14-04-25,Jeans,Clothing,40,5,200,Olivia Doe,Boston,Debit Card,Completed
ORD1580,18-03-25,Jeans,Clothing,42,4,168,Isabella Brown,Boston,Debit Card,Completed
ORD1581,27-04-25,Running Shoes,Footwear,61,5,305,Mia Garcia,Los Angeles,Debit Card,Completed
ORD1582,14-04-25,Jeans,Clothing,40,5,200,Daniel Wilson,Denver,Debit Card,Pending
ORD1583,22-04-25,Smartwatch,Electronics,145,5,725,Daniel Anderson,San Francisco,Gift Card,Cancelled
ORD1584,02-03-25,Headphones,Electronics,101,4,404,David Anderson,Chicago,Debit Card,Completed
ORD1585,12-04-25,Smartwatch,Electronics,152,1,152,Alex Brown,New York,Amazon Pay,Cancelled
ORD1586,14-02-25,Headphones,Electronics,98,1,98,Ava Clark,Miami,PayPal,Completed
ORD1587,09-02-25,Smartwatch,Electronics,156,1,156,Liam Doe,Chicago,Amazon Pay,Completed
ORD1588,12-02-25,T-Shirt,Clothing,19,3,57,Alex Smith,Miami,Gift Card,Completed
ORD1589,25-03-25,Refrigerator,Home Appliances,1142,1,1142,Daniel Smith,Boston,Credit Card,Pending
ORD1590,15-02-25,Book,Books,16,3,48,Daniel Anderson,Seattle,Amazon Pay,Completed
ORD1591,10-02-25,Laptop,Electronics,763,4,3052,Lucas Smith,Miami,PayPal,Cancelled
ORD1592,15-02-25,Washing Machine,Home Appliances,630,1,630,Ava Johnson,New York,Debit Card,Cancelled
ORD1593,10-02-25,Running Shoes,Footwear,60,2,120,Liam Anderson,Miami,PayPal,Completed
ORD1594,17-04-25,Smartwatch,Electronics,144,4,576,Ethan Anderson,Denver,Gift Card,Completed
ORD1595,05-04-25,Book,Books,15,2,30,Liam Harris,Miami,Amazon Pay,Completed
ORD1596,11-02-25,Smartphone,Electronics,524,5,2620,Ava Johnson,San Francisco,Credit Card,Completed
ORD1597,01-03-25,Headphones,Electronics,96,1,96,Liam Doe,Dallas,PayPal,Completed
ORD1598,04-02-25,Smartwatch,Electronics,148,3,444,Mia Harris,Seattle,Amazon Pay,Completed
ORD1599,07-02-25,Book,Books,15,3,45,Noah Johnson,Chicago,Gift Card,Completed
ORD1600,19-02-25,Washing Machine,Home Appliances,600,1,600,Alex Doe,Miami,Credit Card,Cancelled
ORD1601,22-04-25,Smartphone,Electronics,486,1,486,Liam Anderson,San Francisco,Debit Card,Completed
ORD1602,09-02-25,Running Shoes,Footwear,61,4,244,Olivia Anderson,Seattle,Debit Card,Completed
ORD1603,24-03-25,Smartphone,Electronics,507,4,2028,Ava White,Miami,PayPal,Completed
ORD1604,14-02-25,Book,Books,16,3,48,Daniel Taylor,Dallas,Credit Card,Cancelled
ORD1605,05-03-25,Laptop,Electronics,825,1,825,Michael White,San Francisco,Amazon Pay,Completed
ORD1606,17-03-25,Washing Machine,Home Appliances,613,1,613,Ethan White,Los Angeles,PayPal,Completed
ORD1607,02-04-25,Refrigerator,Home Appliances,1178,1,1178,John Clark,Seattle,Credit Card,Completed
ORD1608,08-04-25,Book,Books,15,5,75,Olivia Smith,Los Angeles,Gift Card,Completed
ORD1609,12-02-25,Smartwatch,Electronics,154,1,154,Ava Doe,San Francisco,Amazon Pay,Completed
ORD1610,14-03-25,Book,Books,15,1,15,Daniel Johnson,New York,PayPal,Completed
ORD1611,08-02-25,Running Shoes,Footwear,60,5,300,David Smith,Miami,Credit Card,Completed
ORD1612,13-03-25,Laptop,Electronics,795,3,2385,Daniel Johnson,New York,Credit Card,Cancelled
ORD1613,18-02-25,Smartphone,Electronics,501,1,501,Emily Johnson,Houston,PayPal,Completed
ORD1614,07-04-25,Washing Machine,Home Appliances,610,3,1830,Daniel Wilson,Seattle,Debit Card,Pending
ORD1615,12-03-25,Laptop,Electronics,830,1,830,Mia Harris,Seattle,Amazon Pay,Completed
ORD1616,12-04-25,Book,Books,16,5,80,Isabella Taylor,Chicago,Amazon Pay,Cancelled
ORD1617,18-04-25,Refrigerator,Home Appliances,1235,3,3705,Noah Clark,Chicago,Debit Card,Cancelled
ORD1618,20-03-25,Running Shoes,Footwear,58,1,58,Alex Brown,San Francisco,PayPal,Pending
ORD1619,24-03-25,Smartphone,Electronics,519,1,519,Jane Harris,Dallas,Debit Card,Pending
ORD1620,21-04-25,Refrigerator,Home Appliances,1198,2,2396,Jane Harris,Seattle,Credit Card,Completed
ORD1621,14-03-25,Laptop,Electronics,764,2,1528,Daniel Smith,New York,PayPal,Pending
ORD1622,16-03-25,Refrigerator,Home Appliances,1193,1,1193,Jane Doe,Houston,Amazon Pay,Pending
ORD1623,23-03-25,Running Shoes,Footwear,61,2,122,Daniel Miller,Dallas,PayPal,Cancelled
ORD1624,05-04-25,Running Shoes,Footwear,62,2,124,Daniel Wilson,Boston,PayPal,Pending
ORD1625,06-04-25,Book,Books,15,4,60,Mia Brown,San Francisco,Credit Card,Completed
ORD1626,16-04-25,Jeans,Clothing,39,3,117,Noah Johnson,Los Angeles,Amazon Pay,Pending
ORD1627,15-04-25,Smartwatch,Electronics,144,2,288,Ethan Miller,Denver,Debit Card,Cancelled
ORD1628,13-04-25,Smartphone,Electronics,515,1,515,Lucas Brown,Houston,Gift Card,Cancelled
ORD1629,14-03-25,Running Shoes,Footwear,60,3,180,Emily Smith,Los Angeles,PayPal,Pending
ORD1630,16-03-25,Headphones,Electronics,99,1,99,Lucas Garcia,Chicago,Debit Card,Completed
ORD1631,10-04-25,T-Shirt,Clothing,20,5,100,Michael Smith,Chicago,Amazon Pay,Completed
ORD1632,27-04-25,Washing Machine,Home Appliances,617,3,1851,Liam Lee,Chicago,Credit Card,Completed
ORD1633,12-02-25,Smartwatch,Electronics,147,1,147,Noah Brown,San Francisco,Debit Card,Completed
ORD1634,29-04-25,Refrigerator,Home Appliances,1227,1,1227,Daniel Garcia,Chicago,Credit Card,Pending
ORD1635,09-02-25,Book,Books,14,3,42,Ethan Clark,Houston,Credit Card,Pending
ORD1636,18-03-25,Smartwatch,Electronics,144,2,288,Isabella Miller,Los Angeles,Amazon Pay,Completed
ORD1637,14-04-25,Refrigerator,Home Appliances,1241,1,1241,David Lee,Seattle,Amazon Pay,Pending
ORD1638,09-02-25,Washing Machine,Home Appliances,601,1,601,Noah Harris,Miami,Credit Card,Pending
ORD1639,22-03-25,Running Shoes,Footwear,57,4,228,Chris Doe,Houston,Debit Card,Cancelled
ORD1640,10-04-25,Running Shoes,Footwear,58,5,290,Ethan Miller,Dallas,Amazon Pay,Cancelled
ORD1641,08-03-25,Smartphone,Electronics,504,1,504,Alex Brown,Boston,PayPal,Cancelled
ORD1642,19-02-25,Laptop,Electronics,768,2,1536,Alex Taylor,New York,PayPal,Pending
ORD1643,02-03-25,Book,Books,16,1,16,Daniel Anderson,San Francisco,Amazon Pay,Pending
ORD1644,14-04-25,Jeans,Clothing,39,2,78,Emily Doe,San Francisco,Amazon Pay,Completed
ORD1645,23-04-25,Headphones,Electronics,100,2,200,Emma Clark,Los Angeles,PayPal,Cancelled
ORD1646,05-04-25,Jeans,Clothing,38,2,76,Emma Miller,Boston,Credit Card,Cancelled
ORD1647,26-04-25,Running Shoes,Footwear,60,1,60,Ethan Brown,Boston,Amazon Pay,Cancelled
ORD1648,18-04-25,Jeans,Clothing,41,1,41,David Harris,Denver,Gift Card,Cancelled
ORD1649,11-03-25,Running Shoes,Footwear,60,3,180,Ava Garcia,Los Angeles,PayPal,Pending
ORD1650,23-02-25,Headphones,Electronics,103,2,206,Lucas Johnson,Chicago,Debit Card,Pending
ORD1651,19-02-25,Headphones,Electronics,97,3,291,Daniel Clark,San Francisco,Gift Card,Pending
ORD1652,27-04-25,Washing Machine,Home Appliances,597,1,597,Alex White,Miami,Amazon Pay,Completed
ORD1653,29-04-25,Jeans,Clothing,38,3,114,Jane Johnson,Denver,Amazon Pay,Cancelled
ORD1654,15-03-25,Running Shoes,Footwear,60,3,180,Chris Doe,Dallas,Amazon Pay,Pending
ORD1655,10-02-25,Refrigerator,Home Appliances,1254,1,1254,Chris Garcia,Chicago,Amazon Pay,Completed
ORD1656,03-04-25,Jeans,Clothing,39,3,117,Lucas Johnson,Seattle,Credit Card,Pending
ORD1657,26-03-25,Laptop,Electronics,801,1,801,Olivia Garcia,Los Angeles,Credit Card,Completed
ORD1658,19-03-25,Refrigerator,Home Appliances,1145,1,1145,Alex Garcia,Denver,Gift Card,Completed
ORD1659,13-04-25,Laptop,Electronics,784,2,1568,Emily Lee,Chicago,PayPal,Completed
ORD1660,09-04-25,Jeans,Clothing,41,5,205,Liam Anderson,Chicago,Credit Card,Pending
ORD1661,30-03-25,T-Shirt,Clothing,20,2,40,Emma White,Denver,PayPal,Pending
ORD1662,07-02-25,T-Shirt,Clothing,19,3,57,Mia Lee,San Francisco,Amazon Pay,Completed
ORD1663,18-02-25,Smartphone,Electronics,512,1,512,Daniel Taylor,Seattle,Gift Card,Cancelled
ORD1664,23-02-25,Washing Machine,Home Appliances,612,1,612,Alex Garcia,Seattle,Debit Card,Cancelled
ORD1665,11-02-25,Laptop,Electronics,769,2,1538,Isabella White,Boston,PayPal,Cancelled
ORD1666,05-03-25,Laptop,Electronics,816,4,3264,Alex Miller,Dallas,Debit Card,Pending
ORD1667,11-03-25,Laptop,Electronics,834,1,834,Sophia Wilson,Miami,Credit Card,Completed
ORD1668,10-02-25,Headphones,Electronics,96,5,480,Ethan Johnson,Chicago,Gift Card,Completed
ORD1669,20-02-25,Running Shoes,Footwear,62,1,62,Chris Martinez,Dallas,Amazon Pay,Pending
ORD1670,12-02-25,Running Shoes,Footwear,60,4,240,Lucas Harris,Dallas,Debit Card,Completed
ORD1671,27-03-25,Jeans,Clothing,41,1,41,Daniel Wilson,Dallas,Credit Card,Completed
ORD1672,14-04-25,T-Shirt,Clothing,21,1,21,John Miller,Denver,Credit Card,Cancelled
ORD1673,19-04-25,Laptop,Electronics,791,1,791,Liam Harris,San Francisco,PayPal,Completed
ORD1674,06-04-25,Headphones,Electronics,103,2,206,Alex Garcia,Denver,PayPal,Completed
ORD1675,17-04-25,Running Shoes,Footwear,63,5,315,Ava Clark,New York,Credit Card,Completed
ORD1676,20-03-25,Smartwatch,Electronics,157,2,314,Ethan Smith,New York,Amazon Pay,Completed
ORD1677,06-03-25,Refrigerator,Home Appliances,1210,2,2420,Michael Harris,Seattle,Amazon Pay,Pending
ORD1678,22-02-25,Refrigerator,Home Appliances,1188,2,2376,Olivia Martinez,Boston,Debit Card,Completed
ORD1679,04-02-25,Refrigerator,Home Appliances,1178,1,1178,Emma Garcia,Boston,Gift Card,Completed
ORD1680,15-03-25,Smartphone,Electronics,511,1,511,Daniel Johnson,Dallas,Gift Card,Completed
ORD1681,26-02-25,Washing Machine,Home Appliances,585,2,1170,Alex Doe,Miami,Debit Card,Pending
ORD1682,10-04-25,T-Shirt,Clothing,20,5,100,Ava White,New York,Gift Card,Cancelled
ORD1683,08-04-25,Washing Machine,Home Appliances,618,1,618,Olivia Brown,Dallas,Amazon Pay,Cancelled
ORD1684,21-03-25,Smartwatch,Electronics,144,2,288,Daniel Taylor,Chicago,Debit Card,Pending
ORD1685,02-04-25,Washing Machine,Home Appliances,589,2,1178,John Harris,Chicago,Gift Card,Completed
ORD1686,08-04-25,Refrigerator,Home Appliances,1238,1,1238,Isabella Johnson,Chicago,Credit Card,Cancelled
ORD1687,10-02-25,Refrigerator,Home Appliances,1180,1,1180,Ava Doe,Miami,Amazon Pay,Completed
ORD1688,11-02-25,Refrigerator,Home Appliances,1150,3,3450,Daniel White,Los Angeles,PayPal,Completed
ORD1689,05-03-25,Smartphone,Electronics,490,1,490,Alex Anderson,San Francisco,Gift Card,Cancelled
ORD1690,18-02-25,Book,Books,15,4,60,Ethan Taylor,Denver,Amazon Pay,Cancelled
ORD1691,26-02-25,Running Shoes,Footwear,60,2,120,Lucas Johnson,New York,Debit Card,Completed
ORD1692,15-04-25,Refrigerator,Home Appliances,1167,1,1167,Olivia Clark,Denver,Credit Card,Completed
ORD1693,04-04-25,Smartphone,Electronics,505,3,1515,Liam Anderson,San Francisco,Gift Card,Completed
ORD1694,15-02-25,Running Shoes,Footwear,59,5,295,Emma Johnson,Chicago,Gift Card,Completed
ORD1695,09-02-25,Refrigerator,Home Appliances,1161,2,2322,Olivia Martinez,Los Angeles,Gift Card,Completed
ORD1696,02-04-25,Jeans,Clothing,38,2,76,John Doe,Denver,Debit Card,Pending
ORD1697,04-02-25,Headphones,Electronics,97,5,485,Ava Miller,Dallas,Credit Card,Completed
ORD1698,13-03-25,Jeans,Clothing,42,3,126,Daniel White,Los Angeles,Credit Card,Cancelled
ORD1699,04-03-25,Laptop,Electronics,829,1,829,Sophia Brown,New York,Credit Card,Completed
ORD1700,22-03-25,Washing Machine,Home Appliances,604,1,604,Isabella Taylor,Denver,PayPal,Completed
ORD1701,26-03-25,Laptop,Electronics,765,1,765,Jane White,Los Angeles,Amazon Pay,Cancelled
ORD1702,19-04-25,Laptop,Electronics,800,4,3200,Emma Miller,Houston,Credit Card,Cancelled
ORD1703,15-03-25,Running Shoes,Footwear,58,2,116,Sophia Garcia,San Francisco,PayPal,Pending
ORD1704,05-03-25,Laptop,Electronics,829,1,829,Isabella Smith,Houston,Debit Card,Cancelled
ORD1705,07-04-25,Jeans,Clothing,40,5,200,Ava Anderson,Denver,Credit Card,Pending
ORD1706,26-04-25,Refrigerator,Home Appliances,1157,1,1157,Isabella Taylor,Chicago,PayPal,Completed
ORD1707,22-03-25,Running Shoes,Footwear,63,4,252,Liam Martinez,Miami,Credit Card,Completed
ORD1708,21-03-25,T-Shirt,Clothing,21,2,42,Ethan Anderson,Dallas,Debit Card,Pending
ORD1709,27-04-25,Smartwatch,Electronics,151,2,302,Daniel Taylor,Seattle,Credit Card,Completed
ORD1710,21-02-25,Smartwatch,Electronics,155,4,620,Emma Lee,Chicago,Amazon Pay,Cancelled
ORD1711,13-02-25,Book,Books,15,3,45,Olivia Smith,Houston,PayPal,Completed
ORD1712,26-04-25,Jeans,Clothing,41,2,82,Daniel Garcia,Miami,PayPal,Pending
ORD1713,18-02-25,Laptop,Electronics,760,3,2280,David Miller,New York,Gift Card,Cancelled
ORD1714,15-03-25,Washing Machine,Home Appliances,584,1,584,Jane Miller,Miami,Amazon Pay,Completed
ORD1715,10-04-25,Running Shoes,Footwear,61,2,122,Daniel Miller,Dallas,Gift Card,Completed
ORD1716,01-03-25,Washing Machine,Home Appliances,622,1,622,Emma Brown,Miami,Debit Card,Completed
ORD1717,26-03-25,Jeans,Clothing,41,2,82,Daniel Lee,Denver,Gift Card,Pending
ORD1718,13-03-25,Running Shoes,Footwear,59,1,59,Liam Smith,Seattle,Gift Card,Completed
ORD1719,23-03-25,Book,Books,15,3,45,Lucas Smith,New York,Credit Card,Completed
ORD1720,04-02-25,Smartwatch,Electronics,153,3,459,Daniel Martinez,San Francisco,PayPal,Completed
ORD1721,13-04-25,Smartwatch,Electronics,147,1,147,Mia Taylor,Dallas,Credit Card,Pending
ORD1722,15-04-25,Jeans,Clothing,40,4,160,Daniel Anderson,Miami,Gift Card,Completed
ORD1723,17-03-25,Smartphone,Electronics,512,3,1536,Olivia White,Miami,Debit Card,Completed
ORD1724,22-02-25,Laptop,Electronics,763,2,1526,Daniel Doe,Denver,PayPal,Pending
ORD1725,09-02-25,T-Shirt,Clothing,19,2,38,Jane Wilson,Los Angeles,PayPal,Cancelled
ORD1726,23-02-25,Washing Machine,Home Appliances,603,4,2412,Olivia Doe,Boston,PayPal,Completed
ORD1727,14-02-25,Running Shoes,Footwear,57,2,114,Olivia Clark,New York,Gift Card,Completed
ORD1728,28-03-25,Smartphone,Electronics,513,1,513,Alex Wilson,Houston,Amazon Pay,Cancelled
ORD1729,25-03-25,Running Shoes,Footwear,60,5,300,Emily Garcia,Houston,PayPal,Pending
ORD1730,25-02-25,Smartwatch,Electronics,149,2,298,Alex Lee,Denver,Credit Card,Completed
ORD1731,19-02-25,Running Shoes,Footwear,58,5,290,Daniel Wilson,Seattle,Gift Card,Completed
ORD1732,11-02-25,Book,Books,15,2,30,Emma Miller,Miami,PayPal,Completed
ORD1733,04-02-25,Running Shoes,Footwear,58,4,232,Liam White,New York,PayPal,Completed
ORD1734,10-04-25,Refrigerator,Home Appliances,1250,1,1250,John Wilson,New York,Debit Card,Cancelled
ORD1735,16-03-25,Running Shoes,Footwear,62,3,186,Ethan Martinez,Boston,Gift Card,Completed
ORD1736,08-03-25,Washing Machine,Home Appliances,571,1,571,Isabella Martinez,Chicago,Credit Card,Pending
ORD1737,24-03-25,Smartwatch,Electronics,154,1,154,Daniel Johnson,Dallas,Credit Card,Pending
ORD1738,02-02-25,Jeans,Clothing,39,3,117,Chris Harris,Miami,Credit Card,Completed
ORD1739,28-04-25,Book,Books,15,3,45,Ethan Smith,Miami,Amazon Pay,Completed
ORD1740,28-04-25,Headphones,Electronics,100,2,200,Noah Taylor,Boston,Debit Card,Completed
ORD1741,06-02-25,Book,Books,14,3,42,Olivia Brown,Miami,Debit Card,Completed
ORD1742,18-02-25,Laptop,Electronics,832,5,4160,Mia Anderson,Denver,Debit Card,Pending
ORD1743,04-03-25,Running Shoes,Footwear,61,5,305,David Martinez,Boston,Debit Card,Completed
ORD1744,28-03-25,Smartwatch,Electronics,155,5,775,Emily Taylor,Houston,Gift Card,Pending
ORD1745,03-03-25,Book,Books,15,5,75,Noah Wilson,Miami,Credit Card,Completed
ORD1746,09-02-25,Smartphone,Electronics,518,4,2072,Emma Martinez,Chicago,Amazon Pay,Cancelled
ORD1747,31-03-25,Jeans,Clothing,42,4,168,Daniel Doe,New York,Debit Card,Completed
ORD1748,12-03-25,Smartphone,Electronics,500,4,2000,Lucas Taylor,Chicago,PayPal,Completed
ORD1749,28-03-25,T-Shirt,Clothing,20,5,100,Chris Miller,New York,Gift Card,Cancelled
ORD1750,12-02-25,Headphones,Electronics,100,1,100,Olivia Wilson,San Francisco,Debit Card,Pending
ORD1751,03-03-25,Jeans,Clothing,41,3,123,Mia Smith,Denver,Credit Card,Cancelled
ORD1752,26-04-25,Refrigerator,Home Appliances,1208,3,3624,Jane Wilson,Miami,Credit Card,Completed
ORD1753,13-03-25,Laptop,Electronics,774,1,774,Jane White,Denver,Gift Card,Completed
ORD1754,05-02-25,Laptop,Electronics,824,1,824,Ethan Johnson,New York,PayPal,Pending
ORD1755,26-04-25,Jeans,Clothing,42,5,210,Alex Miller,Boston,PayPal,Pending
ORD1756,24-04-25,Washing Machine,Home Appliances,609,2,1218,Daniel Taylor,San Francisco,Amazon Pay,Completed
ORD1757,19-02-25,Smartwatch,Electronics,154,1,154,Emma Miller,Seattle,Credit Card,Completed
ORD1758,19-03-25,Running Shoes,Footwear,61,4,244,Daniel Johnson,Boston,Credit Card,Pending
ORD1759,30-04-25,Smartphone,Electronics,520,3,1560,Alex Harris,New York,Debit Card,Cancelled
ORD1760,04-03-25,Smartphone,Electronics,513,2,1026,Daniel Clark,Chicago,Credit Card,Pending
ORD1761,30-04-25,T-Shirt,Clothing,20,1,20,Alex Martinez,Los Angeles,PayPal,Completed
ORD1762,07-02-25,T-Shirt,Clothing,20,5,100,Sophia White,Boston,Amazon Pay,Pending
ORD1763,01-04-25,Running Shoes,Footwear,62,1,62,Ethan Anderson,Seattle,Credit Card,Completed
ORD1764,20-03-25,Running Shoes,Footwear,61,3,183,David Lee,Denver,Gift Card,Cancelled
ORD1765,03-04-25,Book,Books,15,5,75,Ava Smith,Chicago,Gift Card,Cancelled
ORD1766,06-02-25,T-Shirt,Clothing,21,2,42,John Brown,Los Angeles,Gift Card,Cancelled
ORD1767,02-04-25,Book,Books,15,4,60,Michael Wilson,San Francisco,Amazon Pay,Pending
ORD1768,18-02-25,Jeans,Clothing,40,3,120,Chris Martinez,Los Angeles,Gift Card,Pending
ORD1769,12-04-25,Jeans,Clothing,39,3,117,Daniel Miller,Chicago,Amazon Pay,Pending
ORD1770,21-04-25,Book,Books,15,1,15,Michael Johnson,Seattle,Credit Card,Cancelled
ORD1771,18-03-25,Jeans,Clothing,41,4,164,David Doe,Los Angeles,PayPal,Completed
ORD1772,28-02-25,Washing Machine,Home Appliances,608,2,1216,David Brown,Boston,PayPal,Completed
ORD1773,28-02-25,Jeans,Clothing,41,5,205,Daniel Brown,Dallas,Credit Card,Pending
ORD1774,22-04-25,Laptop,Electronics,822,4,3288,Liam Lee,Dallas,Credit Card,Completed
ORD1775,02-03-25,Headphones,Electronics,95,1,95,Daniel Harris,New York,Debit Card,Cancelled
ORD1776,22-03-25,Smartphone,Electronics,511,3,1533,Daniel Martinez,New York,Debit Card,Completed
ORD1777,10-04-25,Jeans,Clothing,41,2,82,Isabella Miller,Los Angeles,Amazon Pay,Completed
ORD1778,10-03-25,Running Shoes,Footwear,58,5,290,Mia Clark,Denver,Debit Card,Pending
ORD1779,01-02-25,Headphones,Electronics,96,2,192,Emma Clark,San Francisco,Amazon Pay,Completed
ORD1780,04-04-25,Headphones,Electronics,105,3,315,Liam Miller,Los Angeles,PayPal,Completed
ORD1781,04-04-25,T-Shirt,Clothing,21,1,21,Sophia Johnson,New York,Amazon Pay,Cancelled
ORD1782,23-03-25,Refrigerator,Home Appliances,1153,1,1153,Ava Garcia,Miami,Credit Card,Completed
ORD1783,07-03-25,Running Shoes,Footwear,59,2,118,Isabella Garcia,Seattle,Credit Card,Completed
ORD1784,26-04-25,Smartphone,Electronics,477,5,2385,Liam White,San Francisco,Amazon Pay,Completed
ORD1785,04-03-25,Headphones,Electronics,102,4,408,Lucas Taylor,Boston,Amazon Pay,Cancelled
ORD1786,09-03-25,Smartphone,Electronics,498,1,498,Emma Lee,Miami,Credit Card,Cancelled
ORD1787,20-02-25,T-Shirt,Clothing,20,3,60,Emma Taylor,San Francisco,Amazon Pay,Completed
ORD1788,10-03-25,Smartwatch,Electronics,154,5,770,Daniel Johnson,Los Angeles,PayPal,Completed
ORD1789,23-03-25,Refrigerator,Home Appliances,1163,1,1163,David Garcia,Miami,PayPal,Pending
ORD1790,07-02-25,Smartphone,Electronics,484,2,968,Ava Harris,Dallas,Gift Card,Pending
ORD1791,10-03-25,Refrigerator,Home Appliances,1171,1,1171,Michael Wilson,Los Angeles,PayPal,Cancelled
ORD1792,29-03-25,Washing Machine,Home Appliances,583,1,583,John Anderson,Chicago,Debit Card,Completed
ORD1793,18-03-25,Refrigerator,Home Appliances,1146,1,1146,Jane Smith,Chicago,PayPal,Completed
ORD1794,06-03-25,Headphones,Electronics,100,3,300,Jane Johnson,Denver,Credit Card,Completed
ORD1795,28-02-25,Laptop,Electronics,769,2,1538,Jane Anderson,Dallas,Credit Card,Cancelled
ORD1796,15-02-25,Smartwatch,Electronics,144,1,144,Jane White,Houston,Gift Card,Pending
ORD1797,19-02-25,T-Shirt,Clothing,20,4,80,Daniel Harris,Denver,Debit Card,Completed
ORD1798,21-03-25,Book,Books,15,3,45,Michael Taylor,Miami,PayPal,Completed
ORD1799,04-02-25,Running Shoes,Footwear,60,1,60,Isabella Wilson,San Francisco,Debit Card,Completed
ORD1800,25-04-25,Headphones,Electronics,103,2,206,Daniel Brown,Houston,Gift Card,Completed
ORD1801,09-03-25,Refrigerator,Home Appliances,1257,1,1257,Olivia Smith,Boston,Amazon Pay,Completed
ORD1802,26-04-25,Smartwatch,Electronics,146,1,146,Emma White,Boston,Amazon Pay,Completed
ORD1803,13-02-25,Laptop,Electronics,832,3,2496,Mia Taylor,Chicago,PayPal,Completed
ORD1804,13-04-25,Refrigerator,Home Appliances,1227,1,1227,Daniel Doe,Seattle,Gift Card,Completed
ORD1805,27-04-25,Refrigerator,Home Appliances,1152,1,1152,Ava Lee,New York,Gift Card,Completed
ORD1806,18-03-25,Laptop,Electronics,769,3,2307,Michael White,Houston,Gift Card,Completed
ORD1807,31-03-25,Headphones,Electronics,98,1,98,Liam Martinez,San Francisco,Gift Card,Completed
ORD1808,23-04-25,Jeans,Clothing,41,2,82,Olivia Clark,New York,PayPal,Completed
ORD1809,26-03-25,Laptop,Electronics,763,1,763,Ava Doe,Boston,Credit Card,Pending
ORD1810,05-02-25,Smartphone,Electronics,500,2,1000,Mia Smith,Los Angeles,Amazon Pay,Pending
ORD1811,03-04-25,T-Shirt,Clothing,20,4,80,Ethan Martinez,New York,PayPal,Pending
ORD1812,17-02-25,Smartwatch,Electronics,149,1,149,Daniel Wilson,San Francisco,Credit Card,Completed
ORD1813,06-02-25,T-Shirt,Clothing,21,4,84,David Harris,Denver,Credit Card,Cancelled
ORD1814,09-04-25,Jeans,Clothing,39,5,195,Emma Wilson,New York,Amazon Pay,Completed
ORD1815,15-02-25,Smartwatch,Electronics,145,1,145,Emma Smith,Chicago,Debit Card,Cancelled
ORD1816,16-04-25,Refrigerator,Home Appliances,1196,1,1196,Jane Harris,Dallas,Gift Card,Pending
ORD1817,24-03-25,Smartphone,Electronics,517,1,517,Michael Smith,Denver,Gift Card,Pending
ORD1818,20-04-25,Jeans,Clothing,41,4,164,Michael Clark,Denver,Amazon Pay,Pending
ORD1819,24-02-25,Smartwatch,Electronics,154,2,308,Isabella Lee,Houston,Credit Card,Cancelled
ORD1820,22-04-25,Headphones,Electronics,101,5,505,Daniel Doe,San Francisco,Credit Card,Pending
ORD1821,13-04-25,Book,Books,14,1,14,Daniel Taylor,Denver,Amazon Pay,Cancelled
ORD1822,24-04-25,Washing Machine,Home Appliances,610,1,610,Noah Anderson,New York,Credit Card,Completed
ORD1823,11-04-25,Smartphone,Electronics,513,1,513,Chris Harris,Miami,PayPal,Completed
ORD1824,06-03-25,Smartwatch,Electronics,145,1,145,Emily Brown,Denver,Gift Card,Completed
ORD1825,06-02-25,Laptop,Electronics,804,2,1608,Mia Wilson,San Francisco,Gift Card,Cancelled
ORD1826,27-03-25,Smartwatch,Electronics,154,1,154,Michael Smith,Boston,Amazon Pay,Completed
ORD1827,28-04-25,Book,Books,16,3,48,Noah White,San Francisco,PayPal,Completed
ORD1828,03-02-25,Laptop,Electronics,781,1,781,Michael Smith,San Francisco,Amazon Pay,Pending
ORD1829,18-04-25,T-Shirt,Clothing,21,3,63,Daniel Wilson,Seattle,Gift Card,Completed
ORD1830,07-04-25,T-Shirt,Clothing,19,2,38,David Harris,Boston,PayPal,Pending
ORD1831,29-03-25,T-Shirt,Clothing,21,3,63,Daniel Lee,San Francisco,Credit Card,Completed
ORD1832,26-02-25,Running Shoes,Footwear,59,2,118,Olivia Garcia,San Francisco,Amazon Pay,Pending
ORD1833,27-02-25,Headphones,Electronics,98,3,294,Jane Lee,San Francisco,Amazon Pay,Completed
ORD1834,07-02-25,Smartphone,Electronics,516,1,516,Mia White,Seattle,PayPal,Cancelled
ORD1835,13-02-25,Smartwatch,Electronics,153,1,153,Emma Wilson,Denver,PayPal,Completed
ORD1836,16-04-25,Jeans,Clothing,40,4,160,Chris Anderson,Boston,Amazon Pay,Completed
ORD1837,01-04-25,Book,Books,15,5,75,Noah Garcia,Dallas,Gift Card,Completed
ORD1838,18-02-25,Jeans,Clothing,41,1,41,Ethan Brown,San Francisco,Credit Card,Pending
ORD1839,01-03-25,Running Shoes,Footwear,60,4,240,Ethan Martinez,Los Angeles,PayPal,Completed
ORD1840,17-03-25,Jeans,Clothing,38,3,114,Olivia Lee,Miami,Amazon Pay,Pending
ORD1841,04-03-25,Smartwatch,Electronics,152,3,456,Chris Taylor,Miami,PayPal,Pending
ORD1842,07-03-25,Smartphone,Electronics,508,5,2540,Noah Doe,New York,Debit Card,Completed
ORD1843,06-03-25,Refrigerator,Home Appliances,1254,1,1254,Lucas Brown,Miami,Gift Card,Pending
ORD1844,05-03-25,Book,Books,15,1,15,Jane Garcia,Denver,Debit Card,Pending
ORD1845,12-02-25,Laptop,Electronics,767,1,767,Ethan Wilson,Houston,Amazon Pay,Completed
ORD1846,27-02-25,Book,Books,15,1,15,Alex White,Chicago,Amazon Pay,Completed
ORD1847,07-02-25,Refrigerator,Home Appliances,1234,1,1234,Isabella Lee,Houston,PayPal,Cancelled
ORD1848,19-03-25,Laptop,Electronics,771,1,771,Ava Brown,Chicago,PayPal,Completed
ORD1849,20-03-25,Laptop,Electronics,771,5,3855,Daniel Johnson,Boston,PayPal,Cancelled
ORD1850,02-03-25,T-Shirt,Clothing,19,4,76,Liam White,Chicago,Debit Card,Pending
ORD1851,22-04-25,Washing Machine,Home Appliances,597,1,597,Emma Brown,Miami,Gift Card,Completed
ORD1852,10-04-25,Smartwatch,Electronics,151,2,302,David Johnson,San Francisco,Credit Card,Completed
ORD1853,05-02-25,Smartwatch,Electronics,154,1,154,Ethan Anderson,Denver,Amazon Pay,Pending
ORD1854,03-02-25,Book,Books,14,3,42,Emily White,Seattle,Debit Card,Pending
ORD1855,28-04-25,Running Shoes,Footwear,61,4,244,Daniel Lee,New York,Credit Card,Cancelled
ORD1856,20-02-25,Headphones,Electronics,103,1,103,Lucas Martinez,Boston,PayPal,Completed
ORD1857,26-03-25,Running Shoes,Footwear,61,2,122,Daniel Garcia,Los Angeles,PayPal,Completed
ORD1858,04-04-25,Washing Machine,Home Appliances,606,1,606,Sophia Doe,Boston,Credit Card,Cancelled
ORD1859,25-02-25,Running Shoes,Footwear,60,5,300,Jane Wilson,New York,Amazon Pay,Completed
ORD1860,27-02-25,Running Shoes,Footwear,58,2,116,Ethan Doe,Seattle,Amazon Pay,Completed
ORD1861,11-04-25,Smartwatch,Electronics,151,2,302,Daniel Martinez,Denver,PayPal,Pending
ORD1862,27-04-25,Headphones,Electronics,104,4,416,Emily Miller,Dallas,Amazon Pay,Cancelled
ORD1863,10-03-25,T-Shirt,Clothing,20,5,100,Ethan White,Dallas,PayPal,Completed
ORD1864,15-04-25,Washing Machine,Home Appliances,588,1,588,Emma Miller,Miami,Amazon Pay,Completed
ORD1865,21-03-25,Jeans,Clothing,41,5,205,Daniel Lee,Miami,PayPal,Cancelled
ORD1866,22-04-25,Headphones,Electronics,98,2,196,Noah Doe,Los Angeles,PayPal,Pending
ORD1867,13-03-25,Refrigerator,Home Appliances,1260,1,1260,Lucas Harris,San Francisco,Credit Card,Completed
ORD1868,07-02-25,Refrigerator,Home Appliances,1164,1,1164,Sophia Miller,Chicago,Credit Card,Completed
ORD1869,20-04-25,Book,Books,16,3,48,David Taylor,San Francisco,Amazon Pay,Pending
ORD1870,16-02-25,Smartphone,Electronics,489,4,1956,Daniel Smith,Los Angeles,Gift Card,Pending
ORD1871,31-03-25,Running Shoes,Footwear,61,2,122,Ethan Taylor,Denver,Credit Card,Pending
ORD1872,22-02-25,Book,Books,15,3,45,Mia Wilson,Los Angeles,Amazon Pay,Completed
ORD1873,23-02-25,Laptop,Electronics,797,1,797,Ethan Smith,Dallas,Credit Card,Completed
ORD1874,19-03-25,Headphones,Electronics,96,1,96,Noah Lee,San Francisco,Amazon Pay,Pending
ORD1875,03-02-25,Book,Books,15,5,75,Isabella Miller,Dallas,PayPal,Completed
ORD1876,15-02-25,Book,Books,15,5,75,Sophia White,Houston,Gift Card,Completed
ORD1877,12-02-25,Headphones,Electronics,102,3,306,Sophia Lee,Seattle,Debit Card,Cancelled
ORD1878,03-03-25,Washing Machine,Home Appliances,614,1,614,Liam Brown,Boston,Gift Card,Completed
ORD1879,29-03-25,Refrigerator,Home Appliances,1205,4,4820,Sophia Miller,Denver,Gift Card,Pending
ORD1880,07-03-25,Refrigerator,Home Appliances,1158,1,1158,Daniel Brown,San Francisco,Credit Card,Completed
ORD1881,22-03-25,Laptop,Electronics,822,2,1644,Chris Anderson,Denver,Gift Card,Completed
ORD1882,13-03-25,Jeans,Clothing,40,2,80,John White,Miami,Debit Card,Pending
ORD1883,06-02-25,Smartphone,Electronics,519,2,1038,Ava Miller,Dallas,Credit Card,Pending
ORD1884,29-03-25,Refrigerator,Home Appliances,1242,4,4968,John Wilson,Dallas,Amazon Pay,Cancelled
ORD1885,06-04-25,Refrigerator,Home Appliances,1215,2,2430,Emma Johnson,Boston,Debit Card,Completed
ORD1886,05-04-25,Book,Books,15,4,60,Jane White,Seattle,Debit Card,Completed
ORD1887,31-03-25,Book,Books,16,1,16,Daniel Harris,Boston,Gift Card,Completed
ORD1888,19-04-25,Refrigerator,Home Appliances,1225,1,1225,Chris Lee,Seattle,Credit Card,Completed
ORD1889,16-04-25,Jeans,Clothing,42,2,84,Daniel Martinez,Los Angeles,PayPal,Completed
ORD1890,08-03-25,T-Shirt,Clothing,20,4,80,Alex Taylor,Denver,Debit Card,Completed
ORD1891,02-03-25,T-Shirt,Clothing,19,4,76,Sophia Lee,Chicago,Gift Card,Completed
ORD1892,14-03-25,Running Shoes,Footwear,61,3,183,Daniel Wilson,Seattle,Debit Card,Cancelled
ORD1893,22-04-25,T-Shirt,Clothing,20,1,20,Liam Martinez,Chicago,PayPal,Completed
ORD1894,10-04-25,Book,Books,15,4,60,Lucas White,Boston,PayPal,Completed
ORD1895,03-03-25,Refrigerator,Home Appliances,1235,1,1235,Emily Martinez,Chicago,PayPal,Completed
ORD1896,27-03-25,Headphones,Electronics,102,2,204,Alex Miller,Seattle,Credit Card,Pending
ORD1897,26-02-25,Refrigerator,Home Appliances,1251,1,1251,Ava Wilson,San Francisco,Debit Card,Pending
ORD1898,06-03-25,Book,Books,14,4,56,Ava Doe,Houston,Debit Card,Pending
ORD1899,29-04-25,Laptop,Electronics,779,3,2337,Ethan Clark,San Francisco,Amazon Pay,Cancelled
ORD1900,05-04-25,Smartwatch,Electronics,149,1,149,Jane Taylor,Boston,Debit Card,Completed
ORD1901,14-02-25,Laptop,Electronics,789,3,2367,Emma Anderson,Seattle,PayPal,Completed
ORD1902,17-02-25,Headphones,Electronics,101,1,101,Chris White,Denver,Gift Card,Completed
ORD1903,05-02-25,Refrigerator,Home Appliances,1248,1,1248,Lucas Taylor,Chicago,Credit Card,Pending
ORD1904,26-02-25,Jeans,Clothing,40,5,200,Liam Lee,Dallas,Debit Card,Completed
ORD1905,14-03-25,Washing Machine,Home Appliances,575,1,575,Ava Taylor,Los Angeles,PayPal,Completed
ORD1906,04-04-25,Washing Machine,Home Appliances,579,3,1737,Daniel Martinez,Seattle,PayPal,Completed
ORD1907,01-03-25,Running Shoes,Footwear,63,5,315,Daniel Clark,Boston,Credit Card,Completed
ORD1908,10-04-25,T-Shirt,Clothing,20,3,60,Ethan Taylor,Seattle,Amazon Pay,Completed
ORD1909,30-04-25,Smartphone,Electronics,507,1,507,Daniel Harris,Los Angeles,Amazon Pay,Completed
ORD1910,25-03-25,Running Shoes,Footwear,59,2,118,Chris Anderson,Denver,Gift Card,Completed
ORD1911,09-03-25,Running Shoes,Footwear,61,4,244,Daniel Smith,Dallas,Debit Card,Completed
ORD1912,26-03-25,Laptop,Electronics,798,1,798,Ethan Martinez,Denver,Amazon Pay,Completed
ORD1913,08-02-25,Smartphone,Electronics,489,2,978,Mia Anderson,Boston,Amazon Pay,Completed
ORD1914,01-02-25,Refrigerator,Home Appliances,1168,1,1168,Daniel Wilson,San Francisco,Credit Card,Completed
ORD1915,14-04-25,Running Shoes,Footwear,59,2,118,Isabella Taylor,San Francisco,PayPal,Cancelled
ORD1916,24-02-25,Smartwatch,Electronics,156,2,312,Michael Garcia,Seattle,PayPal,Completed
ORD1917,04-02-25,Book,Books,15,5,75,Chris Harris,Denver,PayPal,Pending
ORD1918,26-02-25,Headphones,Electronics,100,5,500,Daniel Miller,Houston,PayPal,Cancelled
ORD1919,19-04-25,Running Shoes,Footwear,58,2,116,David Wilson,Houston,Credit Card,Completed
ORD1920,01-04-25,T-Shirt,Clothing,20,2,40,David Doe,New York,Credit Card,Completed
ORD1921,15-04-25,T-Shirt,Clothing,20,5,100,Daniel Doe,Los Angeles,Debit Card,Completed
ORD1922,19-04-25,Washing Machine,Home Appliances,604,1,604,John Clark,Dallas,Amazon Pay,Pending
ORD1923,13-02-25,Jeans,Clothing,39,5,195,Sophia Brown,Dallas,Debit Card,Completed
ORD1924,26-02-25,Headphones,Electronics,105,5,525,Noah Johnson,New York,PayPal,Completed
ORD1925,09-04-25,Washing Machine,Home Appliances,598,1,598,Olivia Doe,Denver,Debit Card,Completed
ORD1926,21-02-25,Laptop,Electronics,819,5,4095,Isabella Brown,Boston,Credit Card,Cancelled
ORD1927,11-02-25,T-Shirt,Clothing,21,4,84,Daniel White,Boston,Debit Card,Completed
ORD1928,20-03-25,Smartphone,Electronics,486,3,1458,Mia White,Miami,Credit Card,Completed
ORD1929,06-03-25,Book,Books,15,3,45,Liam Miller,San Francisco,Gift Card,Completed
ORD1930,31-03-25,Refrigerator,Home Appliances,1231,1,1231,Emma White,San Francisco,Credit Card,Completed
ORD1931,26-03-25,Headphones,Electronics,100,1,100,John Garcia,Dallas,PayPal,Cancelled
ORD1932,31-03-25,Book,Books,14,5,70,Noah Miller,New York,Debit Card,Completed
ORD1933,27-02-25,Smartwatch,Electronics,150,4,600,Jane Harris,Denver,Credit Card,Completed
ORD1934,22-03-25,T-Shirt,Clothing,20,3,60,Mia Brown,Denver,Gift Card,Completed
ORD1935,22-04-25,Headphones,Electronics,103,2,206,Daniel Clark,New York,Debit Card,Completed
ORD1936,15-02-25,Book,Books,15,5,75,Mia Clark,Boston,Credit Card,Cancelled
ORD1937,07-02-25,Smartphone,Electronics,480,1,480,Liam Taylor,Houston,Gift Card,Pending
ORD1938,28-04-25,Washing Machine,Home Appliances,585,1,585,Daniel Martinez,Boston,PayPal,Completed
ORD1939,03-04-25,Refrigerator,Home Appliances,1253,1,1253,Daniel Brown,Miami,PayPal,Completed
ORD1940,14-02-25,Jeans,Clothing,40,4,160,Jane Martinez,Seattle,PayPal,Completed
ORD1941,19-04-25,Smartphone,Electronics,518,3,1554,Isabella Smith,New York,Amazon Pay,Completed
ORD1942,27-04-25,Refrigerator,Home Appliances,1242,1,1242,Emily Anderson,Boston,Debit Card,Cancelled
ORD1943,26-02-25,T-Shirt,Clothing,20,1,20,Liam Doe,Los Angeles,Credit Card,Completed
ORD1944,08-04-25,Laptop,Electronics,765,3,2295,Daniel Smith,Denver,Amazon Pay,Completed
ORD1945,06-03-25,Book,Books,15,3,45,John Lee,Denver,Gift Card,Completed
ORD1946,17-03-25,Jeans,Clothing,38,2,76,Lucas Wilson,Boston,PayPal,Completed
ORD1947,07-02-25,Headphones,Electronics,96,1,96,Daniel Taylor,Denver,Credit Card,Pending
ORD1948,26-03-25,Jeans,Clothing,40,2,80,Daniel Anderson,San Francisco,Debit Card,Completed
ORD1949,02-02-25,Jeans,Clothing,41,1,41,Emily Johnson,New York,PayPal,Completed
ORD1950,08-03-25,Headphones,Electronics,96,1,96,Lucas Smith,San Francisco,Amazon Pay,Completed
ORD1951,20-04-25,Jeans,Clothing,41,3,123,Daniel Johnson,San Francisco,Gift Card,Pending
ORD1952,15-04-25,Refrigerator,Home Appliances,1238,1,1238,John Wilson,Boston,PayPal,Pending
ORD1953,27-02-25,T-Shirt,Clothing,20,4,80,Daniel Garcia,Dallas,Gift Card,Completed
ORD1954,09-04-25,Running Shoes,Footwear,62,1,62,Michael Smith,Boston,PayPal,Pending
ORD1955,22-02-25,Jeans,Clothing,39,5,195,Lucas White,New York,Credit Card,Completed
ORD1956,15-04-25,Washing Machine,Home Appliances,614,2,1228,Alex Harris,Boston,Gift Card,Completed
ORD1957,25-02-25,Headphones,Electronics,104,1,104,Daniel Taylor,Boston,Credit Card,Completed
ORD1958,17-02-25,Headphones,Electronics,103,1,103,Daniel Garcia,Los Angeles,Gift Card,Cancelled
ORD1959,14-04-25,T-Shirt,Clothing,19,5,95,Isabella Doe,Miami,Debit Card,Completed
ORD1960,11-03-25,Book,Books,16,4,64,Ethan Anderson,Dallas,Gift Card,Completed
ORD1961,26-04-25,Book,Books,16,1,16,Lucas Lee,Houston,PayPal,Cancelled
ORD1962,01-02-25,Washing Machine,Home Appliances,600,1,600,Daniel Brown,Boston,Debit Card,Cancelled
ORD1963,24-02-25,Jeans,Clothing,42,4,168,Olivia Harris,Houston,Credit Card,Completed
ORD1964,07-03-25,T-Shirt,Clothing,19,2,38,Daniel Wilson,Chicago,Amazon Pay,Pending
ORD1965,29-04-25,Book,Books,16,2,32,Noah White,Denver,Gift Card,Pending
ORD1966,14-02-25,Jeans,Clothing,40,3,120,Jane Smith,Houston,Debit Card,Completed
ORD1967,24-02-25,T-Shirt,Clothing,21,1,21,Emily Taylor,Denver,Amazon Pay,Completed
ORD1968,24-02-25,Refrigerator,Home Appliances,1187,4,4748,Liam White,Los Angeles,Amazon Pay,Pending
ORD1969,04-04-25,Smartphone,Electronics,483,1,483,David Martinez,Boston,Debit Card,Pending
ORD1970,27-02-25,Laptop,Electronics,769,3,2307,Mia Smith,Boston,Credit Card,Completed
ORD1971,28-02-25,Smartwatch,Electronics,147,1,147,Emily Clark,Seattle,Amazon Pay,Cancelled
ORD1972,03-04-25,Smartwatch,Electronics,155,2,310,Isabella Johnson,Houston,Credit Card,Completed
ORD1973,04-04-25,Smartwatch,Electronics,152,1,152,Chris Harris,Seattle,Gift Card,Completed
ORD1974,13-02-25,Smartphone,Electronics,475,2,950,Liam White,Los Angeles,Debit Card,Completed
ORD1975,09-03-25,Smartphone,Electronics,491,2,982,Jane Smith,New York,PayPal,Completed
ORD1976,24-03-25,Washing Machine,Home Appliances,623,1,623,Jane Harris,Boston,Gift Card,Completed
ORD1977,06-04-25,Headphones,Electronics,98,5,490,Emma Brown,Chicago,Credit Card,Completed
ORD1978,02-03-25,Jeans,Clothing,41,2,82,Isabella Martinez,Chicago,Gift Card,Completed
ORD1979,22-02-25,Book,Books,14,1,14,David Miller,Los Angeles,Debit Card,Completed
ORD1980,26-03-25,Refrigerator,Home Appliances,1248,1,1248,John Harris,San Francisco,Credit Card,Completed
ORD1981,11-03-25,Headphones,Electronics,97,1,97,Jane Martinez,Denver,Gift Card,Completed
ORD1982,01-04-25,Laptop,Electronics,767,3,2301,Isabella Harris,Los Angeles,Debit Card,Completed
ORD1983,26-02-25,Refrigerator,Home Appliances,1179,1,1179,Daniel Anderson,Houston,Debit Card,Completed
ORD1984,25-02-25,Smartphone,Electronics,513,1,513,Liam Martinez,Chicago,PayPal,Pending
ORD1985,30-03-25,Laptop,Electronics,820,3,2460,David Miller,Chicago,Amazon Pay,Completed
ORD1986,01-04-25,Running Shoes,Footwear,59,5,295,Daniel Miller,Houston,PayPal,Completed
ORD1987,03-02-25,Headphones,Electronics,104,1,104,Daniel Martinez,Denver,Gift Card,Completed
ORD1988,29-03-25,Smartwatch,Electronics,152,1,152,Daniel Taylor,Miami,PayPal,Completed
ORD1989,10-02-25,Book,Books,16,3,48,Lucas Clark,San Francisco,PayPal,Completed
ORD1990,11-02-25,Smartwatch,Electronics,146,4,584,Michael Johnson,Dallas,Credit Card,Completed
ORD1991,16-04-25,Washing Machine,Home Appliances,607,1,607,John White,Los Angeles,Amazon Pay,Pending
ORD1992,03-02-25,T-Shirt,Clothing,21,3,63,Chris Anderson,San Francisco,Gift Card,Pending
ORD1993,11-02-25,Running Shoes,Footwear,59,4,236,John Brown,Boston,PayPal,Pending
ORD1994,19-03-25,Book,Books,15,2,30,Daniel Wilson,New York,Amazon Pay,Completed
ORD1995,02-03-25,Headphones,Electronics,96,3,288,Olivia Harris,Los Angeles,Gift Card,Completed
ORD1996,25-02-25,Headphones,Electronics,100,5,500,Mia Garcia,Los Angeles,Debit Card,Completed
ORD1997,23-04-25,Washing Machine,Home Appliances,582,5,2910,John Smith,San Francisco,Amazon Pay,Completed
ORD1998,24-04-25,Smartphone,Electronics,519,2,1038,Emma Miller,Houston,Amazon Pay,Cancelled
ORD1999,20-03-25,Book,Books,16,1,16,Ethan Brown,Seattle,Gift Card,Completed
ORD2000,07-04-25,Washing Machine,Home Appliances,583,3,1749,Liam Anderson,Los Angeles,Debit Card,Pending
ORD2001,03-04-25,Refrigerator,Home Appliances,1159,1,1159,Noah Garcia,Seattle,Credit Card,Completed
ORD2002,12-04-25,Laptop,Electronics,768,3,2304,Noah Taylor,Denver,Gift Card,Completed
ORD2003,16-04-25,Running Shoes,Footwear,58,3,174,John White,San Francisco,Debit Card,Completed
ORD2004,01-04-25,Smartwatch,Electronics,153,3,459,David Wilson,Miami,Gift Card,Completed
ORD2005,26-03-25,Laptop,Electronics,816,2,1632,David Taylor,Denver,Debit Card,Completed
ORD2006,11-03-25,Smartphone,Electronics,515,1,515,Liam White,Chicago,Amazon Pay,Completed
ORD2007,09-04-25,Jeans,Clothing,39,3,117,Sophia Anderson,Boston,Gift Card,Cancelled
ORD2008,11-02-25,Laptop,Electronics,761,3,2283,Alex Doe,Seattle,PayPal,Completed
ORD2009,09-02-25,Refrigerator,Home Appliances,1161,1,1161,Michael Wilson,New York,Debit Card,Cancelled
ORD2010,11-04-25,Running Shoes,Footwear,59,1,59,Lucas Smith,Chicago,Gift Card,Cancelled
ORD2011,19-02-25,Washing Machine,Home Appliances,609,3,1827,Emma Clark,Houston,Debit Card,Completed
ORD2012,11-04-25,Laptop,Electronics,779,3,2337,Chris Johnson,San Francisco,Credit Card,Completed
ORD2013,11-02-25,Running Shoes,Footwear,58,1,58,John Harris,New York,Credit Card,Completed
ORD2014,16-03-25,Refrigerator,Home Appliances,1244,1,1244,Daniel Taylor,Los Angeles,Amazon Pay,Completed
ORD2015,03-03-25,Refrigerator,Home Appliances,1158,1,1158,Sophia Wilson,New York,Gift Card,Completed
ORD2016,02-03-25,Running Shoes,Footwear,62,1,62,Daniel Taylor,Seattle,Amazon Pay,Pending
ORD2017,24-04-25,Refrigerator,Home Appliances,1178,1,1178,Mia Clark,Seattle,Amazon Pay,Pending
ORD2018,25-02-25,Refrigerator,Home Appliances,1219,1,1219,Daniel Anderson,San Francisco,PayPal,Pending
ORD2019,30-03-25,Laptop,Electronics,814,2,1628,Isabella Doe,Dallas,Debit Card,Completed
ORD2020,28-04-25,Jeans,Clothing,41,4,164,John Garcia,New York,Debit Card,Completed
ORD2021,09-02-25,Smartphone,Electronics,523,3,1569,Liam Miller,Boston,Gift Card,Completed
ORD2022,28-02-25,Smartphone,Electronics,518,4,2072,David Clark,San Francisco,PayPal,Pending
ORD2023,07-04-25,Running Shoes,Footwear,60,5,300,Emily Smith,Chicago,Credit Card,Completed
ORD2024,09-02-25,Running Shoes,Footwear,59,1,59,Michael Miller,Dallas,Gift Card,Pending
ORD2025,08-03-25,Book,Books,15,1,15,Mia Doe,Seattle,PayPal,Completed
ORD2026,21-02-25,Laptop,Electronics,773,1,773,Sophia Garcia,San Francisco,Debit Card,Completed
ORD2027,18-03-25,Refrigerator,Home Appliances,1231,1,1231,Ethan Smith,Boston,PayPal,Completed
ORD2028,05-03-25,Refrigerator,Home Appliances,1165,4,4660,Sophia Anderson,Dallas,PayPal,Completed
ORD2029,14-03-25,Headphones,Electronics,103,4,412,Alex Smith,Los Angeles,Debit Card,Completed
ORD2030,02-02-25,Book,Books,15,2,30,Ava Lee,Seattle,Debit Card,Pending
ORD2031,14-04-25,Book,Books,15,4,60,Ava Brown,Chicago,Amazon Pay,Pending
ORD2032,15-04-25,Jeans,Clothing,40,3,120,Daniel Taylor,Denver,Gift Card,Pending
ORD2033,01-03-25,Headphones,Electronics,105,1,105,Lucas White,San Francisco,PayPal,Pending
ORD2034,15-04-25,Book,Books,15,4,60,Ava Smith,Seattle,Gift Card,Cancelled
ORD2035,05-04-25,Washing Machine,Home Appliances,628,2,1256,Chris Johnson,Los Angeles,PayPal,Completed
ORD2036,14-02-25,Smartwatch,Electronics,157,2,314,Liam Johnson,Seattle,Debit Card,Completed
ORD2037,26-04-25,Headphones,Electronics,95,3,285,Alex Miller,Denver,Gift Card,Cancelled
ORD2038,04-03-25,Smartphone,Electronics,519,1,519,Sophia Doe,Los Angeles,Gift Card,Pending
ORD2039,04-03-25,Smartwatch,Electronics,148,3,444,Daniel Brown,New York,Gift Card,Completed
ORD2040,18-02-25,Jeans,Clothing,41,3,123,Lucas Clark,Seattle,PayPal,Completed
ORD2041,28-03-25,Washing Machine,Home Appliances,619,1,619,Ethan White,San Francisco,Credit Card,Completed
ORD2042,29-03-25,Washing Machine,Home Appliances,598,1,598,Liam Smith,Miami,Gift Card,Cancelled
ORD2043,01-03-25,Smartphone,Electronics,481,2,962,Daniel White,Seattle,PayPal,Completed
ORD2044,14-02-25,Jeans,Clothing,40,5,200,Liam Smith,Houston,Amazon Pay,Cancelled
ORD2045,28-02-25,T-Shirt,Clothing,19,4,76,Chris Harris,Houston,PayPal,Pending
ORD2046,30-03-25,Running Shoes,Footwear,58,4,232,Liam Martinez,New York,Gift Card,Completed
ORD2047,25-02-25,Refrigerator,Home Appliances,1159,1,1159,Daniel Johnson,Houston,Amazon Pay,Completed
ORD2048,27-02-25,Laptop,Electronics,786,1,786,Daniel Anderson,Dallas,Debit Card,Completed
ORD2049,25-02-25,Refrigerator,Home Appliances,1259,1,1259,Sophia Garcia,Miami,Debit Card,Completed
ORD2050,27-03-25,Smartwatch,Electronics,155,2,310,Noah Doe,Chicago,Credit Card,Pending
ORD2051,17-04-25,Book,Books,14,5,70,Mia White,Dallas,Credit Card,Completed
ORD2052,27-03-25,Running Shoes,Footwear,61,3,183,Isabella Anderson,Chicago,Gift Card,Cancelled
ORD2053,25-04-25,Laptop,Electronics,822,2,1644,Jane Harris,New York,Amazon Pay,Pending
ORD2054,11-04-25,T-Shirt,Clothing,19,3,57,Jane Harris,Miami,Debit Card,Cancelled
ORD2055,07-04-25,Smartwatch,Electronics,154,3,462,Alex Garcia,San Francisco,Amazon Pay,Completed
ORD2056,27-03-25,Headphones,Electronics,99,2,198,Ava Smith,Miami,Amazon Pay,Pending
ORD2057,30-04-25,Laptop,Electronics,780,2,1560,Mia Wilson,Dallas,Gift Card,Completed
ORD2058,14-02-25,Running Shoes,Footwear,60,5,300,Alex Harris,Los Angeles,Credit Card,Pending
ORD2059,26-02-25,Washing Machine,Home Appliances,603,1,603,Sophia Clark,Dallas,Credit Card,Completed
ORD2060,24-04-25,Washing Machine,Home Appliances,609,2,1218,Michael Johnson,San Francisco,Credit Card,Completed
ORD2061,19-03-25,Jeans,Clothing,40,5,200,Jane Martinez,New York,Gift Card,Completed
ORD2062,24-02-25,Refrigerator,Home Appliances,1204,2,2408,Liam Anderson,Houston,Credit Card,Completed
ORD2063,15-03-25,Book,Books,14,5,70,Daniel Brown,San Francisco,Amazon Pay,Completed
ORD2064,15-04-25,Smartwatch,Electronics,156,5,780,Jane Harris,Dallas,Debit Card,Cancelled
ORD2065,22-04-25,Jeans,Clothing,38,4,152,Ava Wilson,Denver,PayPal,Cancelled
ORD2066,22-02-25,Jeans,Clothing,40,2,80,Sophia Smith,New York,Amazon Pay,Completed
ORD2067,06-03-25,Book,Books,16,2,32,John Johnson,Seattle,Amazon Pay,Completed
ORD2068,02-02-25,T-Shirt,Clothing,21,2,42,Mia Anderson,Chicago,Debit Card,Completed
ORD2069,17-03-25,Running Shoes,Footwear,60,1,60,Daniel Taylor,New York,PayPal,Cancelled
ORD2070,12-02-25,Jeans,Clothing,42,2,84,Ava Smith,Boston,Amazon Pay,Pending
ORD2071,23-02-25,Running Shoes,Footwear,62,1,62,Daniel Miller,Chicago,Gift Card,Completed
ORD2072,31-03-25,Smartphone,Electronics,512,3,1536,Sophia Doe,New York,Debit Card,Pending
ORD2073,23-03-25,Laptop,Electronics,785,2,1570,Daniel Garcia,Boston,Amazon Pay,Pending
ORD2074,27-02-25,T-Shirt,Clothing,20,1,20,Ethan Miller,Dallas,Debit Card,Completed
ORD2075,13-02-25,T-Shirt,Clothing,20,5,100,Emma Anderson,Los Angeles,Debit Card,Completed
ORD2076,04-03-25,Running Shoes,Footwear,59,1,59,Daniel Wilson,Boston,Credit Card,Completed
ORD2077,17-04-25,Smartwatch,Electronics,155,3,465,Daniel Doe,Miami,Credit Card,Completed
ORD2078,28-02-25,Washing Machine,Home Appliances,629,1,629,Sophia Doe,Dallas,Debit Card,Pending
ORD2079,02-03-25,T-Shirt,Clothing,19,2,38,Isabella Johnson,Seattle,Debit Card,Pending
ORD2080,29-04-25,Smartwatch,Electronics,148,1,148,Liam Wilson,Miami,Debit Card,Completed
ORD2081,10-02-25,T-Shirt,Clothing,19,3,57,John Johnson,Dallas,Credit Card,Completed
ORD2082,26-04-25,Smartphone,Electronics,521,1,521,Emma Anderson,Chicago,Gift Card,Completed
ORD2083,08-03-25,Smartwatch,Electronics,144,1,144,Emily Lee,Boston,Gift Card,Pending
ORD2084,05-03-25,Smartwatch,Electronics,150,1,150,Olivia Smith,Los Angeles,Amazon Pay,Pending
ORD2085,06-03-25,Washing Machine,Home Appliances,593,1,593,Emma Garcia,Dallas,Amazon Pay,Completed
ORD2086,17-03-25,Book,Books,15,3,45,Olivia Anderson,Dallas,PayPal,Pending
ORD2087,22-02-25,Headphones,Electronics,98,2,196,Noah Garcia,New York,Amazon Pay,Completed
ORD2088,22-03-25,Smartwatch,Electronics,147,4,588,Daniel Smith,San Francisco,PayPal,Pending
ORD2089,10-02-25,Book,Books,15,1,15,Ethan Taylor,Miami,Debit Card,Completed
ORD2090,19-04-25,Headphones,Electronics,100,3,300,Noah Brown,Denver,Debit Card,Pending
ORD2091,03-02-25,T-Shirt,Clothing,20,3,60,Olivia Smith,Chicago,Credit Card,Completed
ORD2092,05-03-25,Book,Books,16,3,48,Lucas White,San Francisco,Gift Card,Completed
ORD2093,05-03-25,Jeans,Clothing,39,1,39,Isabella Garcia,Denver,Credit Card,Pending
ORD2094,05-02-25,Washing Machine,Home Appliances,586,1,586,Mia Smith,Los Angeles,PayPal,Completed
ORD2095,11-04-25,Book,Books,15,2,30,Daniel Anderson,San Francisco,PayPal,Completed
ORD2096,14-02-25,Washing Machine,Home Appliances,595,2,1190,Michael Harris,San Francisco,Credit Card,Cancelled
ORD2097,27-04-25,Jeans,Clothing,41,2,82,John Doe,Chicago,Gift Card,Completed
ORD2098,06-03-25,Smartwatch,Electronics,147,4,588,Michael Doe,New York,PayPal,Completed
ORD2099,04-03-25,Jeans,Clothing,42,3,126,Lucas Lee,San Francisco,Gift Card,Completed
ORD2100,08-04-25,T-Shirt,Clothing,21,5,105,David White,Chicago,Credit Card,Completed
ORD2101,14-04-25,Refrigerator,Home Appliances,1152,1,1152,John Clark,Denver,Credit Card,Completed
ORD2102,09-04-25,Smartwatch,Electronics,146,1,146,Isabella Smith,Denver,Amazon Pay,Completed
ORD2103,01-03-25,Smartphone,Electronics,480,5,2400,Daniel Anderson,Los Angeles,Debit Card,Cancelled
ORD2104,22-03-25,Laptop,Electronics,763,2,1526,Liam Brown,New York,Gift Card,Pending
ORD2105,23-02-25,Laptop,Electronics,832,2,1664,Lucas White,Miami,Debit Card,Completed
ORD2106,17-04-25,Laptop,Electronics,802,1,802,Daniel White,New York,Debit Card,Completed
ORD2107,30-04-25,Book,Books,15,5,75,Emily Smith,Chicago,Gift Card,Completed
ORD2108,26-04-25,Running Shoes,Footwear,62,1,62,Emma Doe,Dallas,PayPal,Completed
ORD2109,08-03-25,Washing Machine,Home Appliances,607,2,1214,Michael Martinez,Dallas,Gift Card,Cancelled
ORD2110,16-02-25,Jeans,Clothing,39,2,78,Mia Martinez,Seattle,Amazon Pay,Completed
ORD2111,11-02-25,Smartwatch,Electronics,151,5,755,Isabella Doe,Denver,Gift Card,Completed
ORD2112,17-03-25,Smartphone,Electronics,486,1,486,Isabella Anderson,Boston,Debit Card,Completed
ORD2113,15-02-25,Washing Machine,Home Appliances,604,1,604,Chris White,Dallas,Gift Card,Pending
ORD2114,19-03-25,Book,Books,15,3,45,Jane Johnson,Denver,Credit Card,Completed
ORD2115,12-04-25,Running Shoes,Footwear,58,4,232,Sophia Taylor,Dallas,Amazon Pay,Completed
ORD2116,31-03-25,Smartwatch,Electronics,153,1,153,Daniel Doe,Chicago,Debit Card,Completed
ORD2117,04-02-25,T-Shirt,Clothing,20,1,20,John Clark,Los Angeles,Amazon Pay,Completed
ORD2118,18-03-25,Headphones,Electronics,96,1,96,Daniel Wilson,San Francisco,Amazon Pay,Pending
ORD2119,28-02-25,Smartwatch,Electronics,153,2,306,Mia White,Dallas,Credit Card,Completed
ORD2120,11-03-25,Book,Books,16,4,64,Chris Brown,Houston,Gift Card,Completed
ORD2121,03-04-25,Running Shoes,Footwear,62,4,248,Michael White,Boston,Gift Card,Completed
ORD2122,04-03-25,Laptop,Electronics,823,5,4115,Noah Garcia,Houston,Debit Card,Completed
ORD2123,14-03-25,Book,Books,14,4,56,Chris Clark,Denver,Debit Card,Pending
ORD2124,25-02-25,Refrigerator,Home Appliances,1167,2,2334,Noah Wilson,Dallas,Debit Card,Cancelled
ORD2125,16-04-25,Smartwatch,Electronics,153,2,306,Jane Brown,San Francisco,Debit Card,Completed
ORD2126,28-04-25,T-Shirt,Clothing,19,5,95,Emma Harris,Los Angeles,Gift Card,Completed
ORD2127,26-04-25,Smartphone,Electronics,522,2,1044,John Lee,Houston,Gift Card,Pending
ORD2128,21-04-25,Laptop,Electronics,781,1,781,Ethan Anderson,San Francisco,Gift Card,Completed
ORD2129,02-03-25,Smartphone,Electronics,480,3,1440,John Taylor,Miami,Debit Card,Pending
ORD2130,17-04-25,Running Shoes,Footwear,58,2,116,Noah Brown,New York,Gift Card,Pending
ORD2131,13-02-25,T-Shirt,Clothing,20,2,40,Ava Brown,San Francisco,Credit Card,Completed
ORD2132,08-03-25,Smartwatch,Electronics,157,3,471,Daniel Harris,San Francisco,Gift Card,Completed
ORD2133,06-03-25,Headphones,Electronics,95,3,285,Ava Doe,Houston,Gift Card,Completed
ORD2134,09-04-25,Book,Books,14,1,14,Olivia Anderson,San Francisco,Debit Card,Completed
ORD2135,25-02-25,T-Shirt,Clothing,21,3,63,Daniel Martinez,Houston,Credit Card,Pending
ORD2136,14-03-25,Headphones,Electronics,104,2,208,Emma Wilson,Los Angeles,Debit Card,Completed
ORD2137,22-02-25,Book,Books,15,4,60,David Miller,Los Angeles,Credit Card,Pending
ORD2138,26-04-25,Smartwatch,Electronics,149,1,149,Chris Martinez,Miami,Amazon Pay,Cancelled
ORD2139,09-03-25,T-Shirt,Clothing,20,5,100,Alex Johnson,Seattle,Gift Card,Completed
ORD2140,23-03-25,Smartphone,Electronics,492,1,492,Olivia Anderson,Denver,Credit Card,Cancelled
ORD2141,23-04-25,Washing Machine,Home Appliances,580,1,580,David Miller,Houston,PayPal,Pending
ORD2142,24-03-25,Refrigerator,Home Appliances,1147,1,1147,Sophia Miller,Boston,Debit Card,Completed
ORD2143,01-04-25,Book,Books,14,4,56,Alex Lee,New York,Gift Card,Pending
ORD2144,13-02-25,Smartwatch,Electronics,145,4,580,Jane Johnson,Denver,Gift Card,Completed
ORD2145,11-03-25,Jeans,Clothing,39,2,78,Lucas Johnson,Dallas,Credit Card,Completed
ORD2146,20-02-25,Running Shoes,Footwear,62,5,310,Liam Harris,Seattle,Gift Card,Completed
ORD2147,16-02-25,Laptop,Electronics,766,1,766,Olivia Wilson,New York,Amazon Pay,Pending
ORD2148,05-03-25,Laptop,Electronics,837,5,4185,Noah Taylor,Seattle,PayPal,Completed
ORD2149,12-03-25,Jeans,Clothing,38,1,38,John Garcia,Boston,PayPal,Pending
ORD2150,21-02-25,Smartphone,Electronics,516,2,1032,Michael Doe,Houston,Gift Card,Pending
ORD2151,09-03-25,Laptop,Electronics,810,4,3240,Mia Clark,Chicago,Credit Card,Completed
ORD2152,12-03-25,T-Shirt,Clothing,19,5,95,Ethan Clark,Seattle,Debit Card,Completed
ORD2153,05-02-25,Book,Books,15,1,15,Sophia White,Los Angeles,Gift Card,Pending
ORD2154,29-03-25,Smartphone,Electronics,517,2,1034,Liam Lee,Dallas,Gift Card,Completed
ORD2155,13-03-25,Smartphone,Electronics,486,5,2430,Mia White,Los Angeles,Credit Card,Pending
ORD2156,25-03-25,T-Shirt,Clothing,20,3,60,Ethan Garcia,Miami,Credit Card,Completed
ORD2157,14-03-25,Running Shoes,Footwear,58,2,116,Liam Brown,Denver,Gift Card,Completed
ORD2158,27-02-25,Running Shoes,Footwear,61,5,305,Liam Clark,Chicago,Amazon Pay,Completed
ORD2159,25-03-25,Smartphone,Electronics,519,1,519,Liam Miller,Miami,Debit Card,Pending
ORD2160,26-04-25,T-Shirt,Clothing,20,1,20,Ava Taylor,Los Angeles,Gift Card,Pending
ORD2161,26-04-25,Book,Books,15,1,15,Jane Wilson,Seattle,PayPal,Cancelled
ORD2162,23-04-25,Laptop,Electronics,780,1,780,Daniel Clark,New York,Debit Card,Completed
ORD2163,13-02-25,Washing Machine,Home Appliances,625,4,2500,Daniel Smith,Denver,Gift Card,Cancelled
ORD2164,24-02-25,Washing Machine,Home Appliances,624,1,624,Chris Miller,Dallas,Credit Card,Completed
ORD2165,16-04-25,Smartwatch,Electronics,149,3,447,Daniel Taylor,Seattle,Amazon Pay,Completed
ORD2166,13-02-25,Book,Books,14,2,28,Chris Harris,Los Angeles,Debit Card,Pending
ORD2167,28-02-25,Book,Books,14,5,70,Ava Wilson,Denver,Gift Card,Completed
ORD2168,28-02-25,Refrigerator,Home Appliances,1190,1,1190,Daniel Wilson,Chicago,Amazon Pay,Completed
ORD2169,25-04-25,Headphones,Electronics,103,5,515,Emma Clark,Los Angeles,Debit Card,Cancelled
ORD2170,27-02-25,Smartphone,Electronics,482,1,482,Ava Anderson,Los Angeles,Debit Card,Cancelled
ORD2171,20-02-25,Washing Machine,Home Appliances,620,1,620,Olivia Wilson,Dallas,Amazon Pay,Completed
ORD2172,06-02-25,Headphones,Electronics,96,1,96,Daniel Garcia,San Francisco,Gift Card,Cancelled
ORD2173,11-03-25,T-Shirt,Clothing,19,5,95,Noah Taylor,Houston,Gift Card,Cancelled
ORD2174,18-02-25,Running Shoes,Footwear,58,2,116,John Martinez,Dallas,PayPal,Completed
ORD2175,14-04-25,T-Shirt,Clothing,19,5,95,Daniel White,Seattle,Credit Card,Pending
ORD2176,28-04-25,Jeans,Clothing,41,4,164,David Clark,Miami,Gift Card,Completed
ORD2177,11-04-25,Running Shoes,Footwear,63,5,315,Jane Lee,Los Angeles,Amazon Pay,Completed
ORD2178,15-02-25,Smartphone,Electronics,516,2,1032,Noah Lee,Seattle,PayPal,Pending
ORD2179,26-03-25,T-Shirt,Clothing,20,4,80,Olivia Miller,Denver,Amazon Pay,Completed
ORD2180,01-04-25,Washing Machine,Home Appliances,624,1,624,Sophia Wilson,Seattle,Gift Card,Pending
ORD2181,16-02-25,Smartphone,Electronics,509,2,1018,Alex Martinez,Houston,Debit Card,Completed
ORD2182,27-02-25,Smartwatch,Electronics,153,3,459,Daniel Martinez,Miami,Debit Card,Cancelled
ORD2183,17-03-25,Refrigerator,Home Appliances,1198,1,1198,Olivia Johnson,Denver,Debit Card,Completed
ORD2184,03-04-25,Washing Machine,Home Appliances,593,2,1186,Ava Taylor,Boston,Debit Card,Pending
ORD2185,23-02-25,Washing Machine,Home Appliances,619,2,1238,Liam Harris,Denver,Gift Card,Completed
ORD2186,18-03-25,Refrigerator,Home Appliances,1215,1,1215,Isabella Anderson,San Francisco,Gift Card,Completed
ORD2187,04-03-25,T-Shirt,Clothing,21,1,21,Ava Johnson,Los Angeles,Amazon Pay,Pending
ORD2188,10-03-25,Book,Books,15,4,60,Liam Taylor,Boston,Debit Card,Completed
ORD2189,27-03-25,Running Shoes,Footwear,58,3,174,Michael Lee,Los Angeles,Credit Card,Pending
ORD2190,23-03-25,Book,Books,15,4,60,Isabella Lee,Dallas,Gift Card,Completed
ORD2191,29-04-25,Laptop,Electronics,779,4,3116,John Wilson,Chicago,Credit Card,Completed
ORD2192,12-02-25,Laptop,Electronics,792,2,1584,Daniel Brown,Los Angeles,PayPal,Pending
ORD2193,27-02-25,Smartwatch,Electronics,149,1,149,John Anderson,Houston,Amazon Pay,Completed
ORD2194,24-02-25,Smartphone,Electronics,519,4,2076,Emily Harris,San Francisco,Debit Card,Completed
ORD2195,23-02-25,Headphones,Electronics,101,2,202,Isabella Smith,Denver,Credit Card,Completed
ORD2196,27-04-25,Headphones,Electronics,97,4,388,Emma Garcia,Denver,Debit Card,Completed
ORD2197,01-02-25,Smartphone,Electronics,517,5,2585,Isabella Smith,Denver,PayPal,Completed
ORD2198,18-03-25,Headphones,Electronics,100,1,100,Daniel Doe,San Francisco,Gift Card,Pending
ORD2199,10-03-25,Laptop,Electronics,779,5,3895,Mia Harris,Los Angeles,Gift Card,Pending
ORD2200,08-02-25,Jeans,Clothing,42,3,126,Alex Harris,Los Angeles,Gift Card,Completed
ORD2201,27-03-25,Washing Machine,Home Appliances,608,1,608,John Smith,Chicago,PayPal,Completed
ORD2202,09-03-25,Book,Books,15,1,15,Liam Brown,Los Angeles,Debit Card,Completed
ORD2203,10-02-25,Smartphone,Electronics,506,1,506,Daniel Doe,Chicago,Gift Card,Cancelled
ORD2204,13-02-25,Smartwatch,Electronics,157,4,628,Ava Johnson,New York,Debit Card,Pending
ORD2205,13-02-25,Smartwatch,Electronics,146,5,730,Alex Brown,Dallas,PayPal,Cancelled
ORD2206,04-03-25,Smartwatch,Electronics,155,1,155,Ava Garcia,Boston,PayPal,Completed
ORD2207,11-04-25,Smartphone,Electronics,477,1,477,Ethan Smith,Dallas,Gift Card,Pending
ORD2208,22-02-25,Book,Books,15,2,30,Alex Garcia,San Francisco,PayPal,Completed
ORD2209,03-03-25,Running Shoes,Footwear,61,4,244,Emily Martinez,Houston,Credit Card,Pending
ORD2210,17-03-25,Refrigerator,Home Appliances,1155,1,1155,Daniel Brown,Houston,Gift Card,Completed
ORD2211,12-04-25,Book,Books,15,3,45,Jane Clark,Dallas,Credit Card,Completed
ORD2212,09-04-25,Refrigerator,Home Appliances,1181,1,1181,Ethan Martinez,Houston,Debit Card,Cancelled
ORD2213,30-03-25,Headphones,Electronics,102,2,204,David Clark,Denver,Credit Card,Pending
ORD2214,18-02-25,Refrigerator,Home Appliances,1156,2,2312,Daniel Johnson,San Francisco,PayPal,Cancelled
ORD2215,06-02-25,Refrigerator,Home Appliances,1187,1,1187,Daniel Martinez,Houston,PayPal,Completed
ORD2216,10-03-25,Book,Books,15,2,30,David Lee,Seattle,Amazon Pay,Pending
ORD2217,27-04-25,Washing Machine,Home Appliances,603,1,603,Chris Taylor,Chicago,PayPal,Cancelled
ORD2218,17-04-25,Headphones,Electronics,96,4,384,Olivia Miller,Houston,Credit Card,Completed
ORD2219,14-02-25,Washing Machine,Home Appliances,607,1,607,Daniel Garcia,Miami,Debit Card,Completed
ORD2220,26-03-25,Book,Books,15,3,45,Ava White,San Francisco,Gift Card,Pending
ORD2221,08-03-25,Running Shoes,Footwear,58,3,174,Daniel Clark,Boston,Gift Card,Completed
ORD2222,05-04-25,Headphones,Electronics,102,1,102,Chris Wilson,Miami,Amazon Pay,Completed
ORD2223,10-03-25,Laptop,Electronics,799,4,3196,Emma Doe,New York,PayPal,Completed
ORD2224,06-04-25,Smartphone,Electronics,523,1,523,Jane Smith,Boston,Debit Card,Completed
ORD2225,21-04-25,Smartphone,Electronics,497,1,497,Chris Taylor,New York,Amazon Pay,Completed
ORD2226,12-02-25,T-Shirt,Clothing,19,3,57,Jane Miller,Miami,Amazon Pay,Completed
ORD2227,18-04-25,Running Shoes,Footwear,61,2,122,Mia Clark,Houston,Amazon Pay,Completed
ORD2228,12-04-25,Jeans,Clothing,38,2,76,Ava Wilson,Miami,Credit Card,Pending
ORD2229,17-03-25,Laptop,Electronics,785,1,785,Daniel Miller,Miami,Credit Card,Completed
ORD2230,21-02-25,Laptop,Electronics,768,3,2304,Daniel Anderson,New York,Amazon Pay,Completed
ORD2231,22-04-25,Running Shoes,Footwear,61,4,244,Lucas Garcia,Chicago,Amazon Pay,Completed
ORD2232,04-04-25,Jeans,Clothing,41,3,123,John Garcia,New York,Debit Card,Pending
ORD2233,03-03-25,Washing Machine,Home Appliances,599,4,2396,Isabella Johnson,Seattle,Debit Card,Completed
ORD2234,28-02-25,Smartphone,Electronics,493,2,986,David Wilson,Houston,Credit Card,Completed
ORD2235,19-02-25,Washing Machine,Home Appliances,600,2,1200,Mia Johnson,Seattle,PayPal,Pending
ORD2236,11-03-25,Washing Machine,Home Appliances,595,4,2380,Noah Anderson,Miami,Amazon Pay,Completed
ORD2237,12-02-25,Running Shoes,Footwear,61,5,305,Liam Johnson,Seattle,Gift Card,Pending
ORD2238,15-03-25,Washing Machine,Home Appliances,591,1,591,Noah Martinez,Denver,PayPal,Cancelled
ORD2239,02-02-25,Headphones,Electronics,98,1,98,Alex Lee,Chicago,Amazon Pay,Completed
ORD2240,17-03-25,Book,Books,14,1,14,Liam Clark,Houston,Amazon Pay,Completed
ORD2241,03-02-25,Washing Machine,Home Appliances,626,3,1878,Jane Brown,Houston,Amazon Pay,Completed
ORD2242,18-02-25,Running Shoes,Footwear,57,4,228,Olivia Clark,Houston,Gift Card,Completed
ORD2243,11-04-25,Laptop,Electronics,765,2,1530,Liam Miller,Houston,Credit Card,Cancelled
ORD2244,01-04-25,Refrigerator,Home Appliances,1161,2,2322,Mia Garcia,Houston,Debit Card,Completed
ORD2245,12-02-25,Book,Books,15,2,30,Daniel Clark,Dallas,Credit Card,Completed
ORD2246,08-02-25,Jeans,Clothing,41,5,205,Isabella Martinez,San Francisco,Credit Card,Completed
ORD2247,28-02-25,Refrigerator,Home Appliances,1144,1,1144,Ethan Smith,Seattle,Credit Card,Completed
ORD2248,30-03-25,Smartwatch,Electronics,147,1,147,John Doe,Chicago,Gift Card,Completed
ORD2249,12-04-25,T-Shirt,Clothing,19,2,38,Daniel Taylor,New York,PayPal,Cancelled
ORD2250,28-03-25,T-Shirt,Clothing,20,2,40,Daniel Anderson,Dallas,Debit Card,Cancelled
ORD2251,01-02-25,Laptop,Electronics,800,3,2400,David Wilson,Seattle,Gift Card,Pending
ORD2252,16-02-25,Running Shoes,Footwear,59,3,177,Liam White,San Francisco,PayPal,Completed
ORD2253,08-04-25,Running Shoes,Footwear,59,2,118,Daniel Miller,Boston,Gift Card,Completed
ORD2254,16-04-25,Headphones,Electronics,102,4,408,Daniel Wilson,Denver,Debit Card,Completed
ORD2255,02-04-25,Laptop,Electronics,799,5,3995,Ava Martinez,Seattle,Amazon Pay,Completed
ORD2256,26-04-25,Refrigerator,Home Appliances,1229,1,1229,John Brown,San Francisco,Amazon Pay,Cancelled
ORD2257,17-03-25,Refrigerator,Home Appliances,1183,1,1183,Michael Garcia,Miami,PayPal,Cancelled
ORD2258,10-03-25,Washing Machine,Home Appliances,619,1,619,Olivia Wilson,Dallas,Debit Card,Pending
ORD2259,28-03-25,Refrigerator,Home Appliances,1238,1,1238,Chris Miller,Boston,Debit Card,Completed
ORD2260,25-02-25,Refrigerator,Home Appliances,1170,1,1170,David Smith,Boston,Gift Card,Pending
ORD2261,16-04-25,Smartphone,Electronics,483,2,966,Isabella Smith,Dallas,Amazon Pay,Cancelled
ORD2262,28-03-25,Laptop,Electronics,795,1,795,Alex Anderson,Los Angeles,Gift Card,Completed
ORD2263,21-04-25,Laptop,Electronics,834,1,834,Chris Johnson,Dallas,Gift Card,Pending
ORD2264,11-04-25,Washing Machine,Home Appliances,592,1,592,Daniel Anderson,Dallas,Amazon Pay,Completed
ORD2265,24-03-25,T-Shirt,Clothing,20,4,80,Olivia Martinez,Boston,Debit Card,Pending
ORD2266,25-03-25,Washing Machine,Home Appliances,628,2,1256,Daniel Anderson,Boston,Credit Card,Completed
ORD2267,25-03-25,Laptop,Electronics,762,1,762,Olivia White,Houston,Gift Card,Cancelled
ORD2268,14-04-25,Smartphone,Electronics,505,1,505,Emma Miller,Seattle,Amazon Pay,Pending
ORD2269,07-02-25,Book,Books,16,5,80,Ethan Garcia,Dallas,Gift Card,Completed
ORD2270,03-02-25,Running Shoes,Footwear,61,3,183,Chris Miller,Seattle,Credit Card,Cancelled
ORD2271,26-02-25,Smartwatch,Electronics,152,2,304,Daniel Harris,San Francisco,Amazon Pay,Pending
ORD2272,28-03-25,Smartphone,Electronics,484,1,484,Chris Clark,New York,Gift Card,Completed
ORD2273,13-03-25,Washing Machine,Home Appliances,609,1,609,Isabella Wilson,Dallas,Debit Card,Pending
ORD2274,04-04-25,Smartwatch,Electronics,152,3,456,Olivia Smith,Seattle,Gift Card,Completed
ORD2275,22-02-25,Smartphone,Electronics,493,2,986,Sophia Anderson,Miami,Gift Card,Pending
ORD2276,20-03-25,Washing Machine,Home Appliances,583,1,583,Chris Doe,Boston,Credit Card,Completed
ORD2277,07-03-25,Smartwatch,Electronics,147,1,147,Jane Johnson,Miami,PayPal,Completed
ORD2278,07-04-25,Running Shoes,Footwear,62,4,248,Olivia Martinez,Miami,Gift Card,Completed
ORD2279,14-04-25,Headphones,Electronics,102,3,306,Mia Harris,Miami,Amazon Pay,Pending
ORD2280,17-02-25,Smartphone,Electronics,494,1,494,Michael Taylor,Dallas,Credit Card,Cancelled
ORD2281,05-02-25,T-Shirt,Clothing,19,3,57,Ava White,San Francisco,PayPal,Completed
ORD2282,17-02-25,Smartphone,Electronics,485,2,970,Ava Taylor,Los Angeles,PayPal,Cancelled
ORD2283,29-04-25,Headphones,Electronics,103,1,103,Sophia Brown,Boston,Amazon Pay,Pending
ORD2284,30-03-25,Washing Machine,Home Appliances,575,1,575,Mia Clark,Seattle,Amazon Pay,Completed
ORD2285,20-02-25,Smartwatch,Electronics,148,1,148,Sophia White,Seattle,Gift Card,Pending
ORD2286,30-04-25,Running Shoes,Footwear,63,4,252,Daniel Lee,Chicago,Debit Card,Completed
ORD2287,19-04-25,Jeans,Clothing,40,5,200,Liam Miller,Houston,Credit Card,Completed
ORD2288,11-02-25,Refrigerator,Home Appliances,1225,1,1225,Alex Johnson,Boston,Amazon Pay,Completed
ORD2289,23-04-25,Book,Books,14,1,14,John Wilson,Boston,Amazon Pay,Cancelled
ORD2290,24-04-25,Jeans,Clothing,41,2,82,Emma Brown,Chicago,PayPal,Completed
ORD2291,05-02-25,Running Shoes,Footwear,61,5,305,Daniel Anderson,Seattle,Credit Card,Completed
ORD2292,19-02-25,Smartwatch,Electronics,156,2,312,Michael Wilson,Miami,Gift Card,Completed
ORD2293,23-03-25,T-Shirt,Clothing,20,4,80,John Lee,Chicago,Credit Card,Completed
ORD2294,12-04-25,T-Shirt,Clothing,20,4,80,Jane Brown,New York,Amazon Pay,Completed
ORD2295,09-02-25,T-Shirt,Clothing,21,3,63,Daniel Miller,Boston,Amazon Pay,Completed
ORD2296,12-04-25,Smartphone,Electronics,479,1,479,Chris Smith,Los Angeles,Gift Card,Pending
ORD2297,31-03-25,Refrigerator,Home Appliances,1206,1,1206,Daniel Lee,Houston,PayPal,Completed
ORD2298,22-04-25,Washing Machine,Home Appliances,612,1,612,David Wilson,Los Angeles,Gift Card,Cancelled
ORD2299,14-02-25,Book,Books,14,5,70,Daniel Doe,San Francisco,Gift Card,Completed
ORD2300,08-03-25,Jeans,Clothing,39,3,117,Chris Doe,Seattle,Gift Card,Pending
ORD2301,07-03-25,Jeans,Clothing,42,5,210,Alex Brown,Denver,Amazon Pay,Cancelled
ORD2302,16-04-25,Laptop,Electronics,801,1,801,Michael Garcia,Houston,PayPal,Pending
ORD2303,17-04-25,Smartwatch,Electronics,150,4,600,Emily Lee,Dallas,Amazon Pay,Completed
ORD2304,28-04-25,T-Shirt,Clothing,21,5,105,Ethan Clark,Dallas,Credit Card,Completed
ORD2305,14-04-25,Running Shoes,Footwear,58,1,58,Emily Smith,Dallas,Credit Card,Completed
ORD2306,07-04-25,Headphones,Electronics,97,1,97,Daniel Brown,Miami,Gift Card,Cancelled
ORD2307,30-04-25,Running Shoes,Footwear,58,5,290,Jane Taylor,San Francisco,Amazon Pay,Completed
ORD2308,15-02-25,T-Shirt,Clothing,20,3,60,Michael Lee,Boston,Amazon Pay,Completed
ORD2309,04-03-25,Smartphone,Electronics,521,3,1563,Isabella Clark,Miami,Credit Card,Completed
ORD2310,13-03-25,Smartwatch,Electronics,150,5,750,Liam Wilson,New York,Credit Card,Pending
ORD2311,09-03-25,Laptop,Electronics,822,4,3288,David White,Dallas,PayPal,Completed
ORD2312,20-04-25,Running Shoes,Footwear,63,1,63,Emma Garcia,New York,Credit Card,Completed
ORD2313,14-03-25,T-Shirt,Clothing,20,1,20,Daniel White,Denver,Amazon Pay,Completed
ORD2314,18-02-25,Headphones,Electronics,103,2,206,Noah Lee,Denver,Debit Card,Cancelled
ORD2315,17-03-25,Book,Books,15,1,15,Daniel Miller,New York,Credit Card,Completed
ORD2316,21-04-25,Laptop,Electronics,821,2,1642,Lucas Johnson,Denver,Amazon Pay,Completed
ORD2317,10-02-25,Refrigerator,Home Appliances,1167,1,1167,David Johnson,New York,Credit Card,Cancelled
ORD2318,05-02-25,Refrigerator,Home Appliances,1174,1,1174,Ethan Johnson,Dallas,PayPal,Completed
ORD2319,03-02-25,Washing Machine,Home Appliances,601,1,601,Daniel Brown,San Francisco,PayPal,Completed
ORD2320,04-04-25,Headphones,Electronics,100,5,500,Olivia Clark,Denver,PayPal,Completed
ORD2321,05-04-25,Book,Books,15,5,75,Ethan Martinez,Los Angeles,Credit Card,Completed
ORD2322,07-02-25,Running Shoes,Footwear,63,1,63,Chris Harris,New York,Amazon Pay,Pending
ORD2323,12-04-25,Headphones,Electronics,99,1,99,Ethan Smith,San Francisco,Amazon Pay,Cancelled
ORD2324,09-03-25,Jeans,Clothing,42,3,126,Olivia Garcia,Boston,PayPal,Pending
ORD2325,31-03-25,Smartwatch,Electronics,157,3,471,John Martinez,Dallas,Amazon Pay,Completed
ORD2326,18-02-25,T-Shirt,Clothing,20,4,80,Liam Wilson,Boston,Amazon Pay,Pending
ORD2327,04-03-25,Smartphone,Electronics,514,1,514,Liam Brown,Dallas,Credit Card,Completed
ORD2328,18-03-25,Refrigerator,Home Appliances,1194,2,2388,Daniel Lee,Chicago,Gift Card,Completed
ORD2329,14-03-25,Smartphone,Electronics,507,3,1521,Liam Doe,San Francisco,Debit Card,Completed
ORD2330,30-04-25,Book,Books,16,4,64,Jane Smith,Dallas,Credit Card,Cancelled
ORD2331,13-04-25,T-Shirt,Clothing,20,5,100,Isabella Anderson,Miami,Gift Card,Pending
ORD2332,11-02-25,Headphones,Electronics,99,2,198,Michael Brown,Miami,Debit Card,Completed
ORD2333,16-04-25,Smartwatch,Electronics,147,5,735,Liam Garcia,San Francisco,Credit Card,Pending
ORD2334,21-04-25,Washing Machine,Home Appliances,604,1,604,Lucas Taylor,Miami,PayPal,Pending
ORD2335,01-02-25,Book,Books,16,5,80,Lucas Harris,San Francisco,Amazon Pay,Pending
ORD2336,13-02-25,Running Shoes,Footwear,63,5,315,Daniel White,Los Angeles,Gift Card,Cancelled
ORD2337,12-04-25,Smartwatch,Electronics,150,1,150,John White,Denver,Amazon Pay,Completed
ORD2338,21-03-25,T-Shirt,Clothing,19,1,19,Daniel Smith,Seattle,Credit Card,Completed
ORD2339,25-02-25,Jeans,Clothing,40,2,80,Daniel Taylor,Chicago,Debit Card,Pending
ORD2340,28-03-25,Book,Books,15,2,30,Isabella Brown,Miami,PayPal,Cancelled
ORD2341,27-02-25,Jeans,Clothing,40,4,160,Ava White,Miami,Debit Card,Cancelled
ORD2342,12-02-25,Running Shoes,Footwear,57,3,171,Isabella Lee,Dallas,Amazon Pay,Cancelled
ORD2343,11-02-25,Washing Machine,Home Appliances,581,2,1162,Lucas Wilson,San Francisco,Gift Card,Completed
ORD2344,14-03-25,Smartphone,Electronics,497,3,1491,John Anderson,Chicago,Credit Card,Completed
ORD2345,15-04-25,Washing Machine,Home Appliances,625,2,1250,Ethan White,San Francisco,Gift Card,Completed
ORD2346,05-03-25,Smartphone,Electronics,480,1,480,Daniel White,New York,PayPal,Cancelled
ORD2347,04-02-25,Running Shoes,Footwear,58,5,290,Liam Clark,Miami,Amazon Pay,Pending
ORD2348,10-04-25,T-Shirt,Clothing,20,5,100,Michael Taylor,Denver,Debit Card,Pending
ORD2349,16-04-25,Smartphone,Electronics,508,3,1524,Daniel Harris,Denver,Gift Card,Completed
ORD2350,25-03-25,Refrigerator,Home Appliances,1186,4,4744,Emma Clark,Boston,Gift Card,Pending
ORD2351,12-02-25,Smartwatch,Electronics,154,4,616,David Taylor,Chicago,Debit Card,Completed
ORD2352,25-03-25,Laptop,Electronics,781,3,2343,Daniel Johnson,Chicago,PayPal,Cancelled
ORD2353,24-04-25,T-Shirt,Clothing,20,3,60,John Martinez,Chicago,Gift Card,Completed
ORD2354,28-04-25,Refrigerator,Home Appliances,1166,1,1166,Emily Martinez,Seattle,Debit Card,Completed
ORD2355,28-03-25,Running Shoes,Footwear,60,5,300,Daniel Anderson,Chicago,Credit Card,Pending
ORD2356,13-03-25,T-Shirt,Clothing,20,1,20,John White,San Francisco,Gift Card,Completed
ORD2357,30-03-25,Jeans,Clothing,40,5,200,Noah Anderson,Miami,Amazon Pay,Completed
ORD2358,20-02-25,T-Shirt,Clothing,21,2,42,Mia Garcia,Dallas,Amazon Pay,Pending
ORD2359,01-03-25,Refrigerator,Home Appliances,1148,3,3444,Daniel Miller,Boston,Credit Card,Cancelled
ORD2360,26-02-25,Smartphone,Electronics,485,1,485,Ethan Garcia,Houston,Debit Card,Completed
ORD2361,12-03-25,Running Shoes,Footwear,61,2,122,Isabella Lee,Boston,Credit Card,Completed
ORD2362,05-04-25,Jeans,Clothing,38,3,114,Daniel Wilson,San Francisco,Gift Card,Cancelled
ORD2363,19-04-25,Book,Books,14,2,28,Alex White,Los Angeles,PayPal,Cancelled
ORD2364,21-02-25,Smartphone,Electronics,492,1,492,John Doe,Houston,Credit Card,Completed
ORD2365,06-03-25,Smartphone,Electronics,492,2,984,Sophia White,Denver,Debit Card,Cancelled
ORD2366,11-02-25,Running Shoes,Footwear,61,1,61,Alex Taylor,Boston,Credit Card,Pending
ORD2367,09-03-25,Jeans,Clothing,40,4,160,Emily Martinez,Los Angeles,Credit Card,Pending
ORD2368,16-02-25,Headphones,Electronics,101,3,303,John Miller,New York,Debit Card,Completed
ORD2369,01-03-25,T-Shirt,Clothing,19,1,19,Liam Martinez,Boston,Debit Card,Completed
ORD2370,21-03-25,Headphones,Electronics,105,1,105,Emily Miller,Houston,PayPal,Completed
ORD2371,21-03-25,Smartwatch,Electronics,156,1,156,Chris Garcia,New York,PayPal,Pending
ORD2372,12-02-25,Book,Books,14,3,42,Mia Miller,Miami,Credit Card,Pending
ORD2373,21-03-25,Washing Machine,Home Appliances,628,1,628,Chris Garcia,Miami,Gift Card,Completed
ORD2374,17-02-25,Headphones,Electronics,98,1,98,Lucas Anderson,Denver,Amazon Pay,Completed
ORD2375,10-02-25,Smartphone,Electronics,510,3,1530,Daniel Smith,Houston,Amazon Pay,Cancelled
ORD2376,28-02-25,Refrigerator,Home Appliances,1211,1,1211,Mia Smith,Los Angeles,Debit Card,Completed
ORD2377,23-02-25,Headphones,Electronics,100,3,300,Daniel Brown,Miami,Debit Card,Pending
ORD2378,17-04-25,Book,Books,16,5,80,Alex Miller,Chicago,Amazon Pay,Pending
ORD2379,09-04-25,Smartphone,Electronics,503,4,2012,Isabella Johnson,Denver,PayPal,Cancelled
ORD2380,01-03-25,Washing Machine,Home Appliances,602,1,602,Ava Johnson,Miami,Credit Card,Cancelled
ORD2381,06-02-25,Book,Books,16,2,32,Daniel Anderson,Dallas,PayPal,Pending
ORD2382,22-02-25,Running Shoes,Footwear,62,2,124,Daniel Brown,Chicago,Debit Card,Completed
ORD2383,13-03-25,Laptop,Electronics,804,2,1608,Emily Clark,Chicago,Debit Card,Completed
ORD2384,08-02-25,T-Shirt,Clothing,21,4,84,Liam Taylor,Los Angeles,Gift Card,Completed
ORD2385,26-02-25,Smartwatch,Electronics,148,2,296,Daniel Miller,San Francisco,PayPal,Completed
ORD2386,16-02-25,Running Shoes,Footwear,61,1,61,Daniel Taylor,Boston,Gift Card,Completed
ORD2387,15-03-25,Laptop,Electronics,834,1,834,Isabella Doe,New York,Gift Card,Completed
ORD2388,19-04-25,Book,Books,15,1,15,Liam White,New York,Debit Card,Cancelled
ORD2389,22-02-25,Smartwatch,Electronics,146,2,292,Lucas Johnson,Houston,Credit Card,Pending
ORD2390,26-03-25,Smartwatch,Electronics,146,4,584,Alex White,Los Angeles,Debit Card,Pending
ORD2391,03-02-25,Running Shoes,Footwear,57,2,114,Chris Taylor,Miami,Debit Card,Cancelled
ORD2392,09-03-25,Smartwatch,Electronics,147,2,294,Ethan Lee,San Francisco,Gift Card,Completed
ORD2393,09-04-25,Refrigerator,Home Appliances,1255,2,2510,Emily Martinez,Los Angeles,Credit Card,Completed
ORD2394,22-04-25,Washing Machine,Home Appliances,589,1,589,Ethan Johnson,Los Angeles,PayPal,Completed
ORD2395,04-02-25,Headphones,Electronics,103,1,103,Isabella Harris,Los Angeles,PayPal,Completed
ORD2396,04-04-25,Refrigerator,Home Appliances,1200,1,1200,Alex Anderson,San Francisco,Gift Card,Pending
ORD2397,12-04-25,Laptop,Electronics,811,1,811,Olivia Johnson,Dallas,Gift Card,Completed
ORD2398,21-04-25,Book,Books,16,5,80,Noah White,Houston,Debit Card,Pending
ORD2399,09-04-25,T-Shirt,Clothing,20,2,40,Michael Harris,Denver,Debit Card,Completed
ORD2400,06-04-25,Jeans,Clothing,39,1,39,Emma Brown,Houston,PayPal,Pending
ORD2401,14-02-25,Running Shoes,Footwear,57,3,171,Mia Garcia,San Francisco,Amazon Pay,Pending
ORD2402,03-04-25,Smartwatch,Electronics,150,3,450,John Garcia,Denver,Debit Card,Completed
ORD2403,06-03-25,Refrigerator,Home Appliances,1176,1,1176,David Lee,Los Angeles,PayPal,Pending
ORD2404,06-04-25,Smartphone,Electronics,515,2,1030,Olivia Taylor,Houston,PayPal,Completed
ORD2405,17-04-25,Refrigerator,Home Appliances,1163,1,1163,Mia Brown,Denver,Credit Card,Pending
ORD2406,28-03-25,Washing Machine,Home Appliances,627,2,1254,Daniel Anderson,Los Angeles,Debit Card,Completed
ORD2407,16-03-25,Jeans,Clothing,42,4,168,Noah Brown,Seattle,Amazon Pay,Completed
ORD2408,09-04-25,Laptop,Electronics,807,2,1614,Ava Johnson,Denver,Debit Card,Completed
ORD2409,01-02-25,Washing Machine,Home Appliances,622,1,622,Ava Anderson,Miami,Gift Card,Completed
ORD2410,26-02-25,Smartwatch,Electronics,143,2,286,Ava Wilson,Seattle,Amazon Pay,Completed
ORD2411,26-03-25,Smartphone,Electronics,502,1,502,Ethan Brown,Seattle,Debit Card,Completed
ORD2412,09-02-25,Running Shoes,Footwear,59,2,118,Michael Lee,Chicago,Credit Card,Completed
ORD2413,07-04-25,Smartwatch,Electronics,157,2,314,John Lee,San Francisco,Amazon Pay,Completed
ORD2414,10-04-25,Washing Machine,Home Appliances,627,2,1254,Sophia Smith,San Francisco,Credit Card,Completed
ORD2415,06-02-25,Smartwatch,Electronics,153,2,306,Daniel Miller,Houston,PayPal,Pending
ORD2416,18-02-25,Washing Machine,Home Appliances,616,1,616,Sophia Doe,Denver,Credit Card,Completed
ORD2417,12-02-25,Book,Books,14,5,70,Ava Brown,Seattle,Credit Card,Completed
ORD2418,12-03-25,Book,Books,14,1,14,Alex Doe,Denver,Amazon Pay,Pending
ORD2419,16-03-25,Refrigerator,Home Appliances,1155,1,1155,Isabella Harris,Denver,Amazon Pay,Cancelled
ORD2420,08-03-25,Jeans,Clothing,41,2,82,Mia Garcia,Boston,PayPal,Pending
ORD2421,20-03-25,Smartwatch,Electronics,155,2,310,Daniel Johnson,San Francisco,Amazon Pay,Completed
ORD2422,03-04-25,Laptop,Electronics,835,2,1670,Noah Wilson,Dallas,Amazon Pay,Cancelled
ORD2423,26-04-25,Running Shoes,Footwear,62,2,124,Alex Doe,Seattle,Credit Card,Completed
ORD2424,02-02-25,Washing Machine,Home Appliances,622,1,622,Liam Wilson,Chicago,Debit Card,Pending
ORD2425,13-02-25,Smartwatch,Electronics,157,1,157,Noah Taylor,Miami,Gift Card,Completed
ORD2426,20-02-25,T-Shirt,Clothing,20,5,100,Emily Taylor,Dallas,Gift Card,Pending
ORD2427,29-04-25,Refrigerator,Home Appliances,1233,1,1233,Lucas Harris,New York,Gift Card,Completed
ORD2428,12-02-25,Jeans,Clothing,38,4,152,Jane Brown,Dallas,Credit Card,Completed
ORD2429,19-03-25,Washing Machine,Home Appliances,593,1,593,Emma Brown,Seattle,PayPal,Pending
ORD2430,02-03-25,Jeans,Clothing,41,4,164,John Anderson,Los Angeles,Debit Card,Completed
ORD2431,17-02-25,Jeans,Clothing,41,1,41,Noah Johnson,Denver,Gift Card,Pending
ORD2432,18-04-25,Book,Books,15,3,45,Lucas Clark,Dallas,Gift Card,Completed
ORD2433,20-02-25,Refrigerator,Home Appliances,1253,1,1253,Daniel Garcia,Seattle,Amazon Pay,Completed
ORD2434,25-03-25,Washing Machine,Home Appliances,587,5,2935,John Martinez,Seattle,Credit Card,Pending
ORD2435,14-03-25,Book,Books,15,5,75,Ethan Garcia,Dallas,Gift Card,Completed
ORD2436,22-03-25,Smartwatch,Electronics,156,1,156,Emma Johnson,Chicago,PayPal,Completed
ORD2437,15-04-25,Smartphone,Electronics,495,3,1485,David Garcia,Seattle,Gift Card,Completed
ORD2438,26-04-25,Laptop,Electronics,766,1,766,Daniel Johnson,San Francisco,Amazon Pay,Completed
ORD2439,26-03-25,Laptop,Electronics,837,3,2511,Lucas Brown,Dallas,PayPal,Completed
ORD2440,11-04-25,Washing Machine,Home Appliances,599,1,599,Ava Lee,Seattle,Credit Card,Cancelled
ORD2441,23-02-25,Refrigerator,Home Appliances,1147,3,3441,Michael White,Seattle,Gift Card,Completed
ORD2442,22-03-25,Refrigerator,Home Appliances,1184,1,1184,David Harris,Dallas,Amazon Pay,Completed
ORD2443,29-03-25,Headphones,Electronics,103,1,103,Isabella Johnson,Denver,PayPal,Pending
ORD2444,15-03-25,Smartphone,Electronics,476,2,952,Emily Martinez,San Francisco,Debit Card,Completed
ORD2445,26-03-25,Refrigerator,Home Appliances,1203,4,4812,Sophia Garcia,Miami,Debit Card,Completed
ORD2446,05-02-25,Running Shoes,Footwear,61,1,61,Liam Doe,Chicago,Debit Card,Completed
ORD2447,14-03-25,Laptop,Electronics,827,1,827,Jane Johnson,Dallas,PayPal,Completed
ORD2448,23-02-25,Headphones,Electronics,97,5,485,Emma Lee,San Francisco,Debit Card,Completed
ORD2449,21-03-25,Headphones,Electronics,98,1,98,Ava Taylor,Los Angeles,Gift Card,Completed
ORD2450,23-02-25,Headphones,Electronics,97,1,97,Emily Clark,Houston,Amazon Pay,Completed
ORD2451,21-03-25,Refrigerator,Home Appliances,1222,1,1222,Jane Doe,Boston,Debit Card,Completed
ORD2452,03-04-25,Washing Machine,Home Appliances,577,1,577,Sophia Martinez,San Francisco,Gift Card,Completed
ORD2453,10-04-25,Smartwatch,Electronics,147,3,441,John Martinez,Los Angeles,Debit Card,Completed
ORD2454,20-04-25,Washing Machine,Home Appliances,624,1,624,Liam Taylor,Seattle,Amazon Pay,Completed
ORD2455,11-02-25,Smartwatch,Electronics,152,1,152,Olivia White,Seattle,Gift Card,Completed
ORD2456,07-02-25,Washing Machine,Home Appliances,629,1,629,Daniel Clark,Houston,Amazon Pay,Completed
ORD2457,21-04-25,Headphones,Electronics,99,1,99,Michael Clark,Miami,Amazon Pay,Completed
ORD2458,03-03-25,Smartwatch,Electronics,146,1,146,Chris Brown,Dallas,Debit Card,Completed
ORD2459,28-04-25,Running Shoes,Footwear,57,4,228,Noah Garcia,Los Angeles,Debit Card,Cancelled
ORD2460,15-04-25,Headphones,Electronics,104,1,104,Ava Miller,Chicago,Gift Card,Cancelled
ORD2461,01-02-25,Smartwatch,Electronics,156,2,312,Emma Smith,Dallas,Debit Card,Pending
ORD2462,08-03-25,Laptop,Electronics,795,3,2385,David Harris,Chicago,Debit Card,Completed
ORD2463,31-03-25,Laptop,Electronics,780,1,780,Olivia Brown,Seattle,PayPal,Completed
ORD2464,22-04-25,Smartwatch,Electronics,153,1,153,David Smith,Houston,Debit Card,Completed
ORD2465,10-03-25,Smartphone,Electronics,498,5,2490,Emma Smith,Los Angeles,Debit Card,Completed
ORD2466,20-02-25,T-Shirt,Clothing,20,2,40,Emma Doe,Denver,Credit Card,Pending
ORD2467,28-02-25,T-Shirt,Clothing,20,1,20,Michael Clark,Boston,Amazon Pay,Completed
ORD2468,15-02-25,T-Shirt,Clothing,20,1,20,Ava Taylor,Seattle,Debit Card,Completed
ORD2469,23-02-25,Running Shoes,Footwear,58,5,290,David Wilson,San Francisco,Debit Card,Completed
ORD2470,10-04-25,Laptop,Electronics,791,1,791,Lucas Anderson,Houston,PayPal,Pending
ORD2471,25-02-25,Headphones,Electronics,103,2,206,David Miller,Chicago,Debit Card,Completed
ORD2472,28-02-25,T-Shirt,Clothing,19,3,57,Emma Brown,Los Angeles,PayPal,Pending
ORD2473,22-04-25,T-Shirt,Clothing,21,5,105,Noah Garcia,Denver,PayPal,Completed
ORD2474,24-03-25,Book,Books,15,2,30,Daniel Miller,Miami,PayPal,Completed
ORD2475,15-02-25,Washing Machine,Home Appliances,590,2,1180,Mia Smith,Los Angeles,Debit Card,Completed
ORD2476,17-03-25,Washing Machine,Home Appliances,570,3,1710,Daniel Smith,Los Angeles,Debit Card,Completed
ORD2477,04-03-25,Refrigerator,Home Appliances,1167,2,2334,Ethan Harris,Denver,PayPal,Completed
ORD2478,22-04-25,Headphones,Electronics,100,1,100,Liam Wilson,San Francisco,Debit Card,Completed
ORD2479,04-02-25,Headphones,Electronics,100,2,200,Michael Wilson,Dallas,Gift Card,Cancelled
ORD2480,09-04-25,Laptop,Electronics,799,2,1598,Isabella Martinez,Chicago,PayPal,Completed
ORD2481,25-04-25,Washing Machine,Home Appliances,591,2,1182,Emma Miller,Chicago,Credit Card,Completed
ORD2482,17-03-25,Laptop,Electronics,801,2,1602,Sophia Anderson,San Francisco,PayPal,Pending
ORD2483,06-04-25,Smartwatch,Electronics,148,1,148,Liam Doe,Seattle,Amazon Pay,Completed
ORD2484,22-04-25,Smartwatch,Electronics,151,4,604,Alex Martinez,Seattle,Gift Card,Completed
ORD2485,11-02-25,Refrigerator,Home Appliances,1176,1,1176,Ava Clark,Los Angeles,Amazon Pay,Completed
ORD2486,25-02-25,Smartwatch,Electronics,156,1,156,Chris Doe,New York,Amazon Pay,Pending
ORD2487,15-04-25,Smartphone,Electronics,481,1,481,Chris White,Seattle,Credit Card,Completed
ORD2488,19-02-25,T-Shirt,Clothing,21,2,42,Chris Taylor,Denver,Debit Card,Completed
ORD2489,01-03-25,Book,Books,14,3,42,Michael Doe,Seattle,PayPal,Pending
ORD2490,25-04-25,Refrigerator,Home Appliances,1211,4,4844,Chris Brown,Seattle,Debit Card,Cancelled
ORD2491,22-02-25,Smartwatch,Electronics,145,1,145,John Anderson,New York,Credit Card,Cancelled
ORD2492,16-03-25,Smartwatch,Electronics,145,2,290,Daniel Clark,Los Angeles,Gift Card,Completed
ORD2493,13-02-25,Laptop,Electronics,833,2,1666,Liam Brown,Los Angeles,Credit Card,Pending
ORD2494,27-04-25,Headphones,Electronics,97,1,97,Emma White,Dallas,PayPal,Cancelled
ORD2495,30-03-25,T-Shirt,Clothing,20,1,20,Sophia Taylor,Chicago,Credit Card,Completed
ORD2496,03-03-25,Headphones,Electronics,98,2,196,Isabella Garcia,San Francisco,Amazon Pay,Completed
ORD2497,27-02-25,Jeans,Clothing,41,5,205,Alex Taylor,Miami,PayPal,Completed
ORD2498,29-04-25,T-Shirt,Clothing,19,2,38,Michael Anderson,Miami,Debit Card,Cancelled
ORD2499,01-04-25,Laptop,Electronics,771,1,771,Jane Lee,Chicago,Amazon Pay,Completed
ORD2500,20-02-25,Book,Books,16,4,64,Liam Smith,Chicago,PayPal,Completed
ORD2501,12-04-25,Smartphone,Electronics,498,1,498,Jane Taylor,San Francisco,Gift Card,Pending
ORD2502,17-04-25,Refrigerator,Home Appliances,1169,1,1169,Chris Doe,Denver,Amazon Pay,Pending
ORD2503,28-02-25,Book,Books,15,3,45,Liam Clark,Houston,PayPal,Completed
ORD2504,25-02-25,Headphones,Electronics,104,5,520,Alex Clark,Denver,Debit Card,Completed
ORD2505,25-02-25,Smartwatch,Electronics,150,1,150,Michael Martinez,Dallas,Debit Card,Completed
ORD2506,03-03-25,Headphones,Electronics,99,2,198,Emily Taylor,Los Angeles,Debit Card,Completed
ORD2507,17-02-25,Smartwatch,Electronics,154,4,616,Noah Lee,Houston,Amazon Pay,Completed
ORD2508,28-02-25,T-Shirt,Clothing,21,4,84,Jane Clark,Houston,Amazon Pay,Completed
ORD2509,27-04-25,Washing Machine,Home Appliances,601,1,601,Chris Brown,Houston,Credit Card,Completed
ORD2510,19-02-25,Refrigerator,Home Appliances,1209,2,2418,John Anderson,San Francisco,Gift Card,Completed
ORD2511,09-03-25,Book,Books,15,3,45,David Taylor,Los Angeles,Amazon Pay,Completed
ORD2512,22-03-25,Headphones,Electronics,97,1,97,Sophia Lee,Denver,Debit Card,Completed
ORD2513,28-04-25,T-Shirt,Clothing,21,3,63,John Smith,Los Angeles,Gift Card,Completed
ORD2514,05-03-25,Smartphone,Electronics,482,2,964,Daniel Taylor,Denver,Debit Card,Pending
ORD2515,25-02-25,Book,Books,15,2,30,Jane Doe,New York,Gift Card,Completed
ORD2516,03-04-25,Smartphone,Electronics,496,1,496,Chris Harris,Dallas,Gift Card,Cancelled
ORD2517,10-04-25,Headphones,Electronics,103,3,309,John Johnson,Denver,Gift Card,Completed
ORD2518,18-04-25,Book,Books,15,1,15,Michael Doe,New York,Debit Card,Completed
ORD2519,27-02-25,Headphones,Electronics,96,1,96,Daniel Anderson,Denver,Gift Card,Pending
ORD2520,12-02-25,Headphones,Electronics,101,1,101,Mia Doe,New York,Credit Card,Completed
ORD2521,27-03-25,Jeans,Clothing,42,3,126,John Wilson,Chicago,Debit Card,Completed
ORD2522,13-02-25,Running Shoes,Footwear,63,5,315,Noah Brown,Denver,PayPal,Cancelled
ORD2523,30-04-25,Jeans,Clothing,39,1,39,Daniel Anderson,Dallas,Gift Card,Completed
ORD2524,01-02-25,Jeans,Clothing,41,5,205,Isabella Clark,Boston,Gift Card,Completed
ORD2525,11-03-25,Washing Machine,Home Appliances,583,1,583,Olivia Smith,Boston,Gift Card,Completed
ORD2526,10-03-25,Running Shoes,Footwear,58,3,174,Emily Smith,Houston,Amazon Pay,Completed
ORD2527,04-03-25,Smartwatch,Electronics,144,1,144,Mia Wilson,Houston,Amazon Pay,Completed
ORD2528,26-02-25,Running Shoes,Footwear,61,2,122,Mia Smith,San Francisco,Debit Card,Completed
ORD2529,12-04-25,Book,Books,16,2,32,David Wilson,Dallas,Credit Card,Pending
ORD2530,31-03-25,Book,Books,16,2,32,Emma Anderson,Los Angeles,Credit Card,Pending
ORD2531,07-03-25,Refrigerator,Home Appliances,1228,1,1228,Daniel Garcia,Chicago,Amazon Pay,Pending
ORD2532,20-03-25,Jeans,Clothing,41,4,164,Olivia Smith,New York,Amazon Pay,Completed
ORD2533,22-03-25,T-Shirt,Clothing,20,4,80,Liam Martinez,Dallas,Amazon Pay,Completed
ORD2534,27-03-25,Headphones,Electronics,100,3,300,Jane Doe,Chicago,Credit Card,Completed
ORD2535,08-03-25,Jeans,Clothing,39,4,156,Ethan White,New York,Credit Card,Completed
ORD2536,15-04-25,Smartphone,Electronics,497,3,1491,David Martinez,Miami,Amazon Pay,Cancelled
ORD2537,15-02-25,Headphones,Electronics,97,2,194,Ava Clark,Los Angeles,Gift Card,Pending
ORD2538,16-02-25,Washing Machine,Home Appliances,599,1,599,Daniel Harris,Houston,Gift Card,Pending
ORD2539,27-02-25,Smartwatch,Electronics,157,2,314,Jane Smith,Chicago,PayPal,Cancelled
ORD2540,22-03-25,Smartwatch,Electronics,150,1,150,Daniel Brown,Dallas,Debit Card,Completed
ORD2541,02-02-25,Running Shoes,Footwear,58,1,58,Lucas Johnson,Seattle,Credit Card,Pending
ORD2542,07-03-25,Jeans,Clothing,39,2,78,Olivia White,San Francisco,Credit Card,Completed
ORD2543,27-04-25,T-Shirt,Clothing,20,3,60,John Johnson,Boston,Debit Card,Completed
ORD2544,22-03-25,Laptop,Electronics,813,5,4065,Olivia White,New York,Credit Card,Pending
ORD2545,24-02-25,Washing Machine,Home Appliances,615,1,615,Ethan White,Boston,Amazon Pay,Cancelled
ORD2546,03-04-25,Smartwatch,Electronics,154,3,462,Lucas Johnson,New York,PayPal,Completed
ORD2547,16-03-25,Book,Books,16,2,32,Noah Clark,New York,PayPal,Completed
ORD2548,30-03-25,Laptop,Electronics,814,1,814,Jane Smith,Denver,Debit Card,Completed
ORD2549,21-03-25,Smartwatch,Electronics,151,1,151,Isabella Brown,Seattle,Amazon Pay,Completed
ORD2550,12-04-25,Smartphone,Electronics,521,5,2605,Emily Brown,Denver,PayPal,Completed
ORD2551,04-04-25,Jeans,Clothing,39,2,78,Ava Martinez,Boston,Gift Card,Completed
ORD2552,08-04-25,Smartphone,Electronics,501,2,1002,Ava Martinez,New York,Amazon Pay,Completed
ORD2553,15-04-25,Smartphone,Electronics,485,1,485,Olivia Miller,Miami,Debit Card,Pending
ORD2554,12-02-25,Smartphone,Electronics,504,2,1008,Ava Wilson,San Francisco,Credit Card,Completed
ORD2555,25-02-25,Washing Machine,Home Appliances,571,1,571,Alex Wilson,San Francisco,Debit Card,Cancelled
ORD2556,16-02-25,Laptop,Electronics,778,4,3112,Daniel Miller,Seattle,Credit Card,Pending
ORD2557,14-04-25,Refrigerator,Home Appliances,1219,2,2438,Emily Doe,Los Angeles,Amazon Pay,Cancelled
ORD2558,05-03-25,Book,Books,15,4,60,Noah Garcia,Los Angeles,PayPal,Completed
ORD2559,18-04-25,Smartwatch,Electronics,154,1,154,Emma Wilson,Seattle,Amazon Pay,Completed
ORD2560,17-02-25,Smartphone,Electronics,524,1,524,Liam Garcia,Dallas,Debit Card,Completed
ORD2561,17-04-25,T-Shirt,Clothing,20,1,20,Alex White,Boston,Amazon Pay,Pending
ORD2562,15-03-25,Smartphone,Electronics,491,4,1964,Liam Anderson,New York,Amazon Pay,Completed
ORD2563,24-02-25,Jeans,Clothing,42,1,42,Daniel Miller,Miami,Gift Card,Completed
ORD2564,14-02-25,Smartphone,Electronics,504,3,1512,Emma White,San Francisco,Gift Card,Pending
ORD2565,02-04-25,Refrigerator,Home Appliances,1148,1,1148,Alex Clark,Seattle,Amazon Pay,Completed
ORD2566,08-02-25,Headphones,Electronics,98,3,294,Michael Garcia,Chicago,Debit Card,Completed
ORD2567,23-03-25,Smartphone,Electronics,519,5,2595,Sophia Taylor,Seattle,Gift Card,Completed
ORD2568,10-02-25,Smartwatch,Electronics,149,2,298,Jane Clark,Houston,Gift Card,Pending
ORD2569,17-04-25,T-Shirt,Clothing,21,4,84,Sophia Martinez,Boston,Gift Card,Completed
ORD2570,05-04-25,Headphones,Electronics,96,3,288,Ava Wilson,Chicago,PayPal,Completed
ORD2571,14-02-25,Refrigerator,Home Appliances,1148,1,1148,Jane Clark,San Francisco,Credit Card,Cancelled
ORD2572,14-04-25,Laptop,Electronics,810,1,810,Michael Lee,Miami,PayPal,Pending
ORD2573,12-02-25,Headphones,Electronics,95,1,95,Michael Martinez,Houston,Amazon Pay,Pending
ORD2574,10-02-25,Refrigerator,Home Appliances,1193,5,5965,Isabella Wilson,Dallas,Gift Card,Pending
ORD2575,11-03-25,Refrigerator,Home Appliances,1250,1,1250,Emma White,Seattle,Gift Card,Cancelled
ORD2576,22-02-25,Running Shoes,Footwear,59,4,236,Daniel Wilson,Miami,Debit Card,Cancelled
ORD2577,01-03-25,Laptop,Electronics,769,1,769,Alex White,Boston,Amazon Pay,Completed
ORD2578,28-03-25,Running Shoes,Footwear,61,3,183,Ethan Harris,New York,Debit Card,Cancelled
ORD2579,03-02-25,Smartphone,Electronics,494,2,988,Daniel Taylor,San Francisco,Credit Card,Pending
ORD2580,28-02-25,Jeans,Clothing,40,2,80,Michael Johnson,Los Angeles,Gift Card,Pending
ORD2581,11-03-25,T-Shirt,Clothing,20,4,80,Ava Clark,New York,Debit Card,Completed
ORD2582,19-03-25,Smartphone,Electronics,498,1,498,Alex Garcia,Miami,Credit Card,Completed
ORD2583,26-04-25,Headphones,Electronics,104,1,104,Liam Garcia,Los Angeles,Amazon Pay,Completed
ORD2584,17-03-25,Washing Machine,Home Appliances,596,5,2980,Daniel Miller,Seattle,Credit Card,Cancelled
ORD2585,14-03-25,Washing Machine,Home Appliances,605,2,1210,Noah Lee,Seattle,Amazon Pay,Completed
ORD2586,21-02-25,Refrigerator,Home Appliances,1217,1,1217,Isabella Taylor,Dallas,Amazon Pay,Pending
ORD2587,29-04-25,T-Shirt,Clothing,20,2,40,Isabella Garcia,Boston,PayPal,Cancelled
ORD2588,25-04-25,Jeans,Clothing,42,1,42,Emma Doe,Boston,PayPal,Pending
ORD2589,04-03-25,Jeans,Clothing,41,5,205,Jane Lee,Houston,Amazon Pay,Pending
ORD2590,05-03-25,Book,Books,16,4,64,Sophia Wilson,Boston,Amazon Pay,Completed
ORD2591,26-02-25,Smartphone,Electronics,509,2,1018,Ava Brown,Los Angeles,Gift Card,Completed
ORD2592,02-04-25,Jeans,Clothing,41,1,41,Emily Clark,Miami,Debit Card,Completed
ORD2593,07-03-25,Washing Machine,Home Appliances,600,1,600,Emily Wilson,Seattle,Amazon Pay,Completed
ORD2594,29-04-25,Running Shoes,Footwear,57,4,228,Sophia Lee,Seattle,Gift Card,Completed
ORD2595,11-02-25,Jeans,Clothing,41,4,164,Jane Garcia,New York,Credit Card,Completed
ORD2596,26-03-25,Smartwatch,Electronics,154,2,308,Daniel Taylor,Houston,Debit Card,Completed
ORD2597,26-04-25,Smartphone,Electronics,524,2,1048,Sophia Johnson,Los Angeles,PayPal,Completed
ORD2598,23-04-25,Laptop,Electronics,840,1,840,Sophia Wilson,Seattle,PayPal,Cancelled
ORD2599,28-04-25,Refrigerator,Home Appliances,1183,1,1183,Liam Smith,Miami,Amazon Pay,Completed
ORD2600,15-03-25,T-Shirt,Clothing,21,4,84,Emma Brown,Dallas,Amazon Pay,Completed
ORD2601,22-04-25,Headphones,Electronics,102,1,102,Alex Lee,Houston,Gift Card,Completed
ORD2602,19-04-25,T-Shirt,Clothing,21,2,42,Sophia Johnson,Denver,Amazon Pay,Completed
ORD2603,24-04-25,Running Shoes,Footwear,62,3,186,Jane Clark,Miami,Gift Card,Pending
ORD2604,16-04-25,Jeans,Clothing,40,5,200,Emma Anderson,Miami,Gift Card,Completed
ORD2605,19-04-25,Jeans,Clothing,40,2,80,Daniel Taylor,Chicago,Amazon Pay,Completed
ORD2606,11-04-25,Running Shoes,Footwear,59,4,236,Ava Doe,New York,PayPal,Completed
ORD2607,16-02-25,Washing Machine,Home Appliances,590,1,590,Ava Anderson,San Francisco,Gift Card,Pending
ORD2608,02-04-25,Smartphone,Electronics,476,5,2380,Mia Brown,Denver,Gift Card,Completed
ORD2609,18-04-25,Smartwatch,Electronics,157,1,157,Sophia Doe,Boston,Amazon Pay,Pending
ORD2610,11-02-25,T-Shirt,Clothing,20,1,20,Olivia Smith,New York,Debit Card,Completed
ORD2611,20-03-25,Refrigerator,Home Appliances,1197,2,2394,Daniel Anderson,Los Angeles,PayPal,Completed
ORD2612,06-02-25,Washing Machine,Home Appliances,605,1,605,Daniel Clark,Boston,Credit Card,Pending
ORD2613,23-04-25,Smartwatch,Electronics,155,2,310,Jane Lee,Boston,PayPal,Completed
ORD2614,08-02-25,Smartphone,Electronics,483,4,1932,Isabella Smith,Dallas,Amazon Pay,Pending
ORD2615,31-03-25,Headphones,Electronics,96,2,192,Sophia Doe,Dallas,Debit Card,Pending
ORD2616,13-02-25,Running Shoes,Footwear,57,3,171,Mia Wilson,Houston,Credit Card,Completed
ORD2617,29-03-25,Washing Machine,Home Appliances,578,1,578,Lucas Lee,Houston,Amazon Pay,Cancelled
ORD2618,20-02-25,Laptop,Electronics,792,4,3168,David Brown,New York,Gift Card,Pending
ORD2619,28-02-25,Headphones,Electronics,101,5,505,Daniel Taylor,New York,Debit Card,Completed
ORD2620,11-02-25,Book,Books,16,1,16,Daniel Anderson,New York,Amazon Pay,Pending
ORD2621,04-04-25,T-Shirt,Clothing,21,1,21,Mia Brown,Los Angeles,Credit Card,Pending
ORD2622,15-02-25,Jeans,Clothing,41,4,164,Sophia Taylor,Miami,Debit Card,Completed
ORD2623,18-04-25,Smartphone,Electronics,506,1,506,Ethan Miller,Seattle,PayPal,Completed
ORD2624,13-04-25,T-Shirt,Clothing,19,1,19,Lucas Wilson,Houston,Debit Card,Completed
ORD2625,02-04-25,T-Shirt,Clothing,20,1,20,David Taylor,New York,Amazon Pay,Completed
ORD2626,05-02-25,Book,Books,15,3,45,Daniel Lee,Miami,Credit Card,Pending
ORD2627,03-02-25,Smartphone,Electronics,481,1,481,Olivia Anderson,Seattle,Gift Card,Completed
ORD2628,01-03-25,Smartphone,Electronics,492,3,1476,Emily Lee,Dallas,PayPal,Completed
ORD2629,12-02-25,T-Shirt,Clothing,21,5,105,Sophia Miller,Los Angeles,PayPal,Completed
ORD2630,01-03-25,Smartwatch,Electronics,152,2,304,David Martinez,New York,Credit Card,Completed
ORD2631,19-03-25,Washing Machine,Home Appliances,597,1,597,Michael Clark,San Francisco,Credit Card,Completed
ORD2632,12-02-25,Headphones,Electronics,100,3,300,Ethan Johnson,Chicago,Debit Card,Pending
ORD2633,02-02-25,Smartphone,Electronics,509,1,509,Noah Brown,Dallas,Debit Card,Completed
ORD2634,08-03-25,Smartphone,Electronics,511,2,1022,Daniel Johnson,Chicago,Amazon Pay,Completed
ORD2635,05-02-25,T-Shirt,Clothing,21,1,21,Daniel Wilson,Los Angeles,PayPal,Cancelled
ORD2636,16-03-25,Jeans,Clothing,39,5,195,Emily Brown,Boston,Gift Card,Pending
ORD2637,25-03-25,T-Shirt,Clothing,20,4,80,Olivia Miller,Denver,Gift Card,Pending
ORD2638,08-03-25,Smartwatch,Electronics,151,2,302,Alex Garcia,Chicago,Gift Card,Cancelled
ORD2639,11-03-25,Washing Machine,Home Appliances,626,1,626,Lucas Lee,Dallas,PayPal,Completed
ORD2640,05-03-25,Jeans,Clothing,39,5,195,Emma Taylor,New York,Debit Card,Pending
ORD2641,03-02-25,Headphones,Electronics,96,2,192,Emma Brown,Chicago,Debit Card,Pending
ORD2642,15-03-25,Running Shoes,Footwear,57,1,57,Daniel Garcia,Denver,Amazon Pay,Completed
ORD2643,24-04-25,Smartwatch,Electronics,146,1,146,Emily Lee,Miami,Credit Card,Completed
ORD2644,19-02-25,Laptop,Electronics,774,1,774,Daniel Lee,San Francisco,Amazon Pay,Pending
ORD2645,26-04-25,Smartphone,Electronics,518,1,518,Emily Doe,New York,Debit Card,Completed
ORD2646,09-03-25,Jeans,Clothing,40,1,40,John Anderson,Chicago,Amazon Pay,Completed
ORD2647,16-02-25,Laptop,Electronics,798,2,1596,Lucas Miller,New York,Gift Card,Pending
ORD2648,13-02-25,Book,Books,15,4,60,Chris Brown,Houston,Gift Card,Pending
ORD2649,08-04-25,Laptop,Electronics,811,3,2433,Ethan Martinez,Seattle,Debit Card,Completed
ORD2650,26-04-25,Laptop,Electronics,829,1,829,Alex Anderson,New York,Debit Card,Completed
ORD2651,24-02-25,Washing Machine,Home Appliances,591,1,591,David Miller,Seattle,Debit Card,Pending
ORD2652,28-03-25,Headphones,Electronics,103,1,103,Ava Harris,Dallas,Amazon Pay,Completed
ORD2653,10-02-25,Book,Books,16,5,80,Noah Lee,Miami,Amazon Pay,Completed
ORD2654,02-02-25,Washing Machine,Home Appliances,581,1,581,Michael Johnson,Seattle,PayPal,Completed
ORD2655,19-04-25,Laptop,Electronics,803,1,803,Michael Martinez,Chicago,Debit Card,Pending
ORD2656,26-04-25,Book,Books,14,3,42,Emily Taylor,New York,Amazon Pay,Completed
ORD2657,18-03-25,Refrigerator,Home Appliances,1248,1,1248,Isabella Doe,Houston,Amazon Pay,Pending
ORD2658,04-04-25,Book,Books,15,2,30,Jane Garcia,Dallas,PayPal,Completed
ORD2659,28-04-25,Refrigerator,Home Appliances,1186,3,3558,Daniel Brown,Seattle,Amazon Pay,Pending
ORD2660,07-02-25,Running Shoes,Footwear,61,3,183,Mia Taylor,Seattle,Credit Card,Completed
ORD2661,18-04-25,Headphones,Electronics,104,3,312,Liam Lee,Boston,Credit Card,Pending
ORD2662,28-04-25,Laptop,Electronics,801,3,2403,Ethan Doe,Denver,Amazon Pay,Pending
ORD2663,26-02-25,Jeans,Clothing,38,1,38,Ethan Miller,New York,Debit Card,Completed
ORD2664,26-03-25,Smartphone,Electronics,477,2,954,Olivia Lee,New York,Amazon Pay,Cancelled
ORD2665,18-04-25,Washing Machine,Home Appliances,597,4,2388,Alex Garcia,Los Angeles,Credit Card,Cancelled
ORD2666,19-02-25,Refrigerator,Home Appliances,1142,1,1142,Daniel Brown,Los Angeles,PayPal,Completed
ORD2667,18-03-25,Washing Machine,Home Appliances,608,1,608,Emily Harris,New York,Gift Card,Completed
ORD2668,07-02-25,Headphones,Electronics,99,1,99,John Doe,Boston,PayPal,Completed
ORD2669,26-03-25,Headphones,Electronics,101,3,303,Isabella Johnson,Seattle,Debit Card,Cancelled
ORD2670,11-02-25,Laptop,Electronics,821,1,821,Mia Harris,Boston,Amazon Pay,Completed
ORD2671,23-02-25,Refrigerator,Home Appliances,1159,1,1159,Lucas Brown,Houston,Amazon Pay,Pending
ORD2672,28-03-25,Refrigerator,Home Appliances,1208,1,1208,Mia Harris,Seattle,Credit Card,Completed
ORD2673,11-03-25,Jeans,Clothing,41,2,82,Michael Garcia,Denver,Credit Card,Cancelled
ORD2674,28-04-25,Washing Machine,Home Appliances,604,1,604,Isabella Garcia,Chicago,Debit Card,Cancelled
ORD2675,18-04-25,Smartphone,Electronics,517,5,2585,David Martinez,Seattle,Debit Card,Pending
ORD2676,06-02-25,Laptop,Electronics,786,3,2358,David White,New York,Gift Card,Completed
ORD2677,17-04-25,Running Shoes,Footwear,61,5,305,John Clark,San Francisco,Gift Card,Completed
ORD2678,24-02-25,Smartwatch,Electronics,152,3,456,Sophia Lee,Denver,Amazon Pay,Completed
ORD2679,24-02-25,Refrigerator,Home Appliances,1189,1,1189,Ava Taylor,New York,Amazon Pay,Completed
ORD2680,16-02-25,Jeans,Clothing,39,3,117,Ethan Smith,Denver,Debit Card,Completed
ORD2681,11-03-25,T-Shirt,Clothing,20,2,40,Daniel Anderson,Los Angeles,Amazon Pay,Pending
ORD2682,11-02-25,Smartwatch,Electronics,154,2,308,Ethan Lee,Denver,Amazon Pay,Cancelled
ORD2683,06-03-25,Smartwatch,Electronics,143,3,429,John Martinez,Miami,Credit Card,Completed
ORD2684,05-02-25,Book,Books,14,2,28,David Clark,Chicago,Debit Card,Cancelled
ORD2685,12-04-25,Washing Machine,Home Appliances,592,1,592,Liam Brown,San Francisco,Gift Card,Pending
ORD2686,16-02-25,Headphones,Electronics,105,3,315,Emma Lee,Dallas,Amazon Pay,Pending
ORD2687,14-03-25,Jeans,Clothing,38,3,114,Ava Taylor,Houston,PayPal,Completed
ORD2688,09-03-25,Laptop,Electronics,836,2,1672,Chris Martinez,Los Angeles,PayPal,Pending
ORD2689,09-02-25,Book,Books,15,1,15,Michael White,New York,Debit Card,Cancelled
ORD2690,04-04-25,Smartphone,Electronics,490,5,2450,Olivia Miller,Seattle,Gift Card,Completed
ORD2691,02-04-25,Laptop,Electronics,832,1,832,Isabella Taylor,Los Angeles,Credit Card,Completed
ORD2692,30-03-25,Washing Machine,Home Appliances,601,1,601,Ava White,Boston,Amazon Pay,Completed
ORD2693,17-04-25,Book,Books,15,2,30,Noah Harris,Los Angeles,Debit Card,Completed
ORD2694,20-03-25,Smartwatch,Electronics,145,1,145,Daniel Garcia,Denver,Amazon Pay,Completed
ORD2695,13-02-25,Smartwatch,Electronics,152,5,760,Lucas Smith,Dallas,PayPal,Completed
ORD2696,02-04-25,Jeans,Clothing,40,2,80,Liam Anderson,San Francisco,Amazon Pay,Completed
ORD2697,05-04-25,Refrigerator,Home Appliances,1211,1,1211,Daniel Wilson,San Francisco,Debit Card,Completed
ORD2698,30-04-25,Running Shoes,Footwear,59,1,59,Emma Smith,New York,PayPal,Completed
ORD2699,13-04-25,Smartphone,Electronics,499,1,499,Chris Taylor,Seattle,Debit Card,Completed
ORD2700,28-04-25,Running Shoes,Footwear,63,2,126,Liam Garcia,Chicago,Gift Card,Completed
ORD2701,18-04-25,Smartphone,Electronics,516,1,516,Isabella Harris,Los Angeles,Debit Card,Pending
ORD2702,30-04-25,Laptop,Electronics,822,4,3288,Sophia Wilson,Houston,Debit Card,Completed
ORD2703,07-04-25,Refrigerator,Home Appliances,1222,1,1222,Ava Doe,Boston,Credit Card,Pending
ORD2704,08-04-25,Book,Books,16,4,64,Sophia Doe,Denver,PayPal,Completed
ORD2705,30-04-25,Refrigerator,Home Appliances,1197,1,1197,Lucas Doe,Denver,Debit Card,Completed
ORD2706,05-02-25,Jeans,Clothing,40,1,40,Lucas Harris,New York,Debit Card,Pending
ORD2707,18-02-25,Refrigerator,Home Appliances,1238,2,2476,Liam Smith,New York,Debit Card,Completed
ORD2708,14-04-25,Smartphone,Electronics,510,3,1530,Lucas Martinez,Boston,PayPal,Completed
ORD2709,22-03-25,Smartphone,Electronics,497,4,1988,Daniel Johnson,Seattle,Credit Card,Pending
ORD2710,14-02-25,Headphones,Electronics,105,1,105,Emma Lee,Los Angeles,PayPal,Completed
ORD2711,27-02-25,T-Shirt,Clothing,19,2,38,Ava Martinez,Miami,Gift Card,Completed
ORD2712,22-02-25,Washing Machine,Home Appliances,581,3,1743,Alex White,New York,Amazon Pay,Cancelled
ORD2713,11-02-25,Smartphone,Electronics,502,4,2008,Michael Anderson,San Francisco,Gift Card,Completed
ORD2714,26-04-25,Jeans,Clothing,40,3,120,Daniel Clark,Houston,Debit Card,Pending
ORD2715,15-04-25,Book,Books,14,4,56,Emma Johnson,Seattle,Gift Card,Cancelled
ORD2716,12-03-25,Washing Machine,Home Appliances,629,1,629,Emily Taylor,Dallas,Debit Card,Completed
ORD2717,29-04-25,Smartphone,Electronics,515,5,2575,Sophia Taylor,Chicago,Credit Card,Completed
ORD2718,20-04-25,Book,Books,16,1,16,Sophia Garcia,New York,PayPal,Cancelled
ORD2719,16-03-25,Book,Books,15,2,30,Isabella Miller,Dallas,Gift Card,Pending
ORD2720,23-04-25,Washing Machine,Home Appliances,588,3,1764,Liam Wilson,San Francisco,Credit Card,Completed
ORD2721,24-02-25,T-Shirt,Clothing,19,1,19,Alex Clark,Denver,Debit Card,Completed
ORD2722,03-02-25,Book,Books,14,1,14,Isabella Lee,Miami,Debit Card,Pending
ORD2723,23-02-25,Headphones,Electronics,101,4,404,Alex Clark,New York,Credit Card,Completed
ORD2724,07-02-25,Book,Books,15,2,30,Daniel Harris,Miami,Credit Card,Pending
ORD2725,05-02-25,Running Shoes,Footwear,62,4,248,Ethan Doe,San Francisco,Credit Card,Completed
ORD2726,25-02-25,Headphones,Electronics,95,4,380,Daniel White,Seattle,Gift Card,Completed
ORD2727,04-03-25,Washing Machine,Home Appliances,594,1,594,Alex Smith,San Francisco,Amazon Pay,Completed
ORD2728,15-03-25,Jeans,Clothing,40,1,40,Chris Doe,Chicago,PayPal,Pending
ORD2729,27-02-25,Washing Machine,Home Appliances,605,3,1815,Olivia Martinez,New York,Amazon Pay,Completed
ORD2730,02-02-25,Washing Machine,Home Appliances,601,1,601,Mia Brown,Miami,Amazon Pay,Completed
ORD2731,16-04-25,Running Shoes,Footwear,61,5,305,Lucas Harris,New York,Credit Card,Cancelled
ORD2732,22-02-25,Book,Books,14,4,56,Sophia Johnson,Houston,Amazon Pay,Completed
ORD2733,06-03-25,Headphones,Electronics,104,4,416,Ethan Doe,Houston,Debit Card,Completed
ORD2734,08-02-25,Jeans,Clothing,42,5,210,Alex Clark,Dallas,Credit Card,Cancelled
ORD2735,14-02-25,Jeans,Clothing,40,3,120,Jane Taylor,New York,Debit Card,Completed
ORD2736,20-04-25,Jeans,Clothing,40,4,160,Emily White,Seattle,Gift Card,Cancelled
ORD2737,24-04-25,Smartphone,Electronics,477,1,477,Michael Harris,Miami,PayPal,Completed
ORD2738,28-03-25,Book,Books,14,1,14,Jane Martinez,New York,PayPal,Completed
ORD2739,11-04-25,Running Shoes,Footwear,63,2,126,Daniel Brown,San Francisco,Debit Card,Completed
ORD2740,04-04-25,Laptop,Electronics,784,1,784,Alex Clark,Boston,PayPal,Completed
ORD2741,07-04-25,Laptop,Electronics,777,1,777,Daniel White,Denver,PayPal,Completed
ORD2742,16-03-25,Jeans,Clothing,39,4,156,Sophia Miller,Los Angeles,Amazon Pay,Completed
ORD2743,04-03-25,Smartwatch,Electronics,147,3,441,David Martinez,Boston,PayPal,Completed
ORD2744,09-04-25,Smartwatch,Electronics,145,4,580,Alex Clark,Miami,Gift Card,Cancelled
ORD2745,17-03-25,Headphones,Electronics,101,4,404,Alex Garcia,Seattle,Debit Card,Completed
ORD2746,23-03-25,Headphones,Electronics,99,1,99,David Harris,Seattle,Debit Card,Completed
ORD2747,04-03-25,Refrigerator,Home Appliances,1165,3,3495,Liam Wilson,Miami,Credit Card,Completed
ORD2748,11-02-25,Jeans,Clothing,41,5,205,Ava Anderson,Seattle,Credit Card,Completed
ORD2749,24-04-25,Washing Machine,Home Appliances,609,5,3045,Daniel Johnson,Denver,PayPal,Pending
ORD2750,12-03-25,Washing Machine,Home Appliances,580,1,580,Liam Lee,San Francisco,Gift Card,Pending
ORD2751,19-03-25,T-Shirt,Clothing,21,2,42,Noah Lee,Miami,Amazon Pay,Completed
ORD2752,11-02-25,T-Shirt,Clothing,21,5,105,Olivia Lee,Boston,Amazon Pay,Completed
ORD2753,08-03-25,Washing Machine,Home Appliances,577,3,1731,Daniel Brown,Houston,Debit Card,Cancelled
ORD2754,21-02-25,Book,Books,15,5,75,Ethan Anderson,Houston,Debit Card,Completed
ORD2755,15-04-25,T-Shirt,Clothing,21,5,105,Alex Smith,Dallas,Gift Card,Cancelled
ORD2756,12-04-25,Refrigerator,Home Appliances,1221,1,1221,Olivia Garcia,Miami,PayPal,Pending
ORD2757,20-02-25,T-Shirt,Clothing,19,3,57,Daniel White,Denver,PayPal,Completed
ORD2758,05-04-25,Smartphone,Electronics,515,4,2060,David Garcia,Seattle,PayPal,Completed
ORD2759,11-03-25,Jeans,Clothing,40,2,80,Daniel Smith,Denver,Amazon Pay,Cancelled
ORD2760,30-04-25,Running Shoes,Footwear,60,3,180,Daniel Brown,Miami,PayPal,Pending
ORD2761,11-04-25,Headphones,Electronics,99,4,396,David Smith,Miami,PayPal,Completed
ORD2762,04-04-25,Smartwatch,Electronics,156,2,312,Lucas Clark,Miami,Credit Card,Pending
ORD2763,28-04-25,Washing Machine,Home Appliances,615,3,1845,Jane Smith,San Francisco,Gift Card,Pending
ORD2764,24-02-25,Laptop,Electronics,801,1,801,Alex Lee,Boston,Amazon Pay,Completed
ORD2765,11-04-25,Washing Machine,Home Appliances,590,1,590,Jane Brown,San Francisco,Amazon Pay,Completed
ORD2766,19-02-25,Headphones,Electronics,101,2,202,Daniel White,Chicago,Debit Card,Pending
ORD2767,16-04-25,Book,Books,16,2,32,Daniel Garcia,New York,Debit Card,Completed
ORD2768,05-03-25,Refrigerator,Home Appliances,1157,1,1157,Noah Anderson,Dallas,PayPal,Pending
ORD2769,24-04-25,Headphones,Electronics,98,5,490,Emma White,Miami,Amazon Pay,Completed
ORD2770,18-03-25,Book,Books,15,5,75,Ava Doe,New York,Amazon Pay,Completed
ORD2771,15-04-25,Smartphone,Electronics,476,1,476,Daniel Martinez,Los Angeles,Credit Card,Completed
ORD2772,18-04-25,T-Shirt,Clothing,20,5,100,Sophia Lee,Miami,Amazon Pay,Completed
ORD2773,21-04-25,T-Shirt,Clothing,20,1,20,Daniel Doe,New York,Credit Card,Pending
ORD2774,18-02-25,Running Shoes,Footwear,62,1,62,Mia Clark,Denver,Gift Card,Completed
ORD2775,11-04-25,Refrigerator,Home Appliances,1243,1,1243,Alex Taylor,Dallas,PayPal,Pending
ORD2776,07-02-25,Book,Books,14,4,56,Noah Miller,Boston,PayPal,Completed
ORD2777,24-04-25,T-Shirt,Clothing,20,5,100,David Brown,Denver,PayPal,Completed
ORD2778,16-04-25,T-Shirt,Clothing,21,3,63,Olivia Miller,Boston,PayPal,Cancelled
ORD2779,12-02-25,Laptop,Electronics,779,2,1558,Ava White,Dallas,Gift Card,Cancelled
ORD2780,21-02-25,Laptop,Electronics,794,1,794,Lucas Martinez,San Francisco,Amazon Pay,Cancelled
ORD2781,19-03-25,Jeans,Clothing,40,3,120,David Wilson,Los Angeles,Gift Card,Completed
ORD2782,06-03-25,Book,Books,14,5,70,Alex Brown,Houston,Gift Card,Completed
ORD2783,02-02-25,T-Shirt,Clothing,19,3,57,Jane Doe,Chicago,PayPal,Completed
ORD2784,04-04-25,Running Shoes,Footwear,60,1,60,Olivia Miller,San Francisco,Debit Card,Completed
ORD2785,22-03-25,Running Shoes,Footwear,58,3,174,Ava White,San Francisco,PayPal,Pending
ORD2786,12-04-25,Washing Machine,Home Appliances,591,1,591,Chris Johnson,San Francisco,PayPal,Completed
ORD2787,31-03-25,Laptop,Electronics,833,1,833,Daniel Harris,Chicago,PayPal,Completed
ORD2788,18-03-25,Laptop,Electronics,794,1,794,David Taylor,Houston,Credit Card,Completed
ORD2789,18-04-25,Smartwatch,Electronics,149,2,298,Lucas Doe,San Francisco,PayPal,Completed
ORD2790,25-03-25,Running Shoes,Footwear,57,4,228,Ethan Clark,San Francisco,Amazon Pay,Pending
ORD2791,15-03-25,Refrigerator,Home Appliances,1257,3,3771,Chris Garcia,Dallas,Debit Card,Cancelled
ORD2792,21-04-25,Running Shoes,Footwear,62,5,310,Sophia Wilson,Boston,Debit Card,Completed
ORD2793,19-03-25,Headphones,Electronics,97,1,97,Alex Smith,New York,Credit Card,Completed
ORD2794,16-03-25,Refrigerator,Home Appliances,1163,1,1163,Jane White,Seattle,PayPal,Completed
ORD2795,21-03-25,Book,Books,15,1,15,Daniel Miller,Chicago,Amazon Pay,Cancelled
ORD2796,02-02-25,Jeans,Clothing,40,3,120,Chris Smith,Houston,Credit Card,Cancelled
ORD2797,19-04-25,Laptop,Electronics,792,5,3960,Noah Lee,Boston,Credit Card,Completed
ORD2798,17-03-25,T-Shirt,Clothing,20,4,80,Isabella Garcia,Houston,PayPal,Pending
ORD2799,27-04-25,Book,Books,16,1,16,Isabella Johnson,Dallas,Debit Card,Completed
ORD2800,12-02-25,Book,Books,14,2,28,Jane Brown,Dallas,Gift Card,Completed
ORD2801,03-02-25,Book,Books,15,4,60,Michael Harris,Seattle,Debit Card,Cancelled
ORD2802,29-03-25,Washing Machine,Home Appliances,622,1,622,Ethan Johnson,San Francisco,PayPal,Completed
ORD2803,18-04-25,Running Shoes,Footwear,61,5,305,Sophia Taylor,Seattle,Amazon Pay,Completed
ORD2804,05-04-25,Smartwatch,Electronics,153,2,306,Sophia Harris,Chicago,PayPal,Completed
ORD2805,15-03-25,Refrigerator,Home Appliances,1204,1,1204,David Miller,Denver,Debit Card,Completed
ORD2806,21-04-25,Laptop,Electronics,793,5,3965,Isabella Doe,Los Angeles,Debit Card,Pending
ORD2807,29-04-25,Washing Machine,Home Appliances,626,1,626,Ethan Miller,Miami,Credit Card,Completed
ORD2808,02-02-25,Refrigerator,Home Appliances,1227,1,1227,Chris Smith,Houston,PayPal,Completed
ORD2809,13-04-25,T-Shirt,Clothing,20,4,80,Mia Clark,Denver,Debit Card,Cancelled
ORD2810,27-02-25,Book,Books,15,1,15,Olivia Johnson,New York,Credit Card,Pending
ORD2811,22-04-25,Washing Machine,Home Appliances,623,1,623,Noah Wilson,Chicago,Credit Card,Pending
ORD2812,05-02-25,Book,Books,15,2,30,Daniel Doe,Miami,PayPal,Pending
ORD2813,13-02-25,Book,Books,16,3,48,Jane Clark,Chicago,Gift Card,Cancelled
ORD2814,30-03-25,Laptop,Electronics,819,4,3276,Chris Garcia,Chicago,Gift Card,Completed
ORD2815,17-02-25,Book,Books,15,5,75,Mia Johnson,Houston,Gift Card,Completed
ORD2816,13-04-25,Jeans,Clothing,40,3,120,Daniel Doe,San Francisco,Credit Card,Completed
ORD2817,02-02-25,Smartwatch,Electronics,147,2,294,Isabella Harris,Los Angeles,Amazon Pay,Completed
ORD2818,28-02-25,Washing Machine,Home Appliances,628,3,1884,Noah Harris,New York,PayPal,Completed
ORD2819,23-02-25,T-Shirt,Clothing,20,3,60,Ava Smith,Chicago,Gift Card,Completed
ORD2820,22-04-25,Refrigerator,Home Appliances,1152,1,1152,Alex Clark,Boston,Credit Card,Completed
ORD2821,20-04-25,Laptop,Electronics,793,1,793,Jane Garcia,Chicago,PayPal,Pending
ORD2822,09-03-25,Smartwatch,Electronics,144,1,144,Emily Johnson,Houston,Amazon Pay,Completed
ORD2823,25-03-25,Washing Machine,Home Appliances,580,2,1160,Michael White,San Francisco,Credit Card,Pending
ORD2824,28-03-25,Book,Books,15,4,60,Ava Lee,Boston,Credit Card,Completed
ORD2825,20-03-25,Headphones,Electronics,102,1,102,Liam Miller,New York,PayPal,Pending
ORD2826,23-04-25,T-Shirt,Clothing,20,5,100,Noah Martinez,Seattle,Debit Card,Completed
ORD2827,25-03-25,Smartwatch,Electronics,147,5,735,Emma White,Chicago,Gift Card,Completed
ORD2828,13-02-25,Laptop,Electronics,768,2,1536,Emma Smith,Seattle,PayPal,Completed
ORD2829,19-03-25,Refrigerator,Home Appliances,1222,1,1222,Alex Smith,Boston,Amazon Pay,Completed
ORD2830,13-04-25,Jeans,Clothing,40,2,80,Isabella Martinez,Miami,Gift Card,Cancelled
ORD2831,10-04-25,Book,Books,14,3,42,Mia Garcia,Dallas,Credit Card,Pending
ORD2832,12-03-25,Book,Books,15,4,60,Jane Doe,Houston,Gift Card,Completed
ORD2833,15-03-25,Headphones,Electronics,98,4,392,Noah Harris,Dallas,Debit Card,Completed
ORD2834,15-02-25,Washing Machine,Home Appliances,589,1,589,Ava Harris,Boston,PayPal,Completed
ORD2835,29-03-25,Smartphone,Electronics,498,1,498,Alex Harris,Denver,Gift Card,Completed
ORD2836,02-04-25,Laptop,Electronics,830,2,1660,Daniel Anderson,Dallas,Gift Card,Completed
ORD2837,14-04-25,Headphones,Electronics,102,5,510,Michael Miller,Denver,Debit Card,Pending
ORD2838,09-02-25,Laptop,Electronics,783,5,3915,Noah Miller,Boston,PayPal,Completed
ORD2839,06-03-25,Jeans,Clothing,40,3,120,Emma Clark,San Francisco,PayPal,Completed
ORD2840,26-04-25,Washing Machine,Home Appliances,625,1,625,David White,Miami,Gift Card,Pending
ORD2841,06-02-25,Laptop,Electronics,780,5,3900,Isabella Lee,Houston,PayPal,Completed
ORD2842,18-02-25,Laptop,Electronics,770,4,3080,Isabella Wilson,Miami,Gift Card,Completed
ORD2843,27-04-25,Smartphone,Electronics,490,2,980,Mia Clark,Boston,PayPal,Completed
ORD2844,23-03-25,Book,Books,14,1,14,Ethan Garcia,Boston,Debit Card,Completed
ORD2845,03-02-25,Washing Machine,Home Appliances,629,1,629,Olivia Garcia,Boston,Amazon Pay,Completed
ORD2846,16-03-25,Refrigerator,Home Appliances,1196,1,1196,John Wilson,Los Angeles,Debit Card,Cancelled
ORD2847,15-03-25,Laptop,Electronics,802,1,802,David White,Denver,Debit Card,Pending
ORD2848,19-04-25,Smartphone,Electronics,503,1,503,Emily Taylor,San Francisco,Amazon Pay,Completed
ORD2849,17-04-25,Laptop,Electronics,763,1,763,David Lee,Seattle,Gift Card,Pending
ORD2850,02-02-25,Headphones,Electronics,103,5,515,Jane Martinez,Miami,Debit Card,Cancelled
ORD2851,02-02-25,Headphones,Electronics,99,1,99,John Clark,Los Angeles,Debit Card,Completed
ORD2852,24-02-25,Refrigerator,Home Appliances,1193,1,1193,Mia Doe,San Francisco,Amazon Pay,Completed
ORD2853,17-03-25,Smartwatch,Electronics,153,1,153,Daniel Doe,New York,Amazon Pay,Completed
ORD2854,14-03-25,T-Shirt,Clothing,20,4,80,Lucas Anderson,Houston,PayPal,Completed
ORD2855,11-02-25,Smartphone,Electronics,519,1,519,Sophia Clark,Dallas,Credit Card,Cancelled
ORD2856,18-04-25,T-Shirt,Clothing,21,3,63,Lucas Doe,Boston,PayPal,Completed
ORD2857,01-04-25,Headphones,Electronics,99,1,99,Daniel Miller,Los Angeles,Gift Card,Completed
ORD2858,26-04-25,Jeans,Clothing,39,5,195,Mia Harris,Dallas,PayPal,Cancelled
ORD2859,08-03-25,Running Shoes,Footwear,61,3,183,Ethan Taylor,Houston,Amazon Pay,Pending
ORD2860,05-03-25,Book,Books,16,1,16,Isabella White,New York,Amazon Pay,Completed
ORD2861,06-04-25,Smartwatch,Electronics,149,1,149,Michael Harris,Seattle,Debit Card,Pending
ORD2862,11-02-25,Running Shoes,Footwear,57,5,285,Sophia Brown,San Francisco,PayPal,Pending
ORD2863,25-02-25,Washing Machine,Home Appliances,610,1,610,David Johnson,Houston,Amazon Pay,Pending
ORD2864,04-03-25,Washing Machine,Home Appliances,615,1,615,John Clark,San Francisco,Credit Card,Pending
ORD2865,03-03-25,T-Shirt,Clothing,20,4,80,Liam Smith,Boston,Amazon Pay,Cancelled
ORD2866,23-03-25,Running Shoes,Footwear,61,3,183,Emma Wilson,Los Angeles,Credit Card,Pending
ORD2867,19-03-25,Refrigerator,Home Appliances,1231,4,4924,Isabella Smith,Boston,Credit Card,Completed
ORD2868,08-02-25,Book,Books,14,5,70,John Johnson,Los Angeles,Debit Card,Pending
ORD2869,13-04-25,Laptop,Electronics,793,1,793,Jane Lee,Denver,Debit Card,Pending
ORD2870,23-02-25,Smartphone,Electronics,508,1,508,Liam Doe,Los Angeles,PayPal,Cancelled
ORD2871,15-03-25,Washing Machine,Home Appliances,621,1,621,Alex White,Boston,Debit Card,Pending
ORD2872,14-03-25,Headphones,Electronics,97,1,97,Chris Brown,Dallas,Debit Card,Cancelled
ORD2873,16-04-25,Washing Machine,Home Appliances,577,1,577,Michael Martinez,Miami,Credit Card,Completed
ORD2874,21-02-25,Book,Books,15,3,45,Ava Miller,Chicago,PayPal,Completed
ORD2875,19-03-25,Book,Books,14,2,28,Olivia Miller,Boston,Amazon Pay,Cancelled
ORD2876,03-02-25,Smartwatch,Electronics,146,5,730,Chris Harris,Dallas,PayPal,Completed
ORD2877,11-03-25,Refrigerator,Home Appliances,1237,1,1237,Liam Lee,Chicago,PayPal,Pending
ORD2878,04-04-25,Running Shoes,Footwear,62,1,62,David Johnson,Los Angeles,Debit Card,Completed
ORD2879,21-04-25,Headphones,Electronics,105,3,315,Emma Doe,New York,PayPal,Completed
ORD2880,16-04-25,Running Shoes,Footwear,59,2,118,Alex Lee,Chicago,Debit Card,Pending
ORD2881,28-03-25,Running Shoes,Footwear,61,2,122,Daniel White,Boston,PayPal,Completed
ORD2882,07-04-25,Washing Machine,Home Appliances,628,2,1256,Daniel Miller,Denver,Debit Card,Pending
ORD2883,07-03-25,Smartwatch,Electronics,149,1,149,Lucas Anderson,Los Angeles,Credit Card,Cancelled
ORD2884,25-03-25,Washing Machine,Home Appliances,572,3,1716,Michael Garcia,Seattle,Credit Card,Pending
ORD2885,04-03-25,Jeans,Clothing,42,1,42,Jane Taylor,Miami,Credit Card,Pending
ORD2886,23-04-25,Headphones,Electronics,100,1,100,Jane Taylor,Chicago,Gift Card,Pending
ORD2887,24-04-25,Refrigerator,Home Appliances,1255,1,1255,David Garcia,Los Angeles,Debit Card,Pending
ORD2888,23-03-25,Washing Machine,Home Appliances,619,1,619,Emily Martinez,San Francisco,Gift Card,Completed
ORD2889,30-03-25,T-Shirt,Clothing,20,5,100,Alex Anderson,Chicago,Credit Card,Completed
ORD2890,05-03-25,Running Shoes,Footwear,62,1,62,Noah Martinez,Houston,Credit Card,Completed
ORD2891,31-03-25,Jeans,Clothing,41,5,205,Daniel Garcia,Boston,Amazon Pay,Completed
ORD2892,03-04-25,Book,Books,15,2,30,Alex Lee,Boston,Debit Card,Completed
ORD2893,28-04-25,Refrigerator,Home Appliances,1165,1,1165,Daniel Clark,San Francisco,Gift Card,Completed
ORD2894,14-02-25,Headphones,Electronics,99,2,198,John Anderson,Los Angeles,PayPal,Completed
ORD2895,09-03-25,T-Shirt,Clothing,20,3,60,Isabella Doe,Boston,Credit Card,Pending
ORD2896,05-02-25,T-Shirt,Clothing,19,1,19,Daniel Wilson,San Francisco,Debit Card,Completed
ORD2897,19-04-25,Jeans,Clothing,42,3,126,Daniel Lee,San Francisco,Credit Card,Completed
ORD2898,12-03-25,Jeans,Clothing,42,2,84,Ava White,Chicago,Amazon Pay,Pending
ORD2899,25-04-25,Running Shoes,Footwear,59,5,295,Chris Lee,Chicago,Gift Card,Pending
ORD2900,08-03-25,Washing Machine,Home Appliances,599,1,599,Olivia Smith,Miami,Credit Card,Completed
ORD2901,17-02-25,Jeans,Clothing,39,4,156,Jane Garcia,Los Angeles,Gift Card,Completed
ORD2902,21-04-25,T-Shirt,Clothing,20,5,100,Chris Lee,San Francisco,Debit Card,Completed
ORD2903,05-03-25,Smartwatch,Electronics,151,2,302,Daniel Smith,Seattle,Gift Card,Cancelled
ORD2904,01-03-25,Washing Machine,Home Appliances,591,2,1182,Olivia Taylor,Miami,Credit Card,Completed
ORD2905,28-03-25,Laptop,Electronics,824,3,2472,Mia Brown,Chicago,Credit Card,Completed
ORD2906,10-03-25,Headphones,Electronics,102,5,510,David Anderson,Chicago,Gift Card,Cancelled
ORD2907,22-04-25,Jeans,Clothing,38,2,76,Daniel Lee,Houston,Amazon Pay,Pending
ORD2908,15-04-25,Smartphone,Electronics,518,2,1036,Michael Wilson,Houston,Debit Card,Completed
ORD2909,23-02-25,T-Shirt,Clothing,20,3,60,Daniel Taylor,Seattle,Gift Card,Completed
ORD2910,10-02-25,Smartphone,Electronics,523,5,2615,Ava Johnson,Boston,Debit Card,Pending
ORD2911,15-03-25,Book,Books,15,5,75,Chris Garcia,San Francisco,PayPal,Completed
ORD2912,28-02-25,Smartphone,Electronics,507,1,507,Olivia Lee,Chicago,Debit Card,Cancelled
ORD2913,08-04-25,Jeans,Clothing,39,2,78,Jane Lee,Boston,Gift Card,Completed
ORD2914,10-02-25,Smartphone,Electronics,510,1,510,Jane White,Houston,Credit Card,Pending
ORD2915,29-04-25,Headphones,Electronics,104,1,104,Noah Lee,San Francisco,PayPal,Pending
ORD2916,28-04-25,Refrigerator,Home Appliances,1157,1,1157,Noah Brown,New York,PayPal,Completed
ORD2917,23-02-25,Washing Machine,Home Appliances,603,1,603,David Clark,Houston,Gift Card,Completed
ORD2918,18-04-25,T-Shirt,Clothing,20,5,100,Chris Doe,Miami,Amazon Pay,Pending
ORD2919,05-04-25,Book,Books,15,1,15,Olivia Brown,Miami,PayPal,Cancelled
ORD2920,19-03-25,Running Shoes,Footwear,61,3,183,Liam Miller,Boston,Debit Card,Completed
ORD2921,24-02-25,T-Shirt,Clothing,20,5,100,David Johnson,Boston,Credit Card,Completed
ORD2922,24-02-25,T-Shirt,Clothing,20,1,20,Emily Taylor,Los Angeles,Debit Card,Completed
ORD2923,28-03-25,Smartwatch,Electronics,148,1,148,Sophia Wilson,New York,Debit Card,Cancelled
ORD2924,10-03-25,Laptop,Electronics,779,1,779,Alex Taylor,Boston,Debit Card,Completed
ORD2925,17-02-25,Jeans,Clothing,41,1,41,Jane Miller,Miami,Debit Card,Completed
ORD2926,24-02-25,Laptop,Electronics,793,4,3172,Sophia Wilson,Chicago,Credit Card,Completed
ORD2927,12-02-25,Running Shoes,Footwear,62,2,124,Emma Garcia,Boston,Gift Card,Pending
ORD2928,25-04-25,Headphones,Electronics,104,2,208,Olivia Harris,Boston,Amazon Pay,Completed
ORD2929,07-03-25,Smartwatch,Electronics,144,2,288,David Doe,Denver,Credit Card,Completed
ORD2930,21-03-25,Headphones,Electronics,102,1,102,Lucas Martinez,New York,Credit Card,Completed
ORD2931,17-04-25,Book,Books,15,2,30,Daniel Miller,Boston,PayPal,Pending
ORD2932,06-02-25,T-Shirt,Clothing,20,4,80,Daniel Harris,Dallas,Amazon Pay,Pending
ORD2933,21-04-25,T-Shirt,Clothing,20,4,80,Daniel Wilson,New York,Amazon Pay,Completed
ORD2934,03-02-25,T-Shirt,Clothing,20,5,100,Jane Brown,Boston,Credit Card,Pending
ORD2935,02-04-25,T-Shirt,Clothing,20,2,40,Olivia Miller,Los Angeles,Gift Card,Completed
ORD2936,12-04-25,Jeans,Clothing,40,2,80,Chris Anderson,Seattle,Credit Card,Completed
ORD2937,01-03-25,Washing Machine,Home Appliances,625,1,625,Lucas Wilson,Miami,Gift Card,Completed
ORD2938,15-04-25,Headphones,Electronics,100,1,100,Daniel Johnson,New York,Debit Card,Completed
ORD2939,02-03-25,Laptop,Electronics,815,1,815,Jane Harris,Miami,PayPal,Completed
ORD2940,10-02-25,Washing Machine,Home Appliances,592,1,592,Liam Anderson,Dallas,PayPal,Pending
ORD2941,28-04-25,T-Shirt,Clothing,20,2,40,Emily White,Houston,Amazon Pay,Completed
ORD2942,28-03-25,Washing Machine,Home Appliances,622,1,622,Alex Lee,New York,Amazon Pay,Cancelled
ORD2943,01-02-25,Smartphone,Electronics,488,1,488,Daniel Johnson,Boston,Amazon Pay,Pending
ORD2944,01-04-25,Smartphone,Electronics,476,1,476,John White,Seattle,Gift Card,Completed
ORD2945,15-02-25,Jeans,Clothing,41,5,205,Chris Anderson,New York,Debit Card,Pending
ORD2946,13-03-25,Book,Books,15,4,60,Mia Miller,Chicago,Gift Card,Cancelled
ORD2947,03-03-25,Smartwatch,Electronics,157,3,471,John Clark,Dallas,Gift Card,Completed
ORD2948,20-04-25,Laptop,Electronics,808,3,2424,Noah Doe,Seattle,Amazon Pay,Pending
ORD2949,02-04-25,Book,Books,15,1,15,Daniel White,Los Angeles,PayPal,Completed
ORD2950,22-02-25,Book,Books,15,2,30,Emma White,Miami,Debit Card,Completed
ORD2951,28-04-25,Washing Machine,Home Appliances,581,1,581,Ava Anderson,Los Angeles,Credit Card,Completed
ORD2952,03-02-25,T-Shirt,Clothing,20,4,80,Daniel Anderson,Seattle,Credit Card,Cancelled
ORD2953,08-02-25,Jeans,Clothing,40,1,40,Ethan Miller,Los Angeles,Debit Card,Completed
ORD2954,19-04-25,Book,Books,15,1,15,John Miller,Boston,Debit Card,Completed
ORD2955,22-02-25,Refrigerator,Home Appliances,1209,1,1209,John White,Chicago,Credit Card,Completed
ORD2956,28-02-25,Running Shoes,Footwear,57,2,114,Liam Brown,New York,PayPal,Cancelled
ORD2957,16-04-25,Headphones,Electronics,100,1,100,Isabella Miller,Denver,Debit Card,Completed
ORD2958,21-02-25,Refrigerator,Home Appliances,1183,1,1183,Liam Johnson,Chicago,Amazon Pay,Completed
ORD2959,26-04-25,Smartphone,Electronics,475,3,1425,Emma Smith,Dallas,Credit Card,Completed
ORD2960,26-02-25,Running Shoes,Footwear,61,5,305,Jane Doe,Seattle,Amazon Pay,Pending
ORD2961,10-04-25,Smartphone,Electronics,477,1,477,Jane White,Miami,PayPal,Cancelled
ORD2962,25-02-25,Washing Machine,Home Appliances,602,1,602,Jane Anderson,Houston,Debit Card,Pending
ORD2963,28-02-25,Refrigerator,Home Appliances,1239,1,1239,Ava Miller,Houston,Debit Card,Completed
ORD2964,10-02-25,Jeans,Clothing,41,2,82,David Johnson,Seattle,Credit Card,Pending
ORD2965,11-04-25,T-Shirt,Clothing,20,1,20,Chris Wilson,Denver,PayPal,Completed
ORD2966,18-02-25,Refrigerator,Home Appliances,1220,1,1220,Liam Harris,Chicago,Gift Card,Pending
ORD2967,26-02-25,Smartwatch,Electronics,144,1,144,Ethan Lee,Miami,Debit Card,Completed
ORD2968,15-02-25,Book,Books,15,4,60,Emma Harris,Miami,PayPal,Completed
ORD2969,24-02-25,Jeans,Clothing,38,3,114,Chris Garcia,Chicago,Debit Card,Cancelled
ORD2970,03-03-25,Book,Books,15,5,75,Mia Anderson,Miami,Credit Card,Completed
ORD2971,21-03-25,Headphones,Electronics,96,3,288,Lucas Miller,New York,Debit Card,Completed
ORD2972,21-04-25,Smartwatch,Electronics,153,2,306,Olivia Johnson,Miami,Gift Card,Completed
ORD2973,30-03-25,Book,Books,15,5,75,Isabella Johnson,Seattle,Debit Card,Pending
ORD2974,08-04-25,Smartwatch,Electronics,143,1,143,Emily Johnson,Denver,PayPal,Cancelled
ORD2975,11-03-25,T-Shirt,Clothing,20,5,100,Isabella Miller,Miami,Amazon Pay,Completed
ORD2976,24-03-25,Smartphone,Electronics,516,2,1032,David Garcia,Boston,Debit Card,Completed
ORD2977,27-02-25,Washing Machine,Home Appliances,605,1,605,David Wilson,Dallas,Debit Card,Completed
ORD2978,23-04-25,Book,Books,15,5,75,Mia Wilson,Los Angeles,Amazon Pay,Completed
ORD2979,12-02-25,T-Shirt,Clothing,20,4,80,Olivia Anderson,Seattle,Credit Card,Pending
ORD2980,20-03-25,Washing Machine,Home Appliances,623,1,623,Sophia Doe,Chicago,Credit Card,Cancelled
ORD2981,11-03-25,Smartwatch,Electronics,154,1,154,Mia Smith,Boston,Amazon Pay,Pending
ORD2982,07-02-25,Refrigerator,Home Appliances,1209,1,1209,Michael Clark,Seattle,Gift Card,Completed
ORD2983,11-04-25,Book,Books,16,1,16,Mia Anderson,Boston,Gift Card,Completed
ORD2984,21-03-25,Running Shoes,Footwear,60,4,240,Emma Lee,Chicago,Debit Card,Pending
ORD2985,19-04-25,Running Shoes,Footwear,58,5,290,Sophia Smith,Seattle,Credit Card,Completed
ORD2986,28-04-25,Book,Books,14,3,42,Daniel Martinez,San Francisco,Credit Card,Completed
ORD2987,16-04-25,Smartwatch,Electronics,143,1,143,Michael Anderson,Chicago,Debit Card,Pending
ORD2988,22-02-25,Washing Machine,Home Appliances,619,1,619,Alex Lee,Miami,PayPal,Completed
ORD2989,05-04-25,Smartphone,Electronics,503,2,1006,Ethan Martinez,Los Angeles,Amazon Pay,Pending
ORD2990,07-03-25,Laptop,Electronics,765,3,2295,Olivia Clark,Seattle,Gift Card,Pending
ORD2991,26-02-25,Washing Machine,Home Appliances,615,1,615,Olivia Taylor,Seattle,Credit Card,Completed
ORD2992,21-04-25,Running Shoes,Footwear,63,5,315,Ava Doe,Dallas,Gift Card,Completed
ORD2993,05-02-25,Running Shoes,Footwear,59,5,295,Ava Martinez,Dallas,Amazon Pay,Completed
ORD2994,28-02-25,Jeans,Clothing,39,4,156,Mia Brown,Seattle,Amazon Pay,Cancelled
ORD2995,17-03-25,Headphones,Electronics,104,5,520,Ava Harris,San Francisco,Debit Card,Completed
ORD2996,19-03-25,Headphones,Electronics,101,1,101,Noah Martinez,Denver,Credit Card,Completed
ORD2997,11-02-25,Washing Machine,Home Appliances,595,1,595,Daniel Martinez,Miami,Credit Card,Completed
ORD2998,11-03-25,Refrigerator,Home Appliances,1245,1,1245,Ava Garcia,Los Angeles,Gift Card,Completed
ORD2999,27-04-25,Running Shoes,Footwear,62,4,248,Sophia Harris,Seattle,Debit Card,Completed
ORD3000,26-04-25,Smartwatch,Electronics,150,1,150,Olivia Smith,Miami,PayPal,Completed
ORD3001,16-04-25,Washing Machine,Home Appliances,614,2,1228,Noah Anderson,Houston,Debit Card,Completed
ORD3002,03-02-25,Jeans,Clothing,39,4,156,Ava Johnson,Houston,PayPal,Completed
ORD3003,11-02-25,Running Shoes,Footwear,59,2,118,Ava Brown,San Francisco,Amazon Pay,Pending
ORD3004,21-02-25,Jeans,Clothing,38,1,38,Daniel Johnson,Los Angeles,Credit Card,Completed
ORD3005,15-03-25,Running Shoes,Footwear,60,2,120,Daniel Taylor,Houston,PayPal,Cancelled
ORD3006,26-03-25,Refrigerator,Home Appliances,1192,1,1192,John Johnson,Miami,Credit Card,Completed
ORD3007,23-03-25,T-Shirt,Clothing,21,2,42,Daniel White,Los Angeles,Gift Card,Completed
ORD3008,30-03-25,T-Shirt,Clothing,20,2,40,Sophia Wilson,Miami,Credit Card,Completed
ORD3009,14-04-25,Smartphone,Electronics,502,1,502,Alex Anderson,San Francisco,PayPal,Completed
ORD3010,18-03-25,Refrigerator,Home Appliances,1201,1,1201,Chris Garcia,Denver,Amazon Pay,Completed
ORD3011,08-03-25,Running Shoes,Footwear,63,5,315,Daniel Martinez,Los Angeles,Credit Card,Pending
ORD3012,15-03-25,Refrigerator,Home Appliances,1219,1,1219,Ethan White,Denver,Amazon Pay,Completed
ORD3013,06-04-25,Headphones,Electronics,97,4,388,Michael Wilson,Seattle,PayPal,Completed
ORD3014,09-02-25,Headphones,Electronics,96,2,192,Chris Anderson,Boston,Debit Card,Pending
ORD3015,22-04-25,Smartwatch,Electronics,148,2,296,Ethan Doe,Boston,PayPal,Completed
ORD3016,27-03-25,Smartwatch,Electronics,152,5,760,Jane Doe,New York,PayPal,Completed
ORD3017,07-04-25,Book,Books,16,4,64,Michael Johnson,Los Angeles,Amazon Pay,Pending
ORD3018,08-03-25,Washing Machine,Home Appliances,587,3,1761,Chris Martinez,Denver,Amazon Pay,Completed
ORD3019,24-04-25,Running Shoes,Footwear,61,5,305,Chris Martinez,Los Angeles,Amazon Pay,Pending
ORD3020,05-04-25,Refrigerator,Home Appliances,1176,1,1176,Alex Smith,Chicago,Debit Card,Cancelled
ORD3021,22-03-25,Laptop,Electronics,774,1,774,Liam Johnson,Los Angeles,Debit Card,Completed
ORD3022,14-03-25,Book,Books,15,4,60,Daniel Martinez,Chicago,Credit Card,Completed
ORD3023,05-04-25,Headphones,Electronics,104,1,104,Michael Miller,Seattle,Amazon Pay,Completed
ORD3024,20-04-25,Book,Books,15,3,45,Olivia Harris,Los Angeles,Debit Card,Completed
ORD3025,03-02-25,Jeans,Clothing,40,3,120,Ava Garcia,Denver,Gift Card,Pending
ORD3026,11-03-25,Book,Books,15,2,30,Chris Miller,Boston,Credit Card,Completed
ORD3027,12-02-25,Jeans,Clothing,39,3,117,David Harris,Seattle,Gift Card,Completed
ORD3028,25-03-25,Refrigerator,Home Appliances,1252,1,1252,Olivia Miller,Dallas,Credit Card,Completed
ORD3029,27-04-25,T-Shirt,Clothing,19,1,19,Noah Miller,Chicago,PayPal,Completed
ORD3030,18-02-25,Laptop,Electronics,780,2,1560,Emily Wilson,Denver,Gift Card,Completed
ORD3031,10-03-25,T-Shirt,Clothing,20,4,80,Daniel Anderson,Denver,PayPal,Pending
ORD3032,15-03-25,Headphones,Electronics,101,3,303,Isabella Doe,New York,PayPal,Completed
ORD3033,13-03-25,T-Shirt,Clothing,21,5,105,Ava Doe,Los Angeles,Amazon Pay,Completed
ORD3034,26-03-25,Smartwatch,Electronics,156,5,780,Chris Anderson,Chicago,Credit Card,Completed
ORD3035,26-04-25,Headphones,Electronics,99,1,99,David Harris,San Francisco,Credit Card,Cancelled
ORD3036,16-04-25,Headphones,Electronics,100,2,200,David Johnson,Chicago,Credit Card,Cancelled
ORD3037,23-02-25,Laptop,Electronics,821,3,2463,John Garcia,Boston,Credit Card,Completed
ORD3038,01-02-25,Book,Books,14,4,56,Sophia Taylor,Boston,Amazon Pay,Completed
ORD3039,22-03-25,T-Shirt,Clothing,20,1,20,David Taylor,Denver,Debit Card,Completed
ORD3040,28-04-25,Smartphone,Electronics,504,5,2520,John Doe,Seattle,Gift Card,Completed
ORD3041,16-02-25,Smartphone,Electronics,508,1,508,John Garcia,Los Angeles,PayPal,Completed
ORD3042,17-03-25,Smartwatch,Electronics,150,5,750,Isabella Johnson,New York,Credit Card,Pending
ORD3043,11-02-25,Running Shoes,Footwear,58,5,290,Alex Smith,San Francisco,Amazon Pay,Completed
ORD3044,31-03-25,Washing Machine,Home Appliances,628,1,628,Daniel Miller,Boston,Debit Card,Pending
ORD3045,25-02-25,Headphones,Electronics,100,1,100,Mia Garcia,Boston,PayPal,Completed
ORD3046,12-03-25,Smartphone,Electronics,500,1,500,Isabella Miller,Chicago,Amazon Pay,Pending
ORD3047,03-02-25,Smartwatch,Electronics,151,1,151,Daniel Wilson,New York,Gift Card,Completed
ORD3048,14-03-25,T-Shirt,Clothing,20,2,40,Noah Doe,Los Angeles,Amazon Pay,Pending
ORD3049,18-03-25,Washing Machine,Home Appliances,606,1,606,Emma Anderson,New York,Debit Card,Cancelled
ORD3050,11-03-25,Running Shoes,Footwear,60,5,300,Noah Smith,San Francisco,Amazon Pay,Completed
ORD3051,20-03-25,Headphones,Electronics,99,1,99,Daniel Smith,Seattle,Debit Card,Pending
ORD3052,13-02-25,Washing Machine,Home Appliances,582,1,582,Mia Clark,Houston,PayPal,Completed
ORD3053,28-03-25,Smartwatch,Electronics,150,2,300,John Brown,Chicago,Amazon Pay,Pending
ORD3054,01-02-25,Running Shoes,Footwear,59,4,236,Isabella Harris,Houston,Debit Card,Cancelled
ORD3055,03-04-25,Refrigerator,Home Appliances,1224,2,2448,Ethan Wilson,San Francisco,PayPal,Pending
ORD3056,23-04-25,Washing Machine,Home Appliances,618,5,3090,Ava Taylor,Miami,PayPal,Completed
ORD3057,17-03-25,Washing Machine,Home Appliances,619,1,619,Ava Miller,Dallas,Gift Card,Pending
ORD3058,12-03-25,Refrigerator,Home Appliances,1197,1,1197,Liam Harris,New York,Credit Card,Pending
ORD3059,06-02-25,Refrigerator,Home Appliances,1169,2,2338,Michael White,Los Angeles,Gift Card,Cancelled
ORD3060,13-02-25,Running Shoes,Footwear,58,3,174,Lucas Miller,Seattle,Amazon Pay,Pending
ORD3061,22-03-25,Refrigerator,Home Appliances,1201,1,1201,Liam Martinez,Miami,Debit Card,Pending
ORD3062,22-02-25,Refrigerator,Home Appliances,1251,1,1251,Emma Clark,Houston,Debit Card,Cancelled
ORD3063,13-02-25,T-Shirt,Clothing,21,3,63,Daniel Clark,San Francisco,Debit Card,Cancelled
ORD3064,08-02-25,Washing Machine,Home Appliances,613,5,3065,Liam Garcia,Los Angeles,Gift Card,Pending
ORD3065,12-02-25,Laptop,Electronics,783,1,783,Ava Miller,San Francisco,Credit Card,Completed
ORD3066,30-04-25,Washing Machine,Home Appliances,580,1,580,Michael White,San Francisco,Amazon Pay,Pending
ORD3067,24-03-25,Laptop,Electronics,832,1,832,Alex Miller,Denver,Credit Card,Completed
ORD3068,19-04-25,Smartphone,Electronics,514,1,514,Alex Miller,Boston,Amazon Pay,Completed
ORD3069,20-04-25,Smartphone,Electronics,501,1,501,Emily Miller,Seattle,PayPal,Pending
ORD3070,16-02-25,Smartphone,Electronics,487,3,1461,Emma Clark,Dallas,PayPal,Completed
ORD3071,22-03-25,Washing Machine,Home Appliances,593,1,593,Alex Garcia,Houston,Credit Card,Cancelled
ORD3072,23-03-25,Headphones,Electronics,104,3,312,Daniel Harris,Dallas,Gift Card,Completed
ORD3073,28-02-25,Jeans,Clothing,40,3,120,Emma Taylor,Miami,Amazon Pay,Completed
ORD3074,30-03-25,Running Shoes,Footwear,63,1,63,Emily Garcia,Houston,Credit Card,Pending
ORD3075,15-03-25,Book,Books,15,4,60,David Doe,New York,Debit Card,Completed
ORD3076,20-04-25,Smartphone,Electronics,476,2,952,David Harris,Boston,Credit Card,Pending
ORD3077,25-03-25,Refrigerator,Home Appliances,1166,1,1166,Sophia Clark,Houston,PayPal,Completed
ORD3078,20-04-25,Laptop,Electronics,839,4,3356,Mia Johnson,Miami,Credit Card,Pending
ORD3079,17-02-25,Headphones,Electronics,100,3,300,Daniel Wilson,Denver,Amazon Pay,Completed
ORD3080,14-03-25,Running Shoes,Footwear,58,5,290,Chris Doe,Los Angeles,Credit Card,Completed
ORD3081,25-02-25,T-Shirt,Clothing,21,1,21,Chris Wilson,Seattle,Amazon Pay,Completed
ORD3082,25-04-25,Smartwatch,Electronics,152,2,304,Daniel Miller,New York,Amazon Pay,Cancelled
ORD3083,27-03-25,Laptop,Electronics,776,1,776,Sophia Lee,Chicago,PayPal,Completed
ORD3084,09-04-25,Headphones,Electronics,96,5,480,Mia Wilson,New York,Gift Card,Completed
ORD3085,19-02-25,Book,Books,14,2,28,Emily Doe,Miami,PayPal,Pending
ORD3086,10-04-25,Laptop,Electronics,830,1,830,Isabella Harris,Dallas,Gift Card,Completed
ORD3087,23-03-25,Running Shoes,Footwear,57,5,285,Isabella Taylor,Denver,Gift Card,Pending
ORD3088,20-02-25,Jeans,Clothing,38,4,152,Emily Martinez,Denver,Amazon Pay,Pending
ORD3089,04-02-25,Refrigerator,Home Appliances,1201,1,1201,Lucas Harris,Seattle,Credit Card,Completed
ORD3090,25-04-25,Running Shoes,Footwear,58,1,58,Ethan Martinez,Boston,Gift Card,Completed
ORD3091,07-02-25,Jeans,Clothing,39,5,195,Daniel Martinez,Seattle,Credit Card,Completed
ORD3092,20-02-25,Smartphone,Electronics,508,2,1016,Daniel Martinez,Boston,Amazon Pay,Completed
ORD3093,09-02-25,Laptop,Electronics,810,1,810,Daniel Miller,Los Angeles,Credit Card,Completed
ORD3094,06-02-25,Jeans,Clothing,41,3,123,Daniel Martinez,Seattle,Credit Card,Completed
ORD3095,19-04-25,Smartphone,Electronics,523,1,523,Olivia White,Houston,Credit Card,Pending
ORD3096,28-04-25,Washing Machine,Home Appliances,594,1,594,Sophia Clark,Denver,Amazon Pay,Pending
ORD3097,01-04-25,Book,Books,15,1,15,Isabella Taylor,San Francisco,Amazon Pay,Completed
ORD3098,12-04-25,Running Shoes,Footwear,61,4,244,Mia Doe,Los Angeles,Credit Card,Completed
ORD3099,19-02-25,T-Shirt,Clothing,19,1,19,Liam Smith,Chicago,Gift Card,Completed
ORD3100,01-04-25,Jeans,Clothing,40,5,200,Daniel Martinez,Miami,Amazon Pay,Pending
ORD3101,04-02-25,Jeans,Clothing,39,3,117,Ethan Clark,Dallas,Debit Card,Completed
ORD3102,05-02-25,Smartphone,Electronics,496,5,2480,David Doe,New York,Credit Card,Pending
ORD3103,10-02-25,Laptop,Electronics,832,1,832,Ethan Brown,San Francisco,PayPal,Completed
ORD3104,19-04-25,Book,Books,15,2,30,Alex Brown,Houston,PayPal,Completed
ORD3105,25-02-25,Refrigerator,Home Appliances,1204,1,1204,Olivia Johnson,Seattle,PayPal,Completed
ORD3106,12-02-25,T-Shirt,Clothing,20,3,60,Noah Miller,Boston,PayPal,Completed
ORD3107,16-03-25,Laptop,Electronics,788,4,3152,Isabella Clark,Chicago,Gift Card,Completed
ORD3108,04-02-25,Smartwatch,Electronics,157,2,314,Ethan Wilson,San Francisco,PayPal,Completed
ORD3109,11-02-25,Book,Books,15,1,15,Liam Taylor,San Francisco,Credit Card,Completed
ORD3110,17-02-25,Washing Machine,Home Appliances,593,3,1779,Mia Harris,Miami,Debit Card,Completed
ORD3111,21-03-25,Washing Machine,Home Appliances,619,1,619,Emily Johnson,Seattle,Credit Card,Completed
ORD3112,26-02-25,Book,Books,14,5,70,Daniel Anderson,Boston,PayPal,Completed
ORD3113,11-04-25,Smartphone,Electronics,479,2,958,Ethan Miller,Boston,Amazon Pay,Pending
ORD3114,07-04-25,Headphones,Electronics,100,2,200,Isabella Martinez,Los Angeles,Credit Card,Pending
ORD3115,07-02-25,Refrigerator,Home Appliances,1201,1,1201,Daniel Johnson,Denver,Amazon Pay,Pending
ORD3116,27-03-25,T-Shirt,Clothing,20,2,40,Liam Lee,Chicago,Amazon Pay,Completed
ORD3117,09-04-25,Headphones,Electronics,105,5,525,Noah Anderson,New York,Amazon Pay,Completed
ORD3118,10-03-25,Smartwatch,Electronics,143,1,143,Chris Anderson,Denver,Debit Card,Completed
ORD3119,11-03-25,Book,Books,16,1,16,Liam Wilson,Seattle,Debit Card,Completed
ORD3120,27-03-25,Book,Books,15,2,30,Liam Lee,Denver,PayPal,Completed
ORD3121,02-03-25,T-Shirt,Clothing,21,5,105,David Johnson,Dallas,PayPal,Completed
ORD3122,23-04-25,Washing Machine,Home Appliances,574,1,574,Ethan Smith,Houston,PayPal,Pending
ORD3123,31-03-25,Book,Books,14,1,14,Alex Clark,Houston,Credit Card,Completed
ORD3124,07-02-25,Running Shoes,Footwear,58,2,116,Liam Martinez,Miami,PayPal,Completed
ORD3125,01-03-25,Washing Machine,Home Appliances,591,2,1182,Daniel Miller,New York,Credit Card,Pending
ORD3126,11-02-25,Headphones,Electronics,102,1,102,Noah White,Chicago,PayPal,Completed
ORD3127,01-04-25,Jeans,Clothing,40,2,80,Daniel Miller,Houston,PayPal,Completed
ORD3128,21-02-25,Jeans,Clothing,42,4,168,Noah Garcia,Los Angeles,Credit Card,Pending
ORD3129,05-03-25,Washing Machine,Home Appliances,581,2,1162,Chris Brown,Dallas,Debit Card,Completed
ORD3130,17-03-25,Smartwatch,Electronics,144,3,432,John Doe,Boston,Credit Card,Completed
ORD3131,09-03-25,Washing Machine,Home Appliances,594,1,594,Alex Brown,Boston,Amazon Pay,Completed
ORD3132,05-04-25,Smartphone,Electronics,502,1,502,Mia Harris,Seattle,Debit Card,Completed
ORD3133,02-02-25,Refrigerator,Home Appliances,1253,1,1253,Isabella Lee,San Francisco,Amazon Pay,Completed
ORD3134,13-03-25,Refrigerator,Home Appliances,1145,4,4580,Isabella Clark,Chicago,Amazon Pay,Completed
ORD3135,05-02-25,Laptop,Electronics,766,5,3830,Jane Anderson,Chicago,PayPal,Completed
ORD3136,01-03-25,Smartwatch,Electronics,144,2,288,Daniel Clark,Chicago,Debit Card,Cancelled
ORD3137,29-04-25,Smartphone,Electronics,491,5,2455,Liam Garcia,Chicago,Amazon Pay,Completed
ORD3138,21-04-25,Washing Machine,Home Appliances,623,1,623,Ava Smith,Chicago,Debit Card,Pending
ORD3139,13-03-25,Running Shoes,Footwear,57,5,285,Noah Anderson,Chicago,Gift Card,Completed
ORD3140,28-04-25,Running Shoes,Footwear,60,5,300,Lucas Doe,Boston,Debit Card,Pending
ORD3141,12-03-25,Refrigerator,Home Appliances,1140,1,1140,Jane Harris,Dallas,Gift Card,Completed
ORD3142,06-04-25,Running Shoes,Footwear,58,1,58,Emily Wilson,Denver,PayPal,Completed
ORD3143,23-03-25,Running Shoes,Footwear,60,4,240,Michael Anderson,Houston,PayPal,Cancelled
ORD3144,20-02-25,Washing Machine,Home Appliances,575,2,1150,Daniel Wilson,Dallas,Credit Card,Completed
ORD3145,02-03-25,Headphones,Electronics,97,1,97,Daniel Brown,Miami,Debit Card,Cancelled
ORD3146,17-03-25,Running Shoes,Footwear,62,4,248,Michael Anderson,Seattle,Debit Card,Pending
ORD3147,12-03-25,T-Shirt,Clothing,21,5,105,Ava Doe,New York,Amazon Pay,Completed
ORD3148,09-02-25,T-Shirt,Clothing,19,1,19,Chris Taylor,New York,Debit Card,Cancelled
ORD3149,26-04-25,Smartwatch,Electronics,153,1,153,Michael Taylor,Seattle,Amazon Pay,Cancelled
ORD3150,31-03-25,Refrigerator,Home Appliances,1259,2,2518,Daniel Garcia,Denver,PayPal,Completed
ORD3151,02-03-25,Book,Books,15,5,75,Mia Garcia,Denver,Amazon Pay,Pending
ORD3152,06-02-25,Washing Machine,Home Appliances,578,1,578,Lucas Martinez,Los Angeles,Credit Card,Completed
ORD3153,24-04-25,Laptop,Electronics,793,2,1586,Olivia Clark,Denver,Gift Card,Pending
ORD3154,16-02-25,Headphones,Electronics,100,2,200,Jane White,New York,Gift Card,Cancelled
ORD3155,12-03-25,Washing Machine,Home Appliances,614,3,1842,Alex Martinez,Miami,Gift Card,Pending
ORD3156,29-03-25,Running Shoes,Footwear,58,5,290,Mia Smith,Seattle,Amazon Pay,Completed
ORD3157,19-04-25,Smartphone,Electronics,514,1,514,Daniel Wilson,Houston,Amazon Pay,Completed
ORD3158,17-03-25,Smartphone,Electronics,488,1,488,Daniel Martinez,San Francisco,Gift Card,Completed
ORD3159,07-04-25,Jeans,Clothing,39,4,156,Jane Miller,New York,Gift Card,Completed
ORD3160,13-02-25,Headphones,Electronics,99,2,198,Noah Johnson,Los Angeles,Amazon Pay,Completed
ORD3161,17-02-25,Smartphone,Electronics,524,4,2096,Chris Miller,Seattle,PayPal,Pending
ORD3162,04-02-25,Laptop,Electronics,765,2,1530,Mia Taylor,Boston,Debit Card,Completed
ORD3163,19-04-25,T-Shirt,Clothing,19,4,76,Ava Taylor,Boston,Debit Card,Cancelled
ORD3164,09-03-25,Laptop,Electronics,789,1,789,Emma Garcia,Los Angeles,Gift Card,Completed
ORD3165,27-03-25,Smartwatch,Electronics,143,1,143,Isabella Clark,Dallas,Amazon Pay,Completed
ORD3166,14-02-25,Headphones,Electronics,103,4,412,Mia Taylor,Chicago,Debit Card,Cancelled
ORD3167,17-02-25,Laptop,Electronics,833,3,2499,Chris Smith,Seattle,Credit Card,Pending
ORD3168,30-03-25,T-Shirt,Clothing,20,2,40,Michael Miller,Miami,PayPal,Completed
ORD3169,17-03-25,Running Shoes,Footwear,63,5,315,Emma Miller,Miami,Amazon Pay,Completed
ORD3170,08-04-25,Laptop,Electronics,802,1,802,Liam Clark,Los Angeles,Amazon Pay,Completed
ORD3171,17-03-25,Smartwatch,Electronics,144,4,576,David Miller,Dallas,Gift Card,Pending
ORD3172,10-04-25,Smartwatch,Electronics,149,4,596,Ava White,Chicago,Debit Card,Pending
ORD3173,26-04-25,Refrigerator,Home Appliances,1161,3,3483,Mia Lee,New York,Amazon Pay,Cancelled
ORD3174,13-02-25,Jeans,Clothing,39,3,117,Ethan White,Chicago,Gift Card,Pending
ORD3175,13-04-25,Jeans,Clothing,41,1,41,Chris Martinez,Los Angeles,Gift Card,Pending
ORD3176,11-02-25,Washing Machine,Home Appliances,626,1,626,Olivia Clark,Seattle,Credit Card,Cancelled
ORD3177,12-02-25,T-Shirt,Clothing,20,2,40,Mia Harris,Dallas,Gift Card,Completed
ORD3178,11-02-25,Running Shoes,Footwear,61,3,183,Ava Clark,Houston,Credit Card,Completed
ORD3179,02-04-25,Book,Books,15,2,30,Jane Martinez,Miami,Debit Card,Completed
ORD3180,07-02-25,Refrigerator,Home Appliances,1208,1,1208,Daniel Miller,San Francisco,Gift Card,Cancelled
ORD3181,12-04-25,Smartwatch,Electronics,147,1,147,Mia Johnson,San Francisco,Amazon Pay,Completed
ORD3182,02-03-25,Smartwatch,Electronics,143,1,143,Emily Doe,Los Angeles,Amazon Pay,Cancelled
ORD3183,10-04-25,Smartwatch,Electronics,157,1,157,Daniel Johnson,Los Angeles,Gift Card,Cancelled
ORD3184,24-02-25,Washing Machine,Home Appliances,597,1,597,Emily Lee,San Francisco,Debit Card,Pending
ORD3185,22-02-25,Smartphone,Electronics,479,1,479,Ava Harris,New York,Credit Card,Completed
ORD3186,02-04-25,T-Shirt,Clothing,21,1,21,Daniel Anderson,Boston,PayPal,Completed
ORD3187,19-02-25,Jeans,Clothing,40,1,40,Olivia Smith,Boston,Gift Card,Completed
ORD3188,19-02-25,Smartwatch,Electronics,147,1,147,Ethan Doe,Miami,Credit Card,Completed
ORD3189,19-04-25,Washing Machine,Home Appliances,570,1,570,Emma Martinez,Boston,Debit Card,Completed
ORD3190,21-04-25,T-Shirt,Clothing,21,5,105,Ethan Lee,Denver,Debit Card,Cancelled
ORD3191,02-04-25,Headphones,Electronics,102,1,102,Lucas Wilson,Boston,Debit Card,Completed
ORD3192,16-03-25,T-Shirt,Clothing,21,4,84,Chris Garcia,San Francisco,Credit Card,Completed
ORD3193,23-04-25,Washing Machine,Home Appliances,583,1,583,Michael Brown,Denver,Amazon Pay,Pending
ORD3194,09-03-25,Washing Machine,Home Appliances,581,2,1162,Noah Garcia,Seattle,Gift Card,Completed
ORD3195,06-02-25,T-Shirt,Clothing,20,2,40,Michael Johnson,Denver,PayPal,Completed
ORD3196,04-02-25,Smartwatch,Electronics,149,1,149,Michael Brown,Miami,Gift Card,Pending
ORD3197,13-03-25,Running Shoes,Footwear,58,1,58,Mia Doe,Denver,Gift Card,Completed
ORD3198,02-02-25,Refrigerator,Home Appliances,1202,1,1202,Emily Lee,New York,Gift Card,Pending
ORD3199,20-04-25,Washing Machine,Home Appliances,620,1,620,Daniel Miller,Seattle,Gift Card,Completed
ORD3200,05-03-25,Smartwatch,Electronics,154,1,154,David Taylor,Boston,Amazon Pay,Pending
ORD3201,11-02-25,Smartwatch,Electronics,145,1,145,Daniel Garcia,New York,Gift Card,Completed
ORD3202,21-02-25,Washing Machine,Home Appliances,587,1,587,Michael Doe,Dallas,Credit Card,Completed
ORD3203,17-03-25,T-Shirt,Clothing,21,3,63,Ava Martinez,Denver,PayPal,Completed
ORD3204,10-02-25,Smartwatch,Electronics,147,4,588,Daniel Brown,Boston,Credit Card,Completed
ORD3205,10-04-25,Laptop,Electronics,809,1,809,Jane White,Dallas,PayPal,Completed
ORD3206,14-02-25,Headphones,Electronics,98,1,98,Liam White,Boston,Amazon Pay,Completed
ORD3207,25-04-25,Smartwatch,Electronics,147,2,294,Emma Clark,Boston,PayPal,Completed
ORD3208,10-03-25,Smartwatch,Electronics,148,4,592,Isabella Martinez,Denver,PayPal,Pending
ORD3209,19-03-25,Washing Machine,Home Appliances,628,1,628,Ava Wilson,Denver,Gift Card,Completed
ORD3210,27-02-25,Laptop,Electronics,777,1,777,Emma Clark,Dallas,Amazon Pay,Completed
ORD3211,26-03-25,Smartphone,Electronics,501,2,1002,Liam White,San Francisco,PayPal,Pending
ORD3212,12-04-25,Smartwatch,Electronics,144,3,432,Jane Brown,Houston,Gift Card,Completed
ORD3213,10-03-25,Refrigerator,Home Appliances,1227,2,2454,Daniel Wilson,Boston,Gift Card,Completed
ORD3214,20-04-25,T-Shirt,Clothing,20,2,40,Noah Martinez,San Francisco,Amazon Pay,Pending
ORD3215,11-04-25,Book,Books,16,5,80,Emma Doe,San Francisco,Credit Card,Completed
ORD3216,04-04-25,Headphones,Electronics,103,2,206,Alex Doe,Denver,Amazon Pay,Completed
ORD3217,24-02-25,Refrigerator,Home Appliances,1158,1,1158,Isabella Taylor,Houston,Debit Card,Pending
ORD3218,03-03-25,Jeans,Clothing,40,5,200,Olivia Garcia,Miami,Amazon Pay,Completed
ORD3219,01-02-25,Smartwatch,Electronics,157,5,785,Lucas Smith,Boston,Debit Card,Completed
ORD3220,01-04-25,Washing Machine,Home Appliances,622,5,3110,Emma Smith,Houston,PayPal,Completed
ORD3221,23-03-25,Running Shoes,Footwear,57,3,171,Chris Garcia,Dallas,Amazon Pay,Pending
ORD3222,01-03-25,Refrigerator,Home Appliances,1160,1,1160,Alex Smith,San Francisco,PayPal,Pending
ORD3223,05-02-25,Running Shoes,Footwear,62,2,124,Daniel Wilson,Denver,Debit Card,Completed
ORD3224,29-04-25,Refrigerator,Home Appliances,1196,1,1196,Jane Garcia,Dallas,Credit Card,Completed
ORD3225,28-02-25,Smartphone,Electronics,512,1,512,John Garcia,Miami,Amazon Pay,Completed
ORD3226,15-04-25,Smartphone,Electronics,508,1,508,Alex Brown,Los Angeles,Gift Card,Completed
ORD3227,20-03-25,Laptop,Electronics,775,1,775,Sophia Martinez,Denver,Gift Card,Completed
ORD3228,16-04-25,Book,Books,15,4,60,Daniel Anderson,Seattle,Credit Card,Pending
ORD3229,22-04-25,T-Shirt,Clothing,20,2,40,Olivia Smith,Houston,Amazon Pay,Completed
ORD3230,05-02-25,Jeans,Clothing,42,3,126,Lucas Martinez,Denver,Amazon Pay,Completed
ORD3231,16-02-25,T-Shirt,Clothing,21,5,105,Noah Anderson,Seattle,Credit Card,Cancelled
ORD3232,26-04-25,Smartphone,Electronics,503,2,1006,Daniel White,Chicago,Credit Card,Completed
ORD3233,15-02-25,T-Shirt,Clothing,21,5,105,Liam Harris,Miami,Gift Card,Completed
ORD3234,23-02-25,Book,Books,15,1,15,John Smith,Seattle,Credit Card,Pending
ORD3235,03-03-25,Washing Machine,Home Appliances,598,1,598,Noah Johnson,Houston,Credit Card,Pending
ORD3236,04-04-25,Book,Books,15,5,75,Alex Lee,San Francisco,Gift Card,Completed
ORD3237,28-04-25,Smartphone,Electronics,476,4,1904,Daniel Anderson,New York,Amazon Pay,Completed
ORD3238,23-02-25,Book,Books,16,4,64,Noah Martinez,Los Angeles,Gift Card,Completed
ORD3239,05-02-25,T-Shirt,Clothing,19,5,95,Mia Wilson,Dallas,Debit Card,Completed
ORD3240,01-04-25,Refrigerator,Home Appliances,1142,1,1142,Chris White,Denver,Amazon Pay,Completed
ORD3241,19-02-25,Running Shoes,Footwear,62,3,186,Emily Anderson,Houston,Gift Card,Completed
ORD3242,06-02-25,Washing Machine,Home Appliances,570,1,570,Daniel Brown,Boston,Gift Card,Completed
ORD3243,08-04-25,Laptop,Electronics,800,4,3200,Daniel Miller,Chicago,Debit Card,Completed
ORD3244,25-03-25,Running Shoes,Footwear,60,3,180,Daniel Harris,San Francisco,Credit Card,Completed
ORD3245,19-04-25,Jeans,Clothing,40,5,200,John Taylor,Seattle,Credit Card,Pending
ORD3246,02-04-25,Laptop,Electronics,795,4,3180,Mia Smith,San Francisco,Amazon Pay,Completed
ORD3247,06-02-25,Washing Machine,Home Appliances,620,1,620,Olivia Clark,Denver,PayPal,Completed
ORD3248,24-03-25,Jeans,Clothing,41,2,82,Daniel Miller,New York,PayPal,Cancelled
ORD3249,11-02-25,Smartwatch,Electronics,153,3,459,Mia Johnson,Denver,Amazon Pay,Pending
ORD3250,19-03-25,Smartwatch,Electronics,156,1,156,Alex Taylor,Los Angeles,Amazon Pay,Pending
ORD3251,15-04-25,T-Shirt,Clothing,19,4,76,Jane Wilson,New York,Amazon Pay,Completed
ORD3252,06-03-25,Smartphone,Electronics,486,3,1458,Daniel Miller,Boston,Debit Card,Pending
ORD3253,12-02-25,Washing Machine,Home Appliances,602,1,602,Daniel Johnson,Houston,Gift Card,Completed
ORD3254,20-02-25,Running Shoes,Footwear,59,2,118,Olivia Johnson,Denver,Debit Card,Completed
ORD3255,20-03-25,Refrigerator,Home Appliances,1188,2,2376,Olivia Smith,Houston,Gift Card,Cancelled
ORD3256,30-03-25,Smartwatch,Electronics,151,1,151,Chris Lee,Boston,Credit Card,Completed
ORD3257,12-03-25,Refrigerator,Home Appliances,1151,2,2302,Isabella Taylor,Los Angeles,Debit Card,Completed
ORD3258,02-04-25,Book,Books,15,1,15,John Brown,New York,PayPal,Completed
ORD3259,04-03-25,Laptop,Electronics,833,1,833,David Harris,Denver,Amazon Pay,Pending
ORD3260,25-02-25,Refrigerator,Home Appliances,1167,4,4668,Noah Harris,Houston,Credit Card,Pending
ORD3261,06-03-25,Washing Machine,Home Appliances,577,1,577,Ava Clark,Miami,Gift Card,Pending
ORD3262,20-03-25,Running Shoes,Footwear,63,1,63,Jane Johnson,Boston,Debit Card,Pending
ORD3263,09-03-25,Book,Books,15,2,30,Jane Lee,Dallas,Gift Card,Completed
ORD3264,28-04-25,Smartphone,Electronics,502,2,1004,Jane Taylor,Chicago,Amazon Pay,Completed
ORD3265,29-04-25,Smartwatch,Electronics,151,2,302,Alex Clark,Los Angeles,Gift Card,Completed
ORD3266,22-02-25,Running Shoes,Footwear,61,3,183,Isabella Miller,Chicago,Amazon Pay,Completed
ORD3267,19-03-25,Smartphone,Electronics,499,2,998,Emma Brown,San Francisco,Gift Card,Completed
ORD3268,02-04-25,Headphones,Electronics,97,1,97,Ethan Wilson,Chicago,Debit Card,Completed
ORD3269,08-03-25,Refrigerator,Home Appliances,1160,4,4640,Alex Martinez,Chicago,Gift Card,Completed
ORD3270,12-04-25,Laptop,Electronics,774,4,3096,Ava Taylor,Seattle,Debit Card,Completed
ORD3271,16-02-25,Book,Books,16,4,64,Sophia Harris,Chicago,Debit Card,Pending
ORD3272,15-02-25,Book,Books,15,2,30,Noah Clark,New York,Credit Card,Completed
ORD3273,23-03-25,Washing Machine,Home Appliances,615,5,3075,David Harris,Boston,Debit Card,Pending
ORD3274,23-04-25,Laptop,Electronics,808,5,4040,Liam Smith,Seattle,Amazon Pay,Completed
ORD3275,07-04-25,Headphones,Electronics,104,4,416,Jane Johnson,Dallas,Credit Card,Pending
ORD3276,26-04-25,Smartphone,Electronics,513,3,1539,Lucas Smith,Los Angeles,Credit Card,Cancelled
ORD3277,10-03-25,Headphones,Electronics,103,2,206,Daniel White,Denver,Gift Card,Cancelled
ORD3278,12-02-25,Smartwatch,Electronics,155,3,465,Alex Miller,Denver,Gift Card,Cancelled
ORD3279,17-04-25,Smartwatch,Electronics,154,1,154,Daniel Lee,Houston,Credit Card,Completed
ORD3280,04-04-25,Smartwatch,Electronics,144,2,288,Daniel White,New York,PayPal,Pending
ORD3281,21-04-25,Jeans,Clothing,41,5,205,Jane Smith,New York,Amazon Pay,Completed
ORD3282,20-03-25,T-Shirt,Clothing,21,4,84,Emma Miller,New York,Credit Card,Completed
ORD3283,02-04-25,Jeans,Clothing,39,5,195,Ethan Lee,Denver,Amazon Pay,Completed
ORD3284,30-03-25,T-Shirt,Clothing,20,2,40,Sophia Lee,Los Angeles,PayPal,Completed
ORD3285,25-04-25,Headphones,Electronics,102,2,204,Ethan Miller,San Francisco,Debit Card,Pending
ORD3286,20-02-25,Smartwatch,Electronics,152,1,152,Chris Wilson,Seattle,PayPal,Completed
ORD3287,14-04-25,Smartwatch,Electronics,157,1,157,Lucas Smith,Los Angeles,Credit Card,Cancelled
ORD3288,01-02-25,Running Shoes,Footwear,61,2,122,Ava Johnson,Boston,PayPal,Cancelled
ORD3289,11-02-25,Refrigerator,Home Appliances,1250,2,2500,Emily Lee,Miami,Gift Card,Completed
ORD3290,14-02-25,Refrigerator,Home Appliances,1232,1,1232,Daniel Martinez,Denver,Credit Card,Completed
ORD3291,07-04-25,Smartwatch,Electronics,157,1,157,Michael Smith,New York,Gift Card,Pending
ORD3292,15-03-25,Book,Books,16,1,16,Ethan White,Dallas,Debit Card,Pending
ORD3293,26-04-25,Book,Books,15,3,45,Ava Doe,Chicago,Credit Card,Completed
ORD3294,05-02-25,Headphones,Electronics,99,1,99,Alex Harris,Seattle,Credit Card,Pending
ORD3295,28-04-25,Washing Machine,Home Appliances,620,1,620,Alex Garcia,Houston,Credit Card,Completed
ORD3296,26-03-25,Laptop,Electronics,784,3,2352,David Johnson,Dallas,Gift Card,Completed
ORD3297,25-02-25,Washing Machine,Home Appliances,611,1,611,Ethan Martinez,Miami,Gift Card,Completed
ORD3298,14-04-25,Running Shoes,Footwear,61,4,244,Chris Brown,Seattle,Credit Card,Cancelled
ORD3299,13-02-25,Jeans,Clothing,40,5,200,Lucas White,San Francisco,Credit Card,Pending
ORD3300,14-03-25,Running Shoes,Footwear,58,5,290,Isabella Brown,San Francisco,Credit Card,Completed
ORD3301,15-04-25,Book,Books,14,4,56,Chris Martinez,Boston,Debit Card,Completed
ORD3302,15-04-25,T-Shirt,Clothing,21,5,105,Lucas Miller,Boston,Amazon Pay,Completed
ORD3303,04-02-25,Headphones,Electronics,99,1,99,Sophia Anderson,Los Angeles,PayPal,Completed
ORD3304,18-03-25,Smartphone,Electronics,498,3,1494,Emily Wilson,Boston,PayPal,Completed
ORD3305,09-04-25,Washing Machine,Home Appliances,571,2,1142,Mia Taylor,Denver,Gift Card,Pending
ORD3306,09-02-25,Jeans,Clothing,39,5,195,John Brown,Chicago,PayPal,Completed
ORD3307,28-02-25,T-Shirt,Clothing,20,5,100,Ava Anderson,New York,PayPal,Pending
ORD3308,19-02-25,Headphones,Electronics,101,1,101,Emily Anderson,San Francisco,Amazon Pay,Completed
ORD3309,14-02-25,Jeans,Clothing,39,3,117,Sophia Miller,Dallas,Credit Card,Cancelled
ORD3310,08-04-25,Book,Books,14,2,28,Alex Miller,Chicago,Gift Card,Completed
ORD3311,29-04-25,Laptop,Electronics,829,4,3316,John Taylor,Houston,Gift Card,Cancelled
ORD3312,21-02-25,T-Shirt,Clothing,20,1,20,Lucas Taylor,San Francisco,Debit Card,Completed
ORD3313,19-03-25,Book,Books,16,2,32,Liam Clark,Dallas,Debit Card,Cancelled
ORD3314,14-03-25,Headphones,Electronics,95,1,95,Sophia Harris,Los Angeles,Debit Card,Completed
ORD3315,30-03-25,T-Shirt,Clothing,19,4,76,John Harris,Chicago,Gift Card,Cancelled
ORD3316,29-04-25,T-Shirt,Clothing,21,5,105,Chris Miller,Miami,Credit Card,Pending
ORD3317,19-02-25,Book,Books,16,4,64,Emily Anderson,Los Angeles,Gift Card,Completed
ORD3318,21-02-25,Smartwatch,Electronics,156,1,156,Jane Anderson,Boston,Debit Card,Cancelled
ORD3319,08-04-25,Refrigerator,Home Appliances,1195,4,4780,Isabella Lee,Seattle,Amazon Pay,Pending
ORD3320,01-02-25,Laptop,Electronics,794,2,1588,Daniel Brown,Dallas,Debit Card,Completed
ORD3321,15-03-25,Running Shoes,Footwear,59,5,295,Emily White,Miami,Debit Card,Completed
ORD3322,17-02-25,Headphones,Electronics,99,4,396,Noah Smith,Houston,Amazon Pay,Completed
ORD3323,07-04-25,Headphones,Electronics,97,2,194,Ava Doe,Chicago,Debit Card,Completed
ORD3324,26-02-25,Smartwatch,Electronics,156,2,312,David Taylor,Los Angeles,PayPal,Completed
ORD3325,04-03-25,Laptop,Electronics,805,1,805,Noah Harris,Denver,Debit Card,Cancelled
ORD3326,23-03-25,Jeans,Clothing,42,1,42,Mia White,Miami,Credit Card,Completed
ORD3327,14-03-25,Book,Books,15,4,60,Emma Smith,San Francisco,Credit Card,Completed
ORD3328,07-03-25,Smartphone,Electronics,492,2,984,Ethan Lee,San Francisco,Credit Card,Completed
ORD3329,26-02-25,T-Shirt,Clothing,20,4,80,Emma Lee,Los Angeles,Debit Card,Completed
ORD3330,30-03-25,Refrigerator,Home Appliances,1181,1,1181,Emily Anderson,Chicago,Debit Card,Completed
ORD3331,12-03-25,Laptop,Electronics,827,1,827,Michael Brown,Dallas,Amazon Pay,Completed
ORD3332,24-04-25,Book,Books,15,4,60,Liam Lee,Denver,Credit Card,Completed
ORD3333,29-04-25,Headphones,Electronics,97,1,97,John Miller,Seattle,Debit Card,Pending
ORD3334,25-02-25,Refrigerator,Home Appliances,1173,1,1173,Olivia Johnson,Seattle,Gift Card,Pending
ORD3335,07-04-25,Washing Machine,Home Appliances,614,1,614,Ethan Miller,Boston,Gift Card,Pending
ORD3336,22-02-25,Jeans,Clothing,40,3,120,Daniel Martinez,San Francisco,Amazon Pay,Cancelled
ORD3337,23-04-25,Smartphone,Electronics,480,1,480,Daniel Smith,Miami,Gift Card,Cancelled
ORD3338,24-03-25,Headphones,Electronics,104,3,312,Daniel Martinez,Miami,Gift Card,Completed
ORD3339,26-03-25,Laptop,Electronics,775,1,775,Olivia Harris,Miami,Gift Card,Completed
ORD3340,08-03-25,T-Shirt,Clothing,20,4,80,Chris Garcia,Denver,Debit Card,Cancelled
ORD3341,03-03-25,Laptop,Electronics,765,1,765,Isabella Johnson,Chicago,Credit Card,Completed
ORD3342,23-04-25,Headphones,Electronics,99,1,99,Alex Garcia,Denver,Amazon Pay,Completed
ORD3343,31-03-25,Refrigerator,Home Appliances,1194,4,4776,Daniel Martinez,Dallas,PayPal,Completed
ORD3344,31-03-25,Refrigerator,Home Appliances,1230,5,6150,Emma Doe,Miami,PayPal,Pending
ORD3345,24-03-25,Laptop,Electronics,816,5,4080,Daniel Doe,New York,PayPal,Completed
ORD3346,26-03-25,Smartphone,Electronics,521,2,1042,Jane Martinez,Seattle,Gift Card,Completed
ORD3347,06-03-25,Washing Machine,Home Appliances,601,1,601,Olivia Smith,Dallas,PayPal,Pending
ORD3348,14-04-25,T-Shirt,Clothing,21,3,63,Mia Wilson,San Francisco,Amazon Pay,Pending
ORD3349,29-03-25,T-Shirt,Clothing,19,4,76,Olivia Martinez,Los Angeles,PayPal,Completed
ORD3350,09-04-25,Headphones,Electronics,97,5,485,Michael Taylor,Chicago,PayPal,Completed
ORD3351,22-04-25,T-Shirt,Clothing,20,3,60,Ethan Lee,San Francisco,Credit Card,Cancelled
ORD3352,26-04-25,Smartphone,Electronics,475,1,475,Isabella Garcia,Chicago,Gift Card,Pending
ORD3353,04-03-25,Headphones,Electronics,101,1,101,Daniel Garcia,San Francisco,Credit Card,Pending
ORD3354,14-04-25,Jeans,Clothing,40,4,160,Michael Wilson,Boston,PayPal,Pending
ORD3355,14-04-25,Headphones,Electronics,101,2,202,Emma Harris,Dallas,PayPal,Completed
ORD3356,22-04-25,Smartwatch,Electronics,148,2,296,Lucas Martinez,Seattle,Gift Card,Completed
ORD3357,19-04-25,Washing Machine,Home Appliances,591,2,1182,Daniel Wilson,Chicago,Debit Card,Completed
ORD3358,19-02-25,Smartphone,Electronics,480,1,480,David Taylor,Denver,Gift Card,Pending
ORD3359,18-02-25,T-Shirt,Clothing,20,2,40,Chris Johnson,Miami,Credit Card,Completed
ORD3360,29-03-25,Book,Books,15,1,15,Emma Doe,Denver,Credit Card,Pending
ORD3361,31-03-25,Running Shoes,Footwear,57,4,228,Chris Clark,New York,Debit Card,Cancelled
ORD3362,09-04-25,Smartwatch,Electronics,152,1,152,John Taylor,Seattle,Credit Card,Pending
ORD3363,24-02-25,Running Shoes,Footwear,60,5,300,Ava Doe,Seattle,Debit Card,Completed
ORD3364,05-04-25,Washing Machine,Home Appliances,620,4,2480,Jane Doe,Boston,Debit Card,Completed
ORD3365,07-03-25,Running Shoes,Footwear,59,5,295,Daniel Johnson,Los Angeles,Amazon Pay,Completed
ORD3366,23-03-25,Book,Books,15,2,30,Daniel Lee,Houston,Amazon Pay,Pending
ORD3367,20-02-25,Running Shoes,Footwear,59,1,59,Alex Taylor,Houston,PayPal,Completed
ORD3368,26-02-25,Book,Books,15,3,45,Ava Harris,Seattle,Amazon Pay,Completed
ORD3369,01-03-25,Headphones,Electronics,101,1,101,Sophia Smith,Miami,Gift Card,Completed
ORD3370,05-03-25,Smartwatch,Electronics,153,1,153,Daniel Wilson,Houston,Amazon Pay,Pending
ORD3371,09-02-25,Refrigerator,Home Appliances,1239,2,2478,Noah Brown,Chicago,Gift Card,Cancelled
ORD3372,01-03-25,Running Shoes,Footwear,62,3,186,Alex Lee,Boston,Debit Card,Completed
ORD3373,11-03-25,Smartphone,Electronics,515,1,515,Lucas Taylor,Houston,Amazon Pay,Completed
ORD3374,31-03-25,Washing Machine,Home Appliances,602,3,1806,Isabella White,Seattle,Debit Card,Completed
ORD3375,11-04-25,Smartphone,Electronics,512,1,512,Ethan Clark,Denver,Credit Card,Completed
ORD3376,13-03-25,Washing Machine,Home Appliances,592,1,592,Lucas Miller,Chicago,PayPal,Pending
ORD3377,28-02-25,Running Shoes,Footwear,60,2,120,Jane Lee,Houston,Debit Card,Cancelled
ORD3378,18-02-25,Refrigerator,Home Appliances,1200,1,1200,Ava White,New York,Gift Card,Pending
ORD3379,23-04-25,T-Shirt,Clothing,19,5,95,Ethan Harris,Houston,Credit Card,Completed
ORD3380,22-03-25,T-Shirt,Clothing,20,5,100,Lucas White,Miami,Amazon Pay,Completed
ORD3381,02-03-25,Refrigerator,Home Appliances,1205,1,1205,Noah Martinez,New York,Credit Card,Completed
ORD3382,15-04-25,Jeans,Clothing,39,2,78,Ethan Anderson,Dallas,Debit Card,Cancelled
ORD3383,27-02-25,T-Shirt,Clothing,19,3,57,Ethan Martinez,Houston,Gift Card,Completed
ORD3384,30-04-25,Refrigerator,Home Appliances,1186,1,1186,Mia Lee,New York,PayPal,Completed
ORD3385,31-03-25,Running Shoes,Footwear,58,5,290,Lucas Clark,Chicago,Credit Card,Completed
ORD3386,30-03-25,Smartwatch,Electronics,145,1,145,Isabella Smith,San Francisco,Credit Card,Cancelled
ORD3387,27-02-25,Washing Machine,Home Appliances,611,1,611,Lucas Taylor,Miami,Amazon Pay,Cancelled
ORD3388,24-02-25,Book,Books,16,2,32,Ethan Martinez,Denver,Credit Card,Cancelled
ORD3389,02-04-25,Smartwatch,Electronics,155,2,310,Lucas Wilson,Seattle,Gift Card,Completed
ORD3390,13-03-25,Running Shoes,Footwear,61,1,61,John Johnson,Los Angeles,Debit Card,Completed
ORD3391,03-02-25,Washing Machine,Home Appliances,623,1,623,Daniel Brown,Denver,Credit Card,Cancelled
ORD3392,28-03-25,Running Shoes,Footwear,60,2,120,Liam Garcia,Boston,Credit Card,Completed
ORD3393,26-04-25,Running Shoes,Footwear,61,5,305,Ava Brown,Los Angeles,Credit Card,Cancelled
ORD3394,17-02-25,Washing Machine,Home Appliances,591,3,1773,Alex Wilson,Houston,Debit Card,Pending
ORD3395,03-03-25,Smartwatch,Electronics,147,1,147,Mia White,Los Angeles,Debit Card,Completed
ORD3396,10-03-25,Running Shoes,Footwear,59,1,59,Ava Martinez,San Francisco,Amazon Pay,Completed
ORD3397,22-03-25,Laptop,Electronics,782,4,3128,Michael Clark,Chicago,Debit Card,Completed
ORD3398,24-04-25,Book,Books,15,3,45,Daniel Lee,Chicago,PayPal,Completed
ORD3399,10-02-25,Smartphone,Electronics,490,3,1470,Sophia Martinez,Boston,Amazon Pay,Completed
ORD3400,06-04-25,Headphones,Electronics,99,1,99,Daniel Martinez,Miami,Gift Card,Pending
ORD3401,21-04-25,Headphones,Electronics,97,5,485,Michael Anderson,Seattle,Amazon Pay,Completed
ORD3402,18-03-25,Refrigerator,Home Appliances,1149,1,1149,Jane Johnson,Dallas,Debit Card,Completed
ORD3403,14-03-25,Running Shoes,Footwear,62,2,124,Emma Taylor,Seattle,Amazon Pay,Pending
ORD3404,30-03-25,Headphones,Electronics,96,1,96,Isabella White,Denver,Gift Card,Pending
ORD3405,24-02-25,Running Shoes,Footwear,60,1,60,Isabella Taylor,Dallas,Amazon Pay,Completed
ORD3406,13-03-25,Washing Machine,Home Appliances,578,1,578,Alex Smith,Denver,Debit Card,Completed
ORD3407,15-02-25,Book,Books,14,5,70,Daniel Harris,Houston,Amazon Pay,Completed
ORD3408,28-02-25,Smartwatch,Electronics,153,2,306,Olivia Anderson,New York,PayPal,Completed
ORD3409,12-04-25,Smartwatch,Electronics,146,4,584,Chris Anderson,Houston,Debit Card,Completed
ORD3410,03-02-25,Washing Machine,Home Appliances,608,1,608,Daniel Brown,Denver,PayPal,Completed
ORD3411,23-02-25,Book,Books,14,3,42,Ethan Harris,Denver,PayPal,Pending
ORD3412,05-04-25,Smartphone,Electronics,493,3,1479,Daniel Lee,Dallas,Gift Card,Completed
ORD3413,18-03-25,Running Shoes,Footwear,61,4,244,Noah Clark,Miami,Gift Card,Pending
ORD3414,23-04-25,Refrigerator,Home Appliances,1211,2,2422,Daniel Johnson,Seattle,PayPal,Pending
ORD3415,19-04-25,Refrigerator,Home Appliances,1165,1,1165,Chris Doe,New York,PayPal,Cancelled
ORD3416,09-04-25,Smartwatch,Electronics,145,2,290,Michael Anderson,Seattle,Amazon Pay,Completed
ORD3417,25-04-25,Running Shoes,Footwear,60,1,60,Daniel Lee,San Francisco,Amazon Pay,Pending
ORD3418,11-04-25,Refrigerator,Home Appliances,1183,2,2366,Chris Garcia,Boston,Debit Card,Completed
ORD3419,21-04-25,Washing Machine,Home Appliances,622,1,622,Noah Harris,Boston,Amazon Pay,Completed
ORD3420,26-04-25,Refrigerator,Home Appliances,1232,1,1232,Emily Brown,Los Angeles,Credit Card,Completed
ORD3421,19-03-25,Laptop,Electronics,764,4,3056,Olivia Garcia,Miami,Gift Card,Cancelled
ORD3422,17-04-25,Refrigerator,Home Appliances,1172,4,4688,Daniel Lee,Denver,Amazon Pay,Completed
ORD3423,06-02-25,Headphones,Electronics,98,4,392,John Lee,Dallas,Amazon Pay,Cancelled
ORD3424,12-02-25,Smartwatch,Electronics,148,2,296,Sophia Taylor,Chicago,Amazon Pay,Pending
ORD3425,13-04-25,Laptop,Electronics,791,2,1582,Emma Miller,New York,Amazon Pay,Pending
ORD3426,17-03-25,Running Shoes,Footwear,61,2,122,Daniel Harris,San Francisco,Amazon Pay,Pending
ORD3427,02-04-25,Book,Books,14,3,42,David Anderson,Denver,Gift Card,Cancelled
ORD3428,23-04-25,Book,Books,15,1,15,Noah Taylor,Denver,PayPal,Completed
ORD3429,11-02-25,Headphones,Electronics,97,2,194,Isabella Smith,Seattle,Amazon Pay,Completed
ORD3430,12-03-25,Book,Books,15,5,75,Daniel Anderson,Dallas,Debit Card,Completed
ORD3431,28-04-25,Jeans,Clothing,39,3,117,Jane Wilson,Houston,PayPal,Completed
ORD3432,02-04-25,Book,Books,16,1,16,David Garcia,Seattle,Amazon Pay,Completed
ORD3433,24-03-25,Washing Machine,Home Appliances,578,1,578,Jane Martinez,Miami,PayPal,Completed
ORD3434,25-03-25,Washing Machine,Home Appliances,627,1,627,Noah Martinez,Los Angeles,Credit Card,Cancelled
ORD3435,15-04-25,Jeans,Clothing,40,5,200,Liam Wilson,Houston,Credit Card,Cancelled
ORD3436,21-04-25,Book,Books,15,3,45,David Johnson,Dallas,Debit Card,Completed
ORD3437,04-03-25,Book,Books,16,3,48,Emily Harris,Miami,Amazon Pay,Pending
ORD3438,23-02-25,T-Shirt,Clothing,21,3,63,Mia Garcia,Seattle,Credit Card,Completed
ORD3439,20-02-25,Refrigerator,Home Appliances,1222,1,1222,Daniel Johnson,Miami,PayPal,Completed
ORD3440,20-02-25,Washing Machine,Home Appliances,599,1,599,Mia White,New York,PayPal,Completed
ORD3441,23-02-25,Headphones,Electronics,100,3,300,John Garcia,Boston,Gift Card,Cancelled
ORD3442,10-03-25,Smartphone,Electronics,494,5,2470,Daniel Lee,Chicago,Debit Card,Completed
ORD3443,27-04-25,Running Shoes,Footwear,62,4,248,Ethan Doe,Chicago,Debit Card,Pending
ORD3444,21-02-25,Book,Books,15,4,60,Ethan Anderson,Miami,Amazon Pay,Cancelled
ORD3445,25-03-25,Running Shoes,Footwear,61,1,61,Daniel White,New York,Gift Card,Completed
ORD3446,20-04-25,Running Shoes,Footwear,58,2,116,Emma Lee,Los Angeles,Gift Card,Cancelled
ORD3447,11-03-25,Headphones,Electronics,102,2,204,Chris White,Miami,Debit Card,Pending
ORD3448,23-04-25,Smartphone,Electronics,489,2,978,Daniel Garcia,Denver,Gift Card,Completed
ORD3449,06-03-25,T-Shirt,Clothing,20,2,40,Chris Brown,San Francisco,Amazon Pay,Pending
ORD3450,03-04-25,Smartphone,Electronics,498,5,2490,Lucas Taylor,Houston,Gift Card,Completed
ORD3451,25-04-25,Laptop,Electronics,769,3,2307,Emma Brown,Denver,Debit Card,Cancelled
ORD3452,02-04-25,T-Shirt,Clothing,21,5,105,Chris Doe,San Francisco,Debit Card,Cancelled
ORD3453,23-03-25,Washing Machine,Home Appliances,583,2,1166,Daniel Smith,Boston,PayPal,Pending
ORD3454,18-02-25,Smartwatch,Electronics,143,1,143,Jane White,San Francisco,Debit Card,Pending
ORD3455,14-03-25,T-Shirt,Clothing,21,1,21,Ava Martinez,Seattle,Amazon Pay,Completed
ORD3456,26-03-25,T-Shirt,Clothing,20,5,100,Olivia Lee,Los Angeles,PayPal,Cancelled
ORD3457,04-03-25,Smartwatch,Electronics,157,5,785,Liam Martinez,Los Angeles,Debit Card,Cancelled
ORD3458,03-04-25,Laptop,Electronics,815,4,3260,Alex Johnson,Houston,Gift Card,Pending
ORD3459,02-02-25,Jeans,Clothing,41,3,123,Sophia Doe,Dallas,Debit Card,Pending
ORD3460,01-03-25,Smartphone,Electronics,498,1,498,Chris Doe,Denver,PayPal,Completed
ORD3461,24-04-25,Washing Machine,Home Appliances,571,1,571,John White,Seattle,Amazon Pay,Completed
ORD3462,15-04-25,Refrigerator,Home Appliances,1255,1,1255,Daniel Harris,Chicago,PayPal,Pending
ORD3463,07-04-25,Smartwatch,Electronics,143,1,143,Ethan Garcia,Houston,Credit Card,Completed
ORD3464,27-02-25,Smartphone,Electronics,496,1,496,Michael Garcia,Boston,Debit Card,Completed
ORD3465,31-03-25,Book,Books,16,4,64,Alex Wilson,Denver,Debit Card,Completed
ORD3466,25-03-25,Running Shoes,Footwear,62,3,186,John Wilson,Seattle,PayPal,Pending
ORD3467,22-03-25,Washing Machine,Home Appliances,595,1,595,Daniel Anderson,Los Angeles,Gift Card,Completed
ORD3468,28-04-25,Book,Books,15,3,45,Ava Lee,Chicago,Debit Card,Pending
ORD3469,14-03-25,Running Shoes,Footwear,62,4,248,Olivia Smith,San Francisco,Credit Card,Cancelled
ORD3470,05-03-25,Running Shoes,Footwear,58,1,58,Emma White,Denver,Debit Card,Completed
ORD3471,05-02-25,Running Shoes,Footwear,59,2,118,Ava Martinez,Dallas,Credit Card,Completed
ORD3472,11-04-25,Book,Books,15,1,15,Lucas Johnson,New York,Credit Card,Completed
ORD3473,30-04-25,Washing Machine,Home Appliances,578,1,578,Lucas Harris,Boston,PayPal,Completed
ORD3474,05-02-25,Washing Machine,Home Appliances,576,5,2880,Emma Clark,Boston,Gift Card,Completed
ORD3475,19-03-25,Washing Machine,Home Appliances,584,1,584,Liam Garcia,Miami,Debit Card,Completed
ORD3476,17-04-25,Smartwatch,Electronics,155,5,775,John Anderson,Chicago,PayPal,Completed
ORD3477,10-03-25,Book,Books,15,1,15,Noah Wilson,Dallas,Credit Card,Completed
ORD3478,02-03-25,Laptop,Electronics,816,4,3264,Ethan Smith,San Francisco,Debit Card,Cancelled
ORD3479,03-02-25,Refrigerator,Home Appliances,1178,1,1178,David Garcia,New York,Amazon Pay,Completed
ORD3480,10-03-25,Refrigerator,Home Appliances,1229,1,1229,Ava Wilson,Chicago,PayPal,Completed
ORD3481,07-04-25,Smartwatch,Electronics,145,1,145,Emily Clark,Boston,Debit Card,Completed
ORD3482,24-04-25,Smartwatch,Electronics,148,4,592,Mia Harris,Chicago,Credit Card,Completed
ORD3483,12-04-25,Washing Machine,Home Appliances,605,2,1210,Ethan Taylor,Chicago,PayPal,Completed
ORD3484,24-02-25,Refrigerator,Home Appliances,1146,1,1146,Alex Harris,Houston,Amazon Pay,Completed
ORD3485,03-02-25,Jeans,Clothing,39,4,156,Daniel Garcia,Los Angeles,PayPal,Completed
ORD3486,02-02-25,Running Shoes,Footwear,58,4,232,Isabella Miller,Miami,Gift Card,Pending
ORD3487,02-03-25,Smartphone,Electronics,499,3,1497,Ethan Martinez,New York,Gift Card,Completed
ORD3488,22-03-25,Refrigerator,Home Appliances,1149,1,1149,Daniel Wilson,Chicago,Amazon Pay,Completed
ORD3489,25-02-25,Book,Books,15,4,60,Lucas Clark,Boston,Amazon Pay,Cancelled
ORD3490,04-02-25,Jeans,Clothing,41,3,123,David Harris,Boston,Amazon Pay,Completed
ORD3491,29-04-25,Running Shoes,Footwear,61,4,244,Sophia Harris,Boston,PayPal,Completed
ORD3492,14-04-25,Jeans,Clothing,38,3,114,Ava Harris,San Francisco,Debit Card,Completed
ORD3493,28-04-25,Book,Books,15,4,60,Liam Harris,Houston,Amazon Pay,Completed
ORD3494,28-02-25,Smartwatch,Electronics,148,1,148,Emma Johnson,Denver,Amazon Pay,Completed
ORD3495,10-02-25,Book,Books,15,2,30,Michael Wilson,Los Angeles,Amazon Pay,Completed
ORD3496,05-04-25,Laptop,Electronics,827,2,1654,Olivia Wilson,Miami,Amazon Pay,Completed
ORD3497,17-02-25,T-Shirt,Clothing,20,5,100,Daniel Brown,Denver,PayPal,Completed
ORD3498,08-02-25,Smartphone,Electronics,501,2,1002,Emma Clark,New York,PayPal,Cancelled
ORD3499,19-04-25,Smartwatch,Electronics,148,1,148,Liam Clark,San Francisco,Gift Card,Completed
ORD3500,13-04-25,Jeans,Clothing,38,5,190,Chris Garcia,Dallas,Gift Card,Pending
ORD3501,13-03-25,Refrigerator,Home Appliances,1164,1,1164,Noah Johnson,Miami,Credit Card,Pending
ORD3502,14-02-25,Smartwatch,Electronics,145,2,290,John Smith,San Francisco,Gift Card,Pending
ORD3503,01-02-25,Laptop,Electronics,782,1,782,Michael Doe,New York,Amazon Pay,Completed
ORD3504,14-02-25,Book,Books,16,5,80,Emma Johnson,Dallas,Gift Card,Completed
ORD3505,03-04-25,Smartwatch,Electronics,147,1,147,Ava Lee,San Francisco,Amazon Pay,Completed
ORD3506,01-02-25,Laptop,Electronics,777,1,777,David Clark,Miami,Credit Card,Completed
ORD3507,28-04-25,Running Shoes,Footwear,58,3,174,Mia Wilson,Chicago,Gift Card,Completed
ORD3508,20-02-25,Running Shoes,Footwear,63,4,252,Ethan White,Boston,Gift Card,Completed
ORD3509,05-04-25,Jeans,Clothing,40,1,40,Daniel Anderson,New York,PayPal,Completed
ORD3510,06-04-25,Smartwatch,Electronics,156,1,156,Mia Johnson,Seattle,PayPal,Completed
ORD3511,25-02-25,Smartwatch,Electronics,156,4,624,John Wilson,Los Angeles,Amazon Pay,Pending
ORD3512,18-04-25,Headphones,Electronics,99,1,99,Michael Doe,Houston,Amazon Pay,Cancelled
ORD3513,07-03-25,Refrigerator,Home Appliances,1177,1,1177,Emily Wilson,Dallas,PayPal,Completed
ORD3514,22-04-25,Jeans,Clothing,41,3,123,Lucas Wilson,New York,Debit Card,Pending
ORD3515,22-02-25,Smartwatch,Electronics,152,1,152,Michael Miller,Seattle,Amazon Pay,Cancelled
ORD3516,17-03-25,Refrigerator,Home Appliances,1194,3,3582,Olivia Taylor,Los Angeles,Credit Card,Completed
ORD3517,03-02-25,Running Shoes,Footwear,63,5,315,Emily Taylor,Los Angeles,PayPal,Cancelled
ORD3518,19-04-25,Jeans,Clothing,40,5,200,Sophia Johnson,Boston,Debit Card,Completed
ORD3519,08-04-25,T-Shirt,Clothing,20,5,100,Noah Smith,Denver,Amazon Pay,Cancelled
ORD3520,03-04-25,Running Shoes,Footwear,62,5,310,Alex Smith,Houston,Credit Card,Completed
ORD3521,26-02-25,Headphones,Electronics,95,1,95,Ethan Harris,Dallas,Gift Card,Completed
ORD3522,11-03-25,Jeans,Clothing,39,1,39,Ethan Wilson,Chicago,Gift Card,Completed
ORD3523,07-02-25,Headphones,Electronics,102,3,306,Daniel Taylor,Chicago,Debit Card,Completed
ORD3524,07-02-25,Refrigerator,Home Appliances,1233,1,1233,Alex Miller,Houston,PayPal,Completed
ORD3525,15-03-25,Book,Books,15,4,60,Ava White,Boston,PayPal,Cancelled
ORD3526,15-03-25,Smartphone,Electronics,484,2,968,Isabella Martinez,New York,Debit Card,Completed
ORD3527,28-03-25,Headphones,Electronics,97,2,194,Noah Lee,Miami,Debit Card,Cancelled
ORD3528,26-02-25,Laptop,Electronics,778,1,778,David Harris,Houston,PayPal,Completed
ORD3529,21-02-25,Laptop,Electronics,810,2,1620,Mia Smith,Boston,PayPal,Completed
ORD3530,27-04-25,Smartphone,Electronics,515,3,1545,Noah Wilson,Dallas,Amazon Pay,Completed
ORD3531,13-02-25,Washing Machine,Home Appliances,590,4,2360,Daniel Anderson,New York,PayPal,Completed
ORD3532,11-04-25,Headphones,Electronics,103,3,309,Michael Martinez,Denver,Debit Card,Completed
ORD3533,11-03-25,Laptop,Electronics,811,2,1622,David Clark,Boston,Gift Card,Completed
ORD3534,16-03-25,Smartphone,Electronics,522,3,1566,Chris Anderson,Chicago,Credit Card,Pending
ORD3535,31-03-25,Running Shoes,Footwear,62,2,124,John Lee,Chicago,Debit Card,Completed
ORD3536,26-02-25,Book,Books,14,3,42,Ava Johnson,Denver,Debit Card,Cancelled
ORD3537,22-03-25,Smartphone,Electronics,506,1,506,Michael Taylor,Denver,Debit Card,Completed
ORD3538,16-02-25,Jeans,Clothing,38,1,38,Alex Brown,San Francisco,Gift Card,Pending
ORD3539,24-02-25,Book,Books,14,1,14,David Martinez,Houston,Credit Card,Completed
ORD3540,01-02-25,Book,Books,15,1,15,Ethan Smith,Seattle,PayPal,Pending
ORD3541,15-04-25,Washing Machine,Home Appliances,606,4,2424,Isabella Garcia,Miami,PayPal,Completed
ORD3542,14-04-25,Running Shoes,Footwear,60,5,300,Lucas Clark,Miami,Gift Card,Completed
ORD3543,02-02-25,Headphones,Electronics,104,1,104,Daniel Doe,Houston,Credit Card,Completed
ORD3544,16-02-25,Headphones,Electronics,97,1,97,Emily Brown,Los Angeles,Debit Card,Completed
ORD3545,24-04-25,Washing Machine,Home Appliances,626,1,626,Emily Doe,Boston,Debit Card,Completed
ORD3546,28-02-25,Book,Books,15,4,60,Liam Anderson,New York,Debit Card,Completed
ORD3547,11-04-25,Smartwatch,Electronics,145,1,145,David Brown,Dallas,PayPal,Completed
ORD3548,11-04-25,Refrigerator,Home Appliances,1178,2,2356,Alex White,Los Angeles,Gift Card,Completed
ORD3549,04-02-25,Running Shoes,Footwear,61,3,183,Chris Lee,Miami,PayPal,Pending
ORD3550,28-02-25,Laptop,Electronics,790,2,1580,John Garcia,Miami,Credit Card,Completed
ORD3551,10-03-25,Smartphone,Electronics,518,2,1036,Emily Harris,San Francisco,PayPal,Completed
ORD3552,28-04-25,Smartwatch,Electronics,154,1,154,Michael Johnson,Seattle,PayPal,Pending
ORD3553,12-03-25,Washing Machine,Home Appliances,575,1,575,Emily Harris,San Francisco,Gift Card,Completed
ORD3554,16-04-25,Book,Books,14,3,42,Daniel Clark,Seattle,Gift Card,Pending
ORD3555,13-04-25,Headphones,Electronics,100,2,200,David Martinez,San Francisco,Debit Card,Completed
ORD3556,16-03-25,Jeans,Clothing,41,1,41,Lucas Miller,Los Angeles,Credit Card,Pending
ORD3557,01-02-25,Running Shoes,Footwear,61,5,305,Lucas Clark,Los Angeles,Amazon Pay,Cancelled
ORD3558,09-04-25,Book,Books,15,1,15,Sophia Doe,New York,Credit Card,Completed
ORD3559,26-02-25,Smartwatch,Electronics,156,1,156,Olivia Harris,New York,Gift Card,Cancelled
ORD3560,04-02-25,Smartwatch,Electronics,150,2,300,Isabella White,San Francisco,PayPal,Completed
ORD3561,17-03-25,Washing Machine,Home Appliances,583,1,583,Daniel Doe,New York,Gift Card,Pending
ORD3562,17-04-25,Running Shoes,Footwear,57,2,114,Emily Lee,Dallas,PayPal,Pending
ORD3563,11-02-25,Smartwatch,Electronics,148,5,740,Mia Clark,New York,Credit Card,Cancelled
ORD3564,03-03-25,Running Shoes,Footwear,58,3,174,Olivia Wilson,Chicago,Credit Card,Completed
ORD3565,04-04-25,Smartwatch,Electronics,146,2,292,Olivia Brown,Houston,Amazon Pay,Pending
ORD3566,29-04-25,Headphones,Electronics,98,3,294,Jane Taylor,Houston,Credit Card,Completed
ORD3567,31-03-25,Washing Machine,Home Appliances,595,1,595,David Anderson,New York,Debit Card,Cancelled
ORD3568,23-03-25,Washing Machine,Home Appliances,582,1,582,Noah Johnson,Miami,Credit Card,Completed
ORD3569,19-02-25,Book,Books,14,3,42,Emily Lee,Boston,Debit Card,Pending
ORD3570,18-03-25,Headphones,Electronics,100,1,100,David Anderson,Denver,Amazon Pay,Pending
ORD3571,25-02-25,Jeans,Clothing,39,4,156,Lucas Miller,Los Angeles,PayPal,Pending
ORD3572,23-04-25,Headphones,Electronics,99,4,396,Chris Miller,Chicago,Credit Card,Completed
ORD3573,08-02-25,Book,Books,15,1,15,Ava Taylor,Los Angeles,Amazon Pay,Cancelled
ORD3574,11-04-25,Smartwatch,Electronics,156,2,312,John Harris,Chicago,PayPal,Completed
ORD3575,20-04-25,Smartwatch,Electronics,144,2,288,David Garcia,Chicago,Credit Card,Pending
ORD3576,05-04-25,Refrigerator,Home Appliances,1201,1,1201,David Anderson,Dallas,PayPal,Completed
ORD3577,24-02-25,Smartwatch,Electronics,144,1,144,Emma Taylor,Los Angeles,Debit Card,Completed
ORD3578,10-04-25,Smartphone,Electronics,522,1,522,Liam Anderson,Houston,Gift Card,Pending
ORD3579,19-04-25,Washing Machine,Home Appliances,618,1,618,Daniel Martinez,Miami,Gift Card,Cancelled
ORD3580,07-02-25,Smartwatch,Electronics,154,5,770,Daniel Taylor,Boston,Credit Card,Completed
ORD3581,16-03-25,Smartphone,Electronics,478,3,1434,Mia Wilson,Boston,Credit Card,Completed
ORD3582,09-02-25,Book,Books,15,1,15,Chris Wilson,Denver,Amazon Pay,Pending
ORD3583,04-03-25,Washing Machine,Home Appliances,610,1,610,Daniel Garcia,Dallas,Gift Card,Completed
ORD3584,21-02-25,Refrigerator,Home Appliances,1232,1,1232,Daniel Anderson,Denver,PayPal,Completed
ORD3585,02-02-25,Laptop,Electronics,793,1,793,Isabella Harris,New York,Debit Card,Completed
ORD3586,13-04-25,Smartwatch,Electronics,144,2,288,Daniel Martinez,Seattle,PayPal,Completed
ORD3587,07-04-25,T-Shirt,Clothing,20,4,80,Emily White,New York,Debit Card,Completed
ORD3588,02-04-25,Refrigerator,Home Appliances,1250,1,1250,David Smith,Miami,Gift Card,Completed
ORD3589,20-04-25,Jeans,Clothing,40,1,40,Jane Harris,Miami,Debit Card,Cancelled
ORD3590,29-04-25,Book,Books,15,4,60,Ethan Brown,Los Angeles,PayPal,Completed
ORD3591,09-04-25,Refrigerator,Home Appliances,1251,2,2502,Daniel Wilson,Miami,Debit Card,Completed
ORD3592,22-04-25,Jeans,Clothing,40,4,160,Ethan Martinez,Dallas,Amazon Pay,Completed
ORD3593,25-03-25,Jeans,Clothing,42,2,84,Daniel Smith,Seattle,Credit Card,Completed
ORD3594,15-04-25,Washing Machine,Home Appliances,614,3,1842,Emma Clark,Chicago,Amazon Pay,Completed
ORD3595,29-03-25,Smartphone,Electronics,506,4,2024,Michael Johnson,Houston,Gift Card,Completed
ORD3596,16-03-25,Washing Machine,Home Appliances,623,4,2492,Lucas Taylor,Houston,Gift Card,Completed
ORD3597,03-02-25,Smartwatch,Electronics,157,4,628,Ethan Clark,Dallas,Amazon Pay,Completed
ORD3598,22-02-25,Book,Books,16,4,64,John Lee,Boston,Credit Card,Cancelled
ORD3599,28-04-25,Refrigerator,Home Appliances,1240,1,1240,Alex Taylor,Los Angeles,PayPal,Completed
ORD3600,19-02-25,Washing Machine,Home Appliances,616,1,616,Jane Garcia,Dallas,Credit Card,Pending
ORD3601,19-04-25,Headphones,Electronics,100,5,500,Lucas Smith,Denver,Amazon Pay,Completed
ORD3602,22-02-25,Smartwatch,Electronics,156,1,156,Ava Harris,Miami,Gift Card,Pending
ORD3603,08-02-25,Smartphone,Electronics,523,3,1569,Ethan Wilson,Dallas,PayPal,Completed
ORD3604,21-03-25,T-Shirt,Clothing,20,4,80,John Lee,Houston,Credit Card,Pending
ORD3605,24-04-25,Jeans,Clothing,38,4,152,David Taylor,Seattle,Debit Card,Completed
ORD3606,20-03-25,Washing Machine,Home Appliances,629,1,629,Emma Taylor,Dallas,Gift Card,Completed
ORD3607,04-04-25,Washing Machine,Home Appliances,610,1,610,Alex Lee,New York,Debit Card,Cancelled
ORD3608,18-03-25,T-Shirt,Clothing,21,4,84,Alex Johnson,Miami,Credit Card,Completed
ORD3609,23-02-25,Book,Books,15,3,45,Alex Miller,Chicago,Debit Card,Pending
ORD3610,23-04-25,T-Shirt,Clothing,19,5,95,Michael Garcia,Seattle,Debit Card,Pending
ORD3611,16-04-25,Laptop,Electronics,772,2,1544,Daniel Lee,Boston,PayPal,Completed
ORD3612,21-02-25,Washing Machine,Home Appliances,611,3,1833,Lucas Smith,Miami,Amazon Pay,Pending
ORD3613,09-04-25,Washing Machine,Home Appliances,602,1,602,Isabella Doe,New York,Gift Card,Completed
ORD3614,28-02-25,Headphones,Electronics,101,1,101,Daniel Brown,San Francisco,Debit Card,Completed
ORD3615,17-04-25,Jeans,Clothing,40,5,200,Ethan Lee,Miami,Debit Card,Completed
ORD3616,20-03-25,Smartwatch,Electronics,144,2,288,Lucas Miller,Houston,Debit Card,Cancelled
ORD3617,26-02-25,Smartwatch,Electronics,157,5,785,Noah White,Los Angeles,PayPal,Completed
ORD3618,24-03-25,Laptop,Electronics,802,1,802,Daniel Anderson,Chicago,Amazon Pay,Completed
ORD3619,05-04-25,Jeans,Clothing,38,2,76,Jane Anderson,Seattle,PayPal,Pending
ORD3620,12-04-25,Headphones,Electronics,102,4,408,John Garcia,Boston,Credit Card,Completed
ORD3621,16-02-25,Laptop,Electronics,807,1,807,Chris Lee,Boston,PayPal,Completed
ORD3622,13-03-25,Headphones,Electronics,97,3,291,John Doe,Seattle,PayPal,Completed
ORD3623,02-04-25,Jeans,Clothing,40,1,40,Daniel Lee,New York,Credit Card,Cancelled
ORD3624,05-04-25,Jeans,Clothing,39,3,117,Liam Smith,Los Angeles,Credit Card,Completed
ORD3625,21-02-25,Book,Books,15,3,45,Daniel Miller,San Francisco,Gift Card,Completed
ORD3626,21-04-25,Smartphone,Electronics,508,1,508,Daniel Taylor,Seattle,Debit Card,Completed
ORD3627,11-02-25,Refrigerator,Home Appliances,1178,3,3534,Michael Miller,Dallas,Amazon Pay,Completed
ORD3628,06-02-25,Smartwatch,Electronics,153,3,459,Sophia Anderson,Boston,PayPal,Completed
ORD3629,19-03-25,Jeans,Clothing,39,2,78,Sophia Miller,Dallas,Debit Card,Completed
ORD3630,10-02-25,Smartwatch,Electronics,157,2,314,Liam Harris,New York,Debit Card,Completed
ORD3631,11-02-25,Jeans,Clothing,39,2,78,John Wilson,Dallas,Gift Card,Completed
ORD3632,18-04-25,Book,Books,15,4,60,Alex Garcia,San Francisco,PayPal,Pending
ORD3633,12-03-25,Headphones,Electronics,103,4,412,Mia Miller,Denver,Gift Card,Pending
ORD3634,13-02-25,Jeans,Clothing,41,2,82,Ethan Doe,Dallas,PayPal,Completed
ORD3635,14-04-25,Jeans,Clothing,41,4,164,Michael Smith,Denver,Gift Card,Completed
ORD3636,16-02-25,T-Shirt,Clothing,20,3,60,Mia Doe,Los Angeles,Gift Card,Completed
ORD3637,25-02-25,Headphones,Electronics,98,3,294,Emily Harris,Chicago,Credit Card,Pending
ORD3638,03-02-25,Washing Machine,Home Appliances,578,1,578,Emma Doe,Dallas,Credit Card,Completed
ORD3639,15-03-25,T-Shirt,Clothing,20,1,20,Daniel Johnson,Dallas,Gift Card,Cancelled
ORD3640,25-04-25,Jeans,Clothing,41,3,123,John Johnson,Seattle,PayPal,Cancelled
ORD3641,20-03-25,T-Shirt,Clothing,20,5,100,Olivia Anderson,Chicago,Amazon Pay,Cancelled
ORD3642,20-03-25,Laptop,Electronics,798,1,798,David Doe,Miami,Gift Card,Pending
ORD3643,19-02-25,Book,Books,14,4,56,Daniel Smith,New York,Debit Card,Completed
ORD3644,10-02-25,Smartwatch,Electronics,157,2,314,Ava Wilson,New York,PayPal,Cancelled
ORD3645,25-02-25,Smartphone,Electronics,520,1,520,Chris Johnson,Denver,Amazon Pay,Cancelled
ORD3646,16-04-25,Refrigerator,Home Appliances,1244,1,1244,Daniel Johnson,Seattle,PayPal,Pending
ORD3647,20-03-25,Refrigerator,Home Appliances,1230,2,2460,Emily Lee,Los Angeles,PayPal,Completed
ORD3648,08-03-25,Book,Books,15,3,45,Ethan Brown,Seattle,PayPal,Completed
ORD3649,05-03-25,Smartphone,Electronics,491,1,491,Liam Brown,Dallas,Credit Card,Completed
ORD3650,14-03-25,Book,Books,16,4,64,David Taylor,Dallas,Amazon Pay,Pending
ORD3651,01-02-25,Jeans,Clothing,39,1,39,Mia Taylor,Los Angeles,Credit Card,Completed
ORD3652,01-02-25,Refrigerator,Home Appliances,1196,1,1196,Ava Clark,San Francisco,Debit Card,Pending
ORD3653,30-03-25,Jeans,Clothing,39,1,39,Alex Martinez,Denver,Gift Card,Pending
ORD3654,08-02-25,Book,Books,15,3,45,Michael Doe,San Francisco,Debit Card,Pending
ORD3655,02-03-25,Book,Books,14,1,14,Jane Miller,New York,Amazon Pay,Pending
ORD3656,12-02-25,Headphones,Electronics,98,3,294,Mia Miller,Denver,PayPal,Completed
ORD3657,20-03-25,Smartphone,Electronics,482,4,1928,Liam Wilson,New York,Credit Card,Completed
ORD3658,23-03-25,Smartphone,Electronics,488,3,1464,John Anderson,Los Angeles,Amazon Pay,Pending
ORD3659,20-04-25,Washing Machine,Home Appliances,624,1,624,Mia Johnson,Chicago,PayPal,Completed
ORD3660,10-04-25,Laptop,Electronics,772,1,772,Daniel Brown,Miami,Credit Card,Completed
ORD3661,25-04-25,Refrigerator,Home Appliances,1146,2,2292,Chris Miller,Seattle,PayPal,Completed
ORD3662,09-03-25,Book,Books,15,4,60,Ethan White,Los Angeles,PayPal,Completed
ORD3663,08-04-25,Smartphone,Electronics,495,1,495,Olivia Martinez,Dallas,Amazon Pay,Completed
ORD3664,29-04-25,Jeans,Clothing,38,3,114,Ethan Lee,Boston,PayPal,Pending
ORD3665,14-04-25,Smartphone,Electronics,488,1,488,Alex Johnson,Seattle,Amazon Pay,Completed
ORD3666,17-03-25,Laptop,Electronics,791,1,791,Michael Brown,San Francisco,Gift Card,Completed
ORD3667,22-02-25,T-Shirt,Clothing,19,4,76,Jane Clark,Dallas,Credit Card,Cancelled
ORD3668,10-04-25,Refrigerator,Home Appliances,1217,2,2434,David Garcia,Denver,Amazon Pay,Completed
ORD3669,11-02-25,Jeans,Clothing,41,3,123,Emma Miller,Boston,Credit Card,Completed
ORD3670,25-02-25,Smartwatch,Electronics,145,1,145,Isabella Wilson,San Francisco,Debit Card,Pending
ORD3671,06-02-25,Refrigerator,Home Appliances,1163,5,5815,Emily Clark,Los Angeles,Gift Card,Completed
ORD3672,18-03-25,Laptop,Electronics,762,4,3048,Michael Miller,Seattle,Gift Card,Pending
ORD3673,30-04-25,Smartphone,Electronics,479,1,479,Ava Anderson,Chicago,Debit Card,Pending
ORD3674,13-03-25,Refrigerator,Home Appliances,1155,1,1155,Emma Wilson,Denver,Debit Card,Completed
ORD3675,31-03-25,Headphones,Electronics,97,1,97,Lucas Doe,Boston,Credit Card,Completed
ORD3676,25-03-25,Headphones,Electronics,100,1,100,Ethan Harris,Dallas,Gift Card,Pending
ORD3677,20-02-25,Smartphone,Electronics,489,2,978,Emma Garcia,Boston,PayPal,Pending
ORD3678,20-03-25,Washing Machine,Home Appliances,616,1,616,Mia Garcia,Seattle,Debit Card,Completed
ORD3679,26-03-25,Headphones,Electronics,100,2,200,Emily Brown,Dallas,PayPal,Pending
ORD3680,30-04-25,Running Shoes,Footwear,62,5,310,Emily Brown,Seattle,Gift Card,Pending
ORD3681,14-04-25,Smartwatch,Electronics,147,1,147,David Garcia,Houston,Amazon Pay,Completed
ORD3682,04-03-25,Washing Machine,Home Appliances,592,1,592,Mia Smith,San Francisco,Amazon Pay,Completed
ORD3683,05-04-25,Smartphone,Electronics,512,1,512,Ethan Doe,Dallas,PayPal,Pending
ORD3684,11-04-25,Smartwatch,Electronics,146,5,730,Daniel Johnson,San Francisco,Credit Card,Completed
ORD3685,26-04-25,Washing Machine,Home Appliances,585,1,585,Daniel Harris,Seattle,Credit Card,Cancelled
ORD3686,10-02-25,Book,Books,15,4,60,David White,New York,Amazon Pay,Completed
ORD3687,21-04-25,Refrigerator,Home Appliances,1146,1,1146,Olivia Harris,San Francisco,Debit Card,Completed
ORD3688,28-03-25,Refrigerator,Home Appliances,1253,1,1253,David Brown,New York,Amazon Pay,Completed
ORD3689,15-03-25,Running Shoes,Footwear,60,4,240,David Smith,Boston,Credit Card,Completed
ORD3690,16-04-25,Laptop,Electronics,786,3,2358,Lucas Taylor,Los Angeles,Credit Card,Completed
ORD3691,22-03-25,Running Shoes,Footwear,60,4,240,Liam Anderson,Denver,Amazon Pay,Pending
ORD3692,16-04-25,Running Shoes,Footwear,61,1,61,Chris Anderson,Boston,PayPal,Completed
ORD3693,16-03-25,Running Shoes,Footwear,60,2,120,Daniel Doe,Miami,PayPal,Cancelled
ORD3694,11-02-25,Refrigerator,Home Appliances,1208,1,1208,Isabella Miller,Dallas,PayPal,Cancelled
ORD3695,23-03-25,Refrigerator,Home Appliances,1191,2,2382,David Taylor,Denver,PayPal,Cancelled
ORD3696,04-02-25,Refrigerator,Home Appliances,1236,1,1236,Daniel Taylor,Seattle,Debit Card,Completed
ORD3697,19-02-25,Washing Machine,Home Appliances,576,1,576,Olivia Garcia,Miami,Gift Card,Completed
ORD3698,17-04-25,T-Shirt,Clothing,20,5,100,David Taylor,Seattle,Credit Card,Completed
ORD3699,31-03-25,Jeans,Clothing,40,2,80,Mia Garcia,San Francisco,Amazon Pay,Completed
ORD3700,26-02-25,Running Shoes,Footwear,62,1,62,Isabella Wilson,Los Angeles,Credit Card,Pending
ORD3701,26-03-25,Running Shoes,Footwear,58,4,232,John Brown,San Francisco,PayPal,Completed
ORD3702,02-03-25,Laptop,Electronics,792,2,1584,Emily Garcia,Miami,Credit Card,Completed
ORD3703,17-03-25,T-Shirt,Clothing,21,1,21,Olivia Smith,Miami,Debit Card,Cancelled
ORD3704,17-04-25,Smartphone,Electronics,485,3,1455,Ava Johnson,Denver,Gift Card,Completed
ORD3705,01-04-25,Headphones,Electronics,102,2,204,Ethan White,Miami,Debit Card,Completed
ORD3706,03-03-25,Refrigerator,Home Appliances,1192,1,1192,Isabella Clark,Chicago,PayPal,Cancelled
ORD3707,12-03-25,Running Shoes,Footwear,62,5,310,Noah Johnson,Boston,Amazon Pay,Completed
ORD3708,25-04-25,Book,Books,16,1,16,Ethan Smith,San Francisco,Gift Card,Completed
ORD3709,06-02-25,Headphones,Electronics,97,3,291,Mia Martinez,Denver,Amazon Pay,Completed
ORD3710,07-02-25,Refrigerator,Home Appliances,1215,1,1215,Daniel Taylor,Houston,Amazon Pay,Completed
ORD3711,07-04-25,Laptop,Electronics,827,3,2481,Noah Miller,Seattle,Credit Card,Completed
ORD3712,02-03-25,Book,Books,16,5,80,Jane Miller,Seattle,PayPal,Cancelled
ORD3713,15-03-25,Laptop,Electronics,778,1,778,David Anderson,Seattle,Credit Card,Completed
ORD3714,12-02-25,Smartwatch,Electronics,152,1,152,John Wilson,Dallas,Debit Card,Completed
ORD3715,28-02-25,Smartphone,Electronics,507,3,1521,Emma Doe,San Francisco,Gift Card,Pending
ORD3716,07-04-25,Laptop,Electronics,802,2,1604,Mia White,Los Angeles,Amazon Pay,Completed
ORD3717,22-04-25,Laptop,Electronics,839,1,839,Daniel Martinez,Dallas,Debit Card,Completed
ORD3718,02-04-25,Smartwatch,Electronics,145,2,290,Isabella Garcia,New York,PayPal,Completed
ORD3719,13-04-25,Book,Books,15,5,75,Daniel Taylor,Chicago,Debit Card,Cancelled
ORD3720,16-02-25,Refrigerator,Home Appliances,1245,1,1245,David Harris,Miami,Gift Card,Completed
ORD3721,15-03-25,Washing Machine,Home Appliances,608,1,608,Lucas Smith,San Francisco,Amazon Pay,Pending
ORD3722,09-04-25,Refrigerator,Home Appliances,1221,1,1221,Daniel Wilson,New York,Credit Card,Completed
ORD3723,13-03-25,T-Shirt,Clothing,20,3,60,Isabella Smith,Dallas,Amazon Pay,Pending
ORD3724,13-03-25,T-Shirt,Clothing,20,5,100,John Miller,Denver,PayPal,Completed
ORD3725,28-03-25,Jeans,Clothing,40,3,120,Emily Harris,Boston,Credit Card,Cancelled
ORD3726,12-02-25,Headphones,Electronics,103,5,515,Sophia Garcia,New York,Gift Card,Pending
ORD3727,31-03-25,Book,Books,15,5,75,Isabella Clark,Seattle,Gift Card,Completed
ORD3728,19-02-25,Book,Books,15,2,30,Chris Lee,Dallas,Debit Card,Completed
ORD3729,24-02-25,Book,Books,15,3,45,Olivia Martinez,Denver,Gift Card,Completed
ORD3730,25-03-25,T-Shirt,Clothing,20,1,20,Jane Doe,San Francisco,Debit Card,Cancelled
ORD3731,19-03-25,Book,Books,15,5,75,John Harris,Denver,PayPal,Completed
ORD3732,18-04-25,Washing Machine,Home Appliances,617,1,617,David Garcia,San Francisco,Amazon Pay,Pending
ORD3733,02-03-25,Smartphone,Electronics,516,1,516,Emily Smith,Boston,PayPal,Completed
ORD3734,05-04-25,Refrigerator,Home Appliances,1245,4,4980,Mia Martinez,Seattle,Credit Card,Completed
ORD3735,15-03-25,Smartwatch,Electronics,149,1,149,Alex Smith,San Francisco,PayPal,Completed
ORD3736,29-04-25,Refrigerator,Home Appliances,1233,1,1233,Alex Smith,San Francisco,Gift Card,Completed
ORD3737,11-04-25,Headphones,Electronics,101,1,101,Noah Brown,New York,Credit Card,Cancelled
ORD3738,09-02-25,Smartphone,Electronics,482,1,482,Lucas Anderson,New York,PayPal,Pending
ORD3739,08-04-25,Laptop,Electronics,811,5,4055,Michael Anderson,New York,Gift Card,Completed
ORD3740,24-04-25,Smartwatch,Electronics,148,4,592,Sophia Lee,San Francisco,Amazon Pay,Pending
ORD3741,27-04-25,Refrigerator,Home Appliances,1185,1,1185,Olivia Lee,Denver,Amazon Pay,Pending
ORD3742,22-04-25,Refrigerator,Home Appliances,1216,1,1216,David Garcia,Boston,PayPal,Completed
ORD3743,15-02-25,Smartphone,Electronics,498,1,498,John Anderson,Los Angeles,Credit Card,Completed
ORD3744,19-04-25,Washing Machine,Home Appliances,588,1,588,Isabella Wilson,San Francisco,Amazon Pay,Completed
ORD3745,23-02-25,T-Shirt,Clothing,21,1,21,Isabella Harris,Boston,Amazon Pay,Pending
ORD3746,16-04-25,Smartphone,Electronics,494,1,494,Mia Smith,Dallas,Amazon Pay,Completed
ORD3747,16-02-25,Headphones,Electronics,98,1,98,Emma Martinez,Boston,Gift Card,Completed
ORD3748,29-03-25,Washing Machine,Home Appliances,610,1,610,Olivia Martinez,San Francisco,PayPal,Completed
ORD3749,11-03-25,Jeans,Clothing,40,2,80,Daniel Garcia,San Francisco,Credit Card,Pending
ORD3750,10-02-25,T-Shirt,Clothing,21,3,63,Chris Taylor,Miami,Gift Card,Pending
ORD3751,30-03-25,Laptop,Electronics,836,1,836,Daniel Doe,Los Angeles,Debit Card,Completed
ORD3752,04-03-25,Laptop,Electronics,828,5,4140,Mia Garcia,Houston,Debit Card,Pending
ORD3753,06-02-25,Book,Books,15,5,75,John Brown,Denver,Gift Card,Cancelled
ORD3754,06-02-25,T-Shirt,Clothing,20,2,40,Isabella Doe,Chicago,Debit Card,Pending
ORD3755,18-02-25,Refrigerator,Home Appliances,1193,2,2386,Chris Smith,Miami,Amazon Pay,Completed
ORD3756,12-03-25,Washing Machine,Home Appliances,625,4,2500,Emily Garcia,San Francisco,Debit Card,Cancelled
ORD3757,22-02-25,Running Shoes,Footwear,57,2,114,Olivia Johnson,Chicago,Debit Card,Completed
ORD3758,18-03-25,Smartwatch,Electronics,146,3,438,Alex Martinez,Chicago,Amazon Pay,Cancelled
ORD3759,11-02-25,Washing Machine,Home Appliances,618,1,618,Olivia Taylor,Boston,Gift Card,Pending
ORD3760,02-04-25,Washing Machine,Home Appliances,622,1,622,Michael Harris,Dallas,Debit Card,Cancelled
ORD3761,07-04-25,Running Shoes,Footwear,62,2,124,Michael Wilson,Houston,Amazon Pay,Completed
ORD3762,03-03-25,Headphones,Electronics,105,1,105,John Wilson,Chicago,Credit Card,Completed
ORD3763,29-03-25,Laptop,Electronics,826,4,3304,Sophia White,San Francisco,Credit Card,Completed
ORD3764,11-02-25,Headphones,Electronics,97,2,194,John Clark,Denver,PayPal,Pending
ORD3765,30-03-25,Running Shoes,Footwear,62,1,62,Daniel Johnson,New York,PayPal,Completed
ORD3766,27-03-25,Jeans,Clothing,40,4,160,Emily Smith,Miami,Gift Card,Pending
ORD3767,19-04-25,Smartwatch,Electronics,147,2,294,Liam Clark,Seattle,Gift Card,Pending
ORD3768,06-04-25,Washing Machine,Home Appliances,570,1,570,Daniel Anderson,Houston,PayPal,Completed
ORD3769,02-03-25,Washing Machine,Home Appliances,598,1,598,Noah Taylor,Seattle,Credit Card,Completed
ORD3770,05-03-25,Book,Books,15,3,45,Lucas Taylor,Seattle,Debit Card,Completed
ORD3771,19-03-25,Smartwatch,Electronics,150,4,600,Ava Harris,Dallas,PayPal,Completed
ORD3772,11-04-25,T-Shirt,Clothing,20,2,40,Liam White,Dallas,Debit Card,Completed
ORD3773,24-04-25,Refrigerator,Home Appliances,1195,3,3585,Jane Smith,Dallas,Gift Card,Cancelled
ORD3774,15-03-25,Book,Books,14,3,42,Emma Johnson,Boston,Credit Card,Completed
ORD3775,18-03-25,Smartwatch,Electronics,143,1,143,Ethan White,Los Angeles,Amazon Pay,Pending
ORD3776,24-04-25,Smartphone,Electronics,494,2,988,Ava Smith,Seattle,Gift Card,Completed
ORD3777,04-02-25,Headphones,Electronics,103,4,412,Lucas Brown,Chicago,Gift Card,Completed
ORD3778,29-04-25,Smartwatch,Electronics,153,3,459,Daniel Harris,Chicago,PayPal,Pending
ORD3779,10-02-25,Laptop,Electronics,796,1,796,Sophia Harris,Chicago,Gift Card,Cancelled
ORD3780,09-03-25,Smartwatch,Electronics,150,2,300,Sophia Johnson,Houston,Credit Card,Cancelled
ORD3781,25-04-25,Running Shoes,Footwear,63,3,189,Noah Brown,Seattle,Debit Card,Completed
ORD3782,20-02-25,T-Shirt,Clothing,20,4,80,Emma Doe,Houston,Credit Card,Pending
ORD3783,04-03-25,Running Shoes,Footwear,57,1,57,Jane Harris,New York,Gift Card,Completed
ORD3784,05-03-25,Running Shoes,Footwear,63,4,252,Emma Clark,Dallas,Credit Card,Completed
ORD3785,21-02-25,Refrigerator,Home Appliances,1209,1,1209,Lucas Anderson,Houston,Credit Card,Cancelled
ORD3786,17-04-25,Headphones,Electronics,104,1,104,John Lee,New York,PayPal,Pending
ORD3787,17-04-25,Headphones,Electronics,103,2,206,Chris Doe,San Francisco,Debit Card,Completed
ORD3788,22-03-25,Headphones,Electronics,105,2,210,Olivia Martinez,Dallas,Credit Card,Completed
ORD3789,12-02-25,Jeans,Clothing,41,2,82,Jane Clark,Boston,PayPal,Completed
ORD3790,27-03-25,Laptop,Electronics,788,2,1576,Olivia Garcia,Dallas,Debit Card,Pending
ORD3791,14-03-25,Washing Machine,Home Appliances,572,2,1144,Daniel Doe,Dallas,PayPal,Completed
ORD3792,23-04-25,Headphones,Electronics,100,3,300,Lucas Taylor,Los Angeles,Gift Card,Cancelled
ORD3793,05-02-25,Headphones,Electronics,96,1,96,Emily Smith,Seattle,Amazon Pay,Completed
ORD3794,14-04-25,Refrigerator,Home Appliances,1236,1,1236,Daniel Lee,Seattle,PayPal,Pending
ORD3795,09-02-25,Washing Machine,Home Appliances,622,1,622,Noah White,Denver,Amazon Pay,Completed
ORD3796,31-03-25,Headphones,Electronics,101,1,101,Olivia Smith,Boston,Gift Card,Pending
ORD3797,19-03-25,T-Shirt,Clothing,19,3,57,Daniel White,Seattle,Amazon Pay,Completed
ORD3798,22-03-25,Smartwatch,Electronics,148,5,740,Emily Clark,Los Angeles,Credit Card,Completed
ORD3799,17-03-25,Laptop,Electronics,765,2,1530,Daniel Doe,Chicago,Credit Card,Pending
ORD3800,26-04-25,Book,Books,16,1,16,Olivia Harris,Denver,Amazon Pay,Completed
ORD3801,10-04-25,Headphones,Electronics,103,2,206,Sophia Lee,New York,Amazon Pay,Completed
ORD3802,09-02-25,Smartphone,Electronics,489,1,489,Ethan Wilson,Dallas,Amazon Pay,Pending
ORD3803,21-03-25,Laptop,Electronics,773,3,2319,Ava Martinez,Los Angeles,Gift Card,Completed
ORD3804,06-04-25,Washing Machine,Home Appliances,624,1,624,Olivia Brown,Dallas,PayPal,Completed
ORD3805,23-04-25,Smartwatch,Electronics,156,1,156,John Taylor,Houston,Debit Card,Completed
ORD3806,11-02-25,T-Shirt,Clothing,20,3,60,Jane Anderson,Houston,Gift Card,Completed
ORD3807,28-04-25,Laptop,Electronics,808,5,4040,Lucas White,Dallas,Gift Card,Completed
ORD3808,08-03-25,Laptop,Electronics,819,1,819,Lucas Taylor,Denver,Credit Card,Completed
ORD3809,22-03-25,Running Shoes,Footwear,61,5,305,Lucas Wilson,San Francisco,Gift Card,Pending
ORD3810,16-02-25,Jeans,Clothing,41,4,164,Ava Anderson,New York,Debit Card,Completed
ORD3811,10-03-25,Running Shoes,Footwear,62,1,62,Liam Smith,Dallas,Amazon Pay,Cancelled
ORD3812,11-03-25,Book,Books,15,1,15,Olivia Brown,Seattle,PayPal,Completed
ORD3813,26-04-25,Headphones,Electronics,98,2,196,Ethan Smith,Los Angeles,PayPal,Completed
ORD3814,24-02-25,T-Shirt,Clothing,20,1,20,Alex Lee,Houston,Amazon Pay,Cancelled
ORD3815,12-03-25,Smartphone,Electronics,499,1,499,Jane Anderson,Los Angeles,Debit Card,Cancelled
ORD3816,25-03-25,Smartwatch,Electronics,152,2,304,Chris Miller,San Francisco,Credit Card,Cancelled
ORD3817,30-03-25,Headphones,Electronics,102,3,306,Daniel Clark,Chicago,Amazon Pay,Completed
ORD3818,02-04-25,Laptop,Electronics,826,1,826,Mia Martinez,San Francisco,Gift Card,Pending
ORD3819,23-04-25,Smartwatch,Electronics,157,2,314,Isabella Doe,Miami,Debit Card,Completed
ORD3820,06-04-25,Headphones,Electronics,100,5,500,Mia Doe,Houston,Debit Card,Completed
ORD3821,19-02-25,Book,Books,15,2,30,Ethan Doe,Dallas,PayPal,Completed
ORD3822,29-04-25,T-Shirt,Clothing,19,4,76,Daniel White,Dallas,Debit Card,Completed
ORD3823,09-03-25,Headphones,Electronics,102,1,102,Olivia Taylor,Chicago,Credit Card,Completed
ORD3824,08-02-25,Refrigerator,Home Appliances,1206,1,1206,Chris Martinez,Miami,Gift Card,Cancelled
ORD3825,28-02-25,Jeans,Clothing,38,2,76,Ethan Harris,Los Angeles,Credit Card,Completed
ORD3826,12-04-25,Jeans,Clothing,38,5,190,Ava Johnson,Denver,Debit Card,Pending
ORD3827,05-04-25,Book,Books,14,4,56,Emma Johnson,Los Angeles,PayPal,Completed
ORD3828,12-03-25,Headphones,Electronics,99,5,495,David Anderson,Chicago,PayPal,Completed
ORD3829,29-04-25,Jeans,Clothing,41,1,41,Michael Smith,San Francisco,Gift Card,Completed
ORD3830,23-03-25,T-Shirt,Clothing,19,5,95,Sophia Garcia,Los Angeles,Debit Card,Completed
ORD3831,16-02-25,Refrigerator,Home Appliances,1164,1,1164,Sophia Miller,Chicago,Amazon Pay,Completed
ORD3832,04-02-25,Smartphone,Electronics,486,5,2430,Michael Smith,Los Angeles,Gift Card,Completed
ORD3833,23-02-25,Running Shoes,Footwear,61,1,61,Emma Lee,New York,Amazon Pay,Pending
ORD3834,12-04-25,Book,Books,15,2,30,Daniel Anderson,Dallas,Debit Card,Pending
ORD3835,04-04-25,Book,Books,14,4,56,Isabella Garcia,Los Angeles,Credit Card,Pending
ORD3836,10-03-25,T-Shirt,Clothing,20,3,60,Emma Clark,Houston,PayPal,Completed
ORD3837,15-02-25,Washing Machine,Home Appliances,581,1,581,John White,Boston,Amazon Pay,Cancelled
ORD3838,02-02-25,Refrigerator,Home Appliances,1243,1,1243,Isabella Johnson,New York,PayPal,Completed
ORD3839,04-02-25,Jeans,Clothing,41,4,164,Emily Doe,Seattle,Amazon Pay,Cancelled
ORD3840,24-04-25,Headphones,Electronics,104,1,104,Jane Garcia,Los Angeles,Debit Card,Cancelled
ORD3841,08-02-25,Book,Books,16,5,80,Emma Lee,Denver,Credit Card,Pending
ORD3842,23-03-25,Washing Machine,Home Appliances,614,1,614,Liam Garcia,San Francisco,Amazon Pay,Completed
ORD3843,19-03-25,Smartwatch,Electronics,157,5,785,Emma Smith,New York,Debit Card,Completed
ORD3844,03-02-25,Jeans,Clothing,40,2,80,Daniel Brown,Seattle,Credit Card,Pending
ORD3845,13-02-25,Running Shoes,Footwear,62,5,310,Olivia Anderson,Los Angeles,PayPal,Completed
ORD3846,09-02-25,Running Shoes,Footwear,60,4,240,Daniel Anderson,New York,Gift Card,Pending
ORD3847,27-04-25,Book,Books,16,5,80,Isabella White,Dallas,Gift Card,Pending
ORD3848,22-02-25,Washing Machine,Home Appliances,608,1,608,Emma Clark,Dallas,Amazon Pay,Cancelled
ORD3849,05-04-25,T-Shirt,Clothing,21,3,63,Alex Brown,Boston,PayPal,Completed
ORD3850,26-02-25,Laptop,Electronics,801,3,2403,Jane White,Houston,PayPal,Pending
ORD3851,07-02-25,Washing Machine,Home Appliances,621,2,1242,Isabella Clark,Boston,Debit Card,Completed
ORD3852,08-03-25,Laptop,Electronics,786,1,786,Emma Johnson,Houston,Amazon Pay,Cancelled
ORD3853,24-03-25,Laptop,Electronics,823,3,2469,Olivia Martinez,Houston,Credit Card,Pending
ORD3854,16-02-25,Refrigerator,Home Appliances,1152,2,2304,Daniel Brown,Denver,PayPal,Completed
ORD3855,03-03-25,Jeans,Clothing,42,5,210,Michael Garcia,Seattle,Amazon Pay,Completed
ORD3856,13-02-25,Washing Machine,Home Appliances,596,1,596,Ethan Brown,Los Angeles,Gift Card,Cancelled
ORD3857,12-02-25,Jeans,Clothing,41,1,41,Isabella Martinez,Boston,Amazon Pay,Pending
ORD3858,04-03-25,Smartwatch,Electronics,155,3,465,Daniel Lee,Houston,Amazon Pay,Completed
ORD3859,17-03-25,Jeans,Clothing,38,4,152,Sophia Clark,San Francisco,Debit Card,Pending
ORD3860,23-04-25,Book,Books,15,5,75,Mia Clark,Seattle,Debit Card,Completed
ORD3861,26-04-25,T-Shirt,Clothing,20,2,40,Jane Harris,Denver,PayPal,Completed
ORD3862,15-02-25,Running Shoes,Footwear,57,4,228,Ava Taylor,Denver,Amazon Pay,Completed
ORD3863,10-03-25,Headphones,Electronics,97,4,388,Liam Clark,Seattle,PayPal,Pending
ORD3864,10-04-25,Refrigerator,Home Appliances,1154,1,1154,Isabella Johnson,Miami,Credit Card,Completed
ORD3865,30-03-25,Smartphone,Electronics,515,5,2575,John Wilson,Dallas,Credit Card,Completed
ORD3866,26-03-25,Jeans,Clothing,41,1,41,Olivia Brown,New York,Debit Card,Cancelled
ORD3867,14-03-25,T-Shirt,Clothing,19,1,19,Sophia Doe,Denver,Gift Card,Pending
ORD3868,13-04-25,T-Shirt,Clothing,21,1,21,Liam Lee,Seattle,Credit Card,Completed
ORD3869,29-04-25,Book,Books,16,4,64,Daniel Anderson,Seattle,Credit Card,Completed
ORD3870,10-03-25,Washing Machine,Home Appliances,621,1,621,John Anderson,Miami,Amazon Pay,Completed
ORD3871,14-03-25,Jeans,Clothing,41,1,41,Jane Doe,Denver,PayPal,Pending
ORD3872,21-04-25,Running Shoes,Footwear,60,1,60,Michael Smith,Dallas,Debit Card,Completed
ORD3873,13-04-25,Smartwatch,Electronics,154,2,308,Liam White,San Francisco,PayPal,Completed
ORD3874,02-04-25,Refrigerator,Home Appliances,1248,1,1248,Emily Harris,Denver,Debit Card,Completed
ORD3875,16-03-25,Smartphone,Electronics,479,5,2395,David Smith,Denver,Amazon Pay,Completed
ORD3876,14-04-25,Running Shoes,Footwear,62,4,248,Alex Johnson,Houston,PayPal,Pending
ORD3877,10-04-25,Laptop,Electronics,811,3,2433,Emma Smith,Houston,Amazon Pay,Completed
ORD3878,01-03-25,Jeans,Clothing,42,3,126,Lucas Johnson,New York,Gift Card,Pending
ORD3879,09-04-25,Jeans,Clothing,40,5,200,Alex Miller,Houston,PayPal,Completed
ORD3880,13-03-25,Washing Machine,Home Appliances,607,1,607,Olivia Clark,Houston,PayPal,Cancelled
ORD3881,01-03-25,Book,Books,15,5,75,Alex Doe,Dallas,Gift Card,Cancelled
ORD3882,19-03-25,Headphones,Electronics,98,1,98,Lucas Wilson,Miami,Amazon Pay,Pending
ORD3883,04-02-25,Headphones,Electronics,101,5,505,Emily Harris,Denver,PayPal,Cancelled
ORD3884,16-03-25,Running Shoes,Footwear,59,3,177,John Lee,San Francisco,PayPal,Completed
ORD3885,13-04-25,T-Shirt,Clothing,19,2,38,Ethan Doe,Chicago,Gift Card,Pending
ORD3886,28-03-25,Book,Books,15,3,45,Michael Harris,Los Angeles,Debit Card,Completed
ORD3887,04-02-25,T-Shirt,Clothing,20,1,20,Noah Doe,New York,Gift Card,Cancelled
ORD3888,01-04-25,Running Shoes,Footwear,58,3,174,Isabella Doe,New York,PayPal,Completed
ORD3889,02-02-25,Smartwatch,Electronics,153,1,153,Daniel Smith,New York,Gift Card,Cancelled
ORD3890,15-03-25,Jeans,Clothing,40,3,120,Daniel Lee,Boston,PayPal,Completed
ORD3891,30-03-25,Smartwatch,Electronics,155,1,155,Liam White,Los Angeles,PayPal,Completed
ORD3892,30-03-25,T-Shirt,Clothing,20,3,60,Noah Johnson,Houston,PayPal,Completed
ORD3893,12-02-25,Smartphone,Electronics,522,2,1044,Liam Brown,Chicago,Gift Card,Completed
ORD3894,21-03-25,Book,Books,15,5,75,Michael Anderson,Los Angeles,Gift Card,Completed
ORD3895,28-03-25,Smartwatch,Electronics,157,2,314,David Clark,Miami,Gift Card,Completed
ORD3896,11-04-25,T-Shirt,Clothing,20,5,100,Daniel Harris,Denver,Amazon Pay,Pending
ORD3897,30-03-25,T-Shirt,Clothing,20,3,60,Daniel Harris,Denver,Debit Card,Completed
ORD3898,06-02-25,Smartwatch,Electronics,146,3,438,Lucas Wilson,Chicago,Credit Card,Completed
ORD3899,15-03-25,Refrigerator,Home Appliances,1244,1,1244,Michael Doe,Miami,Gift Card,Completed
ORD3900,16-04-25,Jeans,Clothing,39,2,78,Noah Harris,New York,Gift Card,Completed
ORD3901,27-03-25,Running Shoes,Footwear,63,3,189,Olivia Doe,New York,Credit Card,Completed
ORD3902,06-03-25,Headphones,Electronics,98,1,98,Mia Wilson,San Francisco,Gift Card,Cancelled
ORD3903,22-02-25,Laptop,Electronics,816,1,816,Olivia Martinez,Miami,Credit Card,Completed
ORD3904,10-02-25,Book,Books,15,1,15,Emma Brown,Chicago,PayPal,Pending
ORD3905,09-04-25,Laptop,Electronics,826,1,826,Emily Wilson,New York,Gift Card,Completed
ORD3906,23-04-25,Book,Books,15,5,75,Daniel Garcia,Chicago,Credit Card,Completed
ORD3907,15-02-25,Running Shoes,Footwear,62,3,186,Isabella Clark,San Francisco,Credit Card,Cancelled
ORD3908,08-03-25,Jeans,Clothing,39,2,78,Daniel Martinez,Dallas,Credit Card,Pending
ORD3909,27-02-25,Smartwatch,Electronics,155,5,775,Sophia Lee,Houston,Gift Card,Completed
ORD3910,26-02-25,Jeans,Clothing,40,5,200,Mia Johnson,Houston,Credit Card,Completed
ORD3911,19-04-25,Washing Machine,Home Appliances,590,2,1180,Michael Smith,Houston,Debit Card,Pending
ORD3912,11-04-25,T-Shirt,Clothing,20,4,80,David Anderson,Chicago,Credit Card,Completed
ORD3913,26-04-25,Jeans,Clothing,41,4,164,Isabella White,Los Angeles,Amazon Pay,Completed
ORD3914,03-04-25,Refrigerator,Home Appliances,1252,1,1252,Michael White,Denver,Amazon Pay,Pending
ORD3915,05-03-25,Laptop,Electronics,782,4,3128,Emily Smith,Seattle,Credit Card,Completed
ORD3916,27-04-25,Headphones,Electronics,100,5,500,Jane Anderson,New York,Credit Card,Completed
ORD3917,30-04-25,Smartphone,Electronics,510,2,1020,Ethan Johnson,Los Angeles,Amazon Pay,Completed
ORD3918,19-03-25,Laptop,Electronics,768,1,768,Liam Wilson,Boston,Credit Card,Pending
ORD3919,15-04-25,Smartwatch,Electronics,147,2,294,Jane Martinez,Dallas,Credit Card,Completed
ORD3920,12-04-25,Laptop,Electronics,788,1,788,Ethan Clark,Los Angeles,Debit Card,Completed
ORD3921,24-04-25,Laptop,Electronics,764,1,764,David White,Seattle,Debit Card,Completed
ORD3922,05-03-25,Washing Machine,Home Appliances,630,2,1260,Lucas White,Denver,Debit Card,Cancelled
ORD3923,10-04-25,Smartphone,Electronics,494,2,988,Ethan White,Denver,PayPal,Completed
ORD3924,07-04-25,Smartphone,Electronics,492,3,1476,Ethan Harris,Denver,Debit Card,Completed
ORD3925,07-02-25,Washing Machine,Home Appliances,605,1,605,Olivia Doe,Boston,Debit Card,Completed
ORD3926,15-03-25,Book,Books,15,1,15,Sophia Miller,New York,Debit Card,Completed
ORD3927,12-03-25,Laptop,Electronics,809,1,809,Liam Miller,San Francisco,Credit Card,Completed
ORD3928,26-02-25,Refrigerator,Home Appliances,1141,1,1141,Daniel Clark,Denver,PayPal,Pending
ORD3929,18-04-25,Refrigerator,Home Appliances,1144,1,1144,Emily Clark,Denver,Gift Card,Completed
ORD3930,13-02-25,Jeans,Clothing,40,5,200,Michael Johnson,Denver,Amazon Pay,Cancelled
ORD3931,07-04-25,Smartwatch,Electronics,148,2,296,Liam Martinez,Chicago,Amazon Pay,Pending
ORD3932,14-03-25,Washing Machine,Home Appliances,604,1,604,Ava Wilson,Denver,Amazon Pay,Completed
ORD3933,20-04-25,Headphones,Electronics,101,1,101,Jane Doe,Seattle,Credit Card,Pending
ORD3934,21-02-25,Washing Machine,Home Appliances,579,1,579,Alex Taylor,Chicago,Gift Card,Completed
ORD3935,22-03-25,Smartphone,Electronics,517,3,1551,Michael Doe,Dallas,Credit Card,Pending
ORD3936,13-03-25,Jeans,Clothing,41,5,205,Isabella Garcia,Denver,Amazon Pay,Completed
ORD3937,21-04-25,Washing Machine,Home Appliances,592,1,592,Ethan Miller,New York,Debit Card,Completed
ORD3938,01-03-25,Smartwatch,Electronics,155,2,310,Lucas Brown,Seattle,Gift Card,Cancelled
ORD3939,12-04-25,Running Shoes,Footwear,57,5,285,Jane Harris,Chicago,Amazon Pay,Pending
ORD3940,05-03-25,Washing Machine,Home Appliances,597,1,597,Ethan White,Miami,Debit Card,Completed
ORD3941,05-04-25,Jeans,Clothing,39,2,78,Lucas Brown,San Francisco,Gift Card,Completed
ORD3942,20-03-25,Laptop,Electronics,770,1,770,Daniel Johnson,Boston,Credit Card,Cancelled
ORD3943,10-04-25,Smartphone,Electronics,483,2,966,Emma Harris,Denver,Credit Card,Completed
ORD3944,05-04-25,Smartphone,Electronics,505,4,2020,Olivia Clark,San Francisco,Amazon Pay,Pending
ORD3945,15-02-25,Headphones,Electronics,99,1,99,Daniel White,Miami,Amazon Pay,Pending
ORD3946,08-04-25,T-Shirt,Clothing,20,1,20,Ava Harris,Chicago,Amazon Pay,Cancelled
ORD3947,24-04-25,Book,Books,14,2,28,Mia White,Seattle,PayPal,Cancelled
ORD3948,12-03-25,Laptop,Electronics,804,1,804,Daniel Smith,Dallas,PayPal,Completed
ORD3949,09-04-25,Laptop,Electronics,794,5,3970,Michael Doe,Seattle,Debit Card,Completed
ORD3950,04-03-25,Washing Machine,Home Appliances,622,1,622,Michael Anderson,Los Angeles,Amazon Pay,Pending
ORD3951,20-02-25,Smartphone,Electronics,492,2,984,Michael White,Houston,Gift Card,Completed
ORD3952,12-04-25,Washing Machine,Home Appliances,621,2,1242,Olivia Johnson,Los Angeles,Credit Card,Pending
ORD3953,23-03-25,Smartwatch,Electronics,145,5,725,Jane Anderson,Boston,Debit Card,Pending
ORD3954,19-03-25,Jeans,Clothing,38,3,114,Jane Johnson,Denver,Gift Card,Completed
ORD3955,21-04-25,Washing Machine,Home Appliances,585,1,585,Liam Smith,Chicago,PayPal,Pending
ORD3956,21-03-25,Smartphone,Electronics,507,3,1521,Daniel Harris,Chicago,Debit Card,Completed
ORD3957,25-02-25,Washing Machine,Home Appliances,583,1,583,Daniel Johnson,Houston,Credit Card,Completed
ORD3958,13-03-25,Washing Machine,Home Appliances,616,1,616,Lucas Wilson,Miami,PayPal,Completed
ORD3959,20-02-25,T-Shirt,Clothing,20,4,80,Isabella Johnson,Dallas,PayPal,Completed
ORD3960,12-03-25,Refrigerator,Home Appliances,1197,1,1197,Daniel Smith,San Francisco,Credit Card,Cancelled
ORD3961,28-02-25,Washing Machine,Home Appliances,572,1,572,Isabella Smith,Los Angeles,Amazon Pay,Completed
ORD3962,08-02-25,Running Shoes,Footwear,60,4,240,Emma Doe,Boston,Amazon Pay,Cancelled
ORD3963,11-02-25,Smartphone,Electronics,495,1,495,Daniel Clark,San Francisco,Credit Card,Pending
ORD3964,18-02-25,Headphones,Electronics,99,2,198,Daniel Harris,Seattle,Credit Card,Cancelled
ORD3965,09-02-25,Washing Machine,Home Appliances,571,3,1713,Emily Wilson,Miami,Credit Card,Completed
ORD3966,12-03-25,Headphones,Electronics,97,4,388,Daniel Garcia,Houston,Credit Card,Pending
ORD3967,28-02-25,Jeans,Clothing,40,1,40,John Garcia,Miami,Credit Card,Cancelled
ORD3968,24-03-25,Headphones,Electronics,104,4,416,Olivia Brown,New York,PayPal,Completed
ORD3969,27-03-25,Running Shoes,Footwear,61,3,183,Michael White,Houston,PayPal,Completed
ORD3970,27-02-25,Running Shoes,Footwear,62,1,62,John Doe,Boston,Gift Card,Completed
ORD3971,13-03-25,Laptop,Electronics,799,1,799,Alex Miller,Boston,Amazon Pay,Completed
ORD3972,15-03-25,Smartwatch,Electronics,145,4,580,Ava Garcia,Dallas,Gift Card,Completed
ORD3973,28-03-25,Washing Machine,Home Appliances,577,2,1154,Mia Wilson,Seattle,Credit Card,Completed
ORD3974,23-04-25,Running Shoes,Footwear,59,1,59,Isabella Martinez,New York,PayPal,Cancelled
ORD3975,19-03-25,Washing Machine,Home Appliances,628,1,628,Emily Smith,San Francisco,Debit Card,Completed
ORD3976,31-03-25,T-Shirt,Clothing,21,4,84,Lucas White,Denver,Debit Card,Pending
ORD3977,10-03-25,Book,Books,15,1,15,Mia Doe,Seattle,Amazon Pay,Completed
ORD3978,03-03-25,T-Shirt,Clothing,21,3,63,Emily White,New York,Amazon Pay,Completed
ORD3979,18-03-25,Running Shoes,Footwear,62,4,248,Isabella Anderson,Dallas,Debit Card,Completed
ORD3980,18-04-25,Smartphone,Electronics,506,1,506,Ava Miller,Chicago,Gift Card,Completed
ORD3981,29-04-25,Refrigerator,Home Appliances,1250,1,1250,David Johnson,Boston,Amazon Pay,Completed
ORD3982,04-02-25,Jeans,Clothing,41,3,123,Daniel White,Dallas,Credit Card,Cancelled
ORD3983,12-04-25,Jeans,Clothing,40,5,200,Jane Wilson,Seattle,Amazon Pay,Cancelled
ORD3984,04-04-25,Book,Books,15,5,75,Liam Anderson,San Francisco,Credit Card,Pending
ORD3985,13-03-25,Running Shoes,Footwear,62,5,310,Alex Johnson,New York,Amazon Pay,Completed
ORD3986,12-03-25,Headphones,Electronics,105,2,210,Daniel Wilson,Denver,Debit Card,Completed
ORD3987,31-03-25,Refrigerator,Home Appliances,1238,2,2476,Ethan Martinez,Miami,Gift Card,Pending
ORD3988,08-02-25,Smartwatch,Electronics,145,1,145,Emily Brown,Seattle,Amazon Pay,Completed
ORD3989,18-04-25,Laptop,Electronics,792,3,2376,Daniel Anderson,Chicago,Credit Card,Completed
ORD3990,10-02-25,Smartphone,Electronics,486,2,972,John Harris,Boston,Credit Card,Completed
ORD3991,13-03-25,Headphones,Electronics,104,3,312,Mia Wilson,Denver,Gift Card,Completed
ORD3992,10-02-25,Washing Machine,Home Appliances,575,1,575,Jane White,Miami,PayPal,Pending
ORD3993,06-04-25,Headphones,Electronics,98,4,392,Chris Anderson,Dallas,Amazon Pay,Completed
ORD3994,12-03-25,Washing Machine,Home Appliances,610,1,610,Jane Miller,New York,Gift Card,Pending
ORD3995,22-02-25,Refrigerator,Home Appliances,1179,1,1179,Isabella Anderson,Houston,PayPal,Completed
ORD3996,15-04-25,Running Shoes,Footwear,57,5,285,Mia Garcia,San Francisco,Debit Card,Completed
ORD3997,09-03-25,Smartwatch,Electronics,147,1,147,Olivia Anderson,Denver,Amazon Pay,Completed
ORD3998,07-04-25,Laptop,Electronics,804,2,1608,Chris Martinez,Los Angeles,Amazon Pay,Completed
ORD3999,04-03-25,Jeans,Clothing,38,3,114,Alex White,New York,Amazon Pay,Cancelled
ORD4000,11-04-25,Refrigerator,Home Appliances,1193,1,1193,Sophia Brown,Denver,PayPal,Completed
ORD4001,13-03-25,Book,Books,14,5,70,Emily Brown,Dallas,Gift Card,Completed
ORD4002,07-04-25,Smartwatch,Electronics,151,4,604,Olivia Clark,Miami,Gift Card,Cancelled
ORD4003,25-03-25,Laptop,Electronics,777,5,3885,Mia Doe,Los Angeles,Debit Card,Completed
ORD4004,13-03-25,Smartphone,Electronics,506,1,506,Daniel Smith,Los Angeles,Gift Card,Completed
ORD4005,19-04-25,T-Shirt,Clothing,19,5,95,Daniel Brown,Houston,PayPal,Pending
ORD4006,01-03-25,T-Shirt,Clothing,21,4,84,Emma Clark,Chicago,Gift Card,Completed
ORD4007,24-04-25,Headphones,Electronics,99,2,198,Lucas White,Boston,Amazon Pay,Pending
ORD4008,23-04-25,Smartphone,Electronics,481,1,481,Ethan Lee,New York,PayPal,Completed
ORD4009,16-02-25,Jeans,Clothing,38,5,190,Liam Clark,Dallas,Credit Card,Pending
ORD4010,28-03-25,Jeans,Clothing,38,3,114,Daniel Smith,Chicago,Gift Card,Completed
ORD4011,06-04-25,Refrigerator,Home Appliances,1247,5,6235,Lucas Johnson,Dallas,Debit Card,Cancelled
ORD4012,30-04-25,Jeans,Clothing,41,3,123,Olivia Smith,Dallas,Amazon Pay,Pending
ORD4013,30-03-25,Washing Machine,Home Appliances,615,1,615,Emma Clark,San Francisco,Debit Card,Completed
ORD4014,16-04-25,Running Shoes,Footwear,61,1,61,Michael Brown,San Francisco,Debit Card,Pending
ORD4015,06-02-25,Jeans,Clothing,41,1,41,David Harris,Los Angeles,Amazon Pay,Completed
ORD4016,16-02-25,T-Shirt,Clothing,20,3,60,Ethan Anderson,Denver,Credit Card,Pending
ORD4017,17-02-25,Smartphone,Electronics,492,1,492,Emily Martinez,San Francisco,Credit Card,Cancelled
ORD4018,28-03-25,Refrigerator,Home Appliances,1144,1,1144,Chris Anderson,Denver,Debit Card,Completed
ORD4019,07-02-25,Refrigerator,Home Appliances,1180,2,2360,Liam Lee,Houston,PayPal,Completed
ORD4020,26-02-25,Headphones,Electronics,104,5,520,Liam Wilson,Dallas,Debit Card,Completed
ORD4021,09-02-25,Smartphone,Electronics,491,1,491,Mia Brown,Houston,Debit Card,Pending
ORD4022,23-04-25,Laptop,Electronics,804,2,1608,Michael Smith,San Francisco,Credit Card,Completed
ORD4023,08-03-25,Refrigerator,Home Appliances,1257,2,2514,John White,New York,Gift Card,Completed
ORD4024,18-03-25,Headphones,Electronics,96,1,96,Daniel White,Chicago,PayPal,Completed
ORD4025,10-04-25,Smartphone,Electronics,511,1,511,Isabella Smith,Boston,Amazon Pay,Pending
ORD4026,14-04-25,Running Shoes,Footwear,63,5,315,Daniel Anderson,Miami,Amazon Pay,Pending
ORD4027,05-02-25,Headphones,Electronics,102,1,102,Alex Wilson,New York,Credit Card,Completed
ORD4028,21-02-25,T-Shirt,Clothing,21,3,63,Ethan Martinez,Los Angeles,PayPal,Pending
ORD4029,19-03-25,Headphones,Electronics,96,3,288,Michael Lee,Seattle,Amazon Pay,Completed
ORD4030,01-03-25,Washing Machine,Home Appliances,609,2,1218,Daniel Miller,Miami,Credit Card,Cancelled
ORD4031,10-03-25,Laptop,Electronics,823,5,4115,Ethan Miller,Dallas,Gift Card,Completed
ORD4032,16-02-25,Smartphone,Electronics,501,1,501,Daniel Johnson,Los Angeles,Amazon Pay,Completed
ORD4033,13-03-25,Smartwatch,Electronics,155,1,155,Jane Lee,San Francisco,PayPal,Completed
ORD4034,04-04-25,Washing Machine,Home Appliances,601,3,1803,Daniel Doe,Dallas,Amazon Pay,Pending
ORD4035,29-03-25,Running Shoes,Footwear,61,4,244,John Wilson,Dallas,Credit Card,Completed
ORD4036,13-04-25,Jeans,Clothing,41,5,205,Emma Garcia,Boston,Credit Card,Pending
ORD4037,04-02-25,Smartphone,Electronics,491,1,491,Noah Johnson,Los Angeles,Credit Card,Pending
ORD4038,11-04-25,T-Shirt,Clothing,20,4,80,Jane Johnson,Miami,PayPal,Cancelled
ORD4039,08-04-25,Running Shoes,Footwear,58,2,116,Chris Brown,Boston,Debit Card,Completed
ORD4040,13-04-25,Smartphone,Electronics,492,1,492,Chris White,Boston,Gift Card,Pending
ORD4041,14-02-25,Laptop,Electronics,780,3,2340,Jane Doe,Dallas,PayPal,Completed
ORD4042,22-02-25,Refrigerator,Home Appliances,1196,2,2392,Noah Lee,Seattle,Amazon Pay,Completed
ORD4043,01-04-25,Headphones,Electronics,102,2,204,Liam Garcia,Boston,Debit Card,Completed
ORD4044,03-03-25,Headphones,Electronics,103,2,206,Ava Martinez,Denver,Amazon Pay,Completed
ORD4045,30-04-25,Headphones,Electronics,96,1,96,Emily Johnson,Boston,Amazon Pay,Completed
ORD4046,04-02-25,T-Shirt,Clothing,20,5,100,Michael Garcia,Dallas,PayPal,Completed
ORD4047,20-03-25,Smartphone,Electronics,476,2,952,Alex Brown,San Francisco,Debit Card,Completed
ORD4048,16-03-25,Washing Machine,Home Appliances,611,1,611,Jane Smith,New York,PayPal,Completed
ORD4049,18-04-25,Refrigerator,Home Appliances,1144,1,1144,Daniel Lee,Dallas,Credit Card,Cancelled
ORD4050,03-02-25,Headphones,Electronics,96,3,288,Ethan Miller,Denver,PayPal,Cancelled
ORD4051,16-02-25,Refrigerator,Home Appliances,1153,2,2306,Daniel Harris,Denver,PayPal,Completed
ORD4052,17-02-25,Laptop,Electronics,777,3,2331,Lucas Brown,Los Angeles,Credit Card,Pending
ORD4053,29-03-25,Running Shoes,Footwear,60,5,300,John Smith,Chicago,Gift Card,Pending
ORD4054,09-04-25,Headphones,Electronics,97,3,291,David Anderson,Chicago,Credit Card,Completed
ORD4055,19-02-25,T-Shirt,Clothing,20,3,60,Alex Miller,Miami,Credit Card,Pending
ORD4056,21-04-25,Jeans,Clothing,38,5,190,Michael Taylor,Boston,Gift Card,Pending
ORD4057,19-03-25,T-Shirt,Clothing,20,1,20,Ethan Miller,Los Angeles,Amazon Pay,Completed
ORD4058,22-04-25,T-Shirt,Clothing,20,1,20,Daniel Wilson,Chicago,PayPal,Pending
ORD4059,25-04-25,Smartphone,Electronics,487,3,1461,Daniel Brown,Boston,PayPal,Pending
ORD4060,25-03-25,Smartwatch,Electronics,145,4,580,Alex Lee,San Francisco,PayPal,Pending
ORD4061,21-03-25,Jeans,Clothing,39,4,156,Jane Miller,New York,Debit Card,Completed
ORD4062,16-03-25,Headphones,Electronics,103,1,103,Sophia Garcia,Seattle,Credit Card,Completed
ORD4063,30-04-25,Washing Machine,Home Appliances,575,1,575,Isabella Smith,Miami,PayPal,Completed
ORD4064,11-02-25,Refrigerator,Home Appliances,1194,5,5970,Olivia Garcia,New York,Gift Card,Completed
ORD4065,11-02-25,Running Shoes,Footwear,62,1,62,Emily Martinez,Miami,Amazon Pay,Completed
ORD4066,27-04-25,Laptop,Electronics,786,1,786,Daniel Doe,Dallas,PayPal,Pending
ORD4067,07-03-25,Smartwatch,Electronics,143,1,143,Isabella Martinez,Seattle,Gift Card,Completed
ORD4068,27-04-25,T-Shirt,Clothing,20,4,80,Daniel Clark,Chicago,Amazon Pay,Completed
ORD4069,20-04-25,Book,Books,15,3,45,Chris Miller,Seattle,Amazon Pay,Pending
ORD4070,27-02-25,Running Shoes,Footwear,57,4,228,John Martinez,Boston,Gift Card,Pending
ORD4071,01-04-25,Laptop,Electronics,840,1,840,Olivia Wilson,Miami,Credit Card,Completed
ORD4072,03-04-25,Laptop,Electronics,766,3,2298,Jane Martinez,New York,Credit Card,Completed
ORD4073,14-04-25,Smartwatch,Electronics,145,3,435,David Anderson,Dallas,Credit Card,Completed
ORD4074,01-03-25,Smartwatch,Electronics,151,4,604,Jane Garcia,Denver,Debit Card,Completed
ORD4075,09-03-25,Headphones,Electronics,97,3,291,David Clark,New York,PayPal,Cancelled
ORD4076,30-04-25,Laptop,Electronics,762,1,762,Emily White,Chicago,Gift Card,Completed
ORD4077,17-03-25,Smartphone,Electronics,490,1,490,Isabella Anderson,Chicago,PayPal,Completed
ORD4078,09-02-25,Laptop,Electronics,760,1,760,Daniel Johnson,Boston,Debit Card,Pending
ORD4079,11-02-25,Running Shoes,Footwear,62,4,248,Liam Miller,Miami,Debit Card,Completed
ORD4080,21-04-25,T-Shirt,Clothing,19,3,57,Isabella Clark,Denver,Gift Card,Cancelled
ORD4081,25-03-25,Running Shoes,Footwear,62,4,248,Lucas White,San Francisco,Credit Card,Pending
ORD4082,22-03-25,Smartphone,Electronics,491,5,2455,Mia Martinez,Denver,Debit Card,Completed
ORD4083,14-04-25,Laptop,Electronics,813,1,813,Ethan Johnson,Miami,Debit Card,Completed
ORD4084,01-03-25,Jeans,Clothing,40,2,80,Daniel Smith,Boston,Credit Card,Pending
ORD4085,21-03-25,Running Shoes,Footwear,60,5,300,Ethan Wilson,Boston,PayPal,Completed
ORD4086,22-02-25,Headphones,Electronics,101,5,505,Sophia White,Seattle,Amazon Pay,Completed
ORD4087,24-03-25,T-Shirt,Clothing,21,2,42,Emily Doe,Chicago,PayPal,Completed
ORD4088,03-03-25,Headphones,Electronics,105,5,525,Noah Garcia,Chicago,Credit Card,Completed
ORD4089,07-02-25,T-Shirt,Clothing,21,2,42,Lucas Wilson,New York,Amazon Pay,Pending
ORD4090,07-03-25,Laptop,Electronics,760,2,1520,Michael Martinez,Miami,Gift Card,Completed
ORD4091,25-03-25,Washing Machine,Home Appliances,608,1,608,Daniel Wilson,Houston,Amazon Pay,Completed
ORD4092,09-02-25,T-Shirt,Clothing,20,4,80,Daniel Miller,Boston,Credit Card,Pending
ORD4093,29-03-25,Book,Books,15,5,75,Olivia Taylor,Dallas,Gift Card,Completed
ORD4094,06-04-25,T-Shirt,Clothing,21,2,42,Daniel Wilson,New York,PayPal,Completed
ORD4095,29-04-25,Washing Machine,Home Appliances,626,1,626,Sophia Wilson,Dallas,Debit Card,Completed
ORD4096,08-02-25,Smartwatch,Electronics,143,1,143,Noah Anderson,Los Angeles,Amazon Pay,Pending
ORD4097,27-03-25,T-Shirt,Clothing,20,4,80,Noah Miller,Seattle,Gift Card,Completed
ORD4098,28-02-25,Smartwatch,Electronics,151,1,151,Daniel Johnson,Denver,Gift Card,Completed
ORD4099,01-03-25,Refrigerator,Home Appliances,1195,2,2390,Emma Doe,San Francisco,Debit Card,Completed
ORD4100,01-04-25,Smartphone,Electronics,513,1,513,Chris Miller,New York,Amazon Pay,Completed
ORD4101,14-04-25,Running Shoes,Footwear,57,3,171,Emma Garcia,Boston,Debit Card,Completed
ORD4102,26-04-25,Laptop,Electronics,791,1,791,David Doe,Miami,Amazon Pay,Pending
ORD4103,14-04-25,Washing Machine,Home Appliances,571,3,1713,Ava Miller,Boston,PayPal,Completed
ORD4104,13-02-25,T-Shirt,Clothing,20,4,80,Michael Brown,Houston,Gift Card,Completed
ORD4105,22-04-25,Smartwatch,Electronics,149,3,447,Daniel Doe,Dallas,Gift Card,Pending
ORD4106,23-02-25,Washing Machine,Home Appliances,590,2,1180,Daniel Wilson,Houston,Gift Card,Completed
ORD4107,28-04-25,T-Shirt,Clothing,20,1,20,Mia White,Denver,Credit Card,Pending
ORD4108,15-04-25,Headphones,Electronics,96,2,192,Emma Harris,Chicago,Credit Card,Completed
ORD4109,16-03-25,Jeans,Clothing,40,1,40,Mia Garcia,Houston,Debit Card,Completed
ORD4110,02-04-25,Washing Machine,Home Appliances,576,1,576,Ethan Smith,New York,Amazon Pay,Completed
ORD4111,09-02-25,Book,Books,15,1,15,Noah Johnson,Miami,Amazon Pay,Pending
ORD4112,15-02-25,Book,Books,15,3,45,Isabella White,Boston,Debit Card,Completed
ORD4113,13-04-25,Jeans,Clothing,42,5,210,Daniel Johnson,Houston,Credit Card,Pending
ORD4114,20-03-25,Washing Machine,Home Appliances,618,1,618,Jane Martinez,Los Angeles,Amazon Pay,Completed
ORD4115,14-04-25,Jeans,Clothing,41,4,164,Jane Anderson,Dallas,Gift Card,Cancelled
ORD4116,28-02-25,Smartwatch,Electronics,154,5,770,Ethan Wilson,Dallas,PayPal,Completed
ORD4117,02-03-25,Smartphone,Electronics,491,2,982,Michael Doe,Denver,Credit Card,Completed
ORD4118,05-02-25,Smartphone,Electronics,511,2,1022,Alex Taylor,Boston,PayPal,Cancelled
ORD4119,22-04-25,T-Shirt,Clothing,19,5,95,John Anderson,Chicago,Debit Card,Cancelled
ORD4120,07-04-25,Running Shoes,Footwear,62,3,186,Lucas Lee,Los Angeles,PayPal,Completed
ORD4121,28-03-25,Jeans,Clothing,41,3,123,Daniel Wilson,Houston,Gift Card,Pending
ORD4122,02-03-25,Jeans,Clothing,41,4,164,Lucas Miller,Los Angeles,PayPal,Pending
ORD4123,27-04-25,Jeans,Clothing,39,2,78,Michael Johnson,Miami,PayPal,Pending
ORD4124,22-04-25,T-Shirt,Clothing,21,3,63,Daniel Brown,Los Angeles,Credit Card,Cancelled
ORD4125,05-04-25,Book,Books,15,3,45,David Lee,Houston,Gift Card,Completed
ORD4126,30-04-25,Smartphone,Electronics,494,1,494,Chris Wilson,Miami,Debit Card,Completed
ORD4127,01-03-25,Book,Books,15,4,60,Ethan Lee,San Francisco,Credit Card,Completed
ORD4128,12-04-25,T-Shirt,Clothing,20,4,80,Emma White,San Francisco,Credit Card,Pending
ORD4129,06-04-25,Smartwatch,Electronics,152,2,304,Mia White,New York,Debit Card,Completed
ORD4130,01-02-25,Book,Books,16,1,16,Noah Smith,Seattle,Debit Card,Completed
ORD4131,05-04-25,T-Shirt,Clothing,20,3,60,Chris Doe,Seattle,PayPal,Pending
ORD4132,25-04-25,Refrigerator,Home Appliances,1161,1,1161,Mia Johnson,Chicago,PayPal,Pending
ORD4133,30-04-25,Washing Machine,Home Appliances,598,1,598,Mia Brown,New York,PayPal,Completed
ORD4134,23-02-25,Running Shoes,Footwear,58,3,174,Mia Anderson,New York,Debit Card,Completed
ORD4135,17-04-25,Laptop,Electronics,773,5,3865,John Garcia,San Francisco,Credit Card,Pending
ORD4136,11-04-25,Smartwatch,Electronics,145,1,145,Emily Taylor,New York,Debit Card,Pending
ORD4137,03-04-25,Refrigerator,Home Appliances,1232,1,1232,Alex Johnson,Dallas,Debit Card,Pending
ORD4138,11-04-25,Washing Machine,Home Appliances,622,3,1866,Daniel Johnson,Houston,PayPal,Pending
ORD4139,02-02-25,Jeans,Clothing,41,5,205,Emily Wilson,New York,Gift Card,Completed
ORD4140,26-04-25,T-Shirt,Clothing,20,3,60,Liam Johnson,Miami,Credit Card,Completed
ORD4141,07-04-25,Laptop,Electronics,816,1,816,Olivia Smith,Miami,Debit Card,Completed
ORD4142,21-02-25,Smartwatch,Electronics,157,1,157,Mia Taylor,Dallas,PayPal,Completed
ORD4143,21-03-25,Jeans,Clothing,40,4,160,Emily Lee,Dallas,Credit Card,Completed
ORD4144,14-04-25,Book,Books,15,1,15,Alex Anderson,New York,Gift Card,Completed
ORD4145,10-04-25,Smartphone,Electronics,492,2,984,Ethan Lee,Dallas,Amazon Pay,Completed
ORD4146,18-03-25,Smartwatch,Electronics,156,2,312,Daniel Miller,Dallas,PayPal,Completed
ORD4147,05-03-25,Jeans,Clothing,42,5,210,Daniel Miller,Denver,Amazon Pay,Completed
ORD4148,06-04-25,Smartphone,Electronics,476,5,2380,Emily Miller,Dallas,Gift Card,Completed
ORD4149,30-04-25,Running Shoes,Footwear,62,4,248,Daniel Smith,Dallas,Gift Card,Completed
ORD4150,24-03-25,Laptop,Electronics,810,2,1620,Jane Anderson,Chicago,PayPal,Completed
ORD4151,15-03-25,Smartwatch,Electronics,143,2,286,Jane Miller,Seattle,PayPal,Completed
ORD4152,28-03-25,Laptop,Electronics,776,3,2328,John Martinez,Boston,Debit Card,Pending
ORD4153,27-04-25,Refrigerator,Home Appliances,1193,1,1193,Emily Anderson,Chicago,PayPal,Completed
ORD4154,24-04-25,Smartwatch,Electronics,148,3,444,Isabella Brown,Chicago,Credit Card,Completed
ORD4155,14-02-25,Jeans,Clothing,39,5,195,Alex Smith,Dallas,PayPal,Completed
ORD4156,16-04-25,Headphones,Electronics,101,2,202,Liam Smith,Houston,Amazon Pay,Completed
ORD4157,22-02-25,Headphones,Electronics,98,3,294,Emma Wilson,San Francisco,PayPal,Completed
ORD4158,25-03-25,Washing Machine,Home Appliances,625,2,1250,Emily Harris,Boston,PayPal,Completed
ORD4159,08-04-25,Jeans,Clothing,40,4,160,Ava White,Denver,Gift Card,Completed
ORD4160,11-03-25,T-Shirt,Clothing,19,1,19,Alex Anderson,Los Angeles,Amazon Pay,Cancelled
ORD4161,08-03-25,Smartphone,Electronics,495,1,495,Daniel Wilson,Miami,Gift Card,Cancelled
ORD4162,16-04-25,Running Shoes,Footwear,63,4,252,Lucas Anderson,Boston,Amazon Pay,Pending
ORD4163,21-02-25,Running Shoes,Footwear,61,2,122,Isabella Harris,San Francisco,Debit Card,Cancelled
ORD4164,22-03-25,Laptop,Electronics,771,1,771,Chris Clark,Los Angeles,Debit Card,Pending
ORD4165,05-03-25,Smartwatch,Electronics,153,2,306,Sophia Johnson,Dallas,PayPal,Pending
ORD4166,05-02-25,Washing Machine,Home Appliances,570,3,1710,Ethan White,New York,Amazon Pay,Completed
ORD4167,03-03-25,Smartphone,Electronics,483,2,966,Liam Anderson,Seattle,Debit Card,Pending
ORD4168,20-04-25,Refrigerator,Home Appliances,1221,1,1221,John Lee,Boston,Amazon Pay,Completed
ORD4169,12-04-25,Washing Machine,Home Appliances,629,1,629,Chris Anderson,Miami,Credit Card,Pending
ORD4170,03-02-25,Smartwatch,Electronics,144,1,144,Jane Smith,Chicago,Gift Card,Completed
ORD4171,14-03-25,Washing Machine,Home Appliances,590,2,1180,John Taylor,Los Angeles,Amazon Pay,Completed
ORD4172,03-02-25,Laptop,Electronics,765,4,3060,Emily Brown,Los Angeles,PayPal,Completed
ORD4173,04-03-25,Smartwatch,Electronics,152,1,152,Ava Brown,Chicago,Amazon Pay,Completed
ORD4174,01-04-25,Smartphone,Electronics,478,5,2390,Ethan Doe,Houston,PayPal,Pending
ORD4175,26-04-25,Refrigerator,Home Appliances,1152,4,4608,Jane Clark,Denver,Gift Card,Completed
ORD4176,29-03-25,Washing Machine,Home Appliances,583,1,583,Alex Clark,Dallas,Gift Card,Completed
ORD4177,16-03-25,Laptop,Electronics,831,2,1662,Jane Clark,San Francisco,PayPal,Completed
ORD4178,31-03-25,T-Shirt,Clothing,21,1,21,Michael Doe,Dallas,Credit Card,Completed
ORD4179,05-04-25,Refrigerator,Home Appliances,1169,1,1169,Daniel Clark,Boston,Gift Card,Completed
ORD4180,02-02-25,Book,Books,15,1,15,Emily Brown,Chicago,PayPal,Completed
ORD4181,04-04-25,Refrigerator,Home Appliances,1240,1,1240,Ethan Harris,Houston,Amazon Pay,Completed
ORD4182,17-02-25,Headphones,Electronics,101,1,101,Daniel Lee,Houston,Amazon Pay,Completed
ORD4183,13-04-25,T-Shirt,Clothing,20,5,100,Chris Anderson,Los Angeles,Gift Card,Completed
ORD4184,09-04-25,Laptop,Electronics,766,3,2298,Chris Wilson,Chicago,Credit Card,Completed
ORD4185,19-02-25,Jeans,Clothing,39,5,195,Noah White,Seattle,Amazon Pay,Completed
ORD4186,09-03-25,T-Shirt,Clothing,20,5,100,Ethan Miller,Houston,Credit Card,Completed
ORD4187,09-03-25,Smartphone,Electronics,498,5,2490,Alex Clark,Dallas,Gift Card,Completed
ORD4188,22-03-25,Smartphone,Electronics,523,1,523,Olivia Lee,Seattle,Amazon Pay,Completed
ORD4189,16-04-25,Jeans,Clothing,40,3,120,Chris Lee,Seattle,Credit Card,Pending
ORD4190,09-03-25,Smartphone,Electronics,513,1,513,John Garcia,Miami,Amazon Pay,Completed
ORD4191,13-04-25,Smartwatch,Electronics,150,3,450,Ava Wilson,New York,PayPal,Pending
ORD4192,24-04-25,Refrigerator,Home Appliances,1250,2,2500,Daniel Clark,Seattle,PayPal,Completed
ORD4193,21-04-25,Refrigerator,Home Appliances,1209,2,2418,Ethan Johnson,Seattle,Gift Card,Completed
ORD4194,11-02-25,Washing Machine,Home Appliances,600,1,600,Daniel Miller,Houston,Credit Card,Completed
ORD4195,04-03-25,Refrigerator,Home Appliances,1209,1,1209,Olivia Wilson,Denver,Amazon Pay,Completed
ORD4196,11-04-25,Washing Machine,Home Appliances,626,1,626,Lucas Garcia,Miami,Debit Card,Pending
ORD4197,16-02-25,T-Shirt,Clothing,20,4,80,Emma Johnson,Dallas,Debit Card,Completed
ORD4198,21-02-25,Jeans,Clothing,38,5,190,Michael Clark,Chicago,Amazon Pay,Completed
ORD4199,02-02-25,Running Shoes,Footwear,61,3,183,Ava Clark,Los Angeles,Credit Card,Completed
ORD4200,05-02-25,Laptop,Electronics,820,2,1640,Jane Miller,Houston,PayPal,Completed
ORD4201,26-03-25,Headphones,Electronics,102,3,306,Ava Martinez,Denver,Gift Card,Completed
ORD4202,07-03-25,Running Shoes,Footwear,57,1,57,Lucas Clark,Denver,Amazon Pay,Completed
ORD4203,30-03-25,Washing Machine,Home Appliances,589,1,589,Daniel Clark,New York,Amazon Pay,Completed
ORD4204,14-03-25,Jeans,Clothing,41,5,205,Emily Taylor,Denver,Credit Card,Completed
ORD4205,02-03-25,Running Shoes,Footwear,62,5,310,Mia Taylor,Miami,Credit Card,Completed
ORD4206,11-04-25,T-Shirt,Clothing,19,1,19,Chris Wilson,Dallas,Gift Card,Pending
ORD4207,26-04-25,Smartphone,Electronics,477,2,954,Mia Smith,Seattle,Amazon Pay,Pending
ORD4208,16-02-25,Laptop,Electronics,817,2,1634,Emma Lee,Seattle,Amazon Pay,Pending
ORD4209,11-02-25,Running Shoes,Footwear,59,1,59,Jane Clark,Denver,Debit Card,Completed
ORD4210,18-02-25,Washing Machine,Home Appliances,580,3,1740,Sophia Doe,Denver,Gift Card,Completed
ORD4211,27-02-25,Jeans,Clothing,42,4,168,Emma Wilson,Boston,Amazon Pay,Pending
ORD4212,19-04-25,Headphones,Electronics,98,4,392,Isabella White,Houston,Debit Card,Cancelled
ORD4213,30-04-25,Headphones,Electronics,101,1,101,Michael Johnson,Los Angeles,PayPal,Completed
ORD4214,20-04-25,Book,Books,15,2,30,Olivia Smith,Dallas,Gift Card,Completed
ORD4215,19-03-25,Washing Machine,Home Appliances,573,1,573,Jane Anderson,Boston,Debit Card,Pending
ORD4216,18-02-25,T-Shirt,Clothing,20,1,20,Ava Harris,San Francisco,Credit Card,Pending
ORD4217,10-03-25,Refrigerator,Home Appliances,1255,1,1255,Noah Miller,New York,Debit Card,Completed
ORD4218,28-03-25,Running Shoes,Footwear,59,2,118,Liam Martinez,Miami,Debit Card,Completed
ORD4219,08-02-25,Headphones,Electronics,102,5,510,Daniel Wilson,Houston,PayPal,Completed
ORD4220,31-03-25,Smartwatch,Electronics,149,2,298,Lucas Clark,Dallas,Debit Card,Cancelled
ORD4221,14-03-25,Smartwatch,Electronics,143,3,429,Daniel Brown,Dallas,PayPal,Completed
ORD4222,20-04-25,Washing Machine,Home Appliances,596,2,1192,Daniel Wilson,Dallas,Gift Card,Completed
ORD4223,06-03-25,Running Shoes,Footwear,60,1,60,Alex Taylor,Seattle,Debit Card,Completed
ORD4224,04-04-25,Refrigerator,Home Appliances,1214,4,4856,Isabella Lee,Boston,Amazon Pay,Completed
ORD4225,18-03-25,Smartphone,Electronics,499,1,499,Jane Lee,Dallas,Amazon Pay,Pending
ORD4226,29-04-25,Running Shoes,Footwear,58,1,58,Olivia Clark,Los Angeles,PayPal,Completed
ORD4227,28-03-25,Refrigerator,Home Appliances,1236,1,1236,Ethan Harris,Dallas,Credit Card,Cancelled
ORD4228,13-02-25,Running Shoes,Footwear,61,4,244,Emma Lee,Seattle,Gift Card,Cancelled
ORD4229,24-04-25,T-Shirt,Clothing,21,5,105,Michael Brown,Miami,Gift Card,Completed
ORD4230,01-04-25,Headphones,Electronics,98,3,294,Daniel Doe,Seattle,Gift Card,Completed
ORD4231,04-02-25,Book,Books,15,4,60,Emma Martinez,Denver,PayPal,Completed
ORD4232,27-02-25,Laptop,Electronics,762,1,762,Emma Taylor,Los Angeles,Gift Card,Completed
ORD4233,01-04-25,Running Shoes,Footwear,62,1,62,Emma White,New York,PayPal,Pending
ORD4234,22-02-25,Smartwatch,Electronics,152,3,456,Daniel Smith,Chicago,Credit Card,Pending
ORD4235,21-04-25,Smartphone,Electronics,486,1,486,Noah Garcia,Miami,Gift Card,Completed
ORD4236,01-04-25,Washing Machine,Home Appliances,592,3,1776,Mia White,Houston,PayPal,Completed
ORD4237,10-02-25,Washing Machine,Home Appliances,579,1,579,Chris Wilson,Boston,Amazon Pay,Completed
ORD4238,09-04-25,Book,Books,15,2,30,Daniel Martinez,San Francisco,PayPal,Completed
ORD4239,16-03-25,Headphones,Electronics,97,1,97,Isabella Clark,Chicago,Gift Card,Cancelled
ORD4240,29-03-25,Jeans,Clothing,40,3,120,Daniel Taylor,Chicago,Amazon Pay,Completed
ORD4241,28-02-25,Book,Books,14,4,56,Daniel Smith,Dallas,Gift Card,Completed
ORD4242,12-02-25,Washing Machine,Home Appliances,615,1,615,Liam Martinez,Boston,Gift Card,Completed
ORD4243,08-02-25,Washing Machine,Home Appliances,611,1,611,Daniel Smith,New York,Debit Card,Completed
ORD4244,26-02-25,Jeans,Clothing,39,2,78,Ethan Wilson,Miami,Amazon Pay,Cancelled
ORD4245,11-03-25,Headphones,Electronics,103,1,103,Jane Brown,New York,Credit Card,Completed
ORD4246,12-02-25,T-Shirt,Clothing,20,3,60,Emily Clark,Los Angeles,Amazon Pay,Completed
ORD4247,28-02-25,T-Shirt,Clothing,20,4,80,Mia Garcia,Denver,Amazon Pay,Completed
ORD4248,11-03-25,Running Shoes,Footwear,58,4,232,Isabella Harris,Seattle,Amazon Pay,Completed
ORD4249,03-04-25,Refrigerator,Home Appliances,1241,1,1241,Olivia Lee,San Francisco,PayPal,Pending
ORD4250,17-02-25,T-Shirt,Clothing,20,3,60,Isabella Lee,San Francisco,Amazon Pay,Completed
ORD4251,08-02-25,Washing Machine,Home Appliances,573,1,573,Liam Taylor,Los Angeles,Credit Card,Completed
ORD4252,10-04-25,Washing Machine,Home Appliances,575,1,575,Alex Wilson,Denver,Debit Card,Completed
ORD4253,05-04-25,T-Shirt,Clothing,20,3,60,Ava White,Miami,Credit Card,Pending
ORD4254,21-04-25,Refrigerator,Home Appliances,1153,3,3459,Sophia Wilson,Miami,PayPal,Completed
ORD4255,12-02-25,Headphones,Electronics,100,5,500,Alex White,Houston,Debit Card,Pending
ORD4256,21-03-25,Headphones,Electronics,100,1,100,Emily Miller,San Francisco,Gift Card,Completed
ORD4257,12-02-25,Smartphone,Electronics,479,2,958,Sophia Martinez,New York,Credit Card,Completed
ORD4258,11-03-25,Smartwatch,Electronics,155,1,155,Ethan Lee,New York,Debit Card,Completed
ORD4259,01-02-25,Headphones,Electronics,102,1,102,Michael Johnson,Seattle,Amazon Pay,Completed
ORD4260,07-02-25,Smartwatch,Electronics,154,1,154,Daniel Martinez,Houston,Debit Card,Cancelled
ORD4261,24-03-25,Washing Machine,Home Appliances,598,4,2392,Ava White,Los Angeles,Debit Card,Pending
ORD4262,16-04-25,Jeans,Clothing,39,1,39,Chris Garcia,Chicago,Amazon Pay,Completed
ORD4263,14-02-25,Smartwatch,Electronics,156,3,468,Emma Johnson,Chicago,Gift Card,Cancelled
ORD4264,31-03-25,Running Shoes,Footwear,62,2,124,Isabella Miller,Denver,Amazon Pay,Completed
ORD4265,04-02-25,Washing Machine,Home Appliances,610,1,610,Chris Doe,Denver,PayPal,Completed
ORD4266,22-04-25,Book,Books,15,4,60,Lucas Lee,Miami,Credit Card,Cancelled
ORD4267,26-02-25,Headphones,Electronics,100,2,200,Emily Smith,Dallas,PayPal,Completed
ORD4268,25-04-25,Smartwatch,Electronics,150,1,150,Daniel Anderson,Chicago,Credit Card,Completed
ORD4269,21-03-25,Running Shoes,Footwear,59,2,118,Michael Taylor,Houston,Debit Card,Pending
ORD4270,22-03-25,T-Shirt,Clothing,19,3,57,Daniel Wilson,Chicago,Gift Card,Completed
ORD4271,25-02-25,Book,Books,15,3,45,Emma Clark,San Francisco,Credit Card,Completed
ORD4272,15-03-25,Running Shoes,Footwear,58,3,174,Olivia Smith,Miami,PayPal,Completed
ORD4273,02-02-25,Refrigerator,Home Appliances,1199,1,1199,Ava Brown,Seattle,Credit Card,Completed
ORD4274,11-02-25,Smartphone,Electronics,487,2,974,Alex Taylor,San Francisco,Debit Card,Completed
ORD4275,21-03-25,Jeans,Clothing,39,1,39,Mia Brown,Chicago,PayPal,Cancelled
ORD4276,16-03-25,Washing Machine,Home Appliances,613,1,613,David Brown,Seattle,Gift Card,Pending
ORD4277,27-03-25,Book,Books,15,5,75,Lucas Wilson,Chicago,Debit Card,Pending
ORD4278,21-02-25,Book,Books,15,3,45,Isabella Wilson,Boston,Gift Card,Cancelled
ORD4279,21-03-25,Book,Books,16,5,80,Emily Clark,Houston,Amazon Pay,Completed
ORD4280,09-04-25,Headphones,Electronics,99,1,99,Isabella Wilson,San Francisco,Debit Card,Completed
ORD4281,12-04-25,Washing Machine,Home Appliances,577,1,577,Daniel Brown,Los Angeles,PayPal,Completed
ORD4282,26-02-25,T-Shirt,Clothing,20,1,20,David Martinez,Chicago,Credit Card,Completed
ORD4283,05-03-25,Refrigerator,Home Appliances,1229,4,4916,Sophia Anderson,Boston,Debit Card,Cancelled
ORD4284,26-02-25,Jeans,Clothing,41,3,123,David Anderson,Chicago,Amazon Pay,Completed
ORD4285,15-02-25,Book,Books,15,2,30,Ethan Taylor,Los Angeles,Amazon Pay,Cancelled
ORD4286,10-03-25,T-Shirt,Clothing,20,3,60,Sophia Johnson,Dallas,PayPal,Pending
ORD4287,02-03-25,Book,Books,15,3,45,Emma Anderson,Los Angeles,Gift Card,Completed
ORD4288,24-02-25,Laptop,Electronics,802,2,1604,David Garcia,Los Angeles,PayPal,Cancelled
ORD4289,25-03-25,Jeans,Clothing,40,3,120,Chris Lee,Houston,Debit Card,Pending
ORD4290,11-04-25,Smartphone,Electronics,486,3,1458,Daniel Garcia,Boston,PayPal,Completed
ORD4291,22-02-25,Refrigerator,Home Appliances,1197,3,3591,Noah White,San Francisco,PayPal,Completed
ORD4292,16-04-25,Laptop,Electronics,809,1,809,Ava Anderson,Dallas,Debit Card,Completed
ORD4293,20-03-25,T-Shirt,Clothing,19,2,38,Ava Miller,Houston,Gift Card,Cancelled
ORD4294,22-02-25,Smartwatch,Electronics,146,5,730,John Wilson,New York,Gift Card,Cancelled
ORD4295,01-03-25,Smartwatch,Electronics,156,1,156,Ava Martinez,Chicago,Credit Card,Completed
ORD4296,11-02-25,Smartphone,Electronics,506,5,2530,Isabella White,New York,Gift Card,Completed
ORD4297,07-03-25,Headphones,Electronics,102,5,510,Jane Harris,New York,Debit Card,Completed
ORD4298,13-02-25,T-Shirt,Clothing,19,2,38,Michael Clark,Denver,Debit Card,Completed
ORD4299,23-04-25,Book,Books,15,1,15,Noah Clark,Boston,Amazon Pay,Pending
ORD4300,18-03-25,Washing Machine,Home Appliances,601,1,601,Lucas Clark,Boston,Debit Card,Pending
ORD4301,07-04-25,Book,Books,15,4,60,Emily Brown,New York,Debit Card,Cancelled
ORD4302,24-02-25,Running Shoes,Footwear,62,5,310,Liam Clark,New York,Credit Card,Completed
ORD4303,24-02-25,Book,Books,15,1,15,John Anderson,Dallas,Debit Card,Pending
ORD4304,19-04-25,Book,Books,16,5,80,Ava Smith,Seattle,Debit Card,Completed
ORD4305,17-04-25,Jeans,Clothing,38,1,38,Emily Anderson,Boston,Debit Card,Cancelled
ORD4306,09-02-25,Headphones,Electronics,97,5,485,Olivia Harris,Houston,Amazon Pay,Completed
ORD4307,16-03-25,T-Shirt,Clothing,20,4,80,Liam Miller,Houston,Amazon Pay,Completed
ORD4308,06-02-25,Book,Books,15,2,30,Ava White,Chicago,Gift Card,Completed
ORD4309,22-04-25,Washing Machine,Home Appliances,593,1,593,Alex Smith,Chicago,Debit Card,Completed
ORD4310,12-04-25,Refrigerator,Home Appliances,1144,1,1144,Liam Johnson,Seattle,PayPal,Completed
ORD4311,13-02-25,Smartwatch,Electronics,148,2,296,Mia Clark,Houston,PayPal,Completed
ORD4312,06-04-25,Smartwatch,Electronics,154,5,770,Lucas Doe,New York,Debit Card,Completed
ORD4313,05-02-25,Smartphone,Electronics,494,1,494,Chris Clark,Houston,Credit Card,Completed
ORD4314,19-03-25,Headphones,Electronics,96,1,96,Noah Anderson,Seattle,Amazon Pay,Completed
ORD4315,23-03-25,Book,Books,15,5,75,Sophia Anderson,Los Angeles,Gift Card,Completed
ORD4316,23-02-25,Jeans,Clothing,39,4,156,David Lee,Dallas,Gift Card,Completed
ORD4317,28-04-25,Smartphone,Electronics,482,2,964,John Garcia,Miami,Amazon Pay,Completed
ORD4318,15-03-25,Book,Books,15,5,75,Daniel Johnson,Seattle,PayPal,Pending
ORD4319,06-04-25,Laptop,Electronics,826,2,1652,Emma Brown,Seattle,Amazon Pay,Completed
ORD4320,07-03-25,Running Shoes,Footwear,58,3,174,Lucas Lee,Miami,Credit Card,Completed
ORD4321,29-04-25,Running Shoes,Footwear,62,4,248,Ethan Brown,New York,Debit Card,Pending
ORD4322,19-03-25,Washing Machine,Home Appliances,590,3,1770,Michael Harris,New York,PayPal,Completed
ORD4323,09-03-25,Running Shoes,Footwear,58,2,116,Emily Anderson,Chicago,PayPal,Completed
ORD4324,18-03-25,Laptop,Electronics,836,1,836,Liam Brown,Dallas,Amazon Pay,Pending
ORD4325,15-02-25,T-Shirt,Clothing,19,1,19,Olivia Garcia,Denver,Debit Card,Completed
ORD4326,07-03-25,Jeans,Clothing,39,3,117,Ethan Doe,Miami,PayPal,Completed
ORD4327,05-04-25,Washing Machine,Home Appliances,594,2,1188,Mia Wilson,Boston,PayPal,Completed
ORD4328,26-02-25,Book,Books,15,4,60,Ethan Doe,Los Angeles,Gift Card,Completed
ORD4329,06-02-25,Jeans,Clothing,38,3,114,Ethan Wilson,Chicago,Amazon Pay,Cancelled
ORD4330,30-03-25,Book,Books,15,2,30,Daniel Johnson,Dallas,PayPal,Pending
ORD4331,07-03-25,Running Shoes,Footwear,62,2,124,Ethan Garcia,Houston,PayPal,Pending
ORD4332,16-04-25,Headphones,Electronics,96,3,288,Chris Lee,Seattle,PayPal,Completed
ORD4333,15-02-25,Refrigerator,Home Appliances,1169,1,1169,Noah Martinez,Miami,PayPal,Completed
ORD4334,06-04-25,Smartphone,Electronics,477,5,2385,Mia Anderson,Dallas,PayPal,Completed
ORD4335,23-04-25,Jeans,Clothing,39,4,156,Ethan Clark,Houston,Debit Card,Completed
ORD4336,24-02-25,Refrigerator,Home Appliances,1230,1,1230,Liam Taylor,San Francisco,PayPal,Pending
ORD4337,30-03-25,Laptop,Electronics,827,1,827,Lucas Anderson,Dallas,Gift Card,Completed
ORD4338,21-03-25,Running Shoes,Footwear,61,5,305,David Johnson,Houston,Debit Card,Completed
ORD4339,21-03-25,Headphones,Electronics,103,5,515,Daniel Doe,New York,Debit Card,Completed
ORD4340,02-03-25,Smartwatch,Electronics,146,2,292,Isabella Taylor,Seattle,Debit Card,Pending
ORD4341,25-04-25,Headphones,Electronics,102,2,204,Emily Miller,San Francisco,Credit Card,Completed
ORD4342,19-04-25,T-Shirt,Clothing,19,4,76,Sophia Anderson,San Francisco,Amazon Pay,Completed
ORD4343,24-04-25,T-Shirt,Clothing,20,2,40,Ethan Martinez,San Francisco,Debit Card,Completed
ORD4344,07-04-25,Headphones,Electronics,102,1,102,Lucas Wilson,Dallas,Credit Card,Pending
ORD4345,03-03-25,Running Shoes,Footwear,60,3,180,Olivia Clark,San Francisco,PayPal,Cancelled
ORD4346,05-02-25,T-Shirt,Clothing,21,1,21,Daniel Martinez,Dallas,Debit Card,Completed
ORD4347,16-03-25,Smartwatch,Electronics,152,2,304,Emily Miller,Dallas,Amazon Pay,Completed
ORD4348,16-04-25,T-Shirt,Clothing,19,3,57,John Miller,San Francisco,Debit Card,Completed
ORD4349,02-04-25,Refrigerator,Home Appliances,1201,1,1201,Daniel Wilson,Los Angeles,Credit Card,Completed
ORD4350,27-03-25,Headphones,Electronics,96,4,384,Mia Wilson,San Francisco,PayPal,Pending
ORD4351,08-02-25,Refrigerator,Home Appliances,1255,1,1255,Daniel Doe,Boston,Credit Card,Completed
ORD4352,10-04-25,Headphones,Electronics,96,2,192,Michael White,Seattle,Gift Card,Cancelled
ORD4353,17-02-25,Smartwatch,Electronics,155,2,310,Emma Lee,San Francisco,Credit Card,Cancelled
ORD4354,27-02-25,Headphones,Electronics,99,3,297,John Doe,Seattle,Credit Card,Completed
ORD4355,28-04-25,Smartwatch,Electronics,144,1,144,Emma Garcia,San Francisco,Gift Card,Pending
ORD4356,19-04-25,Running Shoes,Footwear,58,2,116,Ava Johnson,Denver,Gift Card,Cancelled
ORD4357,29-03-25,T-Shirt,Clothing,20,1,20,Jane Johnson,Los Angeles,PayPal,Pending
ORD4358,04-04-25,Smartphone,Electronics,513,2,1026,Ethan Smith,Dallas,PayPal,Cancelled
ORD4359,15-04-25,Smartphone,Electronics,476,1,476,Michael Anderson,San Francisco,Debit Card,Completed
ORD4360,22-04-25,Running Shoes,Footwear,61,1,61,Mia Lee,Miami,Amazon Pay,Pending
ORD4361,15-03-25,Book,Books,16,1,16,Michael Garcia,Chicago,PayPal,Pending
ORD4362,23-02-25,Smartphone,Electronics,503,4,2012,David White,Los Angeles,PayPal,Cancelled
ORD4363,24-04-25,Running Shoes,Footwear,59,3,177,Olivia Wilson,Seattle,PayPal,Completed
ORD4364,26-03-25,Running Shoes,Footwear,58,5,290,Isabella Harris,San Francisco,Gift Card,Completed
ORD4365,03-04-25,Refrigerator,Home Appliances,1186,1,1186,Liam Wilson,Chicago,PayPal,Pending
ORD4366,07-02-25,Washing Machine,Home Appliances,577,5,2885,Olivia Garcia,New York,Amazon Pay,Pending
ORD4367,08-03-25,Refrigerator,Home Appliances,1241,1,1241,Chris Anderson,Boston,Credit Card,Completed
ORD4368,01-04-25,T-Shirt,Clothing,21,1,21,Alex Brown,Dallas,Credit Card,Completed
ORD4369,13-03-25,Running Shoes,Footwear,58,4,232,Noah Garcia,Los Angeles,Debit Card,Completed
ORD4370,12-04-25,Refrigerator,Home Appliances,1232,1,1232,Mia Clark,Dallas,Gift Card,Completed
ORD4371,18-03-25,Smartwatch,Electronics,150,3,450,Lucas Anderson,Los Angeles,Amazon Pay,Cancelled
ORD4372,08-04-25,Refrigerator,Home Appliances,1221,1,1221,Ethan Garcia,Los Angeles,Amazon Pay,Completed
ORD4373,26-03-25,Book,Books,15,2,30,Chris Martinez,Los Angeles,Amazon Pay,Cancelled
ORD4374,17-03-25,Smartwatch,Electronics,149,5,745,Mia Harris,Boston,Amazon Pay,Completed
ORD4375,01-03-25,T-Shirt,Clothing,19,5,95,Sophia Martinez,Houston,Credit Card,Pending
ORD4376,23-03-25,Headphones,Electronics,104,4,416,Ava White,Los Angeles,Amazon Pay,Completed
ORD4377,19-03-25,Smartwatch,Electronics,150,3,450,John Garcia,Miami,Amazon Pay,Cancelled
ORD4378,29-04-25,Running Shoes,Footwear,62,3,186,David Johnson,Denver,Amazon Pay,Pending
ORD4379,31-03-25,Jeans,Clothing,41,1,41,David Clark,Houston,Debit Card,Completed
ORD4380,22-03-25,Laptop,Electronics,823,3,2469,Daniel Harris,Houston,Credit Card,Completed
ORD4381,11-02-25,Jeans,Clothing,41,4,164,Noah Smith,Denver,PayPal,Completed
ORD4382,26-02-25,Smartwatch,Electronics,156,2,312,Daniel Doe,Dallas,Gift Card,Completed
ORD4383,31-03-25,Headphones,Electronics,96,2,192,Jane Doe,Los Angeles,Amazon Pay,Completed
ORD4384,21-02-25,Jeans,Clothing,40,1,40,Olivia Smith,San Francisco,PayPal,Completed
ORD4385,05-04-25,Refrigerator,Home Appliances,1258,5,6290,Michael Johnson,New York,Debit Card,Completed
ORD4386,23-02-25,Book,Books,15,3,45,David Anderson,Chicago,Gift Card,Completed
ORD4387,09-03-25,Smartwatch,Electronics,146,2,292,Emma Garcia,Chicago,Gift Card,Completed
ORD4388,03-02-25,Smartphone,Electronics,478,3,1434,Daniel White,Chicago,Gift Card,Completed
ORD4389,30-04-25,Laptop,Electronics,776,2,1552,Isabella Johnson,Los Angeles,Debit Card,Completed
ORD4390,11-03-25,Running Shoes,Footwear,59,4,236,John Johnson,Chicago,Amazon Pay,Pending
ORD4391,22-02-25,Smartphone,Electronics,495,1,495,Alex Doe,Seattle,Amazon Pay,Completed
ORD4392,17-04-25,Jeans,Clothing,40,2,80,Jane Wilson,Houston,PayPal,Pending
ORD4393,22-02-25,Smartwatch,Electronics,156,2,312,Sophia Anderson,Boston,Gift Card,Completed
ORD4394,17-03-25,Washing Machine,Home Appliances,579,1,579,Sophia Harris,New York,Debit Card,Cancelled
ORD4395,21-03-25,Jeans,Clothing,42,3,126,Daniel Miller,San Francisco,Credit Card,Completed
ORD4396,11-04-25,Washing Machine,Home Appliances,595,1,595,Jane Harris,Miami,Credit Card,Completed
ORD4397,29-04-25,Running Shoes,Footwear,60,3,180,Noah Johnson,Miami,Credit Card,Cancelled
ORD4398,23-03-25,T-Shirt,Clothing,19,4,76,Mia Smith,New York,PayPal,Completed
ORD4399,23-02-25,Running Shoes,Footwear,57,4,228,Ethan Anderson,San Francisco,PayPal,Pending
ORD4400,19-03-25,Smartphone,Electronics,497,1,497,Chris Doe,Houston,PayPal,Completed
ORD4401,20-03-25,Running Shoes,Footwear,59,2,118,Isabella Anderson,Los Angeles,Debit Card,Completed
ORD4402,04-02-25,Jeans,Clothing,39,4,156,Jane Harris,Boston,Credit Card,Pending
ORD4403,09-04-25,Smartphone,Electronics,518,1,518,Ethan Johnson,Denver,Debit Card,Completed
ORD4404,25-02-25,Headphones,Electronics,102,1,102,Lucas Smith,Houston,Debit Card,Completed
ORD4405,20-04-25,Refrigerator,Home Appliances,1249,1,1249,David Wilson,Denver,Amazon Pay,Cancelled
ORD4406,03-02-25,Jeans,Clothing,41,4,164,Ethan Doe,Chicago,Credit Card,Completed
ORD4407,19-02-25,Book,Books,15,1,15,Daniel Garcia,Houston,Gift Card,Cancelled
ORD4408,31-03-25,Refrigerator,Home Appliances,1218,1,1218,Mia Taylor,San Francisco,Debit Card,Completed
ORD4409,24-04-25,Running Shoes,Footwear,60,5,300,John Wilson,New York,Amazon Pay,Cancelled
ORD4410,16-03-25,Book,Books,15,1,15,Emma Wilson,New York,Debit Card,Pending
ORD4411,13-03-25,Refrigerator,Home Appliances,1200,1,1200,Daniel Clark,Houston,Gift Card,Cancelled
ORD4412,08-04-25,Headphones,Electronics,100,1,100,Noah Harris,Boston,Amazon Pay,Completed
ORD4413,17-03-25,Headphones,Electronics,102,3,306,Olivia Martinez,Boston,Debit Card,Completed
ORD4414,07-02-25,Refrigerator,Home Appliances,1143,4,4572,Daniel Taylor,Seattle,Amazon Pay,Pending
ORD4415,01-04-25,Laptop,Electronics,765,1,765,David Harris,Chicago,Amazon Pay,Completed
ORD4416,23-03-25,Running Shoes,Footwear,62,1,62,Ethan Wilson,Seattle,Credit Card,Completed
ORD4417,09-02-25,Washing Machine,Home Appliances,577,1,577,John Martinez,Chicago,Credit Card,Completed
ORD4418,07-04-25,Jeans,Clothing,41,5,205,Daniel Martinez,Dallas,Credit Card,Completed
ORD4419,17-02-25,Laptop,Electronics,835,5,4175,Olivia Taylor,Chicago,Amazon Pay,Cancelled
ORD4420,10-04-25,Refrigerator,Home Appliances,1150,1,1150,Daniel Wilson,Miami,Debit Card,Completed
ORD4421,15-03-25,Running Shoes,Footwear,58,4,232,Liam Doe,Dallas,Gift Card,Completed
ORD4422,09-03-25,Book,Books,16,3,48,Jane Harris,Houston,Credit Card,Completed
ORD4423,10-03-25,Smartwatch,Electronics,145,1,145,Chris Johnson,Seattle,Debit Card,Completed
ORD4424,13-04-25,Smartphone,Electronics,492,1,492,Mia Harris,Chicago,Amazon Pay,Completed
ORD4425,28-03-25,Headphones,Electronics,99,5,495,David Garcia,Boston,Debit Card,Cancelled
ORD4426,06-03-25,Refrigerator,Home Appliances,1241,2,2482,Noah Harris,Los Angeles,Amazon Pay,Pending
ORD4427,18-03-25,Headphones,Electronics,102,3,306,John Garcia,Seattle,PayPal,Completed
ORD4428,03-04-25,Smartphone,Electronics,500,2,1000,Michael Johnson,Los Angeles,PayPal,Pending
ORD4429,18-02-25,Washing Machine,Home Appliances,594,1,594,Noah Brown,Miami,PayPal,Pending
ORD4430,11-04-25,Book,Books,15,2,30,Emily Anderson,Houston,Credit Card,Pending
ORD4431,10-02-25,T-Shirt,Clothing,20,1,20,Noah White,Boston,Gift Card,Cancelled
ORD4432,21-04-25,Smartphone,Electronics,500,1,500,Olivia Smith,Dallas,Gift Card,Completed
ORD4433,07-03-25,Laptop,Electronics,812,2,1624,Daniel Lee,New York,Gift Card,Completed
ORD4434,12-03-25,T-Shirt,Clothing,21,1,21,Daniel Clark,Dallas,Amazon Pay,Completed
ORD4435,11-03-25,Refrigerator,Home Appliances,1154,1,1154,Lucas Doe,Denver,Credit Card,Pending
ORD4436,10-02-25,Refrigerator,Home Appliances,1240,1,1240,Mia Miller,Dallas,Debit Card,Cancelled
ORD4437,20-04-25,Laptop,Electronics,798,3,2394,Emily Johnson,Los Angeles,Gift Card,Cancelled
ORD4438,30-03-25,Jeans,Clothing,40,5,200,Daniel Martinez,New York,Gift Card,Completed
ORD4439,09-02-25,Laptop,Electronics,817,1,817,Daniel Harris,Chicago,Gift Card,Pending
ORD4440,12-03-25,Running Shoes,Footwear,58,2,116,Michael Miller,Seattle,Credit Card,Completed
ORD4441,05-03-25,Laptop,Electronics,832,1,832,Michael Clark,Dallas,Debit Card,Pending
ORD4442,14-03-25,Jeans,Clothing,39,3,117,Olivia Taylor,Denver,Amazon Pay,Completed
ORD4443,26-04-25,Laptop,Electronics,829,1,829,Ethan White,Boston,Debit Card,Pending
ORD4444,10-04-25,Jeans,Clothing,40,2,80,Ethan Martinez,Houston,Gift Card,Cancelled
ORD4445,01-02-25,Laptop,Electronics,761,2,1522,Sophia Garcia,Boston,Amazon Pay,Cancelled
ORD4446,01-04-25,T-Shirt,Clothing,21,4,84,Chris Lee,Houston,Debit Card,Completed
ORD4447,09-02-25,Smartphone,Electronics,489,1,489,Alex Harris,San Francisco,Amazon Pay,Completed
ORD4448,23-03-25,Smartphone,Electronics,494,2,988,Emily Clark,Seattle,Gift Card,Pending
ORD4449,23-04-25,Running Shoes,Footwear,62,5,310,Alex Brown,Denver,Gift Card,Completed
ORD4450,04-02-25,Refrigerator,Home Appliances,1202,1,1202,Ethan Garcia,Los Angeles,Gift Card,Cancelled
ORD4451,02-04-25,Book,Books,14,5,70,Olivia Harris,Boston,Credit Card,Completed
ORD4452,15-03-25,Running Shoes,Footwear,63,4,252,Daniel Clark,New York,Debit Card,Completed
ORD4453,02-03-25,Smartwatch,Electronics,149,1,149,Mia Martinez,Miami,Gift Card,Pending
ORD4454,20-02-25,Refrigerator,Home Appliances,1254,5,6270,Daniel Martinez,Miami,Gift Card,Completed
ORD4455,06-04-25,Running Shoes,Footwear,57,2,114,Michael Clark,San Francisco,Credit Card,Completed
ORD4456,28-03-25,T-Shirt,Clothing,21,5,105,Daniel Harris,Dallas,Gift Card,Completed
ORD4457,13-02-25,Headphones,Electronics,104,1,104,Mia Doe,Chicago,Gift Card,Pending
ORD4458,22-04-25,Smartphone,Electronics,501,2,1002,Ava Brown,San Francisco,Credit Card,Pending
ORD4459,22-02-25,Laptop,Electronics,783,5,3915,Lucas Taylor,Boston,Amazon Pay,Pending
ORD4460,19-03-25,Running Shoes,Footwear,57,5,285,Daniel Miller,Los Angeles,PayPal,Completed
ORD4461,16-03-25,Running Shoes,Footwear,62,3,186,Ava Harris,Seattle,PayPal,Completed
ORD4462,23-03-25,Refrigerator,Home Appliances,1160,2,2320,Michael Smith,Chicago,PayPal,Cancelled
ORD4463,01-04-25,T-Shirt,Clothing,20,2,40,Chris Harris,Chicago,Amazon Pay,Cancelled
ORD4464,10-03-25,Refrigerator,Home Appliances,1229,3,3687,Emily Garcia,Chicago,PayPal,Completed
ORD4465,01-04-25,Washing Machine,Home Appliances,623,1,623,Noah Taylor,Dallas,Amazon Pay,Completed
ORD4466,27-02-25,Smartwatch,Electronics,152,3,456,Liam Lee,Seattle,Credit Card,Cancelled
ORD4467,23-04-25,Washing Machine,Home Appliances,608,1,608,Mia Harris,Los Angeles,Credit Card,Completed
ORD4468,13-02-25,Refrigerator,Home Appliances,1224,4,4896,Jane Lee,Los Angeles,Amazon Pay,Completed
ORD4469,25-02-25,Washing Machine,Home Appliances,589,1,589,Noah Wilson,Los Angeles,Gift Card,Completed
ORD4470,06-03-25,Headphones,Electronics,101,1,101,Jane Taylor,San Francisco,Credit Card,Completed
ORD4471,12-02-25,Running Shoes,Footwear,62,1,62,Emily Garcia,Miami,Credit Card,Cancelled
ORD4472,22-03-25,Book,Books,15,5,75,Jane Anderson,Chicago,Gift Card,Completed
ORD4473,27-03-25,Washing Machine,Home Appliances,601,3,1803,Noah Wilson,Dallas,Gift Card,Completed
ORD4474,05-02-25,T-Shirt,Clothing,20,2,40,Lucas Martinez,Miami,PayPal,Completed
ORD4475,28-02-25,Laptop,Electronics,807,4,3228,Liam Brown,Denver,Debit Card,Completed
ORD4476,18-03-25,Running Shoes,Footwear,62,5,310,John Martinez,Houston,Credit Card,Completed
ORD4477,10-02-25,Refrigerator,Home Appliances,1244,1,1244,Ethan Miller,Houston,Credit Card,Pending
ORD4478,23-04-25,Laptop,Electronics,813,5,4065,John Taylor,Chicago,PayPal,Completed
ORD4479,19-02-25,Smartwatch,Electronics,157,5,785,Jane Taylor,Los Angeles,PayPal,Completed
ORD4480,13-04-25,Running Shoes,Footwear,59,1,59,Daniel White,Chicago,Amazon Pay,Completed
ORD4481,08-03-25,Headphones,Electronics,101,1,101,Emily White,Denver,Credit Card,Completed
ORD4482,01-03-25,Book,Books,15,5,75,Olivia Miller,Miami,PayPal,Cancelled
ORD4483,12-04-25,Smartwatch,Electronics,157,2,314,Sophia Johnson,Chicago,PayPal,Cancelled
ORD4484,26-02-25,Running Shoes,Footwear,61,4,244,Noah Wilson,Boston,Debit Card,Completed
ORD4485,05-04-25,Refrigerator,Home Appliances,1196,1,1196,John Miller,San Francisco,Debit Card,Completed
ORD4486,06-03-25,Washing Machine,Home Appliances,593,1,593,Jane Garcia,Boston,Credit Card,Completed
ORD4487,25-02-25,Laptop,Electronics,774,4,3096,Chris White,Los Angeles,Gift Card,Completed
ORD4488,16-04-25,T-Shirt,Clothing,21,2,42,Isabella White,New York,Gift Card,Completed
ORD4489,27-02-25,Headphones,Electronics,95,3,285,Lucas Wilson,Los Angeles,Gift Card,Cancelled
ORD4490,09-02-25,Running Shoes,Footwear,59,4,236,Mia Smith,New York,Gift Card,Completed
ORD4491,20-02-25,Smartwatch,Electronics,143,3,429,Isabella Martinez,Seattle,Gift Card,Completed
ORD4492,11-02-25,Running Shoes,Footwear,63,4,252,Daniel Lee,Houston,Gift Card,Completed
ORD4493,24-04-25,Book,Books,16,4,64,Emily White,Denver,Debit Card,Pending
ORD4494,13-03-25,Headphones,Electronics,105,3,315,David Martinez,Chicago,Debit Card,Cancelled
ORD4495,25-02-25,Jeans,Clothing,40,1,40,Ethan Doe,Los Angeles,Gift Card,Completed
ORD4496,17-02-25,Washing Machine,Home Appliances,599,4,2396,Chris Doe,Chicago,Credit Card,Completed
ORD4497,31-03-25,Headphones,Electronics,97,3,291,Isabella Doe,Miami,Debit Card,Cancelled
ORD4498,20-03-25,Jeans,Clothing,40,4,160,Emma Taylor,Boston,Amazon Pay,Completed
ORD4499,10-03-25,Headphones,Electronics,95,1,95,Mia Lee,Houston,Amazon Pay,Completed
ORD4500,11-03-25,Washing Machine,Home Appliances,574,1,574,Emily Taylor,Boston,Amazon Pay,Completed
ORD4501,09-03-25,Smartwatch,Electronics,150,3,450,Olivia White,Houston,Credit Card,Completed
ORD4502,25-02-25,Laptop,Electronics,789,2,1578,Daniel Martinez,Denver,Amazon Pay,Completed
ORD4503,01-03-25,Smartphone,Electronics,496,1,496,Ava Harris,San Francisco,Amazon Pay,Pending
ORD4504,24-02-25,T-Shirt,Clothing,21,2,42,Mia Martinez,Dallas,Debit Card,Completed
ORD4505,17-04-25,Book,Books,14,2,28,Isabella Garcia,Dallas,Gift Card,Completed
ORD4506,30-03-25,Jeans,Clothing,41,5,205,Alex Clark,New York,Credit Card,Pending
ORD4507,06-03-25,Refrigerator,Home Appliances,1142,1,1142,Mia Garcia,Denver,PayPal,Completed
ORD4508,20-02-25,Headphones,Electronics,98,1,98,Ava Johnson,Dallas,Amazon Pay,Completed
ORD4509,29-03-25,Headphones,Electronics,98,1,98,Emma Brown,Denver,Debit Card,Completed
ORD4510,07-04-25,Washing Machine,Home Appliances,600,2,1200,Daniel Harris,San Francisco,Gift Card,Pending
ORD4511,02-03-25,Jeans,Clothing,39,5,195,Daniel Martinez,San Francisco,PayPal,Cancelled
ORD4512,02-04-25,T-Shirt,Clothing,21,4,84,Daniel Clark,Miami,Debit Card,Pending
ORD4513,05-04-25,Washing Machine,Home Appliances,575,1,575,Mia Johnson,Denver,Gift Card,Completed
ORD4514,21-02-25,Smartwatch,Electronics,156,1,156,Daniel Clark,New York,Credit Card,Pending
ORD4515,31-03-25,Smartwatch,Electronics,156,1,156,Isabella Smith,Los Angeles,Debit Card,Completed
ORD4516,30-04-25,Running Shoes,Footwear,60,2,120,Daniel Taylor,Seattle,Gift Card,Completed
ORD4517,23-04-25,Jeans,Clothing,39,4,156,David White,Boston,Credit Card,Completed
ORD4518,01-03-25,Smartwatch,Electronics,154,3,462,Liam Taylor,Houston,Debit Card,Completed
ORD4519,16-02-25,Refrigerator,Home Appliances,1173,1,1173,Alex Garcia,Boston,Debit Card,Pending
ORD4520,03-02-25,Washing Machine,Home Appliances,628,1,628,Daniel Doe,Seattle,Credit Card,Completed
ORD4521,07-04-25,T-Shirt,Clothing,20,1,20,Chris Brown,New York,Credit Card,Completed
ORD4522,29-04-25,Running Shoes,Footwear,60,3,180,Emma Clark,Dallas,Amazon Pay,Completed
ORD4523,01-02-25,Headphones,Electronics,104,3,312,Daniel Smith,Denver,Amazon Pay,Completed
ORD4524,15-02-25,Smartphone,Electronics,508,3,1524,Mia Garcia,New York,Gift Card,Cancelled
ORD4525,11-04-25,Laptop,Electronics,819,1,819,Daniel Brown,Miami,Debit Card,Completed
ORD4526,05-04-25,Refrigerator,Home Appliances,1188,1,1188,Daniel Garcia,Chicago,Credit Card,Completed
ORD4527,13-04-25,Washing Machine,Home Appliances,627,3,1881,Jane Brown,Chicago,Credit Card,Completed
ORD4528,14-04-25,Headphones,Electronics,100,4,400,John Lee,Seattle,PayPal,Pending
ORD4529,23-02-25,Laptop,Electronics,828,4,3312,Noah Taylor,Chicago,Debit Card,Cancelled
ORD4530,28-04-25,Jeans,Clothing,38,5,190,Lucas Garcia,Chicago,Credit Card,Pending
ORD4531,20-02-25,T-Shirt,Clothing,20,4,80,Ava Wilson,Houston,Credit Card,Pending
ORD4532,03-03-25,Smartwatch,Electronics,148,2,296,Alex Garcia,Boston,PayPal,Pending
ORD4533,14-04-25,Smartwatch,Electronics,146,1,146,Emily Smith,Boston,Amazon Pay,Pending
ORD4534,24-02-25,Book,Books,14,1,14,Liam Harris,Boston,Debit Card,Completed
ORD4535,27-03-25,Laptop,Electronics,770,1,770,Mia Taylor,New York,Credit Card,Completed
ORD4536,08-04-25,Smartphone,Electronics,475,3,1425,Lucas Clark,Miami,Debit Card,Completed
ORD4537,07-03-25,Refrigerator,Home Appliances,1192,1,1192,Liam Anderson,New York,Gift Card,Pending
ORD4538,11-02-25,Smartwatch,Electronics,152,3,456,Ethan White,Los Angeles,PayPal,Completed
ORD4539,14-04-25,Smartwatch,Electronics,145,1,145,Ethan Johnson,Dallas,Debit Card,Completed
ORD4540,02-03-25,Refrigerator,Home Appliances,1243,1,1243,Ethan Doe,Miami,Debit Card,Pending
ORD4541,04-03-25,Smartwatch,Electronics,152,1,152,Ethan White,Los Angeles,Credit Card,Completed
ORD4542,24-03-25,Jeans,Clothing,38,3,114,Michael Harris,Boston,Amazon Pay,Completed
ORD4543,04-03-25,Book,Books,16,1,16,Daniel Johnson,Dallas,Debit Card,Completed
ORD4544,19-02-25,Refrigerator,Home Appliances,1212,1,1212,Olivia Harris,Miami,Credit Card,Completed
ORD4545,04-04-25,Washing Machine,Home Appliances,584,1,584,Michael Anderson,Dallas,PayPal,Completed
ORD4546,22-04-25,Book,Books,15,2,30,Ethan Clark,Dallas,Credit Card,Completed
ORD4547,24-03-25,Smartphone,Electronics,522,1,522,Ethan Johnson,Dallas,Credit Card,Cancelled
ORD4548,28-04-25,Running Shoes,Footwear,61,2,122,Daniel Doe,Los Angeles,Amazon Pay,Completed
ORD4549,15-03-25,Refrigerator,Home Appliances,1246,1,1246,Michael Taylor,Houston,Credit Card,Completed
ORD4550,10-04-25,Headphones,Electronics,98,1,98,John Garcia,San Francisco,Credit Card,Pending
ORD4551,27-02-25,Refrigerator,Home Appliances,1156,1,1156,Emma Wilson,Houston,Debit Card,Completed
ORD4552,16-03-25,Refrigerator,Home Appliances,1221,1,1221,John Martinez,Chicago,Amazon Pay,Completed
ORD4553,02-02-25,Book,Books,15,1,15,Mia Taylor,Chicago,Credit Card,Completed
ORD4554,08-03-25,Book,Books,14,2,28,Sophia Garcia,Miami,Gift Card,Pending
ORD4555,12-03-25,Washing Machine,Home Appliances,594,1,594,Sophia Smith,Chicago,Gift Card,Completed
ORD4556,02-03-25,Smartphone,Electronics,478,1,478,Ethan Taylor,Los Angeles,Credit Card,Completed
ORD4557,25-03-25,Smartwatch,Electronics,145,2,290,Sophia Anderson,Boston,Gift Card,Completed
ORD4558,19-04-25,Headphones,Electronics,104,1,104,Daniel Johnson,Denver,Credit Card,Completed
ORD4559,06-03-25,Headphones,Electronics,104,3,312,Noah Wilson,Denver,Amazon Pay,Pending
ORD4560,18-02-25,Book,Books,15,2,30,Noah Lee,San Francisco,Debit Card,Completed
ORD4561,19-03-25,Jeans,Clothing,41,4,164,Daniel Anderson,Miami,Debit Card,Pending
ORD4562,10-03-25,Smartwatch,Electronics,144,4,576,Olivia Martinez,Seattle,Debit Card,Completed
ORD4563,05-02-25,Headphones,Electronics,97,5,485,Jane Johnson,Seattle,Debit Card,Cancelled
ORD4564,27-02-25,Laptop,Electronics,827,1,827,Sophia Doe,Denver,Amazon Pay,Completed
ORD4565,14-02-25,Headphones,Electronics,96,3,288,Liam Wilson,New York,PayPal,Completed
ORD4566,23-03-25,T-Shirt,Clothing,20,5,100,Michael Brown,Los Angeles,Amazon Pay,Cancelled
ORD4567,27-03-25,Headphones,Electronics,100,5,500,Isabella Lee,Boston,Gift Card,Completed
ORD4568,12-02-25,Washing Machine,Home Appliances,584,1,584,Michael Lee,New York,Debit Card,Completed
ORD4569,20-03-25,Running Shoes,Footwear,57,3,171,Olivia Miller,Seattle,Gift Card,Pending
ORD4570,11-03-25,Headphones,Electronics,100,1,100,Alex Wilson,Chicago,Credit Card,Pending
ORD4571,21-03-25,Smartphone,Electronics,495,4,1980,Olivia Clark,Miami,PayPal,Completed
ORD4572,12-04-25,Washing Machine,Home Appliances,605,2,1210,Chris Garcia,Chicago,PayPal,Completed
ORD4573,06-03-25,Refrigerator,Home Appliances,1205,1,1205,Jane Clark,Miami,PayPal,Completed
ORD4574,06-02-25,Headphones,Electronics,103,2,206,Ethan Miller,Miami,Amazon Pay,Completed
ORD4575,06-04-25,T-Shirt,Clothing,19,5,95,Noah Lee,Houston,PayPal,Completed
ORD4576,01-02-25,Jeans,Clothing,41,5,205,Michael White,Dallas,Credit Card,Completed
ORD4577,02-04-25,Book,Books,15,4,60,Alex Doe,San Francisco,Debit Card,Cancelled
ORD4578,11-04-25,Smartwatch,Electronics,145,1,145,Noah Doe,Miami,Amazon Pay,Cancelled
ORD4579,18-02-25,Headphones,Electronics,103,2,206,Ava Miller,Seattle,Amazon Pay,Completed
ORD4580,27-04-25,Jeans,Clothing,41,4,164,Emily Taylor,Miami,Debit Card,Completed
ORD4581,08-04-25,Smartphone,Electronics,523,5,2615,Noah Lee,Chicago,Gift Card,Pending
ORD4582,21-04-25,Refrigerator,Home Appliances,1192,1,1192,Sophia Clark,Seattle,PayPal,Completed
ORD4583,15-03-25,Headphones,Electronics,96,4,384,Michael Harris,San Francisco,Debit Card,Completed
ORD4584,14-02-25,Running Shoes,Footwear,60,2,120,Isabella Doe,Los Angeles,Credit Card,Cancelled
ORD4585,25-04-25,Jeans,Clothing,41,5,205,Ethan Miller,Dallas,Gift Card,Pending
ORD4586,06-02-25,Headphones,Electronics,105,1,105,Mia Garcia,Houston,Amazon Pay,Pending
ORD4587,01-02-25,Washing Machine,Home Appliances,587,2,1174,Jane White,Houston,Credit Card,Pending
ORD4588,20-02-25,Headphones,Electronics,105,2,210,Daniel Martinez,New York,Gift Card,Completed
ORD4589,13-03-25,Book,Books,15,5,75,Sophia Garcia,Denver,Debit Card,Completed
ORD4590,22-04-25,Washing Machine,Home Appliances,594,1,594,Isabella Doe,Houston,Gift Card,Completed
ORD4591,23-02-25,Washing Machine,Home Appliances,586,3,1758,Michael Wilson,Miami,Debit Card,Pending
ORD4592,03-03-25,T-Shirt,Clothing,19,5,95,Olivia Wilson,Seattle,Credit Card,Completed
ORD4593,17-04-25,Refrigerator,Home Appliances,1246,2,2492,Emily Garcia,Chicago,Gift Card,Completed
ORD4594,13-04-25,Smartwatch,Electronics,143,1,143,Isabella Smith,Los Angeles,Credit Card,Cancelled
ORD4595,01-03-25,Laptop,Electronics,803,2,1606,Lucas Taylor,Los Angeles,PayPal,Pending
ORD4596,22-02-25,Laptop,Electronics,799,1,799,David Brown,Boston,Gift Card,Completed
ORD4597,07-03-25,Running Shoes,Footwear,62,3,186,Isabella Harris,Boston,Gift Card,Pending
ORD4598,17-04-25,Washing Machine,Home Appliances,612,1,612,Michael Johnson,Miami,Gift Card,Completed
ORD4599,20-03-25,Book,Books,15,3,45,John Lee,Houston,Credit Card,Completed
ORD4600,28-04-25,Headphones,Electronics,105,5,525,Daniel White,Seattle,Credit Card,Completed
ORD4601,09-04-25,Refrigerator,Home Appliances,1151,2,2302,Emma Johnson,Seattle,Gift Card,Completed
ORD4602,23-02-25,Jeans,Clothing,41,5,205,Mia Garcia,San Francisco,PayPal,Cancelled
ORD4603,17-04-25,Refrigerator,Home Appliances,1241,3,3723,Noah Brown,San Francisco,Amazon Pay,Cancelled
ORD4604,18-03-25,Smartwatch,Electronics,146,2,292,Mia Miller,Miami,Credit Card,Cancelled
ORD4605,06-03-25,T-Shirt,Clothing,19,5,95,Liam Martinez,Seattle,PayPal,Completed
ORD4606,05-03-25,Book,Books,14,1,14,Jane Doe,Dallas,Debit Card,Completed
ORD4607,05-04-25,T-Shirt,Clothing,21,3,63,Emily Taylor,Denver,Amazon Pay,Pending
ORD4608,12-02-25,T-Shirt,Clothing,20,1,20,Sophia Harris,Denver,Credit Card,Completed
ORD4609,12-02-25,Washing Machine,Home Appliances,600,1,600,Noah Anderson,Dallas,Debit Card,Completed
ORD4610,23-04-25,Smartwatch,Electronics,146,1,146,John Harris,Chicago,Debit Card,Completed
ORD4611,22-03-25,Washing Machine,Home Appliances,591,5,2955,John Johnson,Miami,Amazon Pay,Completed
ORD4612,19-02-25,Smartwatch,Electronics,153,3,459,David Martinez,Seattle,PayPal,Cancelled
ORD4613,25-04-25,Headphones,Electronics,99,3,297,David Wilson,Chicago,Gift Card,Completed
ORD4614,18-02-25,Washing Machine,Home Appliances,619,1,619,Alex Harris,Houston,PayPal,Completed
ORD4615,16-04-25,Laptop,Electronics,833,1,833,Jane Taylor,New York,Gift Card,Cancelled
ORD4616,04-03-25,Running Shoes,Footwear,61,5,305,Noah Smith,San Francisco,Gift Card,Cancelled
ORD4617,11-03-25,Jeans,Clothing,42,4,168,Emily Martinez,Seattle,Credit Card,Completed
ORD4618,20-04-25,Book,Books,15,4,60,Michael Martinez,Dallas,Credit Card,Pending
ORD4619,20-03-25,Book,Books,14,1,14,David Lee,Seattle,PayPal,Completed
ORD4620,02-02-25,Refrigerator,Home Appliances,1201,1,1201,Noah Doe,Seattle,Credit Card,Completed
ORD4621,23-03-25,T-Shirt,Clothing,20,2,40,Jane Wilson,Houston,Debit Card,Completed
ORD4622,19-04-25,Headphones,Electronics,104,2,208,Chris Miller,San Francisco,Amazon Pay,Completed
ORD4623,06-04-25,Book,Books,15,2,30,Daniel White,Chicago,Debit Card,Completed
ORD4624,12-04-25,Washing Machine,Home Appliances,610,1,610,Lucas Harris,Boston,Amazon Pay,Pending
ORD4625,17-02-25,Smartwatch,Electronics,149,1,149,Michael Martinez,Houston,Amazon Pay,Completed
ORD4626,12-04-25,Washing Machine,Home Appliances,609,1,609,Sophia Garcia,New York,Credit Card,Pending
ORD4627,16-03-25,Jeans,Clothing,38,1,38,Alex Martinez,Dallas,Credit Card,Completed
ORD4628,15-03-25,Washing Machine,Home Appliances,586,1,586,Ava Taylor,Los Angeles,Gift Card,Completed
ORD4629,01-02-25,Refrigerator,Home Appliances,1242,1,1242,Alex Anderson,Los Angeles,Credit Card,Completed
ORD4630,13-03-25,Smartwatch,Electronics,153,2,306,Alex Doe,Seattle,Gift Card,Cancelled
ORD4631,18-03-25,Jeans,Clothing,40,3,120,Lucas Johnson,Houston,Debit Card,Completed
ORD4632,04-03-25,Book,Books,15,4,60,David Anderson,Miami,Credit Card,Completed
ORD4633,12-04-25,Running Shoes,Footwear,61,5,305,Isabella Wilson,Dallas,Credit Card,Pending
ORD4634,04-02-25,Headphones,Electronics,98,5,490,Daniel Johnson,Boston,PayPal,Completed
ORD4635,19-02-25,Book,Books,15,5,75,Noah Smith,Dallas,Amazon Pay,Completed
ORD4636,18-03-25,Smartphone,Electronics,510,1,510,Lucas Miller,New York,PayPal,Completed
ORD4637,11-03-25,Smartphone,Electronics,490,3,1470,Emily Miller,Denver,Debit Card,Completed
ORD4638,21-04-25,Headphones,Electronics,101,3,303,David White,Boston,Credit Card,Completed
ORD4639,13-02-25,Refrigerator,Home Appliances,1177,1,1177,Olivia Anderson,New York,Debit Card,Completed
ORD4640,13-03-25,Refrigerator,Home Appliances,1174,1,1174,Sophia Anderson,Miami,Credit Card,Completed
ORD4641,06-02-25,T-Shirt,Clothing,21,1,21,Alex Doe,Boston,PayPal,Completed
ORD4642,30-04-25,Refrigerator,Home Appliances,1227,3,3681,Sophia Wilson,Denver,Amazon Pay,Completed
ORD4643,02-02-25,T-Shirt,Clothing,20,2,40,Emily Wilson,San Francisco,Debit Card,Completed
ORD4644,13-02-25,Running Shoes,Footwear,62,5,310,Daniel Harris,New York,Debit Card,Completed
ORD4645,13-03-25,Jeans,Clothing,42,3,126,John Clark,Chicago,Gift Card,Completed
ORD4646,12-02-25,Headphones,Electronics,105,1,105,David Garcia,New York,Amazon Pay,Pending
ORD4647,04-04-25,Laptop,Electronics,761,2,1522,Emma Clark,Dallas,Amazon Pay,Completed
ORD4648,01-03-25,Laptop,Electronics,817,1,817,Isabella Taylor,Dallas,PayPal,Completed
ORD4649,07-04-25,Smartphone,Electronics,519,4,2076,Jane Taylor,Los Angeles,Gift Card,Cancelled
ORD4650,31-03-25,Headphones,Electronics,103,5,515,Mia White,Dallas,Amazon Pay,Completed
ORD4651,24-04-25,T-Shirt,Clothing,20,5,100,John Martinez,Los Angeles,Gift Card,Completed
ORD4652,02-02-25,Running Shoes,Footwear,61,4,244,Chris Harris,Los Angeles,PayPal,Completed
ORD4653,23-02-25,Headphones,Electronics,96,2,192,Isabella Garcia,Seattle,Gift Card,Completed
ORD4654,29-03-25,Smartphone,Electronics,515,1,515,David Clark,Dallas,PayPal,Completed
ORD4655,26-02-25,Refrigerator,Home Appliances,1216,1,1216,Liam Brown,Seattle,Amazon Pay,Pending
ORD4656,30-03-25,Smartphone,Electronics,479,1,479,Lucas Martinez,Boston,Gift Card,Pending
ORD4657,23-04-25,Smartwatch,Electronics,149,4,596,Daniel Wilson,Houston,Debit Card,Completed
ORD4658,24-02-25,Refrigerator,Home Appliances,1158,1,1158,Olivia Martinez,New York,Debit Card,Completed
ORD4659,05-02-25,Laptop,Electronics,776,4,3104,Michael Doe,Chicago,Gift Card,Pending
ORD4660,30-03-25,Smartwatch,Electronics,151,1,151,John Lee,Chicago,Gift Card,Completed
ORD4661,04-04-25,Laptop,Electronics,833,1,833,John Miller,New York,Gift Card,Completed
ORD4662,15-04-25,Book,Books,15,3,45,Emily Garcia,Dallas,Credit Card,Completed
ORD4663,09-04-25,Refrigerator,Home Appliances,1178,1,1178,Michael Brown,Seattle,PayPal,Cancelled
ORD4664,10-02-25,Running Shoes,Footwear,60,5,300,Sophia Johnson,Dallas,Amazon Pay,Completed
ORD4665,05-02-25,Smartwatch,Electronics,147,1,147,Sophia Harris,Denver,PayPal,Completed
ORD4666,12-04-25,T-Shirt,Clothing,20,1,20,Daniel Martinez,New York,Credit Card,Pending
ORD4667,15-02-25,Headphones,Electronics,104,4,416,Mia Wilson,Los Angeles,Amazon Pay,Completed
ORD4668,15-04-25,Headphones,Electronics,95,1,95,Olivia Wilson,Houston,Credit Card,Cancelled
ORD4669,29-03-25,Smartphone,Electronics,499,1,499,Daniel Lee,New York,Credit Card,Completed
ORD4670,03-03-25,Jeans,Clothing,39,5,195,Sophia Brown,Seattle,Credit Card,Completed
ORD4671,05-02-25,Refrigerator,Home Appliances,1158,1,1158,Ethan White,Houston,Debit Card,Completed
ORD4672,16-03-25,Refrigerator,Home Appliances,1245,2,2490,Jane Lee,Denver,Debit Card,Completed
ORD4673,02-04-25,Refrigerator,Home Appliances,1217,1,1217,Noah Martinez,Miami,Credit Card,Cancelled
ORD4674,20-04-25,Jeans,Clothing,38,3,114,Lucas White,Houston,Amazon Pay,Completed
ORD4675,08-04-25,Running Shoes,Footwear,60,3,180,Ava Lee,Chicago,Gift Card,Pending
ORD4676,26-04-25,Running Shoes,Footwear,58,1,58,Olivia Miller,Miami,PayPal,Completed
ORD4677,02-02-25,Jeans,Clothing,39,5,195,Olivia Lee,Los Angeles,Credit Card,Pending
ORD4678,04-03-25,Book,Books,14,3,42,Lucas Johnson,Houston,Gift Card,Completed
ORD4679,21-03-25,Smartwatch,Electronics,151,2,302,Sophia Brown,San Francisco,Amazon Pay,Pending
ORD4680,18-03-25,Refrigerator,Home Appliances,1204,4,4816,Jane Harris,Dallas,Gift Card,Completed
ORD4681,13-03-25,Refrigerator,Home Appliances,1224,1,1224,Ethan Johnson,Chicago,PayPal,Completed
ORD4682,23-03-25,Headphones,Electronics,104,1,104,Emma Taylor,Dallas,Credit Card,Completed
ORD4683,19-02-25,Refrigerator,Home Appliances,1211,1,1211,John Anderson,San Francisco,Amazon Pay,Cancelled
ORD4684,27-04-25,Smartphone,Electronics,502,3,1506,Noah Wilson,New York,Amazon Pay,Completed
ORD4685,10-04-25,Running Shoes,Footwear,59,2,118,Daniel Garcia,Boston,Credit Card,Completed
ORD4686,25-04-25,Laptop,Electronics,819,5,4095,Liam Miller,Miami,Credit Card,Pending
ORD4687,18-03-25,Book,Books,15,4,60,Mia White,Los Angeles,PayPal,Completed
ORD4688,04-04-25,Refrigerator,Home Appliances,1195,1,1195,John Clark,Dallas,PayPal,Completed
ORD4689,09-03-25,Headphones,Electronics,103,3,309,Daniel Doe,Miami,Debit Card,Completed
ORD4690,08-03-25,Smartphone,Electronics,477,1,477,Ethan Doe,Los Angeles,Credit Card,Cancelled
ORD4691,10-04-25,Washing Machine,Home Appliances,608,1,608,Daniel Johnson,Los Angeles,Debit Card,Completed
ORD4692,03-04-25,Washing Machine,Home Appliances,584,1,584,Ava Clark,New York,Debit Card,Pending
ORD4693,07-02-25,Refrigerator,Home Appliances,1216,1,1216,Noah Harris,Los Angeles,Debit Card,Cancelled
ORD4694,15-04-25,Washing Machine,Home Appliances,598,1,598,Chris Harris,Boston,Credit Card,Pending
ORD4695,12-02-25,Smartwatch,Electronics,157,5,785,Jane Taylor,Houston,Amazon Pay,Completed
ORD4696,05-03-25,Book,Books,15,2,30,Isabella Smith,San Francisco,Gift Card,Cancelled
ORD4697,26-02-25,Washing Machine,Home Appliances,580,1,580,Daniel Johnson,Los Angeles,Amazon Pay,Completed
ORD4698,16-04-25,Laptop,Electronics,812,3,2436,Alex Garcia,Boston,Gift Card,Completed
ORD4699,18-03-25,Smartphone,Electronics,518,2,1036,John Harris,Houston,Credit Card,Cancelled
ORD4700,05-04-25,Jeans,Clothing,38,2,76,Ava Taylor,Boston,Credit Card,Pending
ORD4701,19-02-25,Smartphone,Electronics,502,2,1004,Emma Brown,New York,Gift Card,Pending
ORD4702,28-03-25,Smartwatch,Electronics,156,1,156,Daniel Garcia,Boston,Debit Card,Cancelled
ORD4703,12-04-25,Laptop,Electronics,771,2,1542,Emily Taylor,New York,Gift Card,Completed
ORD4704,24-04-25,T-Shirt,Clothing,21,2,42,Daniel Smith,Denver,PayPal,Completed
ORD4705,25-03-25,Jeans,Clothing,40,2,80,Jane White,Miami,PayPal,Cancelled
ORD4706,20-02-25,Book,Books,15,5,75,Alex Clark,Dallas,Gift Card,Completed
ORD4707,26-03-25,T-Shirt,Clothing,20,5,100,Ava Garcia,New York,Gift Card,Completed
ORD4708,31-03-25,Refrigerator,Home Appliances,1213,4,4852,Noah Brown,San Francisco,PayPal,Completed
ORD4709,15-04-25,Smartphone,Electronics,504,1,504,Jane Smith,New York,Amazon Pay,Cancelled
ORD4710,08-03-25,Smartwatch,Electronics,143,2,286,Mia Lee,Houston,PayPal,Pending
ORD4711,20-03-25,Refrigerator,Home Appliances,1166,1,1166,Emily Smith,Chicago,PayPal,Cancelled
ORD4712,04-04-25,Refrigerator,Home Appliances,1190,2,2380,Mia Doe,Seattle,PayPal,Completed
ORD4713,07-03-25,Jeans,Clothing,38,3,114,Isabella Miller,Chicago,Debit Card,Completed
ORD4714,17-04-25,Smartphone,Electronics,495,1,495,Noah Doe,Miami,Debit Card,Completed
ORD4715,27-04-25,Book,Books,15,1,15,Mia Clark,Chicago,PayPal,Completed
ORD4716,25-02-25,Smartphone,Electronics,507,3,1521,Alex Johnson,Los Angeles,Debit Card,Completed
ORD4717,25-03-25,Laptop,Electronics,835,2,1670,Noah Anderson,Los Angeles,Debit Card,Completed
ORD4718,22-04-25,Smartphone,Electronics,498,2,996,Jane Harris,Miami,Debit Card,Completed
ORD4719,07-04-25,Headphones,Electronics,102,3,306,Ava Taylor,Boston,Debit Card,Completed
ORD4720,18-03-25,Headphones,Electronics,102,1,102,Daniel Smith,Dallas,Credit Card,Completed
ORD4721,19-02-25,Running Shoes,Footwear,62,4,248,Daniel Lee,Boston,Debit Card,Completed
ORD4722,25-04-25,Book,Books,15,4,60,Daniel Lee,New York,PayPal,Pending
ORD4723,30-04-25,Laptop,Electronics,816,5,4080,Liam Taylor,Miami,Gift Card,Pending
ORD4724,09-03-25,Laptop,Electronics,790,2,1580,Chris Martinez,Boston,PayPal,Completed
ORD4725,03-02-25,Smartphone,Electronics,480,1,480,Jane White,Denver,Credit Card,Pending
ORD4726,20-02-25,Washing Machine,Home Appliances,571,1,571,Sophia Johnson,Dallas,Gift Card,Pending
ORD4727,12-02-25,Smartwatch,Electronics,143,5,715,Chris Taylor,Boston,Gift Card,Completed
ORD4728,14-03-25,Book,Books,15,3,45,Daniel Smith,Los Angeles,Credit Card,Completed
ORD4729,09-02-25,Running Shoes,Footwear,59,2,118,Ava Brown,Dallas,Debit Card,Completed
ORD4730,25-04-25,T-Shirt,Clothing,20,5,100,Mia Brown,Miami,Gift Card,Pending
ORD4731,01-03-25,Book,Books,16,1,16,Chris White,San Francisco,Credit Card,Pending
ORD4732,12-04-25,T-Shirt,Clothing,19,3,57,Michael Martinez,New York,Credit Card,Completed
ORD4733,19-04-25,Smartwatch,Electronics,145,1,145,Noah Wilson,San Francisco,PayPal,Completed
ORD4734,02-04-25,Refrigerator,Home Appliances,1162,1,1162,Alex Brown,New York,Debit Card,Cancelled
ORD4735,29-04-25,Laptop,Electronics,807,2,1614,Olivia Garcia,New York,Debit Card,Completed
ORD4736,23-02-25,Headphones,Electronics,99,1,99,Daniel Martinez,San Francisco,PayPal,Completed
ORD4737,10-04-25,Running Shoes,Footwear,58,2,116,Liam Johnson,New York,Gift Card,Pending
ORD4738,15-04-25,Refrigerator,Home Appliances,1252,1,1252,Daniel Garcia,Dallas,PayPal,Pending
ORD4739,17-03-25,Refrigerator,Home Appliances,1164,1,1164,Emma Garcia,San Francisco,Credit Card,Cancelled
ORD4740,03-02-25,Headphones,Electronics,101,1,101,Chris Garcia,San Francisco,Debit Card,Completed
ORD4741,27-03-25,Smartphone,Electronics,519,1,519,Alex Anderson,Dallas,PayPal,Completed
ORD4742,20-03-25,Running Shoes,Footwear,57,2,114,Daniel White,New York,Amazon Pay,Pending
ORD4743,02-02-25,Jeans,Clothing,41,4,164,Alex Lee,Seattle,PayPal,Pending
ORD4744,24-02-25,T-Shirt,Clothing,20,2,40,David White,New York,Gift Card,Completed
ORD4745,11-03-25,Laptop,Electronics,764,2,1528,David Anderson,Miami,Debit Card,Completed
ORD4746,04-04-25,T-Shirt,Clothing,19,4,76,Emma White,Denver,PayPal,Pending
ORD4747,01-03-25,Smartphone,Electronics,502,2,1004,Daniel Johnson,Boston,Debit Card,Cancelled
ORD4748,30-04-25,Smartphone,Electronics,493,1,493,Emma Lee,Los Angeles,Credit Card,Pending
ORD4749,29-03-25,T-Shirt,Clothing,20,2,40,Daniel Garcia,Denver,Credit Card,Completed
ORD4750,08-02-25,Smartwatch,Electronics,152,2,304,Ethan Taylor,Miami,Amazon Pay,Completed
ORD4751,10-02-25,Jeans,Clothing,42,3,126,Daniel Smith,San Francisco,Debit Card,Cancelled
ORD4752,18-04-25,Refrigerator,Home Appliances,1189,1,1189,John Miller,Los Angeles,Gift Card,Completed
ORD4753,19-02-25,Running Shoes,Footwear,62,2,124,Daniel Miller,New York,Gift Card,Completed
ORD4754,02-02-25,Laptop,Electronics,818,2,1636,Olivia Smith,Denver,Debit Card,Completed
ORD4755,28-04-25,Smartwatch,Electronics,149,1,149,Noah Johnson,Boston,PayPal,Pending
ORD4756,07-02-25,T-Shirt,Clothing,20,4,80,Lucas Garcia,Houston,Credit Card,Completed
ORD4757,04-03-25,Jeans,Clothing,38,1,38,Jane Miller,San Francisco,Credit Card,Completed
ORD4758,19-03-25,Smartwatch,Electronics,146,2,292,Chris Lee,San Francisco,PayPal,Completed
ORD4759,18-04-25,Washing Machine,Home Appliances,596,5,2980,Isabella Taylor,Chicago,Credit Card,Completed
ORD4760,17-04-25,Book,Books,15,2,30,Emma Doe,Denver,Gift Card,Completed
ORD4761,20-04-25,T-Shirt,Clothing,21,4,84,Chris Clark,San Francisco,PayPal,Pending
ORD4762,19-02-25,Jeans,Clothing,39,5,195,David White,Seattle,Debit Card,Completed
ORD4763,01-04-25,Smartphone,Electronics,495,1,495,Lucas Johnson,Dallas,Credit Card,Cancelled
ORD4764,31-03-25,Washing Machine,Home Appliances,609,3,1827,Daniel White,Denver,Debit Card,Completed
ORD4765,22-03-25,Washing Machine,Home Appliances,624,1,624,Emma Harris,San Francisco,Gift Card,Completed
ORD4766,11-04-25,Refrigerator,Home Appliances,1183,4,4732,Ethan Taylor,Boston,Gift Card,Completed
ORD4767,09-03-25,Smartwatch,Electronics,155,2,310,Ava White,Chicago,Credit Card,Completed
ORD4768,22-03-25,Refrigerator,Home Appliances,1215,1,1215,John Harris,New York,Debit Card,Completed
ORD4769,24-02-25,Smartphone,Electronics,520,1,520,Emma Anderson,Los Angeles,Gift Card,Completed
ORD4770,10-02-25,Book,Books,16,5,80,Isabella Anderson,Denver,Debit Card,Completed
ORD4771,28-03-25,Smartphone,Electronics,502,1,502,Daniel Garcia,Miami,Gift Card,Completed
ORD4772,22-04-25,Smartphone,Electronics,476,5,2380,David Wilson,Chicago,Debit Card,Completed
ORD4773,12-04-25,Smartphone,Electronics,486,5,2430,Jane Doe,Los Angeles,Amazon Pay,Pending
ORD4774,25-02-25,Headphones,Electronics,102,1,102,Olivia Taylor,Los Angeles,Credit Card,Pending
ORD4775,04-04-25,Book,Books,14,3,42,John Harris,San Francisco,Amazon Pay,Completed
ORD4776,20-04-25,T-Shirt,Clothing,21,5,105,David Martinez,Denver,PayPal,Completed
ORD4777,23-04-25,Smartwatch,Electronics,156,2,312,Michael Anderson,Seattle,Debit Card,Completed
ORD4778,16-02-25,Headphones,Electronics,102,4,408,Emma Miller,Houston,Credit Card,Cancelled
ORD4779,24-03-25,Jeans,Clothing,39,2,78,Alex Johnson,Los Angeles,PayPal,Pending
ORD4780,23-04-25,T-Shirt,Clothing,20,5,100,Emily Garcia,Chicago,Amazon Pay,Cancelled
ORD4781,29-03-25,Washing Machine,Home Appliances,599,1,599,Daniel Doe,Miami,Credit Card,Completed
ORD4782,22-02-25,Smartphone,Electronics,485,1,485,Isabella Martinez,Houston,Credit Card,Pending
ORD4783,06-04-25,Jeans,Clothing,41,2,82,Jane Doe,Miami,Debit Card,Pending
ORD4784,28-02-25,Washing Machine,Home Appliances,588,3,1764,Daniel White,New York,Debit Card,Completed
ORD4785,08-04-25,Refrigerator,Home Appliances,1231,1,1231,Mia Johnson,Los Angeles,Credit Card,Pending
ORD4786,19-02-25,Headphones,Electronics,98,2,196,Noah White,New York,Amazon Pay,Pending
ORD4787,19-04-25,Washing Machine,Home Appliances,578,1,578,Ava Miller,Miami,PayPal,Pending
ORD4788,23-04-25,Laptop,Electronics,793,3,2379,Ethan Taylor,Houston,PayPal,Cancelled
ORD4789,09-04-25,Smartwatch,Electronics,157,3,471,John White,New York,Amazon Pay,Completed
ORD4790,23-03-25,Headphones,Electronics,102,5,510,Chris Martinez,Seattle,Credit Card,Completed
ORD4791,17-04-25,Smartwatch,Electronics,146,3,438,Liam White,Boston,PayPal,Completed
ORD4792,10-02-25,Smartwatch,Electronics,148,2,296,Lucas Brown,Seattle,PayPal,Cancelled
ORD4793,17-04-25,Laptop,Electronics,783,2,1566,Sophia Martinez,San Francisco,Debit Card,Cancelled
ORD4794,10-02-25,Smartphone,Electronics,515,1,515,Sophia Lee,San Francisco,Debit Card,Completed
ORD4795,12-04-25,Smartwatch,Electronics,154,4,616,Liam Doe,Chicago,Debit Card,Pending
ORD4796,08-04-25,Laptop,Electronics,828,1,828,Jane Clark,Miami,Gift Card,Completed
ORD4797,08-03-25,Refrigerator,Home Appliances,1214,3,3642,Daniel Miller,Chicago,Amazon Pay,Cancelled
ORD4798,24-03-25,Smartwatch,Electronics,154,2,308,Sophia Johnson,Houston,Debit Card,Pending
ORD4799,31-03-25,Smartphone,Electronics,498,1,498,Daniel Taylor,Seattle,PayPal,Completed
ORD4800,01-02-25,Washing Machine,Home Appliances,573,1,573,Ava Garcia,Dallas,PayPal,Completed
ORD4801,07-03-25,Washing Machine,Home Appliances,590,2,1180,Olivia Brown,Miami,Debit Card,Completed
ORD4802,22-03-25,Book,Books,15,2,30,Liam Doe,Houston,Amazon Pay,Completed
ORD4803,25-04-25,Running Shoes,Footwear,61,2,122,Daniel Smith,New York,Gift Card,Completed
ORD4804,22-02-25,Book,Books,15,5,75,Mia Taylor,Boston,PayPal,Pending
ORD4805,11-02-25,Smartphone,Electronics,494,1,494,Alex Wilson,Chicago,Credit Card,Completed
ORD4806,11-04-25,Smartphone,Electronics,508,1,508,Michael Martinez,Boston,PayPal,Pending
ORD4807,27-04-25,Book,Books,15,1,15,Michael Miller,Seattle,PayPal,Completed
ORD4808,22-03-25,Laptop,Electronics,834,1,834,David Martinez,Denver,Gift Card,Completed
ORD4809,06-03-25,Washing Machine,Home Appliances,622,1,622,Emily Miller,New York,Credit Card,Cancelled
ORD4810,13-04-25,Headphones,Electronics,105,2,210,Jane White,Seattle,Gift Card,Completed
ORD4811,23-02-25,Laptop,Electronics,834,1,834,Isabella Lee,San Francisco,Credit Card,Completed
ORD4812,22-03-25,Headphones,Electronics,100,1,100,Daniel Taylor,Dallas,Amazon Pay,Completed
ORD4813,04-02-25,Washing Machine,Home Appliances,595,2,1190,Ava Brown,Los Angeles,Amazon Pay,Cancelled
ORD4814,09-03-25,Washing Machine,Home Appliances,606,1,606,Emily Taylor,San Francisco,PayPal,Cancelled
ORD4815,11-02-25,Smartwatch,Electronics,145,2,290,Mia Johnson,Dallas,Credit Card,Completed
ORD4816,06-04-25,Refrigerator,Home Appliances,1189,1,1189,Emma Johnson,Boston,Amazon Pay,Completed
ORD4817,19-04-25,Book,Books,15,1,15,Michael Garcia,New York,Debit Card,Completed
ORD4818,19-04-25,Running Shoes,Footwear,63,3,189,Emily Garcia,Denver,Credit Card,Completed
ORD4819,14-04-25,Running Shoes,Footwear,59,3,177,Lucas White,Boston,Gift Card,Completed
ORD4820,26-04-25,Laptop,Electronics,807,4,3228,Daniel Brown,Denver,Credit Card,Completed
ORD4821,27-03-25,Smartwatch,Electronics,151,5,755,Chris White,Seattle,Gift Card,Cancelled
ORD4822,28-02-25,Laptop,Electronics,815,2,1630,Olivia Smith,Denver,Amazon Pay,Completed
ORD4823,25-03-25,Book,Books,14,1,14,Daniel Smith,San Francisco,Debit Card,Pending
ORD4824,17-02-25,Laptop,Electronics,831,2,1662,Alex Taylor,Seattle,Gift Card,Cancelled
ORD4825,14-02-25,Running Shoes,Footwear,59,1,59,Daniel Smith,San Francisco,Credit Card,Pending
ORD4826,27-02-25,Book,Books,15,3,45,Liam Martinez,Denver,Gift Card,Pending
ORD4827,29-03-25,Book,Books,15,2,30,Lucas Martinez,Houston,Amazon Pay,Completed
ORD4828,22-03-25,Laptop,Electronics,805,2,1610,Olivia Smith,Boston,Amazon Pay,Completed
ORD4829,06-04-25,Smartphone,Electronics,493,3,1479,Ethan Clark,San Francisco,Debit Card,Completed
ORD4830,15-04-25,Smartphone,Electronics,497,5,2485,Mia Wilson,Seattle,Amazon Pay,Pending
ORD4831,15-02-25,Laptop,Electronics,803,5,4015,Sophia Anderson,Boston,PayPal,Completed
ORD4832,04-04-25,Smartphone,Electronics,482,2,964,Daniel Martinez,Dallas,Credit Card,Completed
ORD4833,17-02-25,Smartphone,Electronics,488,5,2440,Daniel Smith,Denver,Credit Card,Completed
ORD4834,07-02-25,Washing Machine,Home Appliances,577,1,577,Noah Clark,Dallas,Amazon Pay,Completed
ORD4835,17-02-25,Smartphone,Electronics,482,1,482,Alex Martinez,Dallas,Credit Card,Completed
ORD4836,24-03-25,Refrigerator,Home Appliances,1254,1,1254,Emma Johnson,Seattle,Debit Card,Cancelled
ORD4837,27-03-25,Refrigerator,Home Appliances,1199,2,2398,Sophia Doe,Los Angeles,Debit Card,Pending
ORD4838,20-04-25,Book,Books,16,1,16,Ethan Doe,Dallas,Gift Card,Pending
ORD4839,21-02-25,Smartwatch,Electronics,156,1,156,Sophia Smith,Boston,Amazon Pay,Completed
ORD4840,01-04-25,Smartwatch,Electronics,149,4,596,John Anderson,Houston,PayPal,Pending
ORD4841,13-03-25,Headphones,Electronics,96,1,96,David Wilson,Miami,PayPal,Cancelled
ORD4842,17-02-25,T-Shirt,Clothing,19,3,57,Lucas Martinez,San Francisco,Debit Card,Pending
ORD4843,22-03-25,Book,Books,14,5,70,Chris Miller,Dallas,Gift Card,Completed
ORD4844,10-04-25,Jeans,Clothing,40,4,160,Jane Miller,New York,PayPal,Completed
ORD4845,07-02-25,Washing Machine,Home Appliances,587,3,1761,Isabella Smith,New York,Debit Card,Completed
ORD4846,19-02-25,Headphones,Electronics,98,4,392,Daniel Garcia,Dallas,Debit Card,Completed
ORD4847,12-04-25,Smartwatch,Electronics,155,2,310,Daniel Miller,New York,Amazon Pay,Completed
ORD4848,24-02-25,T-Shirt,Clothing,20,1,20,Sophia Anderson,New York,Debit Card,Completed
ORD4849,12-03-25,Smartwatch,Electronics,145,1,145,Noah Smith,New York,Gift Card,Completed
ORD4850,24-03-25,Refrigerator,Home Appliances,1178,2,2356,Isabella Doe,Houston,Debit Card,Completed
ORD4851,14-04-25,Laptop,Electronics,840,2,1680,Chris Anderson,Chicago,Amazon Pay,Completed
ORD4852,30-04-25,Jeans,Clothing,39,3,117,Jane Miller,Dallas,PayPal,Completed
ORD4853,09-02-25,T-Shirt,Clothing,20,5,100,Emma White,Miami,Amazon Pay,Completed
ORD4854,17-03-25,Smartphone,Electronics,522,3,1566,Mia Johnson,Chicago,Debit Card,Pending
ORD4855,13-04-25,Washing Machine,Home Appliances,600,1,600,Liam Doe,San Francisco,Credit Card,Completed
ORD4856,09-03-25,Book,Books,15,3,45,Daniel White,Boston,Debit Card,Completed
ORD4857,16-04-25,Jeans,Clothing,41,3,123,Emma Brown,San Francisco,Amazon Pay,Pending
ORD4858,17-04-25,Smartwatch,Electronics,152,1,152,John Doe,Houston,Credit Card,Cancelled
ORD4859,15-04-25,Washing Machine,Home Appliances,595,1,595,Liam Lee,New York,Debit Card,Pending
ORD4860,19-04-25,Jeans,Clothing,41,5,205,Alex Wilson,Boston,PayPal,Pending
ORD4861,12-03-25,Laptop,Electronics,791,2,1582,Michael Harris,Houston,Gift Card,Cancelled
ORD4862,18-03-25,Jeans,Clothing,39,2,78,Chris Miller,Seattle,Amazon Pay,Completed
ORD4863,17-03-25,Washing Machine,Home Appliances,596,1,596,Jane White,Miami,Amazon Pay,Completed
ORD4864,28-04-25,Headphones,Electronics,104,3,312,David Brown,Chicago,Amazon Pay,Completed
ORD4865,18-04-25,Headphones,Electronics,101,1,101,Michael Clark,New York,Credit Card,Pending
ORD4866,06-04-25,Headphones,Electronics,102,2,204,Ethan Miller,Miami,PayPal,Completed
ORD4867,25-03-25,Smartwatch,Electronics,152,1,152,Ethan Clark,Dallas,PayPal,Completed
ORD4868,14-03-25,Laptop,Electronics,816,1,816,Emma Lee,Seattle,Debit Card,Cancelled
ORD4869,04-03-25,Refrigerator,Home Appliances,1211,1,1211,Michael Johnson,Miami,Amazon Pay,Completed
ORD4870,08-04-25,Smartwatch,Electronics,157,3,471,David Anderson,Boston,Amazon Pay,Cancelled
ORD4871,14-03-25,T-Shirt,Clothing,21,5,105,Liam Anderson,Chicago,PayPal,Pending
ORD4872,07-03-25,Running Shoes,Footwear,61,1,61,David Wilson,Chicago,Amazon Pay,Pending
ORD4873,09-03-25,Refrigerator,Home Appliances,1248,1,1248,Daniel Martinez,San Francisco,Gift Card,Completed
ORD4874,06-04-25,Smartwatch,Electronics,148,1,148,Chris Wilson,Boston,Debit Card,Completed
ORD4875,09-02-25,Jeans,Clothing,39,4,156,Ava Martinez,Miami,Debit Card,Completed
ORD4876,25-02-25,Headphones,Electronics,105,1,105,Lucas Johnson,New York,Credit Card,Completed
ORD4877,27-04-25,Book,Books,15,1,15,Olivia Garcia,Denver,Debit Card,Completed
ORD4878,17-04-25,Smartphone,Electronics,502,2,1004,Ava White,Seattle,Debit Card,Cancelled
ORD4879,23-04-25,Smartwatch,Electronics,149,5,745,Noah Harris,New York,Debit Card,Pending
ORD4880,03-03-25,Running Shoes,Footwear,57,1,57,Lucas Harris,New York,PayPal,Cancelled
ORD4881,26-03-25,T-Shirt,Clothing,20,1,20,Noah White,Seattle,Credit Card,Cancelled
ORD4882,30-04-25,Washing Machine,Home Appliances,571,1,571,Daniel Clark,Dallas,Debit Card,Completed
ORD4883,07-03-25,Refrigerator,Home Appliances,1233,2,2466,Daniel Miller,Miami,Debit Card,Completed
ORD4884,09-03-25,Washing Machine,Home Appliances,612,2,1224,Olivia Wilson,Miami,Credit Card,Pending
ORD4885,10-03-25,Refrigerator,Home Appliances,1225,4,4900,Alex Clark,Chicago,PayPal,Completed
ORD4886,02-04-25,Running Shoes,Footwear,62,4,248,Jane Lee,Seattle,Debit Card,Completed
ORD4887,02-02-25,T-Shirt,Clothing,19,3,57,Isabella Harris,Denver,PayPal,Completed
ORD4888,10-03-25,Refrigerator,Home Appliances,1248,3,3744,Ethan Johnson,Chicago,Amazon Pay,Cancelled
ORD4889,12-04-25,Laptop,Electronics,801,3,2403,Daniel Brown,New York,Credit Card,Completed
ORD4890,25-04-25,Headphones,Electronics,102,5,510,Chris Lee,New York,Debit Card,Completed
ORD4891,05-03-25,Jeans,Clothing,39,1,39,Daniel Harris,Dallas,Credit Card,Completed
ORD4892,28-04-25,Laptop,Electronics,790,2,1580,John White,New York,Credit Card,Completed
ORD4893,09-04-25,Smartwatch,Electronics,150,5,750,Olivia Martinez,Denver,PayPal,Completed
ORD4894,24-04-25,Running Shoes,Footwear,60,2,120,Ethan Harris,Miami,Debit Card,Pending
ORD4895,03-02-25,Laptop,Electronics,764,2,1528,Liam Harris,Boston,PayPal,Cancelled
ORD4896,20-04-25,Smartphone,Electronics,476,2,952,Lucas Martinez,Los Angeles,PayPal,Pending
ORD4897,21-04-25,Smartphone,Electronics,525,4,2100,Olivia Martinez,Houston,PayPal,Pending
ORD4898,26-02-25,Smartphone,Electronics,508,3,1524,Lucas White,Dallas,PayPal,Cancelled
ORD4899,12-04-25,Laptop,Electronics,802,5,4010,Lucas Anderson,Los Angeles,Debit Card,Completed
ORD4900,24-04-25,Smartphone,Electronics,524,5,2620,Ava Lee,Houston,PayPal,Completed
ORD4901,22-03-25,Running Shoes,Footwear,60,3,180,David Taylor,San Francisco,Debit Card,Completed
ORD4902,03-03-25,Laptop,Electronics,775,4,3100,Chris Doe,Chicago,Debit Card,Cancelled
ORD4903,22-03-25,Washing Machine,Home Appliances,612,1,612,Jane Wilson,Chicago,Gift Card,Cancelled
ORD4904,13-02-25,Refrigerator,Home Appliances,1198,1,1198,Noah Lee,New York,Credit Card,Completed
ORD4905,30-04-25,Headphones,Electronics,99,1,99,Emily Harris,Seattle,Credit Card,Pending
ORD4906,20-04-25,Smartwatch,Electronics,150,4,600,Isabella White,Seattle,Amazon Pay,Completed
ORD4907,26-04-25,Refrigerator,Home Appliances,1247,1,1247,Jane Harris,Denver,PayPal,Completed
ORD4908,19-04-25,Laptop,Electronics,829,3,2487,John Harris,Miami,Amazon Pay,Cancelled
ORD4909,08-03-25,Headphones,Electronics,105,2,210,Isabella White,Boston,Debit Card,Completed
ORD4910,11-02-25,Laptop,Electronics,793,5,3965,Ethan Wilson,Denver,Amazon Pay,Completed
ORD4911,04-04-25,T-Shirt,Clothing,21,5,105,Daniel Smith,Miami,Gift Card,Pending
ORD4912,09-04-25,Refrigerator,Home Appliances,1145,2,2290,Daniel Lee,Chicago,Amazon Pay,Completed
ORD4913,02-04-25,Running Shoes,Footwear,60,4,240,Emily White,Boston,PayPal,Pending
ORD4914,07-02-25,Jeans,Clothing,39,3,117,Ethan Wilson,Miami,Debit Card,Completed
ORD4915,07-04-25,Headphones,Electronics,98,4,392,Ethan White,New York,Debit Card,Completed
ORD4916,12-02-25,Headphones,Electronics,102,1,102,Daniel Wilson,Miami,Amazon Pay,Pending
ORD4917,15-03-25,T-Shirt,Clothing,21,2,42,Mia Smith,Miami,Credit Card,Completed
ORD4918,16-04-25,Book,Books,15,3,45,Chris Anderson,Boston,Debit Card,Completed
ORD4919,18-02-25,Book,Books,16,4,64,Alex Wilson,San Francisco,Gift Card,Completed
ORD4920,21-02-25,Headphones,Electronics,100,1,100,Emma Lee,Los Angeles,Debit Card,Completed
ORD4921,29-04-25,Smartphone,Electronics,501,2,1002,Noah Wilson,New York,Amazon Pay,Completed
ORD4922,30-03-25,Refrigerator,Home Appliances,1174,1,1174,David White,Denver,PayPal,Pending
ORD4923,17-02-25,Headphones,Electronics,95,1,95,Lucas Martinez,San Francisco,Amazon Pay,Cancelled
ORD4924,26-03-25,T-Shirt,Clothing,21,2,42,Daniel Brown,Chicago,Debit Card,Cancelled
ORD4925,16-02-25,Refrigerator,Home Appliances,1214,5,6070,Isabella Smith,Chicago,Amazon Pay,Cancelled
ORD4926,15-03-25,Running Shoes,Footwear,62,2,124,Daniel Harris,Boston,Debit Card,Completed
ORD4927,06-02-25,Washing Machine,Home Appliances,625,3,1875,Mia Johnson,New York,Amazon Pay,Pending
ORD4928,02-04-25,T-Shirt,Clothing,21,5,105,Mia Anderson,Houston,Debit Card,Pending
ORD4929,14-04-25,Smartwatch,Electronics,149,3,447,Liam White,Chicago,Credit Card,Completed
ORD4930,19-02-25,Smartphone,Electronics,505,1,505,Ava Wilson,San Francisco,PayPal,Completed
ORD4931,20-03-25,Running Shoes,Footwear,59,2,118,Mia Garcia,Miami,Credit Card,Completed
ORD4932,25-04-25,Jeans,Clothing,41,5,205,Lucas Anderson,Dallas,Gift Card,Pending
ORD4933,24-03-25,Book,Books,15,3,45,Lucas Martinez,Houston,Gift Card,Pending
ORD4934,17-02-25,Smartwatch,Electronics,146,2,292,Ava Lee,Los Angeles,Gift Card,Pending
ORD4935,05-04-25,Jeans,Clothing,41,2,82,Noah Harris,Los Angeles,Amazon Pay,Completed
ORD4936,14-04-25,Smartwatch,Electronics,156,1,156,Emily Harris,Houston,Amazon Pay,Pending
ORD4937,07-02-25,Smartwatch,Electronics,155,2,310,Daniel Anderson,Seattle,PayPal,Pending
ORD4938,06-03-25,Running Shoes,Footwear,63,3,189,Olivia Johnson,Chicago,Amazon Pay,Cancelled
ORD4939,03-03-25,Smartwatch,Electronics,144,1,144,David Smith,Seattle,Credit Card,Completed
ORD4940,27-04-25,Smartphone,Electronics,516,1,516,Michael Miller,San Francisco,Amazon Pay,Completed
ORD4941,26-03-25,Smartwatch,Electronics,150,4,600,Emma Clark,Boston,Amazon Pay,Pending
ORD4942,18-02-25,Book,Books,15,4,60,Chris Wilson,Houston,Gift Card,Completed
ORD4943,09-03-25,Refrigerator,Home Appliances,1175,1,1175,Michael Lee,Los Angeles,Credit Card,Completed
ORD4944,13-04-25,Laptop,Electronics,788,1,788,Daniel Anderson,Denver,PayPal,Completed
ORD4945,11-02-25,Book,Books,16,1,16,Sophia Taylor,Denver,Credit Card,Completed
ORD4946,12-04-25,Smartphone,Electronics,510,3,1530,Jane Smith,Miami,Debit Card,Completed
ORD4947,29-03-25,Washing Machine,Home Appliances,582,1,582,Emma Garcia,Los Angeles,Debit Card,Cancelled
ORD4948,26-03-25,Smartwatch,Electronics,152,3,456,Noah Harris,Houston,Credit Card,Cancelled
ORD4949,13-03-25,Refrigerator,Home Appliances,1251,1,1251,Daniel Smith,Denver,Credit Card,Pending
ORD4950,18-04-25,Headphones,Electronics,99,1,99,Emma Johnson,Miami,Debit Card,Completed
ORD4951,12-02-25,Headphones,Electronics,103,3,309,Michael Johnson,Houston,PayPal,Cancelled
ORD4952,11-03-25,Refrigerator,Home Appliances,1148,1,1148,Jane Miller,Dallas,Amazon Pay,Pending
ORD4953,23-04-25,Headphones,Electronics,104,1,104,Isabella Miller,New York,PayPal,Pending
ORD4954,14-04-25,Headphones,Electronics,101,1,101,Jane Harris,Denver,Debit Card,Completed
ORD4955,20-02-25,Laptop,Electronics,788,5,3940,Emily Doe,Houston,Debit Card,Completed
ORD4956,10-02-25,Washing Machine,Home Appliances,588,1,588,Isabella Johnson,Boston,Credit Card,Completed
ORD4957,19-02-25,Laptop,Electronics,767,4,3068,Daniel Johnson,Seattle,Amazon Pay,Completed
ORD4958,18-02-25,Refrigerator,Home Appliances,1245,1,1245,Alex Johnson,Dallas,Credit Card,Completed
ORD4959,30-03-25,Smartphone,Electronics,504,5,2520,Olivia Lee,Los Angeles,Gift Card,Cancelled
ORD4960,30-03-25,Smartwatch,Electronics,157,1,157,David Johnson,Los Angeles,Gift Card,Completed
ORD4961,22-02-25,Refrigerator,Home Appliances,1179,1,1179,Liam Johnson,Seattle,PayPal,Completed
ORD4962,09-02-25,Smartphone,Electronics,506,4,2024,Chris Brown,Dallas,Amazon Pay,Pending
ORD4963,20-03-25,Washing Machine,Home Appliances,589,1,589,Ava Smith,Miami,Gift Card,Completed
ORD4964,20-04-25,Jeans,Clothing,39,5,195,David Wilson,Denver,Amazon Pay,Completed
ORD4965,30-03-25,Refrigerator,Home Appliances,1225,1,1225,Lucas Clark,Seattle,PayPal,Completed
ORD4966,16-04-25,Book,Books,15,5,75,David Taylor,Seattle,Credit Card,Pending
ORD4967,13-04-25,Book,Books,15,4,60,Michael White,Seattle,Gift Card,Completed
ORD4968,11-02-25,Book,Books,15,2,30,Ava Lee,Los Angeles,Debit Card,Completed
ORD4969,22-02-25,Smartwatch,Electronics,144,4,576,Daniel Wilson,New York,Amazon Pay,Cancelled
ORD4970,06-04-25,Smartphone,Electronics,522,2,1044,Mia Martinez,Houston,PayPal,Completed
ORD4971,22-02-25,Laptop,Electronics,805,2,1610,Olivia Martinez,Seattle,Credit Card,Completed
ORD4972,23-02-25,Running Shoes,Footwear,59,3,177,Ava Martinez,Denver,Credit Card,Completed
ORD4973,06-02-25,Jeans,Clothing,40,5,200,Sophia Lee,Boston,Amazon Pay,Completed
ORD4974,17-02-25,Refrigerator,Home Appliances,1180,1,1180,John Wilson,Chicago,PayPal,Completed
ORD4975,15-04-25,Running Shoes,Footwear,61,5,305,Chris Taylor,Miami,Debit Card,Completed
ORD4976,12-03-25,Book,Books,16,3,48,Alex Lee,Los Angeles,Amazon Pay,Completed
ORD4977,24-03-25,Jeans,Clothing,39,2,78,Daniel Johnson,Seattle,Credit Card,Cancelled
ORD4978,12-03-25,Washing Machine,Home Appliances,582,1,582,Emma Johnson,San Francisco,Debit Card,Cancelled
ORD4979,28-04-25,Jeans,Clothing,42,4,168,Daniel Smith,Seattle,PayPal,Completed
ORD4980,26-04-25,Jeans,Clothing,41,5,205,Emma Wilson,San Francisco,Debit Card,Completed
ORD4981,02-04-25,Headphones,Electronics,99,3,297,Daniel Garcia,San Francisco,Debit Card,Completed
ORD4982,17-03-25,Headphones,Electronics,96,3,288,Lucas Anderson,Denver,Gift Card,Completed
ORD4983,29-03-25,Laptop,Electronics,802,2,1604,Mia Clark,Chicago,Gift Card,Pending
ORD4984,03-04-25,Smartwatch,Electronics,144,1,144,Alex Miller,Dallas,Gift Card,Completed
ORD4985,15-04-25,Smartphone,Electronics,519,4,2076,Olivia Martinez,Boston,Credit Card,Cancelled
ORD4986,16-02-25,Running Shoes,Footwear,59,2,118,John Doe,Boston,Debit Card,Cancelled
ORD4987,11-04-25,Smartwatch,Electronics,148,2,296,John Brown,New York,Gift Card,Completed
ORD4988,16-03-25,Running Shoes,Footwear,63,5,315,Daniel Wilson,Dallas,Credit Card,Completed
ORD4989,24-03-25,Headphones,Electronics,100,1,100,Sophia Wilson,Los Angeles,PayPal,Completed
ORD4990,08-04-25,Jeans,Clothing,41,4,164,Chris Wilson,Houston,Credit Card,Completed
ORD4991,26-04-25,Smartwatch,Electronics,153,1,153,Jane Lee,Dallas,Debit Card,Cancelled
ORD4992,25-02-25,Refrigerator,Home Appliances,1209,1,1209,Mia Garcia,Denver,PayPal,Completed
ORD4993,27-04-25,T-Shirt,Clothing,21,4,84,Noah Johnson,Seattle,Credit Card,Completed
ORD4994,08-02-25,Jeans,Clothing,40,5,200,Chris Doe,Denver,Gift Card,Pending
ORD4995,21-02-25,Laptop,Electronics,797,3,2391,Ava Harris,Seattle,Gift Card,Pending
ORD4996,18-04-25,T-Shirt,Clothing,21,5,105,Emily Lee,Seattle,Debit Card,Completed
ORD4997,02-04-25,Refrigerator,Home Appliances,1149,1,1149,Mia Brown,Denver,Debit Card,Completed
ORD4998,20-04-25,Smartwatch,Electronics,146,5,730,Chris Martinez,Seattle,Amazon Pay,Completed
ORD4999,05-02-25,Running Shoes,Footwear,58,3,174,Liam Garcia,Seattle,PayPal,Pending
ORD5000,10-03-25,Jeans,Clothing,39,5,195,Emily Miller,Seattle,Debit Card,Completed
